county,township,sboa_id,trustee_name,trustee_title_as_reported,trustee_2025_compensation,population_2020_census,population_2025_est,afr_year,beginning_balance,total_receipts,total_disbursements,operating_costs,township_assistance_paid,capital_outlays,ending_cash_and_investments,afr_full_report_link,cash_and_investments_report_link,employee_comp_report_link,notes
Adams,Blue Creek Township,01-005.00,Monica R Schaefer,Trustee,5000.0,1564,1600,2025,91920.05,46780.02,39555.11,29452.91,0,0,99144.96,https://gateway.ifionline.org/report_builder/Default3a.aspx?rpttype=afr&rpt=AFR_PrintFull_public&rptName=Annual%20Financial%20Report%20-%20Full%20Report&rpt_unit_in=3&referrer=byunit,https://gateway.ifionline.org/report_builder/Default3a.aspx?rpttype=afr&rpt=cash_inv_combined&rptName=Cash%20and%20Investments&rpt_unit_in=3&referrer=byunit,https://gateway.ifionline.org/report_builder/Default3a.aspx?rpttype=employComp&rpt=EmployComp&rptName=Employee%20Compensation&rpt_unit_in=3&referrer=byunit,
Adams,French Township,01-006.00,Jeremiah Lipscomb,Trustee,4000.0,1250,1279,2025,148650.5,50869.97,36931.82,36088.65,0,0,162588.65,https://gateway.ifionline.org/report_builder/Default3a.aspx?rpttype=afr&rpt=AFR_PrintFull_public&rptName=Annual%20Financial%20Report%20-%20Full%20Report&rpt_unit_in=4&referrer=byunit,https://gateway.ifionline.org/report_builder/Default3a.aspx?rpttype=afr&rpt=cash_inv_combined&rptName=Cash%20and%20Investments&rpt_unit_in=4&referrer=byunit,https://gateway.ifionline.org/report_builder/Default3a.aspx?rpttype=employComp&rpt=EmployComp&rptName=Employee%20Compensation&rpt_unit_in=4&referrer=byunit,
Adams,Hartford Township,01-007.00,Kerry Steiner,Township Trustee,6900.0,984,1010,2025,132444.04,69381.98,68698.8,58975.89,0,1722.91,133127.22,https://gateway.ifionline.org/report_builder/Default3a.aspx?rpttype=afr&rpt=AFR_PrintFull_public&rptName=Annual%20Financial%20Report%20-%20Full%20Report&rpt_unit_in=5&referrer=byunit,https://gateway.ifionline.org/report_builder/Default3a.aspx?rpttype=afr&rpt=cash_inv_combined&rptName=Cash%20and%20Investments&rpt_unit_in=5&referrer=byunit,https://gateway.ifionline.org/report_builder/Default3a.aspx?rpttype=employComp&rpt=EmployComp&rptName=Employee%20Compensation&rpt_unit_in=5&referrer=byunit,
Adams,Jefferson Township,01-008.00,Robert w Reef,Trustee,3177.0,1376,1409,2025,163170.41,33597.7,34239.8,34239.8,0,0,162528.31,https://gateway.ifionline.org/report_builder/Default3a.aspx?rpttype=afr&rpt=AFR_PrintFull_public&rptName=Annual%20Financial%20Report%20-%20Full%20Report&rpt_unit_in=6&referrer=byunit,https://gateway.ifionline.org/report_builder/Default3a.aspx?rpttype=afr&rpt=cash_inv_combined&rptName=Cash%20and%20Investments&rpt_unit_in=6&referrer=byunit,https://gateway.ifionline.org/report_builder/Default3a.aspx?rpttype=employComp&rpt=EmployComp&rptName=Employee%20Compensation&rpt_unit_in=6&referrer=byunit,
Adams,Kirkland Township,01-009.00,Jerod Adler,Township Trustee,5000.0,933,955,2025,444435.42,86121.21,120186.17,83356.17,0,36830.0,410370.46,https://gateway.ifionline.org/report_builder/Default3a.aspx?rpttype=afr&rpt=AFR_PrintFull_public&rptName=Annual%20Financial%20Report%20-%20Full%20Report&rpt_unit_in=7&referrer=byunit,https://gateway.ifionline.org/report_builder/Default3a.aspx?rpttype=afr&rpt=cash_inv_combined&rptName=Cash%20and%20Investments&rpt_unit_in=7&referrer=byunit,https://gateway.ifionline.org/report_builder/Default3a.aspx?rpttype=employComp&rpt=EmployComp&rptName=Employee%20Compensation&rpt_unit_in=7&referrer=byunit,
Adams,Monroe Township,01-010.00,Gerald M Walker,Trustee,15065.0,5264,5408,2025,392531.4,219422.39,162163.2,91276.95,1946.25,50000.0,449790.59,https://gateway.ifionline.org/report_builder/Default3a.aspx?rpttype=afr&rpt=AFR_PrintFull_public&rptName=Annual%20Financial%20Report%20-%20Full%20Report&rpt_unit_in=8&referrer=byunit,https://gateway.ifionline.org/report_builder/Default3a.aspx?rpttype=afr&rpt=cash_inv_combined&rptName=Cash%20and%20Investments&rpt_unit_in=8&referrer=byunit,https://gateway.ifionline.org/report_builder/Default3a.aspx?rpttype=employComp&rpt=EmployComp&rptName=Employee%20Compensation&rpt_unit_in=8&referrer=byunit,
Adams,Preble Township,01-011.00,Darrel Ehlerding,Trustee,4500.0,1029,1053,2025,121887.4,60183.27,63916.73,61612.0,1900.0,35.73,118153.94,https://gateway.ifionline.org/report_builder/Default3a.aspx?rpttype=afr&rpt=AFR_PrintFull_public&rptName=Annual%20Financial%20Report%20-%20Full%20Report&rpt_unit_in=9&referrer=byunit,https://gateway.ifionline.org/report_builder/Default3a.aspx?rpttype=afr&rpt=cash_inv_combined&rptName=Cash%20and%20Investments&rpt_unit_in=9&referrer=byunit,https://gateway.ifionline.org/report_builder/Default3a.aspx?rpttype=employComp&rpt=EmployComp&rptName=Employee%20Compensation&rpt_unit_in=9&referrer=byunit,
Adams,Root Township,01-012.00,Fred Kunkel,Trustee,11155.0,6032,6163,2025,171937.81,145450.99,124742.5,115255.85,7269.59,0,192646.3,https://gateway.ifionline.org/report_builder/Default3a.aspx?rpttype=afr&rpt=AFR_PrintFull_public&rptName=Annual%20Financial%20Report%20-%20Full%20Report&rpt_unit_in=10&referrer=byunit,https://gateway.ifionline.org/report_builder/Default3a.aspx?rpttype=afr&rpt=cash_inv_combined&rptName=Cash%20and%20Investments&rpt_unit_in=10&referrer=byunit,https://gateway.ifionline.org/report_builder/Default3a.aspx?rpttype=employComp&rpt=EmployComp&rptName=Employee%20Compensation&rpt_unit_in=10&referrer=byunit,
Adams,St. Marys Township,01-013.00,Megan Clouse,Trustee,5720.0,1268,1301,2024,170029.05,75731.97,78408.59,76936.42,0,0,167352.43,https://gateway.ifionline.org/report_builder/Default3a.aspx?rpttype=afr&rpt=AFR_PrintFull_public&rptName=Annual%20Financial%20Report%20-%20Full%20Report&rpt_unit_in=11&referrer=byunit,https://gateway.ifionline.org/report_builder/Default3a.aspx?rpttype=afr&rpt=cash_inv_combined&rptName=Cash%20and%20Investments&rpt_unit_in=11&referrer=byunit,https://gateway.ifionline.org/report_builder/Default3a.aspx?rpttype=employComp&rpt=EmployComp&rptName=Employee%20Compensation&rpt_unit_in=11&referrer=byunit,No 2025 AFR on Gateway; financials are 2024
Adams,Union Township,01-014.00,Karla Marbach,Trustee,5500.0,898,920,2025,164982.8,140730.14,76006.45,76006.45,0,0,229706.49,https://gateway.ifionline.org/report_builder/Default3a.aspx?rpttype=afr&rpt=AFR_PrintFull_public&rptName=Annual%20Financial%20Report%20-%20Full%20Report&rpt_unit_in=12&referrer=byunit,https://gateway.ifionline.org/report_builder/Default3a.aspx?rpttype=afr&rpt=cash_inv_combined&rptName=Cash%20and%20Investments&rpt_unit_in=12&referrer=byunit,https://gateway.ifionline.org/report_builder/Default3a.aspx?rpttype=employComp&rpt=EmployComp&rptName=Employee%20Compensation&rpt_unit_in=12&referrer=byunit,
Adams,Wabash Township,01-015.00,Jeanene K Neuenschwander,Trustee,7880.0,6534,6698,2025,293268.74,117856.55,85940.69,70596.51,9734.6,0,325184.6,https://gateway.ifionline.org/report_builder/Default3a.aspx?rpttype=afr&rpt=AFR_PrintFull_public&rptName=Annual%20Financial%20Report%20-%20Full%20Report&rpt_unit_in=13&referrer=byunit,https://gateway.ifionline.org/report_builder/Default3a.aspx?rpttype=afr&rpt=cash_inv_combined&rptName=Cash%20and%20Investments&rpt_unit_in=13&referrer=byunit,https://gateway.ifionline.org/report_builder/Default3a.aspx?rpttype=employComp&rpt=EmployComp&rptName=Employee%20Compensation&rpt_unit_in=13&referrer=byunit,
Adams,Washington Township,01-016.00,Corey Affolder,Trustee,19500.0,8676,8854,2025,339107.96,120065.86,160266.18,122648.6,23653.72,0,298907.64,https://gateway.ifionline.org/report_builder/Default3a.aspx?rpttype=afr&rpt=AFR_PrintFull_public&rptName=Annual%20Financial%20Report%20-%20Full%20Report&rpt_unit_in=14&referrer=byunit,https://gateway.ifionline.org/report_builder/Default3a.aspx?rpttype=afr&rpt=cash_inv_combined&rptName=Cash%20and%20Investments&rpt_unit_in=14&referrer=byunit,https://gateway.ifionline.org/report_builder/Default3a.aspx?rpttype=employComp&rpt=EmployComp&rptName=Employee%20Compensation&rpt_unit_in=14&referrer=byunit,
Allen,Aboite Township,02-007.00,Kimberly Mills,Trustee,63000.08,42086,43968,2025,1852480.24,908416.03,1937026.24,681987.81,114813.99,1064045.96,823870.03,https://gateway.ifionline.org/report_builder/Default3a.aspx?rpttype=afr&rpt=AFR_PrintFull_public&rptName=Annual%20Financial%20Report%20-%20Full%20Report&rpt_unit_in=27&referrer=byunit,https://gateway.ifionline.org/report_builder/Default3a.aspx?rpttype=afr&rpt=cash_inv_combined&rptName=Cash%20and%20Investments&rpt_unit_in=27&referrer=byunit,https://gateway.ifionline.org/report_builder/Default3a.aspx?rpttype=employComp&rpt=EmployComp&rptName=Employee%20Compensation&rpt_unit_in=27&referrer=byunit,
Allen,Adams Township,02-008.00,Denita Washington,Trustee,28432.0,34142,35669,2025,1816466.74,600635.21,601012.66,393811.06,166598.43,1160.9,1816089.29,https://gateway.ifionline.org/report_builder/Default3a.aspx?rpttype=afr&rpt=AFR_PrintFull_public&rptName=Annual%20Financial%20Report%20-%20Full%20Report&rpt_unit_in=28&referrer=byunit,https://gateway.ifionline.org/report_builder/Default3a.aspx?rpttype=afr&rpt=cash_inv_combined&rptName=Cash%20and%20Investments&rpt_unit_in=28&referrer=byunit,https://gateway.ifionline.org/report_builder/Default3a.aspx?rpttype=employComp&rpt=EmployComp&rptName=Employee%20Compensation&rpt_unit_in=28&referrer=byunit,
Allen,Cedar Creek Township,02-009.00,Scott Connally,Trustee,18000.0,13687,14290,2025,2135592.36,101990.85,1038152.46,886899.78,124323.89,19560.98,1199430.75,https://gateway.ifionline.org/report_builder/Default3a.aspx?rpttype=afr&rpt=AFR_PrintFull_public&rptName=Annual%20Financial%20Report%20-%20Full%20Report&rpt_unit_in=29&referrer=byunit,https://gateway.ifionline.org/report_builder/Default3a.aspx?rpttype=afr&rpt=cash_inv_combined&rptName=Cash%20and%20Investments&rpt_unit_in=29&referrer=byunit,https://gateway.ifionline.org/report_builder/Default3a.aspx?rpttype=employComp&rpt=EmployComp&rptName=Employee%20Compensation&rpt_unit_in=29&referrer=byunit,
Allen,Eel River Township,02-010.00,Karen Petersen,Township Trustee,4500.0,4197,4390,2025,139767.47,6278.96,7615.63,7615.63,0,0,138430.8,https://gateway.ifionline.org/report_builder/Default3a.aspx?rpttype=afr&rpt=AFR_PrintFull_public&rptName=Annual%20Financial%20Report%20-%20Full%20Report&rpt_unit_in=30&referrer=byunit,https://gateway.ifionline.org/report_builder/Default3a.aspx?rpttype=afr&rpt=cash_inv_combined&rptName=Cash%20and%20Investments&rpt_unit_in=30&referrer=byunit,https://gateway.ifionline.org/report_builder/Default3a.aspx?rpttype=employComp&rpt=EmployComp&rptName=Employee%20Compensation&rpt_unit_in=30&referrer=byunit,
Allen,Jackson Township,02-011.00,Barry Steinman,Trustee,1860.0,505,525,2025,134135.01,35581.63,31917.69,20802.69,250.0,10350.0,137798.95,https://gateway.ifionline.org/report_builder/Default3a.aspx?rpttype=afr&rpt=AFR_PrintFull_public&rptName=Annual%20Financial%20Report%20-%20Full%20Report&rpt_unit_in=31&referrer=byunit,https://gateway.ifionline.org/report_builder/Default3a.aspx?rpttype=afr&rpt=cash_inv_combined&rptName=Cash%20and%20Investments&rpt_unit_in=31&referrer=byunit,https://gateway.ifionline.org/report_builder/Default3a.aspx?rpttype=employComp&rpt=EmployComp&rptName=Employee%20Compensation&rpt_unit_in=31&referrer=byunit,"Multiple trustees on 2025 100R: Barry Steinman (Trustee) $1,860.00; Ben Moore (Board Member/Trustee) $779.00"
Allen,Jefferson Township,02-012.00,Lynn Rorick,Trustee,8600.0,2053,2140,2025,310672.26,468955.49,431927.0,71158.69,13752.12,26516.28,347700.75,https://gateway.ifionline.org/report_builder/Default3a.aspx?rpttype=afr&rpt=AFR_PrintFull_public&rptName=Annual%20Financial%20Report%20-%20Full%20Report&rpt_unit_in=32&referrer=byunit,https://gateway.ifionline.org/report_builder/Default3a.aspx?rpttype=afr&rpt=cash_inv_combined&rptName=Cash%20and%20Investments&rpt_unit_in=32&referrer=byunit,https://gateway.ifionline.org/report_builder/Default3a.aspx?rpttype=employComp&rpt=EmployComp&rptName=Employee%20Compensation&rpt_unit_in=32&referrer=byunit,
Allen,Lafayette Township,02-013.00,Mark Madden,Trustee,10500.0,4250,4451,2025,173285.66,50861.41,50537.74,17276.68,26998.67,0,173609.33,https://gateway.ifionline.org/report_builder/Default3a.aspx?rpttype=afr&rpt=AFR_PrintFull_public&rptName=Annual%20Financial%20Report%20-%20Full%20Report&rpt_unit_in=33&referrer=byunit,https://gateway.ifionline.org/report_builder/Default3a.aspx?rpttype=afr&rpt=cash_inv_combined&rptName=Cash%20and%20Investments&rpt_unit_in=33&referrer=byunit,https://gateway.ifionline.org/report_builder/Default3a.aspx?rpttype=employComp&rpt=EmployComp&rptName=Employee%20Compensation&rpt_unit_in=33&referrer=byunit,
Allen,Lake Township,02-014.00,Jerika M Clawson,Trustee,15000.0,2790,2917,2025,757292.01,115516.42,105077.13,55848.06,20765.99,23832.13,767731.3,https://gateway.ifionline.org/report_builder/Default3a.aspx?rpttype=afr&rpt=AFR_PrintFull_public&rptName=Annual%20Financial%20Report%20-%20Full%20Report&rpt_unit_in=34&referrer=byunit,https://gateway.ifionline.org/report_builder/Default3a.aspx?rpttype=afr&rpt=cash_inv_combined&rptName=Cash%20and%20Investments&rpt_unit_in=34&referrer=byunit,https://gateway.ifionline.org/report_builder/Default3a.aspx?rpttype=employComp&rpt=EmployComp&rptName=Employee%20Compensation&rpt_unit_in=34&referrer=byunit,
Allen,Madison Township,02-015.00,Brian Minich,Township Trustee,7029.0,1659,1728,2025,300133.37,246823.23,193032.44,154549.94,3436.49,0,353924.16,https://gateway.ifionline.org/report_builder/Default3a.aspx?rpttype=afr&rpt=AFR_PrintFull_public&rptName=Annual%20Financial%20Report%20-%20Full%20Report&rpt_unit_in=35&referrer=byunit,https://gateway.ifionline.org/report_builder/Default3a.aspx?rpttype=afr&rpt=cash_inv_combined&rptName=Cash%20and%20Investments&rpt_unit_in=35&referrer=byunit,https://gateway.ifionline.org/report_builder/Default3a.aspx?rpttype=employComp&rpt=EmployComp&rptName=Employee%20Compensation&rpt_unit_in=35&referrer=byunit,
Allen,Marion Township,02-016.00,Scott Schrieder,Trustee,7500.0,3834,4065,2025,69207.63,64842.63,36602.19,21949.08,11861.76,962.99,97448.07,https://gateway.ifionline.org/report_builder/Default3a.aspx?rpttype=afr&rpt=AFR_PrintFull_public&rptName=Annual%20Financial%20Report%20-%20Full%20Report&rpt_unit_in=36&referrer=byunit,https://gateway.ifionline.org/report_builder/Default3a.aspx?rpttype=afr&rpt=cash_inv_combined&rptName=Cash%20and%20Investments&rpt_unit_in=36&referrer=byunit,https://gateway.ifionline.org/report_builder/Default3a.aspx?rpttype=employComp&rpt=EmployComp&rptName=Employee%20Compensation&rpt_unit_in=36&referrer=byunit,
Allen,Maumee Township,02-017.00,Jeffery V Abbott,Trustee,17500.0,2637,2757,2025,133621.38,110006.48,102008.13,93520.56,0,4780.0,141619.73,https://gateway.ifionline.org/report_builder/Default3a.aspx?rpttype=afr&rpt=AFR_PrintFull_public&rptName=Annual%20Financial%20Report%20-%20Full%20Report&rpt_unit_in=37&referrer=byunit,https://gateway.ifionline.org/report_builder/Default3a.aspx?rpttype=afr&rpt=cash_inv_combined&rptName=Cash%20and%20Investments&rpt_unit_in=37&referrer=byunit,https://gateway.ifionline.org/report_builder/Default3a.aspx?rpttype=employComp&rpt=EmployComp&rptName=Employee%20Compensation&rpt_unit_in=37&referrer=byunit,
Allen,Milan Township,02-018.00,Chad A MacDowell,TRUSTEE/CLERK,25000.0,3894,4066,2025,200023.02,207509.62,175583.1,40853.85,0,0,231949.54,https://gateway.ifionline.org/report_builder/Default3a.aspx?rpttype=afr&rpt=AFR_PrintFull_public&rptName=Annual%20Financial%20Report%20-%20Full%20Report&rpt_unit_in=38&referrer=byunit,https://gateway.ifionline.org/report_builder/Default3a.aspx?rpttype=afr&rpt=cash_inv_combined&rptName=Cash%20and%20Investments&rpt_unit_in=38&referrer=byunit,https://gateway.ifionline.org/report_builder/Default3a.aspx?rpttype=employComp&rpt=EmployComp&rptName=Employee%20Compensation&rpt_unit_in=38&referrer=byunit,
Allen,Monroe Township,02-019.00,Juanita Meyer,Trustee,13500.0,1963,2045,2025,263196.51,102598.27,84241.63,59897.27,17146.26,4104.4,281553.15,https://gateway.ifionline.org/report_builder/Default3a.aspx?rpttype=afr&rpt=AFR_PrintFull_public&rptName=Annual%20Financial%20Report%20-%20Full%20Report&rpt_unit_in=39&referrer=byunit,https://gateway.ifionline.org/report_builder/Default3a.aspx?rpttype=afr&rpt=cash_inv_combined&rptName=Cash%20and%20Investments&rpt_unit_in=39&referrer=byunit,https://gateway.ifionline.org/report_builder/Default3a.aspx?rpttype=employComp&rpt=EmployComp&rptName=Employee%20Compensation&rpt_unit_in=39&referrer=byunit,
Allen,Perry Township,02-020.00,Eric Tippmann,Trustee,39412.0,37593,39325,2025,1035735.71,289984.26,231277.61,139754.69,7613.54,7263.84,1094442.36,https://gateway.ifionline.org/report_builder/Default3a.aspx?rpttype=afr&rpt=AFR_PrintFull_public&rptName=Annual%20Financial%20Report%20-%20Full%20Report&rpt_unit_in=40&referrer=byunit,https://gateway.ifionline.org/report_builder/Default3a.aspx?rpttype=afr&rpt=cash_inv_combined&rptName=Cash%20and%20Investments&rpt_unit_in=40&referrer=byunit,https://gateway.ifionline.org/report_builder/Default3a.aspx?rpttype=employComp&rpt=EmployComp&rptName=Employee%20Compensation&rpt_unit_in=40&referrer=byunit,
Allen,Pleasant Township,02-021.00,John D Henry,Trustee,7500.0,2966,3092,2025,90822.1,31344.53,37571.02,21402.38,13234.2,0,84595.61,https://gateway.ifionline.org/report_builder/Default3a.aspx?rpttype=afr&rpt=AFR_PrintFull_public&rptName=Annual%20Financial%20Report%20-%20Full%20Report&rpt_unit_in=41&referrer=byunit,https://gateway.ifionline.org/report_builder/Default3a.aspx?rpttype=afr&rpt=cash_inv_combined&rptName=Cash%20and%20Investments&rpt_unit_in=41&referrer=byunit,https://gateway.ifionline.org/report_builder/Default3a.aspx?rpttype=employComp&rpt=EmployComp&rptName=Employee%20Compensation&rpt_unit_in=41&referrer=byunit,
Allen,Scipio Township,02-022.00,Jim Kruse,township trustee,4000.0,415,432,2025,87492.27,35451.06,5641.87,5641.87,0,0,117301.46,https://gateway.ifionline.org/report_builder/Default3a.aspx?rpttype=afr&rpt=AFR_PrintFull_public&rptName=Annual%20Financial%20Report%20-%20Full%20Report&rpt_unit_in=42&referrer=byunit,https://gateway.ifionline.org/report_builder/Default3a.aspx?rpttype=afr&rpt=cash_inv_combined&rptName=Cash%20and%20Investments&rpt_unit_in=42&referrer=byunit,https://gateway.ifionline.org/report_builder/Default3a.aspx?rpttype=employComp&rpt=EmployComp&rptName=Employee%20Compensation&rpt_unit_in=42&referrer=byunit,
Allen,Springfield Township,02-023.00,William E Harris,Trustee,18758.0,4538,4745,2025,532855.67,263416.21,276391.36,114554.25,25085.74,42100.0,519880.52,https://gateway.ifionline.org/report_builder/Default3a.aspx?rpttype=afr&rpt=AFR_PrintFull_public&rptName=Annual%20Financial%20Report%20-%20Full%20Report&rpt_unit_in=43&referrer=byunit,https://gateway.ifionline.org/report_builder/Default3a.aspx?rpttype=afr&rpt=cash_inv_combined&rptName=Cash%20and%20Investments&rpt_unit_in=43&referrer=byunit,https://gateway.ifionline.org/report_builder/Default3a.aspx?rpttype=employComp&rpt=EmployComp&rptName=Employee%20Compensation&rpt_unit_in=43&referrer=byunit,
Allen,St. Joseph Township,02-024.00,Sarah Gnagy,TRUSTEE,67028.0,76309,79623,2025,4880262.95,1478138.88,1252004.21,937483.26,172047.1,96041.38,5106397.62,https://gateway.ifionline.org/report_builder/Default3a.aspx?rpttype=afr&rpt=AFR_PrintFull_public&rptName=Annual%20Financial%20Report%20-%20Full%20Report&rpt_unit_in=44&referrer=byunit,https://gateway.ifionline.org/report_builder/Default3a.aspx?rpttype=afr&rpt=cash_inv_combined&rptName=Cash%20and%20Investments&rpt_unit_in=44&referrer=byunit,https://gateway.ifionline.org/report_builder/Default3a.aspx?rpttype=employComp&rpt=EmployComp&rptName=Employee%20Compensation&rpt_unit_in=44&referrer=byunit,
Allen,Washington Township,02-025.00,Susan M Richards,TRUSTEE,37500.0,38428,40340,2025,385954.78,905251.14,899772.32,234642.84,408571.94,25938.35,391433.6,https://gateway.ifionline.org/report_builder/Default3a.aspx?rpttype=afr&rpt=AFR_PrintFull_public&rptName=Annual%20Financial%20Report%20-%20Full%20Report&rpt_unit_in=45&referrer=byunit,https://gateway.ifionline.org/report_builder/Default3a.aspx?rpttype=afr&rpt=cash_inv_combined&rptName=Cash%20and%20Investments&rpt_unit_in=45&referrer=byunit,https://gateway.ifionline.org/report_builder/Default3a.aspx?rpttype=employComp&rpt=EmployComp&rptName=Employee%20Compensation&rpt_unit_in=45&referrer=byunit,
Allen,Wayne Township,02-026.00,Austin Knox,Trustee,79999.92,107471,111761,2025,6794107.47,7712070.5,8269112.32,2858299.58,2196222.71,62645.97,6237065.65,https://gateway.ifionline.org/report_builder/Default3a.aspx?rpttype=afr&rpt=AFR_PrintFull_public&rptName=Annual%20Financial%20Report%20-%20Full%20Report&rpt_unit_in=46&referrer=byunit,https://gateway.ifionline.org/report_builder/Default3a.aspx?rpttype=afr&rpt=cash_inv_combined&rptName=Cash%20and%20Investments&rpt_unit_in=46&referrer=byunit,https://gateway.ifionline.org/report_builder/Default3a.aspx?rpttype=employComp&rpt=EmployComp&rptName=Employee%20Compensation&rpt_unit_in=46&referrer=byunit,
Bartholomew,Clay Township,03-007.00,Roibert Kittle,Trustee,19500.0,3248,3381,2025,172762.79,227658.72,217470.16,188712.05,1288.07,0,182951.35,https://gateway.ifionline.org/report_builder/Default3a.aspx?rpttype=afr&rpt=AFR_PrintFull_public&rptName=Annual%20Financial%20Report%20-%20Full%20Report&rpt_unit_in=72&referrer=byunit,https://gateway.ifionline.org/report_builder/Default3a.aspx?rpttype=afr&rpt=cash_inv_combined&rptName=Cash%20and%20Investments&rpt_unit_in=72&referrer=byunit,https://gateway.ifionline.org/report_builder/Default3a.aspx?rpttype=employComp&rpt=EmployComp&rptName=Employee%20Compensation&rpt_unit_in=72&referrer=byunit,
Bartholomew,Clifty Township,03-008.00,Mark Romine,Trustee,5500.0,1005,1062,2025,140719.64,75336.95,58373.2,52921.26,3927.57,0,157683.39,https://gateway.ifionline.org/report_builder/Default3a.aspx?rpttype=afr&rpt=AFR_PrintFull_public&rptName=Annual%20Financial%20Report%20-%20Full%20Report&rpt_unit_in=73&referrer=byunit,https://gateway.ifionline.org/report_builder/Default3a.aspx?rpttype=afr&rpt=cash_inv_combined&rptName=Cash%20and%20Investments&rpt_unit_in=73&referrer=byunit,https://gateway.ifionline.org/report_builder/Default3a.aspx?rpttype=employComp&rpt=EmployComp&rptName=Employee%20Compensation&rpt_unit_in=73&referrer=byunit,
Bartholomew,Columbus Township,03-009.00,Kriston K Weisner,Trustee,73440.0,51210,53359,2025,1253408.59,3335527.66,2780438.45,1801210.98,236638.22,154867.82,1808497.8,https://gateway.ifionline.org/report_builder/Default3a.aspx?rpttype=afr&rpt=AFR_PrintFull_public&rptName=Annual%20Financial%20Report%20-%20Full%20Report&rpt_unit_in=74&referrer=byunit,https://gateway.ifionline.org/report_builder/Default3a.aspx?rpttype=afr&rpt=cash_inv_combined&rptName=Cash%20and%20Investments&rpt_unit_in=74&referrer=byunit,https://gateway.ifionline.org/report_builder/Default3a.aspx?rpttype=employComp&rpt=EmployComp&rptName=Employee%20Compensation&rpt_unit_in=74&referrer=byunit,
Bartholomew,Flatrock Township,03-010.00,Lisa Moore,TRUSTEE,11000.0,1579,1641,2025,746781.72,169205.03,72572.23,67144.9,3701.33,0,843414.52,https://gateway.ifionline.org/report_builder/Default3a.aspx?rpttype=afr&rpt=AFR_PrintFull_public&rptName=Annual%20Financial%20Report%20-%20Full%20Report&rpt_unit_in=75&referrer=byunit,https://gateway.ifionline.org/report_builder/Default3a.aspx?rpttype=afr&rpt=cash_inv_combined&rptName=Cash%20and%20Investments&rpt_unit_in=75&referrer=byunit,https://gateway.ifionline.org/report_builder/Default3a.aspx?rpttype=employComp&rpt=EmployComp&rptName=Employee%20Compensation&rpt_unit_in=75&referrer=byunit,
Bartholomew,German Township,03-011.00,Chris C West,Trustee,18550.0,7052,7453,2025,519365.36,435221.02,350440.16,235447.67,78809.73,0,604146.22,https://gateway.ifionline.org/report_builder/Default3a.aspx?rpttype=afr&rpt=AFR_PrintFull_public&rptName=Annual%20Financial%20Report%20-%20Full%20Report&rpt_unit_in=76&referrer=byunit,https://gateway.ifionline.org/report_builder/Default3a.aspx?rpttype=afr&rpt=cash_inv_combined&rptName=Cash%20and%20Investments&rpt_unit_in=76&referrer=byunit,https://gateway.ifionline.org/report_builder/Default3a.aspx?rpttype=employComp&rpt=EmployComp&rptName=Employee%20Compensation&rpt_unit_in=76&referrer=byunit,
Bartholomew,Harrison Township,03-012.00,DAVID Dwyer,Trustee,27000.0,4248,4423,2025,1643154.87,957814.9,873157.47,723298.43,6702.73,81382.27,1727812.3,https://gateway.ifionline.org/report_builder/Default3a.aspx?rpttype=afr&rpt=AFR_PrintFull_public&rptName=Annual%20Financial%20Report%20-%20Full%20Report&rpt_unit_in=77&referrer=byunit,https://gateway.ifionline.org/report_builder/Default3a.aspx?rpttype=afr&rpt=cash_inv_combined&rptName=Cash%20and%20Investments&rpt_unit_in=77&referrer=byunit,https://gateway.ifionline.org/report_builder/Default3a.aspx?rpttype=employComp&rpt=EmployComp&rptName=Employee%20Compensation&rpt_unit_in=77&referrer=byunit,
Bartholomew,Hawcreek Township,03-013.00,Debbie Hatton,Trustee,8000.0,3765,3887,2025,536568.26,292500.96,212430.08,178130.12,31078.57,417.99,616639.14,https://gateway.ifionline.org/report_builder/Default3a.aspx?rpttype=afr&rpt=AFR_PrintFull_public&rptName=Annual%20Financial%20Report%20-%20Full%20Report&rpt_unit_in=78&referrer=byunit,https://gateway.ifionline.org/report_builder/Default3a.aspx?rpttype=afr&rpt=cash_inv_combined&rptName=Cash%20and%20Investments&rpt_unit_in=78&referrer=byunit,https://gateway.ifionline.org/report_builder/Default3a.aspx?rpttype=employComp&rpt=EmployComp&rptName=Employee%20Compensation&rpt_unit_in=78&referrer=byunit,
Bartholomew,Jackson Township,03-014.00,Camden E Jeffries,Township Trustee,8000.0,983,1022,2025,202599.91,81694.93,139483.55,131280.39,7307.56,0,144811.29,https://gateway.ifionline.org/report_builder/Default3a.aspx?rpttype=afr&rpt=AFR_PrintFull_public&rptName=Annual%20Financial%20Report%20-%20Full%20Report&rpt_unit_in=79&referrer=byunit,https://gateway.ifionline.org/report_builder/Default3a.aspx?rpttype=afr&rpt=cash_inv_combined&rptName=Cash%20and%20Investments&rpt_unit_in=79&referrer=byunit,https://gateway.ifionline.org/report_builder/Default3a.aspx?rpttype=employComp&rpt=EmployComp&rptName=Employee%20Compensation&rpt_unit_in=79&referrer=byunit,
Bartholomew,Ohio Township,03-015.00,Tamitha L May,Trustee,9000.0,1775,1848,2025,626633.69,590770.71,480733.67,460342.82,15948.35,0,736670.73,https://gateway.ifionline.org/report_builder/Default3a.aspx?rpttype=afr&rpt=AFR_PrintFull_public&rptName=Annual%20Financial%20Report%20-%20Full%20Report&rpt_unit_in=80&referrer=byunit,https://gateway.ifionline.org/report_builder/Default3a.aspx?rpttype=afr&rpt=cash_inv_combined&rptName=Cash%20and%20Investments&rpt_unit_in=80&referrer=byunit,https://gateway.ifionline.org/report_builder/Default3a.aspx?rpttype=employComp&rpt=EmployComp&rptName=Employee%20Compensation&rpt_unit_in=80&referrer=byunit,
Bartholomew,Rockcreek Township,03-016.00,Gary W Jaquess,Trustee,5200.0,1376,1432,2025,282890.68,107075.71,58956.85,37157.71,4132.88,14787.5,331009.54,https://gateway.ifionline.org/report_builder/Default3a.aspx?rpttype=afr&rpt=AFR_PrintFull_public&rptName=Annual%20Financial%20Report%20-%20Full%20Report&rpt_unit_in=81&referrer=byunit,https://gateway.ifionline.org/report_builder/Default3a.aspx?rpttype=afr&rpt=cash_inv_combined&rptName=Cash%20and%20Investments&rpt_unit_in=81&referrer=byunit,https://gateway.ifionline.org/report_builder/Default3a.aspx?rpttype=employComp&rpt=EmployComp&rptName=Employee%20Compensation&rpt_unit_in=81&referrer=byunit,
Bartholomew,Sandcreek Township,03-017.00,Sandra Bayles,TRUSTEE,7200.0,2235,2332,2025,332562.08,81106.84,51912.19,39566.39,9717.64,0,361756.73,https://gateway.ifionline.org/report_builder/Default3a.aspx?rpttype=afr&rpt=AFR_PrintFull_public&rptName=Annual%20Financial%20Report%20-%20Full%20Report&rpt_unit_in=82&referrer=byunit,https://gateway.ifionline.org/report_builder/Default3a.aspx?rpttype=afr&rpt=cash_inv_combined&rptName=Cash%20and%20Investments&rpt_unit_in=82&referrer=byunit,https://gateway.ifionline.org/report_builder/Default3a.aspx?rpttype=employComp&rpt=EmployComp&rptName=Employee%20Compensation&rpt_unit_in=82&referrer=byunit,
Bartholomew,Wayne Township,03-018.00,Brenda Mijares,TRUSTEE,19635.0,3734,3889,2025,1551187.06,400024.23,392296.62,344392.4,13635.6,799.99,1558914.67,https://gateway.ifionline.org/report_builder/Default3a.aspx?rpttype=afr&rpt=AFR_PrintFull_public&rptName=Annual%20Financial%20Report%20-%20Full%20Report&rpt_unit_in=83&referrer=byunit,https://gateway.ifionline.org/report_builder/Default3a.aspx?rpttype=afr&rpt=cash_inv_combined&rptName=Cash%20and%20Investments&rpt_unit_in=83&referrer=byunit,https://gateway.ifionline.org/report_builder/Default3a.aspx?rpttype=employComp&rpt=EmployComp&rptName=Employee%20Compensation&rpt_unit_in=83&referrer=byunit,
Benton,Bolivar Township,04-013.00,Boston L Pritchett,Trustee,9999.96,1152,1183,2025,49171.67,29133.76,23109.81,20396.34,2713.47,0,55195.62,https://gateway.ifionline.org/report_builder/Default3a.aspx?rpttype=afr&rpt=AFR_PrintFull_public&rptName=Annual%20Financial%20Report%20-%20Full%20Report&rpt_unit_in=99&referrer=byunit,https://gateway.ifionline.org/report_builder/Default3a.aspx?rpttype=afr&rpt=cash_inv_combined&rptName=Cash%20and%20Investments&rpt_unit_in=99&referrer=byunit,https://gateway.ifionline.org/report_builder/Default3a.aspx?rpttype=employComp&rpt=EmployComp&rptName=Employee%20Compensation&rpt_unit_in=99&referrer=byunit,
Benton,Center Township,04-014.00,Angela Brunton,Twp. Trustee,9700.0,2742,2801,2025,385228.55,155030.28,152508.83,82494.66,5282.79,50916.14,387750.0,https://gateway.ifionline.org/report_builder/Default3a.aspx?rpttype=afr&rpt=AFR_PrintFull_public&rptName=Annual%20Financial%20Report%20-%20Full%20Report&rpt_unit_in=100&referrer=byunit,https://gateway.ifionline.org/report_builder/Default3a.aspx?rpttype=afr&rpt=cash_inv_combined&rptName=Cash%20and%20Investments&rpt_unit_in=100&referrer=byunit,https://gateway.ifionline.org/report_builder/Default3a.aspx?rpttype=employComp&rpt=EmployComp&rptName=Employee%20Compensation&rpt_unit_in=100&referrer=byunit,
Benton,Gilboa Township,04-015.00,Russell T Clark,Trustee,3350.0,271,275,2025,91394.07,17937.01,11279.97,3683.82,0,0,98051.11,https://gateway.ifionline.org/report_builder/Default3a.aspx?rpttype=afr&rpt=AFR_PrintFull_public&rptName=Annual%20Financial%20Report%20-%20Full%20Report&rpt_unit_in=101&referrer=byunit,https://gateway.ifionline.org/report_builder/Default3a.aspx?rpttype=afr&rpt=cash_inv_combined&rptName=Cash%20and%20Investments&rpt_unit_in=101&referrer=byunit,https://gateway.ifionline.org/report_builder/Default3a.aspx?rpttype=employComp&rpt=EmployComp&rptName=Employee%20Compensation&rpt_unit_in=101&referrer=byunit,
Benton,Grant Township,04-016.00,Wolfe Janet,TRUSTEE,9750.0,1076,1095,2025,261974.8,93897.96,44331.01,43310.73,1020.28,0,311541.75,https://gateway.ifionline.org/report_builder/Default3a.aspx?rpttype=afr&rpt=AFR_PrintFull_public&rptName=Annual%20Financial%20Report%20-%20Full%20Report&rpt_unit_in=102&referrer=byunit,https://gateway.ifionline.org/report_builder/Default3a.aspx?rpttype=afr&rpt=cash_inv_combined&rptName=Cash%20and%20Investments&rpt_unit_in=102&referrer=byunit,https://gateway.ifionline.org/report_builder/Default3a.aspx?rpttype=employComp&rpt=EmployComp&rptName=Employee%20Compensation&rpt_unit_in=102&referrer=byunit,
Benton,Hickory Grove Township,04-017.00,,,,408,414,2025,356462.56,129049.64,64734.3,64458.33,275.97,0,420777.9,https://gateway.ifionline.org/report_builder/Default3a.aspx?rpttype=afr&rpt=AFR_PrintFull_public&rptName=Annual%20Financial%20Report%20-%20Full%20Report&rpt_unit_in=103&referrer=byunit,https://gateway.ifionline.org/report_builder/Default3a.aspx?rpttype=afr&rpt=cash_inv_combined&rptName=Cash%20and%20Investments&rpt_unit_in=103&referrer=byunit,https://gateway.ifionline.org/report_builder/Default3a.aspx?rpttype=employComp&rpt=EmployComp&rptName=Employee%20Compensation&rpt_unit_in=103&referrer=byunit,No trustee listed on 2025 100R
Benton,Oak Grove Township,04-018.00,Alisa Noble,Trustee,10000.0,1570,1597,2025,293149.7,100657.55,49549.78,47707.26,1842.52,0,344257.47,https://gateway.ifionline.org/report_builder/Default3a.aspx?rpttype=afr&rpt=AFR_PrintFull_public&rptName=Annual%20Financial%20Report%20-%20Full%20Report&rpt_unit_in=104&referrer=byunit,https://gateway.ifionline.org/report_builder/Default3a.aspx?rpttype=afr&rpt=cash_inv_combined&rptName=Cash%20and%20Investments&rpt_unit_in=104&referrer=byunit,https://gateway.ifionline.org/report_builder/Default3a.aspx?rpttype=employComp&rpt=EmployComp&rptName=Employee%20Compensation&rpt_unit_in=104&referrer=byunit,
Benton,Parish Grove Township,04-019.00,Connie Sparenberg,Trustee,10000.0,198,201,2025,133361.55,39538.07,29213.53,20763.53,0,0,143686.09,https://gateway.ifionline.org/report_builder/Default3a.aspx?rpttype=afr&rpt=AFR_PrintFull_public&rptName=Annual%20Financial%20Report%20-%20Full%20Report&rpt_unit_in=105&referrer=byunit,https://gateway.ifionline.org/report_builder/Default3a.aspx?rpttype=afr&rpt=cash_inv_combined&rptName=Cash%20and%20Investments&rpt_unit_in=105&referrer=byunit,https://gateway.ifionline.org/report_builder/Default3a.aspx?rpttype=employComp&rpt=EmployComp&rptName=Employee%20Compensation&rpt_unit_in=105&referrer=byunit,
Benton,Pine Township,04-020.00,Karen R Adwell,TRUSTEE,5000.0,337,343,2025,75204.18,14944.29,11251.52,10414.5,0,0,78896.95,https://gateway.ifionline.org/report_builder/Default3a.aspx?rpttype=afr&rpt=AFR_PrintFull_public&rptName=Annual%20Financial%20Report%20-%20Full%20Report&rpt_unit_in=106&referrer=byunit,https://gateway.ifionline.org/report_builder/Default3a.aspx?rpttype=afr&rpt=cash_inv_combined&rptName=Cash%20and%20Investments&rpt_unit_in=106&referrer=byunit,https://gateway.ifionline.org/report_builder/Default3a.aspx?rpttype=employComp&rpt=EmployComp&rptName=Employee%20Compensation&rpt_unit_in=106&referrer=byunit,
Benton,Richland Township,04-021.00,Marilyn J Schutter,Trustee,7000.0,557,567,2025,194943.39,99893.54,84858.78,83280.32,1578.46,0,209978.15,https://gateway.ifionline.org/report_builder/Default3a.aspx?rpttype=afr&rpt=AFR_PrintFull_public&rptName=Annual%20Financial%20Report%20-%20Full%20Report&rpt_unit_in=107&referrer=byunit,https://gateway.ifionline.org/report_builder/Default3a.aspx?rpttype=afr&rpt=cash_inv_combined&rptName=Cash%20and%20Investments&rpt_unit_in=107&referrer=byunit,https://gateway.ifionline.org/report_builder/Default3a.aspx?rpttype=employComp&rpt=EmployComp&rptName=Employee%20Compensation&rpt_unit_in=107&referrer=byunit,
Benton,Union Township,04-022.00,Ty Fischbach,Trustee,2400.0,235,239,2025,168335.94,26188.05,21041.98,18247.08,2000.0,0,173482.01,https://gateway.ifionline.org/report_builder/Default3a.aspx?rpttype=afr&rpt=AFR_PrintFull_public&rptName=Annual%20Financial%20Report%20-%20Full%20Report&rpt_unit_in=108&referrer=byunit,https://gateway.ifionline.org/report_builder/Default3a.aspx?rpttype=afr&rpt=cash_inv_combined&rptName=Cash%20and%20Investments&rpt_unit_in=108&referrer=byunit,https://gateway.ifionline.org/report_builder/Default3a.aspx?rpttype=employComp&rpt=EmployComp&rptName=Employee%20Compensation&rpt_unit_in=108&referrer=byunit,
Benton,York Township,04-023.00,Pamella Molter,Trustee,4000.0,166,168,2025,92334.11,31408.65,29939.73,29439.73,0,0,93803.03,https://gateway.ifionline.org/report_builder/Default3a.aspx?rpttype=afr&rpt=AFR_PrintFull_public&rptName=Annual%20Financial%20Report%20-%20Full%20Report&rpt_unit_in=109&referrer=byunit,https://gateway.ifionline.org/report_builder/Default3a.aspx?rpttype=afr&rpt=cash_inv_combined&rptName=Cash%20and%20Investments&rpt_unit_in=109&referrer=byunit,https://gateway.ifionline.org/report_builder/Default3a.aspx?rpttype=employComp&rpt=EmployComp&rptName=Employee%20Compensation&rpt_unit_in=109&referrer=byunit,
Blackford,Harrison Township,05-004.00,Kimberly M Twibell,Trustee,6000.0,2344,2268,2025,344567.57,86645.88,129791.1,99656.2,28151.66,0,301422.35,https://gateway.ifionline.org/report_builder/Default3a.aspx?rpttype=afr&rpt=AFR_PrintFull_public&rptName=Annual%20Financial%20Report%20-%20Full%20Report&rpt_unit_in=128&referrer=byunit,https://gateway.ifionline.org/report_builder/Default3a.aspx?rpttype=afr&rpt=cash_inv_combined&rptName=Cash%20and%20Investments&rpt_unit_in=128&referrer=byunit,https://gateway.ifionline.org/report_builder/Default3a.aspx?rpttype=employComp&rpt=EmployComp&rptName=Employee%20Compensation&rpt_unit_in=128&referrer=byunit,
Blackford,Jackson Township,05-005.00,Cassandra R Thomas,Trustee,8500.0,1218,1190,2025,1011056.07,106752.71,78105.16,71840.34,5654.37,0,1039703.62,https://gateway.ifionline.org/report_builder/Default3a.aspx?rpttype=afr&rpt=AFR_PrintFull_public&rptName=Annual%20Financial%20Report%20-%20Full%20Report&rpt_unit_in=129&referrer=byunit,https://gateway.ifionline.org/report_builder/Default3a.aspx?rpttype=afr&rpt=cash_inv_combined&rptName=Cash%20and%20Investments&rpt_unit_in=129&referrer=byunit,https://gateway.ifionline.org/report_builder/Default3a.aspx?rpttype=employComp&rpt=EmployComp&rptName=Employee%20Compensation&rpt_unit_in=129&referrer=byunit,
Blackford,Licking Township,05-006.00,Stephen Hurd,TRUSTEE,32350.0,7753,7506,2025,1478762.05,444103.01,337212.17,265705.39,56694.31,0,1585652.89,https://gateway.ifionline.org/report_builder/Default3a.aspx?rpttype=afr&rpt=AFR_PrintFull_public&rptName=Annual%20Financial%20Report%20-%20Full%20Report&rpt_unit_in=130&referrer=byunit,https://gateway.ifionline.org/report_builder/Default3a.aspx?rpttype=afr&rpt=cash_inv_combined&rptName=Cash%20and%20Investments&rpt_unit_in=130&referrer=byunit,https://gateway.ifionline.org/report_builder/Default3a.aspx?rpttype=employComp&rpt=EmployComp&rptName=Employee%20Compensation&rpt_unit_in=130&referrer=byunit,
Blackford,Washington Township,05-007.00,Courtney Lechien,trustee,7000.0,795,766,2025,22625.93,67419.54,58449.73,49774.56,500.0,0,31595.74,https://gateway.ifionline.org/report_builder/Default3a.aspx?rpttype=afr&rpt=AFR_PrintFull_public&rptName=Annual%20Financial%20Report%20-%20Full%20Report&rpt_unit_in=131&referrer=byunit,https://gateway.ifionline.org/report_builder/Default3a.aspx?rpttype=afr&rpt=cash_inv_combined&rptName=Cash%20and%20Investments&rpt_unit_in=131&referrer=byunit,https://gateway.ifionline.org/report_builder/Default3a.aspx?rpttype=employComp&rpt=EmployComp&rptName=Employee%20Compensation&rpt_unit_in=131&referrer=byunit,"Multiple trustees on 2025 100R: Courtney Lechien (trustee) $7,000.00; Courtney Lechiebn (Trustee) $1,800.00"
Boone,Center Township,06-008.00,Casey 0 Samson,Trustee,35000.0,18844,20019,2025,1505185.4,1741078.33,1557328.82,1139096.22,58866.86,155622.89,1688934.91,https://gateway.ifionline.org/report_builder/Default3a.aspx?rpttype=afr&rpt=AFR_PrintFull_public&rptName=Annual%20Financial%20Report%20-%20Full%20Report&rpt_unit_in=145&referrer=byunit,https://gateway.ifionline.org/report_builder/Default3a.aspx?rpttype=afr&rpt=cash_inv_combined&rptName=Cash%20and%20Investments&rpt_unit_in=145&referrer=byunit,https://gateway.ifionline.org/report_builder/Default3a.aspx?rpttype=employComp&rpt=EmployComp&rptName=Employee%20Compensation&rpt_unit_in=145&referrer=byunit,
Boone,Clinton Township,06-009.00,Chad Johnson,Trustee,5500.0,907,927,2025,58896.72,15754.94,26640.72,19922.81,342.48,0,48010.94,https://gateway.ifionline.org/report_builder/Default3a.aspx?rpttype=afr&rpt=AFR_PrintFull_public&rptName=Annual%20Financial%20Report%20-%20Full%20Report&rpt_unit_in=146&referrer=byunit,https://gateway.ifionline.org/report_builder/Default3a.aspx?rpttype=afr&rpt=cash_inv_combined&rptName=Cash%20and%20Investments&rpt_unit_in=146&referrer=byunit,https://gateway.ifionline.org/report_builder/Default3a.aspx?rpttype=employComp&rpt=EmployComp&rptName=Employee%20Compensation&rpt_unit_in=146&referrer=byunit,
Boone,Harrison Township,06-011.00,Hazel Johnson,trustee,6000.0,722,732,2025,51923.01,19543.8,25850.69,20258.72,0,0,45616.12,https://gateway.ifionline.org/report_builder/Default3a.aspx?rpttype=afr&rpt=AFR_PrintFull_public&rptName=Annual%20Financial%20Report%20-%20Full%20Report&rpt_unit_in=148&referrer=byunit,https://gateway.ifionline.org/report_builder/Default3a.aspx?rpttype=afr&rpt=cash_inv_combined&rptName=Cash%20and%20Investments&rpt_unit_in=148&referrer=byunit,https://gateway.ifionline.org/report_builder/Default3a.aspx?rpttype=employComp&rpt=EmployComp&rptName=Employee%20Compensation&rpt_unit_in=148&referrer=byunit,
Boone,Jackson Township,06-012.00,"Sr , Danny D Mitchell",Trustee,9000.0,2735,2778,2025,358436.74,134334.01,104547.15,98810.29,2936.9,0,388223.6,https://gateway.ifionline.org/report_builder/Default3a.aspx?rpttype=afr&rpt=AFR_PrintFull_public&rptName=Annual%20Financial%20Report%20-%20Full%20Report&rpt_unit_in=149&referrer=byunit,https://gateway.ifionline.org/report_builder/Default3a.aspx?rpttype=afr&rpt=cash_inv_combined&rptName=Cash%20and%20Investments&rpt_unit_in=149&referrer=byunit,https://gateway.ifionline.org/report_builder/Default3a.aspx?rpttype=employComp&rpt=EmployComp&rptName=Employee%20Compensation&rpt_unit_in=149&referrer=byunit,
Boone,Jefferson Township,06-013.00,Todd Smith,Trustee,6200.0,1504,1541,2025,162568.6,48296.21,43489.84,40953.56,1427.0,0,167374.97,https://gateway.ifionline.org/report_builder/Default3a.aspx?rpttype=afr&rpt=AFR_PrintFull_public&rptName=Annual%20Financial%20Report%20-%20Full%20Report&rpt_unit_in=150&referrer=byunit,https://gateway.ifionline.org/report_builder/Default3a.aspx?rpttype=afr&rpt=cash_inv_combined&rptName=Cash%20and%20Investments&rpt_unit_in=150&referrer=byunit,https://gateway.ifionline.org/report_builder/Default3a.aspx?rpttype=employComp&rpt=EmployComp&rptName=Employee%20Compensation&rpt_unit_in=150&referrer=byunit,
Boone,Marion Township,06-014.00,Michael Morgan,trustee,7500.0,1241,1260,2025,148654.38,51080.15,53207.28,51633.51,0,0,146527.25,https://gateway.ifionline.org/report_builder/Default3a.aspx?rpttype=afr&rpt=AFR_PrintFull_public&rptName=Annual%20Financial%20Report%20-%20Full%20Report&rpt_unit_in=151&referrer=byunit,https://gateway.ifionline.org/report_builder/Default3a.aspx?rpttype=afr&rpt=cash_inv_combined&rptName=Cash%20and%20Investments&rpt_unit_in=151&referrer=byunit,https://gateway.ifionline.org/report_builder/Default3a.aspx?rpttype=employComp&rpt=EmployComp&rptName=Employee%20Compensation&rpt_unit_in=151&referrer=byunit,
Boone,Perry Township,,,,,820,1203,,,,,,,,,,,,Not found in 2025 100R employee compensation | No 2024 or 2025 AFR found on Gateway
Boone,Sugar Creek Township,06-016.00,Lynn Davis,Trustee,13728.0,2167,2168,2025,685450.68,215904.69,169958.45,162339.53,7618.92,0,731396.92,https://gateway.ifionline.org/report_builder/Default3a.aspx?rpttype=afr&rpt=AFR_PrintFull_public&rptName=Annual%20Financial%20Report%20-%20Full%20Report&rpt_unit_in=153&referrer=byunit,https://gateway.ifionline.org/report_builder/Default3a.aspx?rpttype=afr&rpt=cash_inv_combined&rptName=Cash%20and%20Investments&rpt_unit_in=153&referrer=byunit,https://gateway.ifionline.org/report_builder/Default3a.aspx?rpttype=employComp&rpt=EmployComp&rptName=Employee%20Compensation&rpt_unit_in=153&referrer=byunit,
Boone,Washington Township,06-018.00,Abbigail Seymouor,TRUSTEE,5700.0,1411,1436,2025,142054.7,44270.59,37459.89,35994.29,0,0,148865.4,https://gateway.ifionline.org/report_builder/Default3a.aspx?rpttype=afr&rpt=AFR_PrintFull_public&rptName=Annual%20Financial%20Report%20-%20Full%20Report&rpt_unit_in=155&referrer=byunit,https://gateway.ifionline.org/report_builder/Default3a.aspx?rpttype=afr&rpt=cash_inv_combined&rptName=Cash%20and%20Investments&rpt_unit_in=155&referrer=byunit,https://gateway.ifionline.org/report_builder/Default3a.aspx?rpttype=employComp&rpt=EmployComp&rptName=Employee%20Compensation&rpt_unit_in=155&referrer=byunit,
Boone,Worth Township,06-019.00,Jim Baldwin,Trustee,25000.0,4448,6688,2025,1498518.7,660344.83,605774.19,485090.3,113530.45,0,1553089.34,https://gateway.ifionline.org/report_builder/Default3a.aspx?rpttype=afr&rpt=AFR_PrintFull_public&rptName=Annual%20Financial%20Report%20-%20Full%20Report&rpt_unit_in=156&referrer=byunit,https://gateway.ifionline.org/report_builder/Default3a.aspx?rpttype=afr&rpt=cash_inv_combined&rptName=Cash%20and%20Investments&rpt_unit_in=156&referrer=byunit,https://gateway.ifionline.org/report_builder/Default3a.aspx?rpttype=employComp&rpt=EmployComp&rptName=Employee%20Compensation&rpt_unit_in=156&referrer=byunit,
Brown,Hamblen Township,07-002.00,Phil Stephens,Trustee,10500.0,4444,4525,2025,587320.74,339091.79,210434.4,45922.63,11823.67,125000.0,715978.13,https://gateway.ifionline.org/report_builder/Default3a.aspx?rpttype=afr&rpt=AFR_PrintFull_public&rptName=Annual%20Financial%20Report%20-%20Full%20Report&rpt_unit_in=177&referrer=byunit,https://gateway.ifionline.org/report_builder/Default3a.aspx?rpttype=afr&rpt=cash_inv_combined&rptName=Cash%20and%20Investments&rpt_unit_in=177&referrer=byunit,https://gateway.ifionline.org/report_builder/Default3a.aspx?rpttype=employComp&rpt=EmployComp&rptName=Employee%20Compensation&rpt_unit_in=177&referrer=byunit,
Brown,Jackson Township,07-003.00,Sandra K Higgins,Jackson Township Trustee,13000.0,3964,4045,2025,342696.05,363333.13,348435.7,235057.06,0,111136.0,357593.48,https://gateway.ifionline.org/report_builder/Default3a.aspx?rpttype=afr&rpt=AFR_PrintFull_public&rptName=Annual%20Financial%20Report%20-%20Full%20Report&rpt_unit_in=178&referrer=byunit,https://gateway.ifionline.org/report_builder/Default3a.aspx?rpttype=afr&rpt=cash_inv_combined&rptName=Cash%20and%20Investments&rpt_unit_in=178&referrer=byunit,https://gateway.ifionline.org/report_builder/Default3a.aspx?rpttype=employComp&rpt=EmployComp&rptName=Employee%20Compensation&rpt_unit_in=178&referrer=byunit,
Brown,Van Buren Township,07-004.00,Shannon Ayers,Trustee,12000.0,1917,1969,2025,310165.42,274803.07,128724.68,77099.06,11000.42,7500.0,456243.81,https://gateway.ifionline.org/report_builder/Default3a.aspx?rpttype=afr&rpt=AFR_PrintFull_public&rptName=Annual%20Financial%20Report%20-%20Full%20Report&rpt_unit_in=179&referrer=byunit,https://gateway.ifionline.org/report_builder/Default3a.aspx?rpttype=afr&rpt=cash_inv_combined&rptName=Cash%20and%20Investments&rpt_unit_in=179&referrer=byunit,https://gateway.ifionline.org/report_builder/Default3a.aspx?rpttype=employComp&rpt=EmployComp&rptName=Employee%20Compensation&rpt_unit_in=179&referrer=byunit,
Brown,Washington Township,07-005.00,Greg Taggart,Trustee,12603.09,5147,5238,2025,359268.96,391218.51,199846.14,120817.04,24090.35,0,550641.33,https://gateway.ifionline.org/report_builder/Default3a.aspx?rpttype=afr&rpt=AFR_PrintFull_public&rptName=Annual%20Financial%20Report%20-%20Full%20Report&rpt_unit_in=180&referrer=byunit,https://gateway.ifionline.org/report_builder/Default3a.aspx?rpttype=afr&rpt=cash_inv_combined&rptName=Cash%20and%20Investments&rpt_unit_in=180&referrer=byunit,https://gateway.ifionline.org/report_builder/Default3a.aspx?rpttype=employComp&rpt=EmployComp&rptName=Employee%20Compensation&rpt_unit_in=180&referrer=byunit,
Carroll,Adams Township,08-006.00,Jamie Musall,Trustee,4000.0,502,511,2025,89208.61,28478.58,20077.94,20077.94,0,0,97609.25,https://gateway.ifionline.org/report_builder/Default3a.aspx?rpttype=afr&rpt=AFR_PrintFull_public&rptName=Annual%20Financial%20Report%20-%20Full%20Report&rpt_unit_in=191&referrer=byunit,https://gateway.ifionline.org/report_builder/Default3a.aspx?rpttype=afr&rpt=cash_inv_combined&rptName=Cash%20and%20Investments&rpt_unit_in=191&referrer=byunit,https://gateway.ifionline.org/report_builder/Default3a.aspx?rpttype=employComp&rpt=EmployComp&rptName=Employee%20Compensation&rpt_unit_in=191&referrer=byunit,
Carroll,Burlington Township,08-007.00,Alan Jackson,Trustee,8000.0,1657,1690,2025,812838.76,344468.62,223569.97,186337.48,9003.86,17000.0,933737.41,https://gateway.ifionline.org/report_builder/Default3a.aspx?rpttype=afr&rpt=AFR_PrintFull_public&rptName=Annual%20Financial%20Report%20-%20Full%20Report&rpt_unit_in=192&referrer=byunit,https://gateway.ifionline.org/report_builder/Default3a.aspx?rpttype=afr&rpt=cash_inv_combined&rptName=Cash%20and%20Investments&rpt_unit_in=192&referrer=byunit,https://gateway.ifionline.org/report_builder/Default3a.aspx?rpttype=employComp&rpt=EmployComp&rptName=Employee%20Compensation&rpt_unit_in=192&referrer=byunit,
Carroll,Carrollton Township,08-008.00,John R ORourke,Township Trustee,3000.0,627,634,2025,66954.67,38298.72,23432.52,22319.42,0,0,81820.87,https://gateway.ifionline.org/report_builder/Default3a.aspx?rpttype=afr&rpt=AFR_PrintFull_public&rptName=Annual%20Financial%20Report%20-%20Full%20Report&rpt_unit_in=193&referrer=byunit,https://gateway.ifionline.org/report_builder/Default3a.aspx?rpttype=afr&rpt=cash_inv_combined&rptName=Cash%20and%20Investments&rpt_unit_in=193&referrer=byunit,https://gateway.ifionline.org/report_builder/Default3a.aspx?rpttype=employComp&rpt=EmployComp&rptName=Employee%20Compensation&rpt_unit_in=193&referrer=byunit,
Carroll,Clay Township,08-009.00,Marla R Milazzo,Township Trustee,10000.0,1247,1273,2025,403406.61,73746.53,123683.63,51383.87,4005.32,65949.0,353469.51,https://gateway.ifionline.org/report_builder/Default3a.aspx?rpttype=afr&rpt=AFR_PrintFull_public&rptName=Annual%20Financial%20Report%20-%20Full%20Report&rpt_unit_in=194&referrer=byunit,https://gateway.ifionline.org/report_builder/Default3a.aspx?rpttype=afr&rpt=cash_inv_combined&rptName=Cash%20and%20Investments&rpt_unit_in=194&referrer=byunit,https://gateway.ifionline.org/report_builder/Default3a.aspx?rpttype=employComp&rpt=EmployComp&rptName=Employee%20Compensation&rpt_unit_in=194&referrer=byunit,
Carroll,Deer Creek Township,08-010.00,Morgan A Anderson,Trustee,19000.0,4581,4651,2025,400333.58,205176.47,157715.94,110700.62,42825.96,0,447794.11,https://gateway.ifionline.org/report_builder/Default3a.aspx?rpttype=afr&rpt=AFR_PrintFull_public&rptName=Annual%20Financial%20Report%20-%20Full%20Report&rpt_unit_in=195&referrer=byunit,https://gateway.ifionline.org/report_builder/Default3a.aspx?rpttype=afr&rpt=cash_inv_combined&rptName=Cash%20and%20Investments&rpt_unit_in=195&referrer=byunit,https://gateway.ifionline.org/report_builder/Default3a.aspx?rpttype=employComp&rpt=EmployComp&rptName=Employee%20Compensation&rpt_unit_in=195&referrer=byunit,
Carroll,Democrat Township,08-011.00,Dean Gangwer,Trustee,8400.0,949,965,2025,365903.95,147924.92,94681.24,90107.83,4573.41,0,419147.63,https://gateway.ifionline.org/report_builder/Default3a.aspx?rpttype=afr&rpt=AFR_PrintFull_public&rptName=Annual%20Financial%20Report%20-%20Full%20Report&rpt_unit_in=196&referrer=byunit,https://gateway.ifionline.org/report_builder/Default3a.aspx?rpttype=afr&rpt=cash_inv_combined&rptName=Cash%20and%20Investments&rpt_unit_in=196&referrer=byunit,https://gateway.ifionline.org/report_builder/Default3a.aspx?rpttype=employComp&rpt=EmployComp&rptName=Employee%20Compensation&rpt_unit_in=196&referrer=byunit,
Carroll,Jackson Township,08-012.00,Deborah Foreman,Township Trustee,6200.0,1378,1397,2025,494494.94,257603.15,224637.24,114462.64,7132.49,102217.82,527460.85,https://gateway.ifionline.org/report_builder/Default3a.aspx?rpttype=afr&rpt=AFR_PrintFull_public&rptName=Annual%20Financial%20Report%20-%20Full%20Report&rpt_unit_in=197&referrer=byunit,https://gateway.ifionline.org/report_builder/Default3a.aspx?rpttype=afr&rpt=cash_inv_combined&rptName=Cash%20and%20Investments&rpt_unit_in=197&referrer=byunit,https://gateway.ifionline.org/report_builder/Default3a.aspx?rpttype=employComp&rpt=EmployComp&rptName=Employee%20Compensation&rpt_unit_in=197&referrer=byunit,
Carroll,Jefferson Township,08-013.00,Jamie Rough,Trustee,5589.0,2236,2291,2025,653762.21,358051.43,205743.76,189081.0,0,0,806069.88,https://gateway.ifionline.org/report_builder/Default3a.aspx?rpttype=afr&rpt=AFR_PrintFull_public&rptName=Annual%20Financial%20Report%20-%20Full%20Report&rpt_unit_in=198&referrer=byunit,https://gateway.ifionline.org/report_builder/Default3a.aspx?rpttype=afr&rpt=cash_inv_combined&rptName=Cash%20and%20Investments&rpt_unit_in=198&referrer=byunit,https://gateway.ifionline.org/report_builder/Default3a.aspx?rpttype=employComp&rpt=EmployComp&rptName=Employee%20Compensation&rpt_unit_in=198&referrer=byunit,"Multiple trustees on 2025 100R: Jamie Rough (Trustee) $5,589.00; Rita Millhouse (trustee) $3,082.34"
Carroll,Liberty Township,08-014.00,Kathy Justice,Trustee,7000.0,385,391,2025,221964.24,85187.88,80439.8,60079.79,1093.27,19266.74,226712.32,https://gateway.ifionline.org/report_builder/Default3a.aspx?rpttype=afr&rpt=AFR_PrintFull_public&rptName=Annual%20Financial%20Report%20-%20Full%20Report&rpt_unit_in=199&referrer=byunit,https://gateway.ifionline.org/report_builder/Default3a.aspx?rpttype=afr&rpt=cash_inv_combined&rptName=Cash%20and%20Investments&rpt_unit_in=199&referrer=byunit,https://gateway.ifionline.org/report_builder/Default3a.aspx?rpttype=employComp&rpt=EmployComp&rptName=Employee%20Compensation&rpt_unit_in=199&referrer=byunit,
Carroll,Madison Township,08-015.00,Dwaine Ward,Trustee,3300.0,448,455,2025,48852.83,17514.95,10474.27,6524.98,2771.94,0,55893.51,https://gateway.ifionline.org/report_builder/Default3a.aspx?rpttype=afr&rpt=AFR_PrintFull_public&rptName=Annual%20Financial%20Report%20-%20Full%20Report&rpt_unit_in=200&referrer=byunit,https://gateway.ifionline.org/report_builder/Default3a.aspx?rpttype=afr&rpt=cash_inv_combined&rptName=Cash%20and%20Investments&rpt_unit_in=200&referrer=byunit,https://gateway.ifionline.org/report_builder/Default3a.aspx?rpttype=employComp&rpt=EmployComp&rptName=Employee%20Compensation&rpt_unit_in=200&referrer=byunit,
Carroll,Monroe Township,08-016.00,Sarah Hanwway,Trustee,15000.0,2871,2882,2025,441403.15,127738.03,71071.96,47887.3,19803.36,0,498069.22,https://gateway.ifionline.org/report_builder/Default3a.aspx?rpttype=afr&rpt=AFR_PrintFull_public&rptName=Annual%20Financial%20Report%20-%20Full%20Report&rpt_unit_in=201&referrer=byunit,https://gateway.ifionline.org/report_builder/Default3a.aspx?rpttype=afr&rpt=cash_inv_combined&rptName=Cash%20and%20Investments&rpt_unit_in=201&referrer=byunit,https://gateway.ifionline.org/report_builder/Default3a.aspx?rpttype=employComp&rpt=EmployComp&rptName=Employee%20Compensation&rpt_unit_in=201&referrer=byunit,
Carroll,Rock Creek Township,08-017.00,Kathalene C Zink,Trustee,6000.0,465,475,2025,233708.48,98047.24,74004.9,70884.75,2130.0,0,257750.82,https://gateway.ifionline.org/report_builder/Default3a.aspx?rpttype=afr&rpt=AFR_PrintFull_public&rptName=Annual%20Financial%20Report%20-%20Full%20Report&rpt_unit_in=202&referrer=byunit,https://gateway.ifionline.org/report_builder/Default3a.aspx?rpttype=afr&rpt=cash_inv_combined&rptName=Cash%20and%20Investments&rpt_unit_in=202&referrer=byunit,https://gateway.ifionline.org/report_builder/Default3a.aspx?rpttype=employComp&rpt=EmployComp&rptName=Employee%20Compensation&rpt_unit_in=202&referrer=byunit,
Carroll,Tippecanoe Township,08-018.00,Marcia Jura,Trustee,8100.0,2408,2472,2025,273300.27,68993.03,43188.08,39256.83,2558.65,0,299105.22,https://gateway.ifionline.org/report_builder/Default3a.aspx?rpttype=afr&rpt=AFR_PrintFull_public&rptName=Annual%20Financial%20Report%20-%20Full%20Report&rpt_unit_in=203&referrer=byunit,https://gateway.ifionline.org/report_builder/Default3a.aspx?rpttype=afr&rpt=cash_inv_combined&rptName=Cash%20and%20Investments&rpt_unit_in=203&referrer=byunit,https://gateway.ifionline.org/report_builder/Default3a.aspx?rpttype=employComp&rpt=EmployComp&rptName=Employee%20Compensation&rpt_unit_in=203&referrer=byunit,
Carroll,Washington Township,08-019.00,Emily Meek,Trustee,4800.0,555,568,2025,153245.49,54201.89,35708.01,34760.75,427.06,0,171739.37,https://gateway.ifionline.org/report_builder/Default3a.aspx?rpttype=afr&rpt=AFR_PrintFull_public&rptName=Annual%20Financial%20Report%20-%20Full%20Report&rpt_unit_in=204&referrer=byunit,https://gateway.ifionline.org/report_builder/Default3a.aspx?rpttype=afr&rpt=cash_inv_combined&rptName=Cash%20and%20Investments&rpt_unit_in=204&referrer=byunit,https://gateway.ifionline.org/report_builder/Default3a.aspx?rpttype=employComp&rpt=EmployComp&rptName=Employee%20Compensation&rpt_unit_in=204&referrer=byunit,
Cass,Adams Township,09-006.00,,,,866,869,2025,239912.73,42749.48,26429.35,25856.29,573.06,0,256232.86,https://gateway.ifionline.org/report_builder/Default3a.aspx?rpttype=afr&rpt=AFR_PrintFull_public&rptName=Annual%20Financial%20Report%20-%20Full%20Report&rpt_unit_in=222&referrer=byunit,https://gateway.ifionline.org/report_builder/Default3a.aspx?rpttype=afr&rpt=cash_inv_combined&rptName=Cash%20and%20Investments&rpt_unit_in=222&referrer=byunit,https://gateway.ifionline.org/report_builder/Default3a.aspx?rpttype=employComp&rpt=EmployComp&rptName=Employee%20Compensation&rpt_unit_in=222&referrer=byunit,No trustee listed on 2025 100R
Cass,Bethlehem Township,09-007.00,Ashly Berry,Trustee,5700.0,730,724,2025,232189.67,53143.23,50773.22,43002.19,6050.6,0,234559.68,https://gateway.ifionline.org/report_builder/Default3a.aspx?rpttype=afr&rpt=AFR_PrintFull_public&rptName=Annual%20Financial%20Report%20-%20Full%20Report&rpt_unit_in=223&referrer=byunit,https://gateway.ifionline.org/report_builder/Default3a.aspx?rpttype=afr&rpt=cash_inv_combined&rptName=Cash%20and%20Investments&rpt_unit_in=223&referrer=byunit,https://gateway.ifionline.org/report_builder/Default3a.aspx?rpttype=employComp&rpt=EmployComp&rptName=Employee%20Compensation&rpt_unit_in=223&referrer=byunit,
Cass,Boone Township,09-008.00,Robert J Pifer,Township Trustee,4000.0,1387,1378,2025,450156.76,105277.41,49695.76,15428.58,4429.53,0,505738.41,https://gateway.ifionline.org/report_builder/Default3a.aspx?rpttype=afr&rpt=AFR_PrintFull_public&rptName=Annual%20Financial%20Report%20-%20Full%20Report&rpt_unit_in=224&referrer=byunit,https://gateway.ifionline.org/report_builder/Default3a.aspx?rpttype=afr&rpt=cash_inv_combined&rptName=Cash%20and%20Investments&rpt_unit_in=224&referrer=byunit,https://gateway.ifionline.org/report_builder/Default3a.aspx?rpttype=employComp&rpt=EmployComp&rptName=Employee%20Compensation&rpt_unit_in=224&referrer=byunit,
Cass,Clay Township,09-009.00,Jennifer M nies,trustee,15000.0,2883,2882,2025,225741.01,72672.65,172069.94,126437.12,9223.64,0,126343.72,https://gateway.ifionline.org/report_builder/Default3a.aspx?rpttype=afr&rpt=AFR_PrintFull_public&rptName=Annual%20Financial%20Report%20-%20Full%20Report&rpt_unit_in=225&referrer=byunit,https://gateway.ifionline.org/report_builder/Default3a.aspx?rpttype=afr&rpt=cash_inv_combined&rptName=Cash%20and%20Investments&rpt_unit_in=225&referrer=byunit,https://gateway.ifionline.org/report_builder/Default3a.aspx?rpttype=employComp&rpt=EmployComp&rptName=Employee%20Compensation&rpt_unit_in=225&referrer=byunit,
Cass,Clinton Township,09-010.00,John Heckard,Trustee,4800.0,577,575,2025,409795.38,133814.61,61118.45,57945.3,0,0,482491.54,https://gateway.ifionline.org/report_builder/Default3a.aspx?rpttype=afr&rpt=AFR_PrintFull_public&rptName=Annual%20Financial%20Report%20-%20Full%20Report&rpt_unit_in=226&referrer=byunit,https://gateway.ifionline.org/report_builder/Default3a.aspx?rpttype=afr&rpt=cash_inv_combined&rptName=Cash%20and%20Investments&rpt_unit_in=226&referrer=byunit,https://gateway.ifionline.org/report_builder/Default3a.aspx?rpttype=employComp&rpt=EmployComp&rptName=Employee%20Compensation&rpt_unit_in=226&referrer=byunit,
Cass,Deer Creek Township,09-011.00,Stephany Prather,Trustee,8000.0,893,896,2025,147711.81,79149.66,123218.63,69471.93,1500.0,0,103642.84,https://gateway.ifionline.org/report_builder/Default3a.aspx?rpttype=afr&rpt=AFR_PrintFull_public&rptName=Annual%20Financial%20Report%20-%20Full%20Report&rpt_unit_in=227&referrer=byunit,https://gateway.ifionline.org/report_builder/Default3a.aspx?rpttype=afr&rpt=cash_inv_combined&rptName=Cash%20and%20Investments&rpt_unit_in=227&referrer=byunit,https://gateway.ifionline.org/report_builder/Default3a.aspx?rpttype=employComp&rpt=EmployComp&rptName=Employee%20Compensation&rpt_unit_in=227&referrer=byunit,
Cass,Eel Township,09-012.00,Mark Strong,Trustee,46768.02,18630,18549,2025,829994.03,450014.04,353487.0,232803.4,83955.39,210.0,926521.07,https://gateway.ifionline.org/report_builder/Default3a.aspx?rpttype=afr&rpt=AFR_PrintFull_public&rptName=Annual%20Financial%20Report%20-%20Full%20Report&rpt_unit_in=228&referrer=byunit,https://gateway.ifionline.org/report_builder/Default3a.aspx?rpttype=afr&rpt=cash_inv_combined&rptName=Cash%20and%20Investments&rpt_unit_in=228&referrer=byunit,https://gateway.ifionline.org/report_builder/Default3a.aspx?rpttype=employComp&rpt=EmployComp&rptName=Employee%20Compensation&rpt_unit_in=228&referrer=byunit,
Cass,Harrison Township,09-013.00,Catherine Cree,Trustee,6000.0,745,741,2025,390720.66,140624.3,98949.9,82696.79,10467.44,0,432395.06,https://gateway.ifionline.org/report_builder/Default3a.aspx?rpttype=afr&rpt=AFR_PrintFull_public&rptName=Annual%20Financial%20Report%20-%20Full%20Report&rpt_unit_in=229&referrer=byunit,https://gateway.ifionline.org/report_builder/Default3a.aspx?rpttype=afr&rpt=cash_inv_combined&rptName=Cash%20and%20Investments&rpt_unit_in=229&referrer=byunit,https://gateway.ifionline.org/report_builder/Default3a.aspx?rpttype=employComp&rpt=EmployComp&rptName=Employee%20Compensation&rpt_unit_in=229&referrer=byunit,
Cass,Jackson Township,09-014.00,Kim E Tocco,Trustee,7000.0,2780,2770,2025,432903.43,92513.13,83842.34,64093.07,16466.09,0,441574.22,https://gateway.ifionline.org/report_builder/Default3a.aspx?rpttype=afr&rpt=AFR_PrintFull_public&rptName=Annual%20Financial%20Report%20-%20Full%20Report&rpt_unit_in=230&referrer=byunit,https://gateway.ifionline.org/report_builder/Default3a.aspx?rpttype=afr&rpt=cash_inv_combined&rptName=Cash%20and%20Investments&rpt_unit_in=230&referrer=byunit,https://gateway.ifionline.org/report_builder/Default3a.aspx?rpttype=employComp&rpt=EmployComp&rptName=Employee%20Compensation&rpt_unit_in=230&referrer=byunit,
Cass,Jefferson Township,09-015.00,,,,1295,1291,2025,79435.41,64010.22,46905.36,45604.36,0,0,96540.27,https://gateway.ifionline.org/report_builder/Default3a.aspx?rpttype=afr&rpt=AFR_PrintFull_public&rptName=Annual%20Financial%20Report%20-%20Full%20Report&rpt_unit_in=231&referrer=byunit,https://gateway.ifionline.org/report_builder/Default3a.aspx?rpttype=afr&rpt=cash_inv_combined&rptName=Cash%20and%20Investments&rpt_unit_in=231&referrer=byunit,https://gateway.ifionline.org/report_builder/Default3a.aspx?rpttype=employComp&rpt=EmployComp&rptName=Employee%20Compensation&rpt_unit_in=231&referrer=byunit,No trustee listed on 2025 100R
Cass,Miami Township,09-016.00,Joe Pear,Trustee,4333.34,1309,1312,2025,863075.64,473083.42,352188.89,327811.25,3984.32,19565.62,983970.17,https://gateway.ifionline.org/report_builder/Default3a.aspx?rpttype=afr&rpt=AFR_PrintFull_public&rptName=Annual%20Financial%20Report%20-%20Full%20Report&rpt_unit_in=232&referrer=byunit,https://gateway.ifionline.org/report_builder/Default3a.aspx?rpttype=afr&rpt=cash_inv_combined&rptName=Cash%20and%20Investments&rpt_unit_in=232&referrer=byunit,https://gateway.ifionline.org/report_builder/Default3a.aspx?rpttype=employComp&rpt=EmployComp&rptName=Employee%20Compensation&rpt_unit_in=232&referrer=byunit,"Multiple trustees on 2025 100R: Joe Pear (Trustee) $4,333.34; Jackson Wiseley (Trustee) $2,500.00"
Cass,Noble Township,09-017.00,Diann Sedam,Trustee,29000.0,1898,1896,2025,137852.98,39821.82,54231.38,43828.95,0,0,123443.42,https://gateway.ifionline.org/report_builder/Default3a.aspx?rpttype=afr&rpt=AFR_PrintFull_public&rptName=Annual%20Financial%20Report%20-%20Full%20Report&rpt_unit_in=233&referrer=byunit,https://gateway.ifionline.org/report_builder/Default3a.aspx?rpttype=afr&rpt=cash_inv_combined&rptName=Cash%20and%20Investments&rpt_unit_in=233&referrer=byunit,https://gateway.ifionline.org/report_builder/Default3a.aspx?rpttype=employComp&rpt=EmployComp&rptName=Employee%20Compensation&rpt_unit_in=233&referrer=byunit,
Cass,Tipton Township,09-018.00,Marcia A Harness,Trustee,4400.0,2310,2374,2025,261952.49,76287.0,52882.02,51235.02,1610.0,0,285357.47,https://gateway.ifionline.org/report_builder/Default3a.aspx?rpttype=afr&rpt=AFR_PrintFull_public&rptName=Annual%20Financial%20Report%20-%20Full%20Report&rpt_unit_in=234&referrer=byunit,https://gateway.ifionline.org/report_builder/Default3a.aspx?rpttype=afr&rpt=cash_inv_combined&rptName=Cash%20and%20Investments&rpt_unit_in=234&referrer=byunit,https://gateway.ifionline.org/report_builder/Default3a.aspx?rpttype=employComp&rpt=EmployComp&rptName=Employee%20Compensation&rpt_unit_in=234&referrer=byunit,
Cass,Washington Township,09-019.00,Scott G Albaugh,Trustee,11999.96,1566,1579,2025,758890.59,230717.25,132163.66,127471.54,3544.68,0,857444.18,https://gateway.ifionline.org/report_builder/Default3a.aspx?rpttype=afr&rpt=AFR_PrintFull_public&rptName=Annual%20Financial%20Report%20-%20Full%20Report&rpt_unit_in=235&referrer=byunit,https://gateway.ifionline.org/report_builder/Default3a.aspx?rpttype=afr&rpt=cash_inv_combined&rptName=Cash%20and%20Investments&rpt_unit_in=235&referrer=byunit,https://gateway.ifionline.org/report_builder/Default3a.aspx?rpttype=employComp&rpt=EmployComp&rptName=Employee%20Compensation&rpt_unit_in=235&referrer=byunit,
Clark,Bethlehem Township,10-007.00,Mark A Meyer,Trustee,6600.0,360,386,2025,11227.03,11888.53,10220.39,9324.14,0,0,12895.17,https://gateway.ifionline.org/report_builder/Default3a.aspx?rpttype=afr&rpt=AFR_PrintFull_public&rptName=Annual%20Financial%20Report%20-%20Full%20Report&rpt_unit_in=253&referrer=byunit,https://gateway.ifionline.org/report_builder/Default3a.aspx?rpttype=afr&rpt=cash_inv_combined&rptName=Cash%20and%20Investments&rpt_unit_in=253&referrer=byunit,https://gateway.ifionline.org/report_builder/Default3a.aspx?rpttype=employComp&rpt=EmployComp&rptName=Employee%20Compensation&rpt_unit_in=253&referrer=byunit,
Clark,Carr Township,10-008.00,Barbara Reynolds,TRUSTEE,12000.0,4843,5255,2025,430630.78,101130.11,76614.63,63721.68,7685.68,0,455146.26,https://gateway.ifionline.org/report_builder/Default3a.aspx?rpttype=afr&rpt=AFR_PrintFull_public&rptName=Annual%20Financial%20Report%20-%20Full%20Report&rpt_unit_in=254&referrer=byunit,https://gateway.ifionline.org/report_builder/Default3a.aspx?rpttype=afr&rpt=cash_inv_combined&rptName=Cash%20and%20Investments&rpt_unit_in=254&referrer=byunit,https://gateway.ifionline.org/report_builder/Default3a.aspx?rpttype=employComp&rpt=EmployComp&rptName=Employee%20Compensation&rpt_unit_in=254&referrer=byunit,
Clark,Charlestown Township,10-009.00,Thomas Kendrick,Trustee,42000.0,15155,16748,2025,322991.78,324196.7,336282.91,185386.38,124120.37,0,310905.57,https://gateway.ifionline.org/report_builder/Default3a.aspx?rpttype=afr&rpt=AFR_PrintFull_public&rptName=Annual%20Financial%20Report%20-%20Full%20Report&rpt_unit_in=255&referrer=byunit,https://gateway.ifionline.org/report_builder/Default3a.aspx?rpttype=afr&rpt=cash_inv_combined&rptName=Cash%20and%20Investments&rpt_unit_in=255&referrer=byunit,https://gateway.ifionline.org/report_builder/Default3a.aspx?rpttype=employComp&rpt=EmployComp&rptName=Employee%20Compensation&rpt_unit_in=255&referrer=byunit,
Clark,Jeffersonville Township,10-010.00,Dale F Popp,Trustee,53755.87,61494,65369,2025,1906548.74,943464.75,1112813.94,713464.23,306636.06,5344.22,1737199.55,https://gateway.ifionline.org/report_builder/Default3a.aspx?rpttype=afr&rpt=AFR_PrintFull_public&rptName=Annual%20Financial%20Report%20-%20Full%20Report&rpt_unit_in=256&referrer=byunit,https://gateway.ifionline.org/report_builder/Default3a.aspx?rpttype=afr&rpt=cash_inv_combined&rptName=Cash%20and%20Investments&rpt_unit_in=256&referrer=byunit,https://gateway.ifionline.org/report_builder/Default3a.aspx?rpttype=employComp&rpt=EmployComp&rptName=Employee%20Compensation&rpt_unit_in=256&referrer=byunit,
Clark,Monroe Township,10-011.00,Bradly Jones,TRUSTEE,18687.45,5630,6061,2025,180236.77,125069.94,103440.59,93141.9,10048.33,0,201866.12,https://gateway.ifionline.org/report_builder/Default3a.aspx?rpttype=afr&rpt=AFR_PrintFull_public&rptName=Annual%20Financial%20Report%20-%20Full%20Report&rpt_unit_in=257&referrer=byunit,https://gateway.ifionline.org/report_builder/Default3a.aspx?rpttype=afr&rpt=cash_inv_combined&rptName=Cash%20and%20Investments&rpt_unit_in=257&referrer=byunit,https://gateway.ifionline.org/report_builder/Default3a.aspx?rpttype=employComp&rpt=EmployComp&rptName=Employee%20Compensation&rpt_unit_in=257&referrer=byunit,"Multiple trustees on 2025 100R: Bradly Jones (TRUSTEE) $18,687.45; James Bottorff (TRUSTEE) $8,720.89"
Clark,Oregon Township,10-012.00,Chad Whitmer,Trustee,6000.0,1734,1881,2025,51048.39,29561.33,23033.1,19449.91,3583.19,0,57576.62,https://gateway.ifionline.org/report_builder/Default3a.aspx?rpttype=afr&rpt=AFR_PrintFull_public&rptName=Annual%20Financial%20Report%20-%20Full%20Report&rpt_unit_in=258&referrer=byunit,https://gateway.ifionline.org/report_builder/Default3a.aspx?rpttype=afr&rpt=cash_inv_combined&rptName=Cash%20and%20Investments&rpt_unit_in=258&referrer=byunit,https://gateway.ifionline.org/report_builder/Default3a.aspx?rpttype=employComp&rpt=EmployComp&rptName=Employee%20Compensation&rpt_unit_in=258&referrer=byunit,
Clark,Owen Township,10-013.00,Brittany G Jones-Kinder,Trustee,13000.0,944,1021,2025,22804.83,37426.86,35851.95,31221.5,4630.45,0,24379.74,https://gateway.ifionline.org/report_builder/Default3a.aspx?rpttype=afr&rpt=AFR_PrintFull_public&rptName=Annual%20Financial%20Report%20-%20Full%20Report&rpt_unit_in=259&referrer=byunit,https://gateway.ifionline.org/report_builder/Default3a.aspx?rpttype=afr&rpt=cash_inv_combined&rptName=Cash%20and%20Investments&rpt_unit_in=259&referrer=byunit,https://gateway.ifionline.org/report_builder/Default3a.aspx?rpttype=employComp&rpt=EmployComp&rptName=Employee%20Compensation&rpt_unit_in=259&referrer=byunit,
Clark,Silver Creek Township,10-014.00,William Ramser,Trustee,15644.0,13799,14771,2025,1165976.65,148218.64,215834.66,127360.07,5940.29,82534.3,1098360.63,https://gateway.ifionline.org/report_builder/Default3a.aspx?rpttype=afr&rpt=AFR_PrintFull_public&rptName=Annual%20Financial%20Report%20-%20Full%20Report&rpt_unit_in=260&referrer=byunit,https://gateway.ifionline.org/report_builder/Default3a.aspx?rpttype=afr&rpt=cash_inv_combined&rptName=Cash%20and%20Investments&rpt_unit_in=260&referrer=byunit,https://gateway.ifionline.org/report_builder/Default3a.aspx?rpttype=employComp&rpt=EmployComp&rptName=Employee%20Compensation&rpt_unit_in=260&referrer=byunit,
Clark,Union Township,10-015.00,Gregory Alexander,Trustee,16016.0,4526,4875,2025,84607.42,41685.92,33994.22,33926.93,67.29,0,92299.12,https://gateway.ifionline.org/report_builder/Default3a.aspx?rpttype=afr&rpt=AFR_PrintFull_public&rptName=Annual%20Financial%20Report%20-%20Full%20Report&rpt_unit_in=261&referrer=byunit,https://gateway.ifionline.org/report_builder/Default3a.aspx?rpttype=afr&rpt=cash_inv_combined&rptName=Cash%20and%20Investments&rpt_unit_in=261&referrer=byunit,https://gateway.ifionline.org/report_builder/Default3a.aspx?rpttype=employComp&rpt=EmployComp&rptName=Employee%20Compensation&rpt_unit_in=261&referrer=byunit,
Clark,Utica Township,10-016.00,Robin A Durbin,Trustee,12000.0,8148,9258,2025,238650.86,56889.21,41665.13,20022.61,15205.92,0,253874.94,https://gateway.ifionline.org/report_builder/Default3a.aspx?rpttype=afr&rpt=AFR_PrintFull_public&rptName=Annual%20Financial%20Report%20-%20Full%20Report&rpt_unit_in=262&referrer=byunit,https://gateway.ifionline.org/report_builder/Default3a.aspx?rpttype=afr&rpt=cash_inv_combined&rptName=Cash%20and%20Investments&rpt_unit_in=262&referrer=byunit,https://gateway.ifionline.org/report_builder/Default3a.aspx?rpttype=employComp&rpt=EmployComp&rptName=Employee%20Compensation&rpt_unit_in=262&referrer=byunit,
Clark,Washington Township,10-017.00,Joseph Webb,Trustee,13200.0,1710,1848,2025,181902.57,45995.82,27643.26,18480.66,2700.0,0,200255.13,https://gateway.ifionline.org/report_builder/Default3a.aspx?rpttype=afr&rpt=AFR_PrintFull_public&rptName=Annual%20Financial%20Report%20-%20Full%20Report&rpt_unit_in=263&referrer=byunit,https://gateway.ifionline.org/report_builder/Default3a.aspx?rpttype=afr&rpt=cash_inv_combined&rptName=Cash%20and%20Investments&rpt_unit_in=263&referrer=byunit,https://gateway.ifionline.org/report_builder/Default3a.aspx?rpttype=employComp&rpt=EmployComp&rptName=Employee%20Compensation&rpt_unit_in=263&referrer=byunit,
Clark,Wood Township,10-018.00,Irene Coffman,Trustee,15000.0,2767,2978,2025,1133510.6,268762.74,157627.86,154241.29,0,0,1244645.48,https://gateway.ifionline.org/report_builder/Default3a.aspx?rpttype=afr&rpt=AFR_PrintFull_public&rptName=Annual%20Financial%20Report%20-%20Full%20Report&rpt_unit_in=264&referrer=byunit,https://gateway.ifionline.org/report_builder/Default3a.aspx?rpttype=afr&rpt=cash_inv_combined&rptName=Cash%20and%20Investments&rpt_unit_in=264&referrer=byunit,https://gateway.ifionline.org/report_builder/Default3a.aspx?rpttype=employComp&rpt=EmployComp&rptName=Employee%20Compensation&rpt_unit_in=264&referrer=byunit,
Clay,Brazil Township,11-008.00,Thomas J Sneddon,Trustee,36000.0,8580,8732,2025,804707.02,372134.38,268717.0,159173.1,74443.19,0,908124.4,https://gateway.ifionline.org/report_builder/Default3a.aspx?rpttype=afr&rpt=AFR_PrintFull_public&rptName=Annual%20Financial%20Report%20-%20Full%20Report&rpt_unit_in=290&referrer=byunit,https://gateway.ifionline.org/report_builder/Default3a.aspx?rpttype=afr&rpt=cash_inv_combined&rptName=Cash%20and%20Investments&rpt_unit_in=290&referrer=byunit,https://gateway.ifionline.org/report_builder/Default3a.aspx?rpttype=employComp&rpt=EmployComp&rptName=Employee%20Compensation&rpt_unit_in=290&referrer=byunit,
Clay,Cass Township,11-009.00,Rebekah A Foltz,Township Trustee,3500.0,342,337,2025,354644.4,164562.29,118210.15,94807.25,1200.0,9692.13,400996.54,https://gateway.ifionline.org/report_builder/Default3a.aspx?rpttype=afr&rpt=AFR_PrintFull_public&rptName=Annual%20Financial%20Report%20-%20Full%20Report&rpt_unit_in=291&referrer=byunit,https://gateway.ifionline.org/report_builder/Default3a.aspx?rpttype=afr&rpt=cash_inv_combined&rptName=Cash%20and%20Investments&rpt_unit_in=291&referrer=byunit,https://gateway.ifionline.org/report_builder/Default3a.aspx?rpttype=employComp&rpt=EmployComp&rptName=Employee%20Compensation&rpt_unit_in=291&referrer=byunit,
Clay,Dick Johnson Township,11-010.00,Terry L Castor,Twp Trustee,4800.0,1332,1321,2025,164425.87,116186.85,92168.22,51480.18,3011.44,31063.0,188444.5,https://gateway.ifionline.org/report_builder/Default3a.aspx?rpttype=afr&rpt=AFR_PrintFull_public&rptName=Annual%20Financial%20Report%20-%20Full%20Report&rpt_unit_in=292&referrer=byunit,https://gateway.ifionline.org/report_builder/Default3a.aspx?rpttype=afr&rpt=cash_inv_combined&rptName=Cash%20and%20Investments&rpt_unit_in=292&referrer=byunit,https://gateway.ifionline.org/report_builder/Default3a.aspx?rpttype=employComp&rpt=EmployComp&rptName=Employee%20Compensation&rpt_unit_in=292&referrer=byunit,
Clay,Harrison Township,11-011.00,Matthew C Weber,Trustee,8700.0,2168,2153,2025,441105.77,209334.92,171583.19,71161.93,1148.55,93906.0,478857.5,https://gateway.ifionline.org/report_builder/Default3a.aspx?rpttype=afr&rpt=AFR_PrintFull_public&rptName=Annual%20Financial%20Report%20-%20Full%20Report&rpt_unit_in=293&referrer=byunit,https://gateway.ifionline.org/report_builder/Default3a.aspx?rpttype=afr&rpt=cash_inv_combined&rptName=Cash%20and%20Investments&rpt_unit_in=293&referrer=byunit,https://gateway.ifionline.org/report_builder/Default3a.aspx?rpttype=employComp&rpt=EmployComp&rptName=Employee%20Compensation&rpt_unit_in=293&referrer=byunit,
Clay,Jackson Township,11-012.00,Nicholas McCollum,Trustee,11200.0,2836,2812,2025,169372.95,76671.72,85377.26,68636.01,150.0,10000.0,160667.41,https://gateway.ifionline.org/report_builder/Default3a.aspx?rpttype=afr&rpt=AFR_PrintFull_public&rptName=Annual%20Financial%20Report%20-%20Full%20Report&rpt_unit_in=294&referrer=byunit,https://gateway.ifionline.org/report_builder/Default3a.aspx?rpttype=afr&rpt=cash_inv_combined&rptName=Cash%20and%20Investments&rpt_unit_in=294&referrer=byunit,https://gateway.ifionline.org/report_builder/Default3a.aspx?rpttype=employComp&rpt=EmployComp&rptName=Employee%20Compensation&rpt_unit_in=294&referrer=byunit,
Clay,Lewis Township,11-013.00,Sandra Tschudny,Trustee,4550.0,1352,1333,2025,163282.72,16179.69,24060.78,12672.81,2939.04,7900.0,155401.63,https://gateway.ifionline.org/report_builder/Default3a.aspx?rpttype=afr&rpt=AFR_PrintFull_public&rptName=Annual%20Financial%20Report%20-%20Full%20Report&rpt_unit_in=295&referrer=byunit,https://gateway.ifionline.org/report_builder/Default3a.aspx?rpttype=afr&rpt=cash_inv_combined&rptName=Cash%20and%20Investments&rpt_unit_in=295&referrer=byunit,https://gateway.ifionline.org/report_builder/Default3a.aspx?rpttype=employComp&rpt=EmployComp&rptName=Employee%20Compensation&rpt_unit_in=295&referrer=byunit,
Clay,Perry Township,11-014.00,Janice L Myers,Trustee,7200.0,916,906,2025,61897.59,63696.48,44018.41,39517.18,3374.38,0,81575.66,https://gateway.ifionline.org/report_builder/Default3a.aspx?rpttype=afr&rpt=AFR_PrintFull_public&rptName=Annual%20Financial%20Report%20-%20Full%20Report&rpt_unit_in=296&referrer=byunit,https://gateway.ifionline.org/report_builder/Default3a.aspx?rpttype=afr&rpt=cash_inv_combined&rptName=Cash%20and%20Investments&rpt_unit_in=296&referrer=byunit,https://gateway.ifionline.org/report_builder/Default3a.aspx?rpttype=employComp&rpt=EmployComp&rptName=Employee%20Compensation&rpt_unit_in=296&referrer=byunit,
Clay,Posey Township,11-015.00,James Smith,Trustee PoseyTwp,11000.0,4058,4005,2025,543408.88,87365.83,49156.54,42300.04,1594.88,0,581618.17,https://gateway.ifionline.org/report_builder/Default3a.aspx?rpttype=afr&rpt=AFR_PrintFull_public&rptName=Annual%20Financial%20Report%20-%20Full%20Report&rpt_unit_in=297&referrer=byunit,https://gateway.ifionline.org/report_builder/Default3a.aspx?rpttype=afr&rpt=cash_inv_combined&rptName=Cash%20and%20Investments&rpt_unit_in=297&referrer=byunit,https://gateway.ifionline.org/report_builder/Default3a.aspx?rpttype=employComp&rpt=EmployComp&rptName=Employee%20Compensation&rpt_unit_in=297&referrer=byunit,
Clay,Sugar Ridge Township,11-016.00,Amy Grifith,Trustee,3990.0,920,912,2025,150940.32,56038.91,48329.41,14233.42,356.36,19000.0,158649.82,https://gateway.ifionline.org/report_builder/Default3a.aspx?rpttype=afr&rpt=AFR_PrintFull_public&rptName=Annual%20Financial%20Report%20-%20Full%20Report&rpt_unit_in=298&referrer=byunit,https://gateway.ifionline.org/report_builder/Default3a.aspx?rpttype=afr&rpt=cash_inv_combined&rptName=Cash%20and%20Investments&rpt_unit_in=298&referrer=byunit,https://gateway.ifionline.org/report_builder/Default3a.aspx?rpttype=employComp&rpt=EmployComp&rptName=Employee%20Compensation&rpt_unit_in=298&referrer=byunit,
Clay,Van Buren Township,11-017.00,,,,3199,3147,2025,346203.07,86205.58,84675.71,31945.84,11079.87,13000.0,347732.94,https://gateway.ifionline.org/report_builder/Default3a.aspx?rpttype=afr&rpt=AFR_PrintFull_public&rptName=Annual%20Financial%20Report%20-%20Full%20Report&rpt_unit_in=299&referrer=byunit,https://gateway.ifionline.org/report_builder/Default3a.aspx?rpttype=afr&rpt=cash_inv_combined&rptName=Cash%20and%20Investments&rpt_unit_in=299&referrer=byunit,https://gateway.ifionline.org/report_builder/Default3a.aspx?rpttype=employComp&rpt=EmployComp&rptName=Employee%20Compensation&rpt_unit_in=299&referrer=byunit,No trustee listed on 2025 100R
Clay,Washington Township,11-018.00,DeAnna L Steiner,Trustee,4000.0,756,752,2025,61697.85,29120.35,21563.08,19907.74,0,0,69255.12,https://gateway.ifionline.org/report_builder/Default3a.aspx?rpttype=afr&rpt=AFR_PrintFull_public&rptName=Annual%20Financial%20Report%20-%20Full%20Report&rpt_unit_in=300&referrer=byunit,https://gateway.ifionline.org/report_builder/Default3a.aspx?rpttype=afr&rpt=cash_inv_combined&rptName=Cash%20and%20Investments&rpt_unit_in=300&referrer=byunit,https://gateway.ifionline.org/report_builder/Default3a.aspx?rpttype=employComp&rpt=EmployComp&rptName=Employee%20Compensation&rpt_unit_in=300&referrer=byunit,
Clinton,Center Township,12-007.00,Jami Pratt,TRUSTEE,59319.19,17618,17577,2025,664513.44,840920.92,730930.09,523680.77,177314.63,0,774504.27,https://gateway.ifionline.org/report_builder/Default3a.aspx?rpttype=afr&rpt=AFR_PrintFull_public&rptName=Annual%20Financial%20Report%20-%20Full%20Report&rpt_unit_in=316&referrer=byunit,https://gateway.ifionline.org/report_builder/Default3a.aspx?rpttype=afr&rpt=cash_inv_combined&rptName=Cash%20and%20Investments&rpt_unit_in=316&referrer=byunit,https://gateway.ifionline.org/report_builder/Default3a.aspx?rpttype=employComp&rpt=EmployComp&rptName=Employee%20Compensation&rpt_unit_in=316&referrer=byunit,
Clinton,Forest Township,12-008.00,Brenda L Robertson,Trustee,9900.0,749,756,2025,263222.41,69119.89,102990.47,96303.57,4896.78,0,229351.83,https://gateway.ifionline.org/report_builder/Default3a.aspx?rpttype=afr&rpt=AFR_PrintFull_public&rptName=Annual%20Financial%20Report%20-%20Full%20Report&rpt_unit_in=317&referrer=byunit,https://gateway.ifionline.org/report_builder/Default3a.aspx?rpttype=afr&rpt=cash_inv_combined&rptName=Cash%20and%20Investments&rpt_unit_in=317&referrer=byunit,https://gateway.ifionline.org/report_builder/Default3a.aspx?rpttype=employComp&rpt=EmployComp&rptName=Employee%20Compensation&rpt_unit_in=317&referrer=byunit,
Clinton,Jackson Township,12-009.00,Anita F Stewart,Trustee,12000.0,1167,1180,2025,334512.15,99180.25,119674.5,88045.38,0,16000.0,314017.9,https://gateway.ifionline.org/report_builder/Default3a.aspx?rpttype=afr&rpt=AFR_PrintFull_public&rptName=Annual%20Financial%20Report%20-%20Full%20Report&rpt_unit_in=318&referrer=byunit,https://gateway.ifionline.org/report_builder/Default3a.aspx?rpttype=afr&rpt=cash_inv_combined&rptName=Cash%20and%20Investments&rpt_unit_in=318&referrer=byunit,https://gateway.ifionline.org/report_builder/Default3a.aspx?rpttype=employComp&rpt=EmployComp&rptName=Employee%20Compensation&rpt_unit_in=318&referrer=byunit,
Clinton,Johnson Township,12-010.00,Thomas Marshall,Trustee,8000.04,454,458,2025,327871.09,155740.88,96053.94,38325.02,3536.3,54192.62,387558.03,https://gateway.ifionline.org/report_builder/Default3a.aspx?rpttype=afr&rpt=AFR_PrintFull_public&rptName=Annual%20Financial%20Report%20-%20Full%20Report&rpt_unit_in=319&referrer=byunit,https://gateway.ifionline.org/report_builder/Default3a.aspx?rpttype=afr&rpt=cash_inv_combined&rptName=Cash%20and%20Investments&rpt_unit_in=319&referrer=byunit,https://gateway.ifionline.org/report_builder/Default3a.aspx?rpttype=employComp&rpt=EmployComp&rptName=Employee%20Compensation&rpt_unit_in=319&referrer=byunit,
Clinton,Kirklin Township,12-011.00,Darrin Lafferty,Township Trustee,13000.0,1231,1246,2025,862274.46,111561.78,619040.35,94766.1,9327.25,509700.0,354795.89,https://gateway.ifionline.org/report_builder/Default3a.aspx?rpttype=afr&rpt=AFR_PrintFull_public&rptName=Annual%20Financial%20Report%20-%20Full%20Report&rpt_unit_in=320&referrer=byunit,https://gateway.ifionline.org/report_builder/Default3a.aspx?rpttype=afr&rpt=cash_inv_combined&rptName=Cash%20and%20Investments&rpt_unit_in=320&referrer=byunit,https://gateway.ifionline.org/report_builder/Default3a.aspx?rpttype=employComp&rpt=EmployComp&rptName=Employee%20Compensation&rpt_unit_in=320&referrer=byunit,
Clinton,Madison Township,12-012.00,Andrea Huber,TRUSTEE,12915.0,2128,2132,2025,410322.12,161356.3,226889.43,219405.48,4149.73,3334.22,344788.99,https://gateway.ifionline.org/report_builder/Default3a.aspx?rpttype=afr&rpt=AFR_PrintFull_public&rptName=Annual%20Financial%20Report%20-%20Full%20Report&rpt_unit_in=321&referrer=byunit,https://gateway.ifionline.org/report_builder/Default3a.aspx?rpttype=afr&rpt=cash_inv_combined&rptName=Cash%20and%20Investments&rpt_unit_in=321&referrer=byunit,https://gateway.ifionline.org/report_builder/Default3a.aspx?rpttype=employComp&rpt=EmployComp&rptName=Employee%20Compensation&rpt_unit_in=321&referrer=byunit,
Clinton,Michigan Township,12-013.00,Nick Bales,trustee,11700.0,1560,1567,2025,404502.46,303631.4,303055.58,288396.59,9513.61,0,405078.28,https://gateway.ifionline.org/report_builder/Default3a.aspx?rpttype=afr&rpt=AFR_PrintFull_public&rptName=Annual%20Financial%20Report%20-%20Full%20Report&rpt_unit_in=322&referrer=byunit,https://gateway.ifionline.org/report_builder/Default3a.aspx?rpttype=afr&rpt=cash_inv_combined&rptName=Cash%20and%20Investments&rpt_unit_in=322&referrer=byunit,https://gateway.ifionline.org/report_builder/Default3a.aspx?rpttype=employComp&rpt=EmployComp&rptName=Employee%20Compensation&rpt_unit_in=322&referrer=byunit,
Clinton,Owen Township,12-014.00,Cory Klinedinst,trustee,7500.0,895,917,2025,478128.11,113687.97,110599.09,75144.84,1001.25,30000.0,481216.99,https://gateway.ifionline.org/report_builder/Default3a.aspx?rpttype=afr&rpt=AFR_PrintFull_public&rptName=Annual%20Financial%20Report%20-%20Full%20Report&rpt_unit_in=323&referrer=byunit,https://gateway.ifionline.org/report_builder/Default3a.aspx?rpttype=afr&rpt=cash_inv_combined&rptName=Cash%20and%20Investments&rpt_unit_in=323&referrer=byunit,https://gateway.ifionline.org/report_builder/Default3a.aspx?rpttype=employComp&rpt=EmployComp&rptName=Employee%20Compensation&rpt_unit_in=323&referrer=byunit,
Clinton,Perry Township,12-015.00,Scott Kimmel,trustee,11709.98,1486,1504,2025,323201.78,134689.58,131910.02,130742.29,1167.73,0,325981.34,https://gateway.ifionline.org/report_builder/Default3a.aspx?rpttype=afr&rpt=AFR_PrintFull_public&rptName=Annual%20Financial%20Report%20-%20Full%20Report&rpt_unit_in=324&referrer=byunit,https://gateway.ifionline.org/report_builder/Default3a.aspx?rpttype=afr&rpt=cash_inv_combined&rptName=Cash%20and%20Investments&rpt_unit_in=324&referrer=byunit,https://gateway.ifionline.org/report_builder/Default3a.aspx?rpttype=employComp&rpt=EmployComp&rptName=Employee%20Compensation&rpt_unit_in=324&referrer=byunit,
Clinton,Ross Township,12-016.00,James Harris,Trustee,12500.0,2815,2854,2025,350951.48,79587.3,108349.96,82136.5,23213.46,0,322188.82,https://gateway.ifionline.org/report_builder/Default3a.aspx?rpttype=afr&rpt=AFR_PrintFull_public&rptName=Annual%20Financial%20Report%20-%20Full%20Report&rpt_unit_in=325&referrer=byunit,https://gateway.ifionline.org/report_builder/Default3a.aspx?rpttype=afr&rpt=cash_inv_combined&rptName=Cash%20and%20Investments&rpt_unit_in=325&referrer=byunit,https://gateway.ifionline.org/report_builder/Default3a.aspx?rpttype=employComp&rpt=EmployComp&rptName=Employee%20Compensation&rpt_unit_in=325&referrer=byunit,
Clinton,Sugar Creek Township,12-017.00,Jeremy Payne,Trustee,7875.0,454,461,2025,174472.44,37772.78,32231.68,20745.51,4132.33,0,180013.54,https://gateway.ifionline.org/report_builder/Default3a.aspx?rpttype=afr&rpt=AFR_PrintFull_public&rptName=Annual%20Financial%20Report%20-%20Full%20Report&rpt_unit_in=326&referrer=byunit,https://gateway.ifionline.org/report_builder/Default3a.aspx?rpttype=afr&rpt=cash_inv_combined&rptName=Cash%20and%20Investments&rpt_unit_in=326&referrer=byunit,https://gateway.ifionline.org/report_builder/Default3a.aspx?rpttype=employComp&rpt=EmployComp&rptName=Employee%20Compensation&rpt_unit_in=326&referrer=byunit,
Clinton,Union Township,12-018.00,Steve Miller,Trustee,9000.0,934,943,2025,273766.25,97750.74,58705.43,54958.74,289.88,0,312811.56,https://gateway.ifionline.org/report_builder/Default3a.aspx?rpttype=afr&rpt=AFR_PrintFull_public&rptName=Annual%20Financial%20Report%20-%20Full%20Report&rpt_unit_in=327&referrer=byunit,https://gateway.ifionline.org/report_builder/Default3a.aspx?rpttype=afr&rpt=cash_inv_combined&rptName=Cash%20and%20Investments&rpt_unit_in=327&referrer=byunit,https://gateway.ifionline.org/report_builder/Default3a.aspx?rpttype=employComp&rpt=EmployComp&rptName=Employee%20Compensation&rpt_unit_in=327&referrer=byunit,
Clinton,Warren Township,12-019.00,Larry Miller,Trustee,6400.0,597,603,2025,177123.25,40362.59,33233.27,28739.17,1361.9,0,184252.57,https://gateway.ifionline.org/report_builder/Default3a.aspx?rpttype=afr&rpt=AFR_PrintFull_public&rptName=Annual%20Financial%20Report%20-%20Full%20Report&rpt_unit_in=328&referrer=byunit,https://gateway.ifionline.org/report_builder/Default3a.aspx?rpttype=afr&rpt=cash_inv_combined&rptName=Cash%20and%20Investments&rpt_unit_in=328&referrer=byunit,https://gateway.ifionline.org/report_builder/Default3a.aspx?rpttype=employComp&rpt=EmployComp&rptName=Employee%20Compensation&rpt_unit_in=328&referrer=byunit,
Clinton,Washington Township,12-020.00,Jeffrey C Sigler,Township Trustee,4800.0,1107,1124,2025,323219.48,149685.59,68689.66,55924.96,1250.0,10000.0,404215.41,https://gateway.ifionline.org/report_builder/Default3a.aspx?rpttype=afr&rpt=AFR_PrintFull_public&rptName=Annual%20Financial%20Report%20-%20Full%20Report&rpt_unit_in=329&referrer=byunit,https://gateway.ifionline.org/report_builder/Default3a.aspx?rpttype=afr&rpt=cash_inv_combined&rptName=Cash%20and%20Investments&rpt_unit_in=329&referrer=byunit,https://gateway.ifionline.org/report_builder/Default3a.aspx?rpttype=employComp&rpt=EmployComp&rptName=Employee%20Compensation&rpt_unit_in=329&referrer=byunit,
Crawford,Boone Township,13-009.00,Mae B Parr,Trustee,2200.0,137,136,2025,90914.69,6223.5,6320.28,4938.93,1381.35,0,90817.91,https://gateway.ifionline.org/report_builder/Default3a.aspx?rpttype=afr&rpt=AFR_PrintFull_public&rptName=Annual%20Financial%20Report%20-%20Full%20Report&rpt_unit_in=348&referrer=byunit,https://gateway.ifionline.org/report_builder/Default3a.aspx?rpttype=afr&rpt=cash_inv_combined&rptName=Cash%20and%20Investments&rpt_unit_in=348&referrer=byunit,https://gateway.ifionline.org/report_builder/Default3a.aspx?rpttype=employComp&rpt=EmployComp&rptName=Employee%20Compensation&rpt_unit_in=348&referrer=byunit,
Crawford,Jennings Township,13-010.00,Debby Broughton,TRUSTEE,7200.0,1465,1461,2025,105213.01,31057.51,26053.9,24064.9,0,0,110216.62,https://gateway.ifionline.org/report_builder/Default3a.aspx?rpttype=afr&rpt=AFR_PrintFull_public&rptName=Annual%20Financial%20Report%20-%20Full%20Report&rpt_unit_in=349&referrer=byunit,https://gateway.ifionline.org/report_builder/Default3a.aspx?rpttype=afr&rpt=cash_inv_combined&rptName=Cash%20and%20Investments&rpt_unit_in=349&referrer=byunit,https://gateway.ifionline.org/report_builder/Default3a.aspx?rpttype=employComp&rpt=EmployComp&rptName=Employee%20Compensation&rpt_unit_in=349&referrer=byunit,
Crawford,Johnson Township,13-011.00,Enos E Schwartz,TRUSTEE,1600.0,428,426,2025,7496.51,5472.18,3776.63,3776.63,0,0,9192.06,https://gateway.ifionline.org/report_builder/Default3a.aspx?rpttype=afr&rpt=AFR_PrintFull_public&rptName=Annual%20Financial%20Report%20-%20Full%20Report&rpt_unit_in=350&referrer=byunit,https://gateway.ifionline.org/report_builder/Default3a.aspx?rpttype=afr&rpt=cash_inv_combined&rptName=Cash%20and%20Investments&rpt_unit_in=350&referrer=byunit,https://gateway.ifionline.org/report_builder/Default3a.aspx?rpttype=employComp&rpt=EmployComp&rptName=Employee%20Compensation&rpt_unit_in=350&referrer=byunit,
Crawford,Liberty Township,13-012.00,Ralph Sherron,TRUSTEE,7200.0,1961,1946,2025,88440.2,28314.45,24237.65,21608.77,2628.88,0,92517.0,https://gateway.ifionline.org/report_builder/Default3a.aspx?rpttype=afr&rpt=AFR_PrintFull_public&rptName=Annual%20Financial%20Report%20-%20Full%20Report&rpt_unit_in=351&referrer=byunit,https://gateway.ifionline.org/report_builder/Default3a.aspx?rpttype=afr&rpt=cash_inv_combined&rptName=Cash%20and%20Investments&rpt_unit_in=351&referrer=byunit,https://gateway.ifionline.org/report_builder/Default3a.aspx?rpttype=employComp&rpt=EmployComp&rptName=Employee%20Compensation&rpt_unit_in=351&referrer=byunit,
Crawford,Ohio Township,13-013.00,Kyle O Wiseman,TRUSTEE,2500.0,658,668,2025,13404.86,10552.37,9013.17,8375.02,100.0,0,14944.06,https://gateway.ifionline.org/report_builder/Default3a.aspx?rpttype=afr&rpt=AFR_PrintFull_public&rptName=Annual%20Financial%20Report%20-%20Full%20Report&rpt_unit_in=352&referrer=byunit,https://gateway.ifionline.org/report_builder/Default3a.aspx?rpttype=afr&rpt=cash_inv_combined&rptName=Cash%20and%20Investments&rpt_unit_in=352&referrer=byunit,https://gateway.ifionline.org/report_builder/Default3a.aspx?rpttype=employComp&rpt=EmployComp&rptName=Employee%20Compensation&rpt_unit_in=352&referrer=byunit,
Crawford,Patoka Township,13-014.00,Mary K Mclain,TRUSTEE,7200.0,1601,1599,2025,99004.89,32092.85,25756.99,23459.14,1075.0,0,105340.75,https://gateway.ifionline.org/report_builder/Default3a.aspx?rpttype=afr&rpt=AFR_PrintFull_public&rptName=Annual%20Financial%20Report%20-%20Full%20Report&rpt_unit_in=353&referrer=byunit,https://gateway.ifionline.org/report_builder/Default3a.aspx?rpttype=afr&rpt=cash_inv_combined&rptName=Cash%20and%20Investments&rpt_unit_in=353&referrer=byunit,https://gateway.ifionline.org/report_builder/Default3a.aspx?rpttype=employComp&rpt=EmployComp&rptName=Employee%20Compensation&rpt_unit_in=353&referrer=byunit,
Crawford,Sterling Township,13-015.00,Russell C Newkirk,TRUSTEE,6750.0,1607,1593,2025,89533.23,32558.19,25439.4,22750.13,1790.41,0,96652.02,https://gateway.ifionline.org/report_builder/Default3a.aspx?rpttype=afr&rpt=AFR_PrintFull_public&rptName=Annual%20Financial%20Report%20-%20Full%20Report&rpt_unit_in=354&referrer=byunit,https://gateway.ifionline.org/report_builder/Default3a.aspx?rpttype=afr&rpt=cash_inv_combined&rptName=Cash%20and%20Investments&rpt_unit_in=354&referrer=byunit,https://gateway.ifionline.org/report_builder/Default3a.aspx?rpttype=employComp&rpt=EmployComp&rptName=Employee%20Compensation&rpt_unit_in=354&referrer=byunit,
Crawford,Union Township,13-016.00,John Procter,TRUSTEE,3780.0,721,717,2025,25682.09,14472.47,14214.48,13508.75,100.0,0,25940.08,https://gateway.ifionline.org/report_builder/Default3a.aspx?rpttype=afr&rpt=AFR_PrintFull_public&rptName=Annual%20Financial%20Report%20-%20Full%20Report&rpt_unit_in=355&referrer=byunit,https://gateway.ifionline.org/report_builder/Default3a.aspx?rpttype=afr&rpt=cash_inv_combined&rptName=Cash%20and%20Investments&rpt_unit_in=355&referrer=byunit,https://gateway.ifionline.org/report_builder/Default3a.aspx?rpttype=employComp&rpt=EmployComp&rptName=Employee%20Compensation&rpt_unit_in=355&referrer=byunit,
Crawford,Whiskey Run Township,13-017.00,Terry L Stroud,TRUSTEE,6900.0,1954,1963,2025,52620.88,27116.95,20811.15,16279.98,1211.59,0,58926.68,https://gateway.ifionline.org/report_builder/Default3a.aspx?rpttype=afr&rpt=AFR_PrintFull_public&rptName=Annual%20Financial%20Report%20-%20Full%20Report&rpt_unit_in=356&referrer=byunit,https://gateway.ifionline.org/report_builder/Default3a.aspx?rpttype=afr&rpt=cash_inv_combined&rptName=Cash%20and%20Investments&rpt_unit_in=356&referrer=byunit,https://gateway.ifionline.org/report_builder/Default3a.aspx?rpttype=employComp&rpt=EmployComp&rptName=Employee%20Compensation&rpt_unit_in=356&referrer=byunit,
Daviess,Barr Township,14-016.00,Lisa Duncheon,TRUSTEE,14499.96,5444,5404,2025,168987.85,139265.13,66712.85,58754.01,3754.31,0,241540.13,https://gateway.ifionline.org/report_builder/Default3a.aspx?rpttype=afr&rpt=AFR_PrintFull_public&rptName=Annual%20Financial%20Report%20-%20Full%20Report&rpt_unit_in=371&referrer=byunit,https://gateway.ifionline.org/report_builder/Default3a.aspx?rpttype=afr&rpt=cash_inv_combined&rptName=Cash%20and%20Investments&rpt_unit_in=371&referrer=byunit,https://gateway.ifionline.org/report_builder/Default3a.aspx?rpttype=employComp&rpt=EmployComp&rptName=Employee%20Compensation&rpt_unit_in=371&referrer=byunit,
Daviess,Bogard Township,14-017.00,Amy Holstine,Bogard Township Trustee,10470.0,1593,1588,2025,172687.63,64532.74,35431.53,27931.53,0,0,201788.84,https://gateway.ifionline.org/report_builder/Default3a.aspx?rpttype=afr&rpt=AFR_PrintFull_public&rptName=Annual%20Financial%20Report%20-%20Full%20Report&rpt_unit_in=372&referrer=byunit,https://gateway.ifionline.org/report_builder/Default3a.aspx?rpttype=afr&rpt=cash_inv_combined&rptName=Cash%20and%20Investments&rpt_unit_in=372&referrer=byunit,https://gateway.ifionline.org/report_builder/Default3a.aspx?rpttype=employComp&rpt=EmployComp&rptName=Employee%20Compensation&rpt_unit_in=372&referrer=byunit,
Daviess,Elmore Township,14-018.00,Joshua M Dove,trustee,9404.0,1095,1086,2025,225593.61,70148.82,40433.29,39712.36,720.93,0,255309.14,https://gateway.ifionline.org/report_builder/Default3a.aspx?rpttype=afr&rpt=AFR_PrintFull_public&rptName=Annual%20Financial%20Report%20-%20Full%20Report&rpt_unit_in=373&referrer=byunit,https://gateway.ifionline.org/report_builder/Default3a.aspx?rpttype=afr&rpt=cash_inv_combined&rptName=Cash%20and%20Investments&rpt_unit_in=373&referrer=byunit,https://gateway.ifionline.org/report_builder/Default3a.aspx?rpttype=employComp&rpt=EmployComp&rptName=Employee%20Compensation&rpt_unit_in=373&referrer=byunit,
Daviess,Harrison Township,14-019.00,Kim Armes,TRUSTEE,4000.0,711,705,2025,11329.23,10853.45,10177.89,9731.13,0,0,12004.79,https://gateway.ifionline.org/report_builder/Default3a.aspx?rpttype=afr&rpt=AFR_PrintFull_public&rptName=Annual%20Financial%20Report%20-%20Full%20Report&rpt_unit_in=374&referrer=byunit,https://gateway.ifionline.org/report_builder/Default3a.aspx?rpttype=afr&rpt=cash_inv_combined&rptName=Cash%20and%20Investments&rpt_unit_in=374&referrer=byunit,https://gateway.ifionline.org/report_builder/Default3a.aspx?rpttype=employComp&rpt=EmployComp&rptName=Employee%20Compensation&rpt_unit_in=374&referrer=byunit,
Daviess,Madison Township,14-020.00,Michael B Burch,Trustee,20040.0,3030,3018,2025,416930.27,163829.89,101996.83,83365.55,2552.58,1939.0,478763.33,https://gateway.ifionline.org/report_builder/Default3a.aspx?rpttype=afr&rpt=AFR_PrintFull_public&rptName=Annual%20Financial%20Report%20-%20Full%20Report&rpt_unit_in=375&referrer=byunit,https://gateway.ifionline.org/report_builder/Default3a.aspx?rpttype=afr&rpt=cash_inv_combined&rptName=Cash%20and%20Investments&rpt_unit_in=375&referrer=byunit,https://gateway.ifionline.org/report_builder/Default3a.aspx?rpttype=employComp&rpt=EmployComp&rptName=Employee%20Compensation&rpt_unit_in=375&referrer=byunit,
Daviess,Reeve Township,14-021.00,Jon Hawthorne,TRUSTEE,9000.0,615,620,2025,140443.71,40647.15,35624.14,28945.43,2795.71,0,145466.72,https://gateway.ifionline.org/report_builder/Default3a.aspx?rpttype=afr&rpt=AFR_PrintFull_public&rptName=Annual%20Financial%20Report%20-%20Full%20Report&rpt_unit_in=376&referrer=byunit,https://gateway.ifionline.org/report_builder/Default3a.aspx?rpttype=afr&rpt=cash_inv_combined&rptName=Cash%20and%20Investments&rpt_unit_in=376&referrer=byunit,https://gateway.ifionline.org/report_builder/Default3a.aspx?rpttype=employComp&rpt=EmployComp&rptName=Employee%20Compensation&rpt_unit_in=376&referrer=byunit,
Daviess,Steele Township,14-022.00,Sheila Heshelman,Trustee,7848.0,922,915,2025,329306.43,89705.62,54036.43,37047.06,9424.21,5991.0,364975.62,https://gateway.ifionline.org/report_builder/Default3a.aspx?rpttype=afr&rpt=AFR_PrintFull_public&rptName=Annual%20Financial%20Report%20-%20Full%20Report&rpt_unit_in=377&referrer=byunit,https://gateway.ifionline.org/report_builder/Default3a.aspx?rpttype=afr&rpt=cash_inv_combined&rptName=Cash%20and%20Investments&rpt_unit_in=377&referrer=byunit,https://gateway.ifionline.org/report_builder/Default3a.aspx?rpttype=employComp&rpt=EmployComp&rptName=Employee%20Compensation&rpt_unit_in=377&referrer=byunit,
Daviess,Van Buren Township,14-023.00,Amanda Stoll,Trustee,12000.0,2808,2785,2025,227917.96,66871.06,48895.82,46677.71,0,0,245893.2,https://gateway.ifionline.org/report_builder/Default3a.aspx?rpttype=afr&rpt=AFR_PrintFull_public&rptName=Annual%20Financial%20Report%20-%20Full%20Report&rpt_unit_in=378&referrer=byunit,https://gateway.ifionline.org/report_builder/Default3a.aspx?rpttype=afr&rpt=cash_inv_combined&rptName=Cash%20and%20Investments&rpt_unit_in=378&referrer=byunit,https://gateway.ifionline.org/report_builder/Default3a.aspx?rpttype=employComp&rpt=EmployComp&rptName=Employee%20Compensation&rpt_unit_in=378&referrer=byunit,
Daviess,Veale Township,14-024.00,William R Killion,Trustee,17357.0,1146,1140,2025,150519.36,48375.42,42094.79,25556.5,3296.97,0,156799.99,https://gateway.ifionline.org/report_builder/Default3a.aspx?rpttype=afr&rpt=AFR_PrintFull_public&rptName=Annual%20Financial%20Report%20-%20Full%20Report&rpt_unit_in=379&referrer=byunit,https://gateway.ifionline.org/report_builder/Default3a.aspx?rpttype=afr&rpt=cash_inv_combined&rptName=Cash%20and%20Investments&rpt_unit_in=379&referrer=byunit,https://gateway.ifionline.org/report_builder/Default3a.aspx?rpttype=employComp&rpt=EmployComp&rptName=Employee%20Compensation&rpt_unit_in=379&referrer=byunit,
Daviess,Washington Township,14-025.00,Michelle Guy,Trustee,46295.0,16016,16948,2025,1096458.01,759340.5,639663.25,457165.73,86540.92,64625.94,1216135.26,https://gateway.ifionline.org/report_builder/Default3a.aspx?rpttype=afr&rpt=AFR_PrintFull_public&rptName=Annual%20Financial%20Report%20-%20Full%20Report&rpt_unit_in=380&referrer=byunit,https://gateway.ifionline.org/report_builder/Default3a.aspx?rpttype=afr&rpt=cash_inv_combined&rptName=Cash%20and%20Investments&rpt_unit_in=380&referrer=byunit,https://gateway.ifionline.org/report_builder/Default3a.aspx?rpttype=employComp&rpt=EmployComp&rptName=Employee%20Compensation&rpt_unit_in=380&referrer=byunit,
DeKalb,Butler Township,17-008.00,Jerry D Staller,Trustee/9 mos,6750.0,1715,1759,2025,294103.15,96102.51,61321.36,51082.63,4473.78,0,328884.3,https://gateway.ifionline.org/report_builder/Default3a.aspx?rpttype=afr&rpt=AFR_PrintFull_public&rptName=Annual%20Financial%20Report%20-%20Full%20Report&rpt_unit_in=453&referrer=byunit,https://gateway.ifionline.org/report_builder/Default3a.aspx?rpttype=afr&rpt=cash_inv_combined&rptName=Cash%20and%20Investments&rpt_unit_in=453&referrer=byunit,https://gateway.ifionline.org/report_builder/Default3a.aspx?rpttype=employComp&rpt=EmployComp&rptName=Employee%20Compensation&rpt_unit_in=453&referrer=byunit,
DeKalb,Concord Township,17-009.00,Stacey Nickels,Trustee,7200.0,1366,1410,2025,515497.97,170914.09,125363.74,112915.6,9260.53,0,561048.32,https://gateway.ifionline.org/report_builder/Default3a.aspx?rpttype=afr&rpt=AFR_PrintFull_public&rptName=Annual%20Financial%20Report%20-%20Full%20Report&rpt_unit_in=454&referrer=byunit,https://gateway.ifionline.org/report_builder/Default3a.aspx?rpttype=afr&rpt=cash_inv_combined&rptName=Cash%20and%20Investments&rpt_unit_in=454&referrer=byunit,https://gateway.ifionline.org/report_builder/Default3a.aspx?rpttype=employComp&rpt=EmployComp&rptName=Employee%20Compensation&rpt_unit_in=454&referrer=byunit,
DeKalb,Fairfield Township,17-010.00,Darin W Yarian,Trustee,10000.0,1355,1401,2025,567560.07,153511.49,113367.11,96238.95,13344.57,2500.0,607704.45,https://gateway.ifionline.org/report_builder/Default3a.aspx?rpttype=afr&rpt=AFR_PrintFull_public&rptName=Annual%20Financial%20Report%20-%20Full%20Report&rpt_unit_in=455&referrer=byunit,https://gateway.ifionline.org/report_builder/Default3a.aspx?rpttype=afr&rpt=cash_inv_combined&rptName=Cash%20and%20Investments&rpt_unit_in=455&referrer=byunit,https://gateway.ifionline.org/report_builder/Default3a.aspx?rpttype=employComp&rpt=EmployComp&rptName=Employee%20Compensation&rpt_unit_in=455&referrer=byunit,
DeKalb,Franklin Township,17-011.00,Sandra Harrison,TRUSTEE,9700.0,1147,1179,2025,342005.11,124328.12,93348.12,63552.18,0,0,372985.11,https://gateway.ifionline.org/report_builder/Default3a.aspx?rpttype=afr&rpt=AFR_PrintFull_public&rptName=Annual%20Financial%20Report%20-%20Full%20Report&rpt_unit_in=456&referrer=byunit,https://gateway.ifionline.org/report_builder/Default3a.aspx?rpttype=afr&rpt=cash_inv_combined&rptName=Cash%20and%20Investments&rpt_unit_in=456&referrer=byunit,https://gateway.ifionline.org/report_builder/Default3a.aspx?rpttype=employComp&rpt=EmployComp&rptName=Employee%20Compensation&rpt_unit_in=456&referrer=byunit,
DeKalb,Grant Township,17-012.00,Mary Dangler,TRUSTEE,12000.0,3078,3156,2025,499412.28,322125.81,286546.78,268349.36,14003.36,0,534991.31,https://gateway.ifionline.org/report_builder/Default3a.aspx?rpttype=afr&rpt=AFR_PrintFull_public&rptName=Annual%20Financial%20Report%20-%20Full%20Report&rpt_unit_in=457&referrer=byunit,https://gateway.ifionline.org/report_builder/Default3a.aspx?rpttype=afr&rpt=cash_inv_combined&rptName=Cash%20and%20Investments&rpt_unit_in=457&referrer=byunit,https://gateway.ifionline.org/report_builder/Default3a.aspx?rpttype=employComp&rpt=EmployComp&rptName=Employee%20Compensation&rpt_unit_in=457&referrer=byunit,
DeKalb,Jackson Township,17-013.00,Audra J Wilcoxson,Trustee,9000.0,3704,3812,2025,1065633.68,238810.22,132299.26,122755.06,1500.0,6000.0,1172144.64,https://gateway.ifionline.org/report_builder/Default3a.aspx?rpttype=afr&rpt=AFR_PrintFull_public&rptName=Annual%20Financial%20Report%20-%20Full%20Report&rpt_unit_in=458&referrer=byunit,https://gateway.ifionline.org/report_builder/Default3a.aspx?rpttype=afr&rpt=cash_inv_combined&rptName=Cash%20and%20Investments&rpt_unit_in=458&referrer=byunit,https://gateway.ifionline.org/report_builder/Default3a.aspx?rpttype=employComp&rpt=EmployComp&rptName=Employee%20Compensation&rpt_unit_in=458&referrer=byunit,
DeKalb,Keyser Township,17-014.00,Michael J Lilly,Trustee,7999.92,7859,8040,2025,42972.23,44259.21,36416.76,29438.76,4743.75,0,50814.68,https://gateway.ifionline.org/report_builder/Default3a.aspx?rpttype=afr&rpt=AFR_PrintFull_public&rptName=Annual%20Financial%20Report%20-%20Full%20Report&rpt_unit_in=459&referrer=byunit,https://gateway.ifionline.org/report_builder/Default3a.aspx?rpttype=afr&rpt=cash_inv_combined&rptName=Cash%20and%20Investments&rpt_unit_in=459&referrer=byunit,https://gateway.ifionline.org/report_builder/Default3a.aspx?rpttype=employComp&rpt=EmployComp&rptName=Employee%20Compensation&rpt_unit_in=459&referrer=byunit,
DeKalb,Newville Township,17-015.00,Donald Gengnagel,Trustee,4680.52,573,583,2025,129323.69,39184.58,27241.66,26941.66,50.0,0,141266.61,https://gateway.ifionline.org/report_builder/Default3a.aspx?rpttype=afr&rpt=AFR_PrintFull_public&rptName=Annual%20Financial%20Report%20-%20Full%20Report&rpt_unit_in=460&referrer=byunit,https://gateway.ifionline.org/report_builder/Default3a.aspx?rpttype=afr&rpt=cash_inv_combined&rptName=Cash%20and%20Investments&rpt_unit_in=460&referrer=byunit,https://gateway.ifionline.org/report_builder/Default3a.aspx?rpttype=employComp&rpt=EmployComp&rptName=Employee%20Compensation&rpt_unit_in=460&referrer=byunit,
DeKalb,Richland Township,17-016.00,Pamela S Sebert,Trustee,6500.0,1254,1289,2025,295190.45,108088.99,79144.9,64123.76,9797.56,0,324134.54,https://gateway.ifionline.org/report_builder/Default3a.aspx?rpttype=afr&rpt=AFR_PrintFull_public&rptName=Annual%20Financial%20Report%20-%20Full%20Report&rpt_unit_in=461&referrer=byunit,https://gateway.ifionline.org/report_builder/Default3a.aspx?rpttype=afr&rpt=cash_inv_combined&rptName=Cash%20and%20Investments&rpt_unit_in=461&referrer=byunit,https://gateway.ifionline.org/report_builder/Default3a.aspx?rpttype=employComp&rpt=EmployComp&rptName=Employee%20Compensation&rpt_unit_in=461&referrer=byunit,
DeKalb,Smithfield Township,17-017.00,Mandy L Thomas,Trustee,11880.0,1711,1750,2025,238215.98,111456.75,95098.45,79907.6,11538.62,1391.14,254574.28,https://gateway.ifionline.org/report_builder/Default3a.aspx?rpttype=afr&rpt=AFR_PrintFull_public&rptName=Annual%20Financial%20Report%20-%20Full%20Report&rpt_unit_in=462&referrer=byunit,https://gateway.ifionline.org/report_builder/Default3a.aspx?rpttype=afr&rpt=cash_inv_combined&rptName=Cash%20and%20Investments&rpt_unit_in=462&referrer=byunit,https://gateway.ifionline.org/report_builder/Default3a.aspx?rpttype=employComp&rpt=EmployComp&rptName=Employee%20Compensation&rpt_unit_in=462&referrer=byunit,
DeKalb,Spencer Township,17-018.00,Cheri Bushee,Trustee,7000.0,1221,1244,2025,913975.03,48752.8,87121.89,85974.39,0,0,875605.94,https://gateway.ifionline.org/report_builder/Default3a.aspx?rpttype=afr&rpt=AFR_PrintFull_public&rptName=Annual%20Financial%20Report%20-%20Full%20Report&rpt_unit_in=463&referrer=byunit,https://gateway.ifionline.org/report_builder/Default3a.aspx?rpttype=afr&rpt=cash_inv_combined&rptName=Cash%20and%20Investments&rpt_unit_in=463&referrer=byunit,https://gateway.ifionline.org/report_builder/Default3a.aspx?rpttype=employComp&rpt=EmployComp&rptName=Employee%20Compensation&rpt_unit_in=463&referrer=byunit,
DeKalb,Stafford Township,17-019.00,Tracy Miller,Trustee,3500.0,277,282,2025,125558.46,35759.43,25496.03,22097.11,0,0,135821.86,https://gateway.ifionline.org/report_builder/Default3a.aspx?rpttype=afr&rpt=AFR_PrintFull_public&rptName=Annual%20Financial%20Report%20-%20Full%20Report&rpt_unit_in=464&referrer=byunit,https://gateway.ifionline.org/report_builder/Default3a.aspx?rpttype=afr&rpt=cash_inv_combined&rptName=Cash%20and%20Investments&rpt_unit_in=464&referrer=byunit,https://gateway.ifionline.org/report_builder/Default3a.aspx?rpttype=employComp&rpt=EmployComp&rptName=Employee%20Compensation&rpt_unit_in=464&referrer=byunit,
DeKalb,Troy Township,17-020.00,Mark Jennings,Trustee,4400.0,315,325,2025,83331.86,32381.93,21066.89,17118.29,0,0,94646.9,https://gateway.ifionline.org/report_builder/Default3a.aspx?rpttype=afr&rpt=AFR_PrintFull_public&rptName=Annual%20Financial%20Report%20-%20Full%20Report&rpt_unit_in=465&referrer=byunit,https://gateway.ifionline.org/report_builder/Default3a.aspx?rpttype=afr&rpt=cash_inv_combined&rptName=Cash%20and%20Investments&rpt_unit_in=465&referrer=byunit,https://gateway.ifionline.org/report_builder/Default3a.aspx?rpttype=employComp&rpt=EmployComp&rptName=Employee%20Compensation&rpt_unit_in=465&referrer=byunit,
DeKalb,Union Township,17-021.00,Craig Bassett,Trustee,25000.0,13692,14231,2025,396028.7,175069.11,145569.0,95551.49,49738.51,0,425528.81,https://gateway.ifionline.org/report_builder/Default3a.aspx?rpttype=afr&rpt=AFR_PrintFull_public&rptName=Annual%20Financial%20Report%20-%20Full%20Report&rpt_unit_in=466&referrer=byunit,https://gateway.ifionline.org/report_builder/Default3a.aspx?rpttype=afr&rpt=cash_inv_combined&rptName=Cash%20and%20Investments&rpt_unit_in=466&referrer=byunit,https://gateway.ifionline.org/report_builder/Default3a.aspx?rpttype=employComp&rpt=EmployComp&rptName=Employee%20Compensation&rpt_unit_in=466&referrer=byunit,
DeKalb,Wilmington Township,17-022.00,Heather L Bledsoe,Trustee/PR Investigator,16500.0,3995,4074,2025,327143.63,160890.77,151436.41,109690.19,1604.02,3834.46,336597.99,https://gateway.ifionline.org/report_builder/Default3a.aspx?rpttype=afr&rpt=AFR_PrintFull_public&rptName=Annual%20Financial%20Report%20-%20Full%20Report&rpt_unit_in=467&referrer=byunit,https://gateway.ifionline.org/report_builder/Default3a.aspx?rpttype=afr&rpt=cash_inv_combined&rptName=Cash%20and%20Investments&rpt_unit_in=467&referrer=byunit,https://gateway.ifionline.org/report_builder/Default3a.aspx?rpttype=employComp&rpt=EmployComp&rptName=Employee%20Compensation&rpt_unit_in=467&referrer=byunit,
Dearborn,Caesar Creek Township,15-008.00,Sherman Hughes,Trustee,3500.0,265,273,2025,58396.85,21408.29,22271.25,19741.5,0,0,57533.89,https://gateway.ifionline.org/report_builder/Default3a.aspx?rpttype=afr&rpt=AFR_PrintFull_public&rptName=Annual%20Financial%20Report%20-%20Full%20Report&rpt_unit_in=399&referrer=byunit,https://gateway.ifionline.org/report_builder/Default3a.aspx?rpttype=afr&rpt=cash_inv_combined&rptName=Cash%20and%20Investments&rpt_unit_in=399&referrer=byunit,https://gateway.ifionline.org/report_builder/Default3a.aspx?rpttype=employComp&rpt=EmployComp&rptName=Employee%20Compensation&rpt_unit_in=399&referrer=byunit,
Dearborn,Center Township,15-009.00,Nancy Turner,Trustee,11000.0,5052,5135,2025,92670.28,79026.12,66570.95,50509.51,8704.4,0,105125.45,https://gateway.ifionline.org/report_builder/Default3a.aspx?rpttype=afr&rpt=AFR_PrintFull_public&rptName=Annual%20Financial%20Report%20-%20Full%20Report&rpt_unit_in=400&referrer=byunit,https://gateway.ifionline.org/report_builder/Default3a.aspx?rpttype=afr&rpt=cash_inv_combined&rptName=Cash%20and%20Investments&rpt_unit_in=400&referrer=byunit,https://gateway.ifionline.org/report_builder/Default3a.aspx?rpttype=employComp&rpt=EmployComp&rptName=Employee%20Compensation&rpt_unit_in=400&referrer=byunit,
Dearborn,Clay Township,15-010.00,Jerry R Caldwell,Trustee,12840.35,2841,2881,2025,270526.75,130815.68,164294.26,86376.64,9053.33,66635.0,237048.17,https://gateway.ifionline.org/report_builder/Default3a.aspx?rpttype=afr&rpt=AFR_PrintFull_public&rptName=Annual%20Financial%20Report%20-%20Full%20Report&rpt_unit_in=401&referrer=byunit,https://gateway.ifionline.org/report_builder/Default3a.aspx?rpttype=afr&rpt=cash_inv_combined&rptName=Cash%20and%20Investments&rpt_unit_in=401&referrer=byunit,https://gateway.ifionline.org/report_builder/Default3a.aspx?rpttype=employComp&rpt=EmployComp&rptName=Employee%20Compensation&rpt_unit_in=401&referrer=byunit,
Dearborn,Harrison Township,15-011.00,Denise Bowling,Trustee,9000.0,3370,3447,2025,296863.13,149505.4,129588.02,128986.08,601.94,0,316780.51,https://gateway.ifionline.org/report_builder/Default3a.aspx?rpttype=afr&rpt=AFR_PrintFull_public&rptName=Annual%20Financial%20Report%20-%20Full%20Report&rpt_unit_in=402&referrer=byunit,https://gateway.ifionline.org/report_builder/Default3a.aspx?rpttype=afr&rpt=cash_inv_combined&rptName=Cash%20and%20Investments&rpt_unit_in=402&referrer=byunit,https://gateway.ifionline.org/report_builder/Default3a.aspx?rpttype=employComp&rpt=EmployComp&rptName=Employee%20Compensation&rpt_unit_in=402&referrer=byunit,
Dearborn,Hogan Township,15-012.00,Michael R Merrill,Trustee,4800.0,1131,1152,2025,306190.15,84422.98,91028.41,43420.28,4163.85,42725.0,299584.72,https://gateway.ifionline.org/report_builder/Default3a.aspx?rpttype=afr&rpt=AFR_PrintFull_public&rptName=Annual%20Financial%20Report%20-%20Full%20Report&rpt_unit_in=403&referrer=byunit,https://gateway.ifionline.org/report_builder/Default3a.aspx?rpttype=afr&rpt=cash_inv_combined&rptName=Cash%20and%20Investments&rpt_unit_in=403&referrer=byunit,https://gateway.ifionline.org/report_builder/Default3a.aspx?rpttype=employComp&rpt=EmployComp&rptName=Employee%20Compensation&rpt_unit_in=403&referrer=byunit,
Dearborn,Jackson Township,15-013.00,James Maune,Trustee,7500.0,1728,1760,2025,41552.75,50115.12,46332.3,40732.81,2183.75,0,45335.57,https://gateway.ifionline.org/report_builder/Default3a.aspx?rpttype=afr&rpt=AFR_PrintFull_public&rptName=Annual%20Financial%20Report%20-%20Full%20Report&rpt_unit_in=404&referrer=byunit,https://gateway.ifionline.org/report_builder/Default3a.aspx?rpttype=afr&rpt=cash_inv_combined&rptName=Cash%20and%20Investments&rpt_unit_in=404&referrer=byunit,https://gateway.ifionline.org/report_builder/Default3a.aspx?rpttype=employComp&rpt=EmployComp&rptName=Employee%20Compensation&rpt_unit_in=404&referrer=byunit,
Dearborn,Kelso Township,15-014.00,Doug Dole,Trustee,4200.0,2469,2521,2025,41171.09,183191.67,31529.63,28390.73,0,0,192833.13,https://gateway.ifionline.org/report_builder/Default3a.aspx?rpttype=afr&rpt=AFR_PrintFull_public&rptName=Annual%20Financial%20Report%20-%20Full%20Report&rpt_unit_in=405&referrer=byunit,https://gateway.ifionline.org/report_builder/Default3a.aspx?rpttype=afr&rpt=cash_inv_combined&rptName=Cash%20and%20Investments&rpt_unit_in=405&referrer=byunit,https://gateway.ifionline.org/report_builder/Default3a.aspx?rpttype=employComp&rpt=EmployComp&rptName=Employee%20Compensation&rpt_unit_in=405&referrer=byunit,
Dearborn,Lawrenceburg Township,15-015.00,Lonnie Walcott,Trustee,18000.0,11256,11398,2025,146485.5,160614.87,166175.54,132173.33,31666.33,0,140924.83,https://gateway.ifionline.org/report_builder/Default3a.aspx?rpttype=afr&rpt=AFR_PrintFull_public&rptName=Annual%20Financial%20Report%20-%20Full%20Report&rpt_unit_in=406&referrer=byunit,https://gateway.ifionline.org/report_builder/Default3a.aspx?rpttype=afr&rpt=cash_inv_combined&rptName=Cash%20and%20Investments&rpt_unit_in=406&referrer=byunit,https://gateway.ifionline.org/report_builder/Default3a.aspx?rpttype=employComp&rpt=EmployComp&rptName=Employee%20Compensation&rpt_unit_in=406&referrer=byunit,
Dearborn,Logan Township,15-016.00,Dan Damico,Trustee,12000.0,3858,3943,2025,58099.86,154434.29,149569.04,144052.98,4368.56,0,62965.11,https://gateway.ifionline.org/report_builder/Default3a.aspx?rpttype=afr&rpt=AFR_PrintFull_public&rptName=Annual%20Financial%20Report%20-%20Full%20Report&rpt_unit_in=407&referrer=byunit,https://gateway.ifionline.org/report_builder/Default3a.aspx?rpttype=afr&rpt=cash_inv_combined&rptName=Cash%20and%20Investments&rpt_unit_in=407&referrer=byunit,https://gateway.ifionline.org/report_builder/Default3a.aspx?rpttype=employComp&rpt=EmployComp&rptName=Employee%20Compensation&rpt_unit_in=407&referrer=byunit,
Dearborn,Manchester Township,15-017.00,Laura N Ankenman,Trustee,16500.0,3284,3345,2025,454434.23,299427.53,358931.08,229158.23,3301.25,86897.36,394930.68,https://gateway.ifionline.org/report_builder/Default3a.aspx?rpttype=afr&rpt=AFR_PrintFull_public&rptName=Annual%20Financial%20Report%20-%20Full%20Report&rpt_unit_in=408&referrer=byunit,https://gateway.ifionline.org/report_builder/Default3a.aspx?rpttype=afr&rpt=cash_inv_combined&rptName=Cash%20and%20Investments&rpt_unit_in=408&referrer=byunit,https://gateway.ifionline.org/report_builder/Default3a.aspx?rpttype=employComp&rpt=EmployComp&rptName=Employee%20Compensation&rpt_unit_in=408&referrer=byunit,
Dearborn,Miller Township,15-018.00,Patricia Little,Trustee,12000.0,9945,10161,2025,522297.36,591949.46,363251.09,354368.75,8632.34,0,750995.73,https://gateway.ifionline.org/report_builder/Default3a.aspx?rpttype=afr&rpt=AFR_PrintFull_public&rptName=Annual%20Financial%20Report%20-%20Full%20Report&rpt_unit_in=409&referrer=byunit,https://gateway.ifionline.org/report_builder/Default3a.aspx?rpttype=afr&rpt=cash_inv_combined&rptName=Cash%20and%20Investments&rpt_unit_in=409&referrer=byunit,https://gateway.ifionline.org/report_builder/Default3a.aspx?rpttype=employComp&rpt=EmployComp&rptName=Employee%20Compensation&rpt_unit_in=409&referrer=byunit,
Dearborn,Sparta Township,15-019.00,Katrina Mcintosh,TRUSTEE,12854.04,2899,2959,2025,214835.24,98476.49,53638.38,47236.0,6402.38,0,259673.35,https://gateway.ifionline.org/report_builder/Default3a.aspx?rpttype=afr&rpt=AFR_PrintFull_public&rptName=Annual%20Financial%20Report%20-%20Full%20Report&rpt_unit_in=410&referrer=byunit,https://gateway.ifionline.org/report_builder/Default3a.aspx?rpttype=afr&rpt=cash_inv_combined&rptName=Cash%20and%20Investments&rpt_unit_in=410&referrer=byunit,https://gateway.ifionline.org/report_builder/Default3a.aspx?rpttype=employComp&rpt=EmployComp&rptName=Employee%20Compensation&rpt_unit_in=410&referrer=byunit,
Dearborn,Washington Township,15-020.00,Shana R Lane,Trustee,11220.0,1455,1490,2025,186715.11,76436.99,19671.67,15364.42,4307.25,0,243480.43,https://gateway.ifionline.org/report_builder/Default3a.aspx?rpttype=afr&rpt=AFR_PrintFull_public&rptName=Annual%20Financial%20Report%20-%20Full%20Report&rpt_unit_in=411&referrer=byunit,https://gateway.ifionline.org/report_builder/Default3a.aspx?rpttype=afr&rpt=cash_inv_combined&rptName=Cash%20and%20Investments&rpt_unit_in=411&referrer=byunit,https://gateway.ifionline.org/report_builder/Default3a.aspx?rpttype=employComp&rpt=EmployComp&rptName=Employee%20Compensation&rpt_unit_in=411&referrer=byunit,
Dearborn,York Township,15-021.00,Greggory Callahan,Trustee,3899.0,1123,1144,2025,115703.31,52336.63,39932.04,10450.7,0,0,128107.9,https://gateway.ifionline.org/report_builder/Default3a.aspx?rpttype=afr&rpt=AFR_PrintFull_public&rptName=Annual%20Financial%20Report%20-%20Full%20Report&rpt_unit_in=412&referrer=byunit,https://gateway.ifionline.org/report_builder/Default3a.aspx?rpttype=afr&rpt=cash_inv_combined&rptName=Cash%20and%20Investments&rpt_unit_in=412&referrer=byunit,https://gateway.ifionline.org/report_builder/Default3a.aspx?rpttype=employComp&rpt=EmployComp&rptName=Employee%20Compensation&rpt_unit_in=412&referrer=byunit,
Decatur,Adams Township,16-007.00,Bethany Cales,Trustee,18576.93,1836,1853,2025,249835.3,162226.65,64078.13,60942.93,1530.52,0,347983.82,https://gateway.ifionline.org/report_builder/Default3a.aspx?rpttype=afr&rpt=AFR_PrintFull_public&rptName=Annual%20Financial%20Report%20-%20Full%20Report&rpt_unit_in=430&referrer=byunit,https://gateway.ifionline.org/report_builder/Default3a.aspx?rpttype=afr&rpt=cash_inv_combined&rptName=Cash%20and%20Investments&rpt_unit_in=430&referrer=byunit,https://gateway.ifionline.org/report_builder/Default3a.aspx?rpttype=employComp&rpt=EmployComp&rptName=Employee%20Compensation&rpt_unit_in=430&referrer=byunit,"Multiple trustees on 2025 100R: Bethany Cales (Trustee) $18,576.93; Rachel Mirick (Trustee) $2,423.07"
Decatur,Clay Township,16-008.00,,,,1273,1295,2025,271394.64,149842.5,91626.18,88026.34,2077.46,0,329610.96,https://gateway.ifionline.org/report_builder/Default3a.aspx?rpttype=afr&rpt=AFR_PrintFull_public&rptName=Annual%20Financial%20Report%20-%20Full%20Report&rpt_unit_in=431&referrer=byunit,https://gateway.ifionline.org/report_builder/Default3a.aspx?rpttype=afr&rpt=cash_inv_combined&rptName=Cash%20and%20Investments&rpt_unit_in=431&referrer=byunit,https://gateway.ifionline.org/report_builder/Default3a.aspx?rpttype=employComp&rpt=EmployComp&rptName=Employee%20Compensation&rpt_unit_in=431&referrer=byunit,Not found in 2025 100R employee compensation
Decatur,Clinton Township,16-009.00,Rollin Bruner,Trustee,9710.0,497,499,2025,91507.98,31521.78,37548.89,32036.92,3294.53,0,85480.87,https://gateway.ifionline.org/report_builder/Default3a.aspx?rpttype=afr&rpt=AFR_PrintFull_public&rptName=Annual%20Financial%20Report%20-%20Full%20Report&rpt_unit_in=432&referrer=byunit,https://gateway.ifionline.org/report_builder/Default3a.aspx?rpttype=afr&rpt=cash_inv_combined&rptName=Cash%20and%20Investments&rpt_unit_in=432&referrer=byunit,https://gateway.ifionline.org/report_builder/Default3a.aspx?rpttype=employComp&rpt=EmployComp&rptName=Employee%20Compensation&rpt_unit_in=432&referrer=byunit,
Decatur,Fugit Township,16-010.00,James Geis,Township Trustee,9968.0,1883,1894,2025,187565.17,144777.75,100897.04,69815.93,2395.47,27553.12,231445.88,https://gateway.ifionline.org/report_builder/Default3a.aspx?rpttype=afr&rpt=AFR_PrintFull_public&rptName=Annual%20Financial%20Report%20-%20Full%20Report&rpt_unit_in=433&referrer=byunit,https://gateway.ifionline.org/report_builder/Default3a.aspx?rpttype=afr&rpt=cash_inv_combined&rptName=Cash%20and%20Investments&rpt_unit_in=433&referrer=byunit,https://gateway.ifionline.org/report_builder/Default3a.aspx?rpttype=employComp&rpt=EmployComp&rptName=Employee%20Compensation&rpt_unit_in=433&referrer=byunit,
Decatur,Jackson Township,16-011.00,Brenda Shireman,Trustee,15000.0,949,954,2025,270483.64,104005.7,90936.44,88024.28,765.42,0,283552.9,https://gateway.ifionline.org/report_builder/Default3a.aspx?rpttype=afr&rpt=AFR_PrintFull_public&rptName=Annual%20Financial%20Report%20-%20Full%20Report&rpt_unit_in=434&referrer=byunit,https://gateway.ifionline.org/report_builder/Default3a.aspx?rpttype=afr&rpt=cash_inv_combined&rptName=Cash%20and%20Investments&rpt_unit_in=434&referrer=byunit,https://gateway.ifionline.org/report_builder/Default3a.aspx?rpttype=employComp&rpt=EmployComp&rptName=Employee%20Compensation&rpt_unit_in=434&referrer=byunit,
Decatur,Marion Township,16-012.00,Elizabeth Fry,Trustee,8995.0,1703,1719,2025,138391.13,94929.09,53710.36,47541.35,2250.15,0,179609.86,https://gateway.ifionline.org/report_builder/Default3a.aspx?rpttype=afr&rpt=AFR_PrintFull_public&rptName=Annual%20Financial%20Report%20-%20Full%20Report&rpt_unit_in=435&referrer=byunit,https://gateway.ifionline.org/report_builder/Default3a.aspx?rpttype=afr&rpt=cash_inv_combined&rptName=Cash%20and%20Investments&rpt_unit_in=435&referrer=byunit,https://gateway.ifionline.org/report_builder/Default3a.aspx?rpttype=employComp&rpt=EmployComp&rptName=Employee%20Compensation&rpt_unit_in=435&referrer=byunit,
Decatur,Saltcreek Township,16-013.00,Fred A Krieger,Trustee,10500.0,1153,1158,2025,176318.65,134692.52,87099.45,79795.14,3847.41,1000.0,223911.72,https://gateway.ifionline.org/report_builder/Default3a.aspx?rpttype=afr&rpt=AFR_PrintFull_public&rptName=Annual%20Financial%20Report%20-%20Full%20Report&rpt_unit_in=436&referrer=byunit,https://gateway.ifionline.org/report_builder/Default3a.aspx?rpttype=afr&rpt=cash_inv_combined&rptName=Cash%20and%20Investments&rpt_unit_in=436&referrer=byunit,https://gateway.ifionline.org/report_builder/Default3a.aspx?rpttype=employComp&rpt=EmployComp&rptName=Employee%20Compensation&rpt_unit_in=436&referrer=byunit,
Decatur,Sandcreek Township,16-014.00,Daniel Wenning,Trustee,26400.0,3112,3131,2025,871541.52,414941.44,276738.7,235905.08,32554.11,0,1009744.26,https://gateway.ifionline.org/report_builder/Default3a.aspx?rpttype=afr&rpt=AFR_PrintFull_public&rptName=Annual%20Financial%20Report%20-%20Full%20Report&rpt_unit_in=437&referrer=byunit,https://gateway.ifionline.org/report_builder/Default3a.aspx?rpttype=afr&rpt=cash_inv_combined&rptName=Cash%20and%20Investments&rpt_unit_in=437&referrer=byunit,https://gateway.ifionline.org/report_builder/Default3a.aspx?rpttype=employComp&rpt=EmployComp&rptName=Employee%20Compensation&rpt_unit_in=437&referrer=byunit,
Decatur,Washington Township,16-015.00,Beverly J Rivera,TRUSTEE,55000.0,14064,14073,2025,1124977.09,752771.49,735279.53,367171.05,5000.0,338141.51,1142469.05,https://gateway.ifionline.org/report_builder/Default3a.aspx?rpttype=afr&rpt=AFR_PrintFull_public&rptName=Annual%20Financial%20Report%20-%20Full%20Report&rpt_unit_in=438&referrer=byunit,https://gateway.ifionline.org/report_builder/Default3a.aspx?rpttype=afr&rpt=cash_inv_combined&rptName=Cash%20and%20Investments&rpt_unit_in=438&referrer=byunit,https://gateway.ifionline.org/report_builder/Default3a.aspx?rpttype=employComp&rpt=EmployComp&rptName=Employee%20Compensation&rpt_unit_in=438&referrer=byunit,
Delaware,Center Township,18-008.00,Marilyn K Walker,TRUSTEE,64500.0,64559,64861,2025,9813518.32,4317014.31,3854612.59,1705993.65,1462993.5,93889.87,10275920.04,https://gateway.ifionline.org/report_builder/Default3a.aspx?rpttype=afr&rpt=AFR_PrintFull_public&rptName=Annual%20Financial%20Report%20-%20Full%20Report&rpt_unit_in=491&referrer=byunit,https://gateway.ifionline.org/report_builder/Default3a.aspx?rpttype=afr&rpt=cash_inv_combined&rptName=Cash%20and%20Investments&rpt_unit_in=491&referrer=byunit,https://gateway.ifionline.org/report_builder/Default3a.aspx?rpttype=employComp&rpt=EmployComp&rptName=Employee%20Compensation&rpt_unit_in=491&referrer=byunit,
Delaware,Delaware Township,18-009.00,Denise Thornburg,TRUSTEE,13000.0,3480,3500,2025,282800.8,105143.44,65917.79,58882.45,6802.34,0,322026.45,https://gateway.ifionline.org/report_builder/Default3a.aspx?rpttype=afr&rpt=AFR_PrintFull_public&rptName=Annual%20Financial%20Report%20-%20Full%20Report&rpt_unit_in=492&referrer=byunit,https://gateway.ifionline.org/report_builder/Default3a.aspx?rpttype=afr&rpt=cash_inv_combined&rptName=Cash%20and%20Investments&rpt_unit_in=492&referrer=byunit,https://gateway.ifionline.org/report_builder/Default3a.aspx?rpttype=employComp&rpt=EmployComp&rptName=Employee%20Compensation&rpt_unit_in=492&referrer=byunit,"Multiple trustees on 2025 100R: Denise Thornburg (TRUSTEE) $13,000.00; Chad Thornburg (TRUSTEE) $5,000.00"
Delaware,Hamilton Township,18-010.00,Ralph n Flowers,Trustee,21500.0,7172,7302,2025,130171.82,307526.6,319627.01,175049.87,12705.65,110468.73,118071.41,https://gateway.ifionline.org/report_builder/Default3a.aspx?rpttype=afr&rpt=AFR_PrintFull_public&rptName=Annual%20Financial%20Report%20-%20Full%20Report&rpt_unit_in=493&referrer=byunit,https://gateway.ifionline.org/report_builder/Default3a.aspx?rpttype=afr&rpt=cash_inv_combined&rptName=Cash%20and%20Investments&rpt_unit_in=493&referrer=byunit,https://gateway.ifionline.org/report_builder/Default3a.aspx?rpttype=employComp&rpt=EmployComp&rptName=Employee%20Compensation&rpt_unit_in=493&referrer=byunit,
Delaware,Harrison Township,18-011.00,Cheryl E Wesley,Trustee,8000.0,3467,3531,2025,250235.93,141240.89,102786.52,89573.06,9359.87,0,288690.3,https://gateway.ifionline.org/report_builder/Default3a.aspx?rpttype=afr&rpt=AFR_PrintFull_public&rptName=Annual%20Financial%20Report%20-%20Full%20Report&rpt_unit_in=494&referrer=byunit,https://gateway.ifionline.org/report_builder/Default3a.aspx?rpttype=afr&rpt=cash_inv_combined&rptName=Cash%20and%20Investments&rpt_unit_in=494&referrer=byunit,https://gateway.ifionline.org/report_builder/Default3a.aspx?rpttype=employComp&rpt=EmployComp&rptName=Employee%20Compensation&rpt_unit_in=494&referrer=byunit,
Delaware,Liberty Township,18-012.00,Brian J Dudley,Trustee,6000.0,4430,4476,2025,438119.57,153710.57,106717.13,78020.25,8962.79,16334.85,485113.01,https://gateway.ifionline.org/report_builder/Default3a.aspx?rpttype=afr&rpt=AFR_PrintFull_public&rptName=Annual%20Financial%20Report%20-%20Full%20Report&rpt_unit_in=495&referrer=byunit,https://gateway.ifionline.org/report_builder/Default3a.aspx?rpttype=afr&rpt=cash_inv_combined&rptName=Cash%20and%20Investments&rpt_unit_in=495&referrer=byunit,https://gateway.ifionline.org/report_builder/Default3a.aspx?rpttype=employComp&rpt=EmployComp&rptName=Employee%20Compensation&rpt_unit_in=495&referrer=byunit,
Delaware,Monroe Township,18-013.00,Leonard Reese,Trustee,16000.0,3501,3558,2025,504893.02,348314.43,512087.72,236497.57,13317.13,229622.32,341119.73,https://gateway.ifionline.org/report_builder/Default3a.aspx?rpttype=afr&rpt=AFR_PrintFull_public&rptName=Annual%20Financial%20Report%20-%20Full%20Report&rpt_unit_in=496&referrer=byunit,https://gateway.ifionline.org/report_builder/Default3a.aspx?rpttype=afr&rpt=cash_inv_combined&rptName=Cash%20and%20Investments&rpt_unit_in=496&referrer=byunit,https://gateway.ifionline.org/report_builder/Default3a.aspx?rpttype=employComp&rpt=EmployComp&rptName=Employee%20Compensation&rpt_unit_in=496&referrer=byunit,
Delaware,Niles Township,18-015.00,Peggy L Evans,Trustee,10800.0,1369,1387,2025,249179.39,79150.28,56807.34,55797.54,0,0,271522.33,https://gateway.ifionline.org/report_builder/Default3a.aspx?rpttype=afr&rpt=AFR_PrintFull_public&rptName=Annual%20Financial%20Report%20-%20Full%20Report&rpt_unit_in=498&referrer=byunit,https://gateway.ifionline.org/report_builder/Default3a.aspx?rpttype=afr&rpt=cash_inv_combined&rptName=Cash%20and%20Investments&rpt_unit_in=498&referrer=byunit,https://gateway.ifionline.org/report_builder/Default3a.aspx?rpttype=employComp&rpt=EmployComp&rptName=Employee%20Compensation&rpt_unit_in=498&referrer=byunit,
Delaware,Perry Township,18-016.00,Brenda Layne,Trustee,4250.0,1500,1543,2025,168974.39,0.0,45076.89,41492.27,2426.17,0,123897.5,https://gateway.ifionline.org/report_builder/Default3a.aspx?rpttype=afr&rpt=AFR_PrintFull_public&rptName=Annual%20Financial%20Report%20-%20Full%20Report&rpt_unit_in=499&referrer=byunit,https://gateway.ifionline.org/report_builder/Default3a.aspx?rpttype=afr&rpt=cash_inv_combined&rptName=Cash%20and%20Investments&rpt_unit_in=499&referrer=byunit,https://gateway.ifionline.org/report_builder/Default3a.aspx?rpttype=employComp&rpt=EmployComp&rptName=Employee%20Compensation&rpt_unit_in=499&referrer=byunit,
Delaware,Salem Township,18-017.00,Katrina Morgan-Richardson,Trustee,21999.96,3970,4057,2025,839458.3,1420314.87,1471832.92,860986.44,13955.0,376749.83,787940.25,https://gateway.ifionline.org/report_builder/Default3a.aspx?rpttype=afr&rpt=AFR_PrintFull_public&rptName=Annual%20Financial%20Report%20-%20Full%20Report&rpt_unit_in=500&referrer=byunit,https://gateway.ifionline.org/report_builder/Default3a.aspx?rpttype=afr&rpt=cash_inv_combined&rptName=Cash%20and%20Investments&rpt_unit_in=500&referrer=byunit,https://gateway.ifionline.org/report_builder/Default3a.aspx?rpttype=employComp&rpt=EmployComp&rptName=Employee%20Compensation&rpt_unit_in=500&referrer=byunit,
Delaware,Union Township,18-018.00,Ralph Caudill,Trustee,5513.0,2542,2553,2025,188812.16,102543.05,89311.51,67879.87,5013.65,16417.99,202043.7,https://gateway.ifionline.org/report_builder/Default3a.aspx?rpttype=afr&rpt=AFR_PrintFull_public&rptName=Annual%20Financial%20Report%20-%20Full%20Report&rpt_unit_in=501&referrer=byunit,https://gateway.ifionline.org/report_builder/Default3a.aspx?rpttype=afr&rpt=cash_inv_combined&rptName=Cash%20and%20Investments&rpt_unit_in=501&referrer=byunit,https://gateway.ifionline.org/report_builder/Default3a.aspx?rpttype=employComp&rpt=EmployComp&rptName=Employee%20Compensation&rpt_unit_in=501&referrer=byunit,
Delaware,Washington Township,18-019.00,Lisa D Garrison,Trustee,6552.0,1840,1864,2025,99359.69,88433.53,53984.97,52529.31,1208.66,0,133808.25,https://gateway.ifionline.org/report_builder/Default3a.aspx?rpttype=afr&rpt=AFR_PrintFull_public&rptName=Annual%20Financial%20Report%20-%20Full%20Report&rpt_unit_in=502&referrer=byunit,https://gateway.ifionline.org/report_builder/Default3a.aspx?rpttype=afr&rpt=cash_inv_combined&rptName=Cash%20and%20Investments&rpt_unit_in=502&referrer=byunit,https://gateway.ifionline.org/report_builder/Default3a.aspx?rpttype=employComp&rpt=EmployComp&rptName=Employee%20Compensation&rpt_unit_in=502&referrer=byunit,
Dubois,Bainbridge Township,19-013.00,Ken Buck,Trustee,25350.0,17154,17648,2025,391965.94,193633.02,159693.28,105938.18,46700.0,0,425905.68,https://gateway.ifionline.org/report_builder/Default3a.aspx?rpttype=afr&rpt=AFR_PrintFull_public&rptName=Annual%20Financial%20Report%20-%20Full%20Report&rpt_unit_in=531&referrer=byunit,https://gateway.ifionline.org/report_builder/Default3a.aspx?rpttype=afr&rpt=cash_inv_combined&rptName=Cash%20and%20Investments&rpt_unit_in=531&referrer=byunit,https://gateway.ifionline.org/report_builder/Default3a.aspx?rpttype=employComp&rpt=EmployComp&rptName=Employee%20Compensation&rpt_unit_in=531&referrer=byunit,
Dubois,Boone Township,19-014.00,Mark Kieffner,Township Trustee,5443.08,943,933,2025,93056.62,65461.58,52538.9,45670.53,0,0,105979.3,https://gateway.ifionline.org/report_builder/Default3a.aspx?rpttype=afr&rpt=AFR_PrintFull_public&rptName=Annual%20Financial%20Report%20-%20Full%20Report&rpt_unit_in=532&referrer=byunit,https://gateway.ifionline.org/report_builder/Default3a.aspx?rpttype=afr&rpt=cash_inv_combined&rptName=Cash%20and%20Investments&rpt_unit_in=532&referrer=byunit,https://gateway.ifionline.org/report_builder/Default3a.aspx?rpttype=employComp&rpt=EmployComp&rptName=Employee%20Compensation&rpt_unit_in=532&referrer=byunit,
Dubois,Cass Township,19-015.00,Meyer James,TRUSTEE,5000.0,2079,2024,2025,247326.98,145257.33,94392.48,56546.14,5932.24,27756.72,298191.83,https://gateway.ifionline.org/report_builder/Default3a.aspx?rpttype=afr&rpt=AFR_PrintFull_public&rptName=Annual%20Financial%20Report%20-%20Full%20Report&rpt_unit_in=533&referrer=byunit,https://gateway.ifionline.org/report_builder/Default3a.aspx?rpttype=afr&rpt=cash_inv_combined&rptName=Cash%20and%20Investments&rpt_unit_in=533&referrer=byunit,https://gateway.ifionline.org/report_builder/Default3a.aspx?rpttype=employComp&rpt=EmployComp&rptName=Employee%20Compensation&rpt_unit_in=533&referrer=byunit,
Dubois,Columbia Township,19-016.00,Larry G Hall,Trustee,5940.0,1021,990,2025,187728.54,43819.3,27830.31,26055.87,1774.44,0,203717.53,https://gateway.ifionline.org/report_builder/Default3a.aspx?rpttype=afr&rpt=AFR_PrintFull_public&rptName=Annual%20Financial%20Report%20-%20Full%20Report&rpt_unit_in=534&referrer=byunit,https://gateway.ifionline.org/report_builder/Default3a.aspx?rpttype=afr&rpt=cash_inv_combined&rptName=Cash%20and%20Investments&rpt_unit_in=534&referrer=byunit,https://gateway.ifionline.org/report_builder/Default3a.aspx?rpttype=employComp&rpt=EmployComp&rptName=Employee%20Compensation&rpt_unit_in=534&referrer=byunit,
Dubois,Ferdinand Township,19-017.00,David M Kemper,Trustee,9710.0,3608,3671,2025,167444.33,135134.92,108199.61,101109.62,6222.14,0,194379.64,https://gateway.ifionline.org/report_builder/Default3a.aspx?rpttype=afr&rpt=AFR_PrintFull_public&rptName=Annual%20Financial%20Report%20-%20Full%20Report&rpt_unit_in=535&referrer=byunit,https://gateway.ifionline.org/report_builder/Default3a.aspx?rpttype=afr&rpt=cash_inv_combined&rptName=Cash%20and%20Investments&rpt_unit_in=535&referrer=byunit,https://gateway.ifionline.org/report_builder/Default3a.aspx?rpttype=employComp&rpt=EmployComp&rptName=Employee%20Compensation&rpt_unit_in=535&referrer=byunit,
Dubois,Hall Township,19-018.00,Allen Thewes,Township Trustee,4400.0,1282,1249,2025,195144.39,62753.09,42152.44,28152.44,0,14000.0,215745.04,https://gateway.ifionline.org/report_builder/Default3a.aspx?rpttype=afr&rpt=AFR_PrintFull_public&rptName=Annual%20Financial%20Report%20-%20Full%20Report&rpt_unit_in=536&referrer=byunit,https://gateway.ifionline.org/report_builder/Default3a.aspx?rpttype=afr&rpt=cash_inv_combined&rptName=Cash%20and%20Investments&rpt_unit_in=536&referrer=byunit,https://gateway.ifionline.org/report_builder/Default3a.aspx?rpttype=employComp&rpt=EmployComp&rptName=Employee%20Compensation&rpt_unit_in=536&referrer=byunit,
Dubois,Harbison Township,19-019.00,Marvin G Eisenhut,Trustee,8500.0,1584,1554,2025,178914.06,85660.26,82208.65,70167.29,1648.34,0,182365.67,https://gateway.ifionline.org/report_builder/Default3a.aspx?rpttype=afr&rpt=AFR_PrintFull_public&rptName=Annual%20Financial%20Report%20-%20Full%20Report&rpt_unit_in=537&referrer=byunit,https://gateway.ifionline.org/report_builder/Default3a.aspx?rpttype=afr&rpt=cash_inv_combined&rptName=Cash%20and%20Investments&rpt_unit_in=537&referrer=byunit,https://gateway.ifionline.org/report_builder/Default3a.aspx?rpttype=employComp&rpt=EmployComp&rptName=Employee%20Compensation&rpt_unit_in=537&referrer=byunit,
Dubois,Jackson Township,19-020.00,Voegerl Sylvester,Trustee,6600.0,2198,2159,2025,366102.21,346734.83,94510.89,92940.89,1570.0,0,618326.15,https://gateway.ifionline.org/report_builder/Default3a.aspx?rpttype=afr&rpt=AFR_PrintFull_public&rptName=Annual%20Financial%20Report%20-%20Full%20Report&rpt_unit_in=538&referrer=byunit,https://gateway.ifionline.org/report_builder/Default3a.aspx?rpttype=afr&rpt=cash_inv_combined&rptName=Cash%20and%20Investments&rpt_unit_in=538&referrer=byunit,https://gateway.ifionline.org/report_builder/Default3a.aspx?rpttype=employComp&rpt=EmployComp&rptName=Employee%20Compensation&rpt_unit_in=538&referrer=byunit,
Dubois,Jefferson Township,19-021.00,Brian King,Trustee,4000.0,1606,1566,2025,57188.2,38722.87,32537.76,32037.76,500.0,0,63373.31,https://gateway.ifionline.org/report_builder/Default3a.aspx?rpttype=afr&rpt=AFR_PrintFull_public&rptName=Annual%20Financial%20Report%20-%20Full%20Report&rpt_unit_in=539&referrer=byunit,https://gateway.ifionline.org/report_builder/Default3a.aspx?rpttype=afr&rpt=cash_inv_combined&rptName=Cash%20and%20Investments&rpt_unit_in=539&referrer=byunit,https://gateway.ifionline.org/report_builder/Default3a.aspx?rpttype=employComp&rpt=EmployComp&rptName=Employee%20Compensation&rpt_unit_in=539&referrer=byunit,
Dubois,Madison Township,19-022.00,Scott A Blazey,Trustee,10800.0,2916,2888,2025,270654.31,150300.0,136932.0,135499.0,1433.0,0,284022.31,https://gateway.ifionline.org/report_builder/Default3a.aspx?rpttype=afr&rpt=AFR_PrintFull_public&rptName=Annual%20Financial%20Report%20-%20Full%20Report&rpt_unit_in=540&referrer=byunit,https://gateway.ifionline.org/report_builder/Default3a.aspx?rpttype=afr&rpt=cash_inv_combined&rptName=Cash%20and%20Investments&rpt_unit_in=540&referrer=byunit,https://gateway.ifionline.org/report_builder/Default3a.aspx?rpttype=employComp&rpt=EmployComp&rptName=Employee%20Compensation&rpt_unit_in=540&referrer=byunit,
Dubois,Marion Township,19-023.00,Clarence Reckelhoff,Trustee,4800.0,1455,1425,2025,210789.79,53068.76,45055.93,43958.08,417.0,0,218802.62,https://gateway.ifionline.org/report_builder/Default3a.aspx?rpttype=afr&rpt=AFR_PrintFull_public&rptName=Annual%20Financial%20Report%20-%20Full%20Report&rpt_unit_in=541&referrer=byunit,https://gateway.ifionline.org/report_builder/Default3a.aspx?rpttype=afr&rpt=cash_inv_combined&rptName=Cash%20and%20Investments&rpt_unit_in=541&referrer=byunit,https://gateway.ifionline.org/report_builder/Default3a.aspx?rpttype=employComp&rpt=EmployComp&rptName=Employee%20Compensation&rpt_unit_in=541&referrer=byunit,
Dubois,Patoka Township,19-024.00,Donald Astrike,TRUSTEE,10500.0,7781,7909,2025,605499.09,295124.38,154205.92,84266.37,30777.36,32248.94,746417.55,https://gateway.ifionline.org/report_builder/Default3a.aspx?rpttype=afr&rpt=AFR_PrintFull_public&rptName=Annual%20Financial%20Report%20-%20Full%20Report&rpt_unit_in=542&referrer=byunit,https://gateway.ifionline.org/report_builder/Default3a.aspx?rpttype=afr&rpt=cash_inv_combined&rptName=Cash%20and%20Investments&rpt_unit_in=542&referrer=byunit,https://gateway.ifionline.org/report_builder/Default3a.aspx?rpttype=employComp&rpt=EmployComp&rptName=Employee%20Compensation&rpt_unit_in=542&referrer=byunit,
Elkhart,Baugo Township,20-021.00,Katherine Weaver,Trustee,45000.0,9468,9595,2025,1333471.01,2758445.37,2624888.6,1778820.97,69237.19,205305.82,1467027.78,https://gateway.ifionline.org/report_builder/Default3a.aspx?rpttype=afr&rpt=AFR_PrintFull_public&rptName=Annual%20Financial%20Report%20-%20Full%20Report&rpt_unit_in=563&referrer=byunit,https://gateway.ifionline.org/report_builder/Default3a.aspx?rpttype=afr&rpt=cash_inv_combined&rptName=Cash%20and%20Investments&rpt_unit_in=563&referrer=byunit,https://gateway.ifionline.org/report_builder/Default3a.aspx?rpttype=employComp&rpt=EmployComp&rptName=Employee%20Compensation&rpt_unit_in=563&referrer=byunit,
Elkhart,Benton Township,20-022.00,Brad Showalter,Trustee,15937.5,3227,3276,2025,1146245.3,432509.87,262325.86,117961.87,9904.43,133484.05,1316429.31,https://gateway.ifionline.org/report_builder/Default3a.aspx?rpttype=afr&rpt=AFR_PrintFull_public&rptName=Annual%20Financial%20Report%20-%20Full%20Report&rpt_unit_in=564&referrer=byunit,https://gateway.ifionline.org/report_builder/Default3a.aspx?rpttype=afr&rpt=cash_inv_combined&rptName=Cash%20and%20Investments&rpt_unit_in=564&referrer=byunit,https://gateway.ifionline.org/report_builder/Default3a.aspx?rpttype=employComp&rpt=EmployComp&rptName=Employee%20Compensation&rpt_unit_in=564&referrer=byunit,"Multiple trustees on 2025 100R: Brad Showalter (Trustee) $15,937.50; Erik Parcell (Trustee) $6,562.50"
Elkhart,Cleveland Township,20-023.00,,,,12864,13130,2025,3854606.54,5596004.53,4681637.98,3671413.41,63048.12,355308.05,4768973.09,https://gateway.ifionline.org/report_builder/Default3a.aspx?rpttype=afr&rpt=AFR_PrintFull_public&rptName=Annual%20Financial%20Report%20-%20Full%20Report&rpt_unit_in=565&referrer=byunit,https://gateway.ifionline.org/report_builder/Default3a.aspx?rpttype=afr&rpt=cash_inv_combined&rptName=Cash%20and%20Investments&rpt_unit_in=565&referrer=byunit,https://gateway.ifionline.org/report_builder/Default3a.aspx?rpttype=employComp&rpt=EmployComp&rptName=Employee%20Compensation&rpt_unit_in=565&referrer=byunit,No trustee listed on 2025 100R
Elkhart,Clinton Township,20-024.00,Toni M Miller,Trustee,33609.0,4842,4890,2025,1327031.08,905564.67,901435.06,684270.08,6474.7,161000.0,1331160.69,https://gateway.ifionline.org/report_builder/Default3a.aspx?rpttype=afr&rpt=AFR_PrintFull_public&rptName=Annual%20Financial%20Report%20-%20Full%20Report&rpt_unit_in=566&referrer=byunit,https://gateway.ifionline.org/report_builder/Default3a.aspx?rpttype=afr&rpt=cash_inv_combined&rptName=Cash%20and%20Investments&rpt_unit_in=566&referrer=byunit,https://gateway.ifionline.org/report_builder/Default3a.aspx?rpttype=employComp&rpt=EmployComp&rptName=Employee%20Compensation&rpt_unit_in=566&referrer=byunit,
Elkhart,Concord Township,20-025.00,James E Weeber,TRUSTEE,71804.0,55913,56145,2025,4272363.5,6307160.5,6335655.09,3625411.12,57112.03,562629.66,4243868.91,https://gateway.ifionline.org/report_builder/Default3a.aspx?rpttype=afr&rpt=AFR_PrintFull_public&rptName=Annual%20Financial%20Report%20-%20Full%20Report&rpt_unit_in=567&referrer=byunit,https://gateway.ifionline.org/report_builder/Default3a.aspx?rpttype=afr&rpt=cash_inv_combined&rptName=Cash%20and%20Investments&rpt_unit_in=567&referrer=byunit,https://gateway.ifionline.org/report_builder/Default3a.aspx?rpttype=employComp&rpt=EmployComp&rptName=Employee%20Compensation&rpt_unit_in=567&referrer=byunit,
Elkhart,Elkhart Township,20-026.00,Charles C Cheek,Trustee,54000.0,38374,38435,2025,3225312.94,972975.35,832458.78,279494.24,166930.54,0,3365829.51,https://gateway.ifionline.org/report_builder/Default3a.aspx?rpttype=afr&rpt=AFR_PrintFull_public&rptName=Annual%20Financial%20Report%20-%20Full%20Report&rpt_unit_in=568&referrer=byunit,https://gateway.ifionline.org/report_builder/Default3a.aspx?rpttype=afr&rpt=cash_inv_combined&rptName=Cash%20and%20Investments&rpt_unit_in=568&referrer=byunit,https://gateway.ifionline.org/report_builder/Default3a.aspx?rpttype=employComp&rpt=EmployComp&rptName=Employee%20Compensation&rpt_unit_in=568&referrer=byunit,
Elkhart,Harrison Township,20-027.00,Kerry E Yaw,Trustee,27500.0,3556,3582,2025,343304.47,496660.2,384277.74,328277.72,27649.0,20917.4,455686.93,https://gateway.ifionline.org/report_builder/Default3a.aspx?rpttype=afr&rpt=AFR_PrintFull_public&rptName=Annual%20Financial%20Report%20-%20Full%20Report&rpt_unit_in=569&referrer=byunit,https://gateway.ifionline.org/report_builder/Default3a.aspx?rpttype=afr&rpt=cash_inv_combined&rptName=Cash%20and%20Investments&rpt_unit_in=569&referrer=byunit,https://gateway.ifionline.org/report_builder/Default3a.aspx?rpttype=employComp&rpt=EmployComp&rptName=Employee%20Compensation&rpt_unit_in=569&referrer=byunit,
Elkhart,Jackson Township,20-028.00,Tom Lan Tz,TRUSTEE,29650.0,4995,5058,2025,610366.01,839864.62,762799.34,692668.59,32877.39,0,687431.29,https://gateway.ifionline.org/report_builder/Default3a.aspx?rpttype=afr&rpt=AFR_PrintFull_public&rptName=Annual%20Financial%20Report%20-%20Full%20Report&rpt_unit_in=570&referrer=byunit,https://gateway.ifionline.org/report_builder/Default3a.aspx?rpttype=afr&rpt=cash_inv_combined&rptName=Cash%20and%20Investments&rpt_unit_in=570&referrer=byunit,https://gateway.ifionline.org/report_builder/Default3a.aspx?rpttype=employComp&rpt=EmployComp&rptName=Employee%20Compensation&rpt_unit_in=570&referrer=byunit,
Elkhart,Jefferson Township,20-029.00,James Weldy,TRUSTEE,30000.0,10991,11189,2025,3317389.38,2380526.03,1181439.84,965124.62,10382.65,33886.51,4516475.57,https://gateway.ifionline.org/report_builder/Default3a.aspx?rpttype=afr&rpt=AFR_PrintFull_public&rptName=Annual%20Financial%20Report%20-%20Full%20Report&rpt_unit_in=571&referrer=byunit,https://gateway.ifionline.org/report_builder/Default3a.aspx?rpttype=afr&rpt=cash_inv_combined&rptName=Cash%20and%20Investments&rpt_unit_in=571&referrer=byunit,https://gateway.ifionline.org/report_builder/Default3a.aspx?rpttype=employComp&rpt=EmployComp&rptName=Employee%20Compensation&rpt_unit_in=571&referrer=byunit,
Elkhart,Locke Township,20-030.00,", Peggy A Hunsberger",Trustee,21425.2,4293,4301,2025,292573.09,202894.99,187810.03,127612.59,39978.59,12198.94,307658.05,https://gateway.ifionline.org/report_builder/Default3a.aspx?rpttype=afr&rpt=AFR_PrintFull_public&rptName=Annual%20Financial%20Report%20-%20Full%20Report&rpt_unit_in=572&referrer=byunit,https://gateway.ifionline.org/report_builder/Default3a.aspx?rpttype=afr&rpt=cash_inv_combined&rptName=Cash%20and%20Investments&rpt_unit_in=572&referrer=byunit,https://gateway.ifionline.org/report_builder/Default3a.aspx?rpttype=employComp&rpt=EmployComp&rptName=Employee%20Compensation&rpt_unit_in=572&referrer=byunit,
Elkhart,Middlebury Township,20-031.00,Ruth A Eash,TRUSTEE,59000.0,8886,9003,2025,10134562.29,4563537.02,4700197.95,3738943.08,23835.03,189356.66,9997901.36,https://gateway.ifionline.org/report_builder/Default3a.aspx?rpttype=afr&rpt=AFR_PrintFull_public&rptName=Annual%20Financial%20Report%20-%20Full%20Report&rpt_unit_in=573&referrer=byunit,https://gateway.ifionline.org/report_builder/Default3a.aspx?rpttype=afr&rpt=cash_inv_combined&rptName=Cash%20and%20Investments&rpt_unit_in=573&referrer=byunit,https://gateway.ifionline.org/report_builder/Default3a.aspx?rpttype=employComp&rpt=EmployComp&rptName=Employee%20Compensation&rpt_unit_in=573&referrer=byunit,
Elkhart,Olive Township,20-032.00,Steve Shively,Trustee,15000.0,3396,3418,2025,437828.7,895059.88,398753.66,181929.37,11858.77,0,934134.92,https://gateway.ifionline.org/report_builder/Default3a.aspx?rpttype=afr&rpt=AFR_PrintFull_public&rptName=Annual%20Financial%20Report%20-%20Full%20Report&rpt_unit_in=574&referrer=byunit,https://gateway.ifionline.org/report_builder/Default3a.aspx?rpttype=afr&rpt=cash_inv_combined&rptName=Cash%20and%20Investments&rpt_unit_in=574&referrer=byunit,https://gateway.ifionline.org/report_builder/Default3a.aspx?rpttype=employComp&rpt=EmployComp&rptName=Employee%20Compensation&rpt_unit_in=574&referrer=byunit,
Elkhart,Osolo Township,20-033.00,Lisa Olena,TRUSTEE,48000.0,28773,29084,2025,4785852.79,3702218.61,3161090.01,2680300.72,67097.32,45000.0,5326981.39,https://gateway.ifionline.org/report_builder/Default3a.aspx?rpttype=afr&rpt=AFR_PrintFull_public&rptName=Annual%20Financial%20Report%20-%20Full%20Report&rpt_unit_in=575&referrer=byunit,https://gateway.ifionline.org/report_builder/Default3a.aspx?rpttype=afr&rpt=cash_inv_combined&rptName=Cash%20and%20Investments&rpt_unit_in=575&referrer=byunit,https://gateway.ifionline.org/report_builder/Default3a.aspx?rpttype=employComp&rpt=EmployComp&rptName=Employee%20Compensation&rpt_unit_in=575&referrer=byunit,
Elkhart,Union Township,20-034.00,Kenneth A Miller,TWP TRUSTEE,30000.0,6284,6258,2025,1086511.0,482543.55,469390.67,260046.75,29567.84,115110.0,1099663.88,https://gateway.ifionline.org/report_builder/Default3a.aspx?rpttype=afr&rpt=AFR_PrintFull_public&rptName=Annual%20Financial%20Report%20-%20Full%20Report&rpt_unit_in=576&referrer=byunit,https://gateway.ifionline.org/report_builder/Default3a.aspx?rpttype=afr&rpt=cash_inv_combined&rptName=Cash%20and%20Investments&rpt_unit_in=576&referrer=byunit,https://gateway.ifionline.org/report_builder/Default3a.aspx?rpttype=employComp&rpt=EmployComp&rptName=Employee%20Compensation&rpt_unit_in=576&referrer=byunit,
Elkhart,Washington Township,20-035.00,Michael Lee,Trustee,42000.0,6878,7010,2025,1639317.87,940092.11,791779.87,736030.49,24817.57,0,1787630.11,https://gateway.ifionline.org/report_builder/Default3a.aspx?rpttype=afr&rpt=AFR_PrintFull_public&rptName=Annual%20Financial%20Report%20-%20Full%20Report&rpt_unit_in=577&referrer=byunit,https://gateway.ifionline.org/report_builder/Default3a.aspx?rpttype=afr&rpt=cash_inv_combined&rptName=Cash%20and%20Investments&rpt_unit_in=577&referrer=byunit,https://gateway.ifionline.org/report_builder/Default3a.aspx?rpttype=employComp&rpt=EmployComp&rptName=Employee%20Compensation&rpt_unit_in=577&referrer=byunit,
Elkhart,York Township,20-036.00,Mary D Shoup,Trustee,9916.62,4309,4400,2025,1339669.18,633867.67,444560.01,415401.89,23680.83,955.34,1528976.84,https://gateway.ifionline.org/report_builder/Default3a.aspx?rpttype=afr&rpt=AFR_PrintFull_public&rptName=Annual%20Financial%20Report%20-%20Full%20Report&rpt_unit_in=578&referrer=byunit,https://gateway.ifionline.org/report_builder/Default3a.aspx?rpttype=afr&rpt=cash_inv_combined&rptName=Cash%20and%20Investments&rpt_unit_in=578&referrer=byunit,https://gateway.ifionline.org/report_builder/Default3a.aspx?rpttype=employComp&rpt=EmployComp&rptName=Employee%20Compensation&rpt_unit_in=578&referrer=byunit,"Multiple trustees on 2025 100R: Mary D Shoup (Trustee) $9,916.62; Nancy Allard (Trustee) $8,000.00"
Fayette,Columbia Township,21-002.00,Addie Mustin,Trustee,3800.0,946,953,2025,21440.62,16357.43,12217.14,6012.54,1351.46,0,25580.91,https://gateway.ifionline.org/report_builder/Default3a.aspx?rpttype=afr&rpt=AFR_PrintFull_public&rptName=Annual%20Financial%20Report%20-%20Full%20Report&rpt_unit_in=607&referrer=byunit,https://gateway.ifionline.org/report_builder/Default3a.aspx?rpttype=afr&rpt=cash_inv_combined&rptName=Cash%20and%20Investments&rpt_unit_in=607&referrer=byunit,https://gateway.ifionline.org/report_builder/Default3a.aspx?rpttype=employComp&rpt=EmployComp&rptName=Employee%20Compensation&rpt_unit_in=607&referrer=byunit,
Fayette,Connersville Township,21-003.00,Terena J Murray,TRUSTEE,21000.2,11987,12039,2025,497376.81,152079.18,144044.89,100482.32,12260.56,20000.0,505411.1,https://gateway.ifionline.org/report_builder/Default3a.aspx?rpttype=afr&rpt=AFR_PrintFull_public&rptName=Annual%20Financial%20Report%20-%20Full%20Report&rpt_unit_in=608&referrer=byunit,https://gateway.ifionline.org/report_builder/Default3a.aspx?rpttype=afr&rpt=cash_inv_combined&rptName=Cash%20and%20Investments&rpt_unit_in=608&referrer=byunit,https://gateway.ifionline.org/report_builder/Default3a.aspx?rpttype=employComp&rpt=EmployComp&rptName=Employee%20Compensation&rpt_unit_in=608&referrer=byunit,
Fayette,Fairview Township,21-004.00,Gail Grubbs,Trustee,5442.11,323,328,2025,75476.35,34043.86,18276.0,9116.0,300.0,0,91244.21,https://gateway.ifionline.org/report_builder/Default3a.aspx?rpttype=afr&rpt=AFR_PrintFull_public&rptName=Annual%20Financial%20Report%20-%20Full%20Report&rpt_unit_in=609&referrer=byunit,https://gateway.ifionline.org/report_builder/Default3a.aspx?rpttype=afr&rpt=cash_inv_combined&rptName=Cash%20and%20Investments&rpt_unit_in=609&referrer=byunit,https://gateway.ifionline.org/report_builder/Default3a.aspx?rpttype=employComp&rpt=EmployComp&rptName=Employee%20Compensation&rpt_unit_in=609&referrer=byunit,
Fayette,Harrison Township,21-005.00,David Counceller,TRUSTEE,18000.0,6257,6294,2025,426503.73,150308.12,100336.36,72423.97,14249.32,0,476475.49,https://gateway.ifionline.org/report_builder/Default3a.aspx?rpttype=afr&rpt=AFR_PrintFull_public&rptName=Annual%20Financial%20Report%20-%20Full%20Report&rpt_unit_in=610&referrer=byunit,https://gateway.ifionline.org/report_builder/Default3a.aspx?rpttype=afr&rpt=cash_inv_combined&rptName=Cash%20and%20Investments&rpt_unit_in=610&referrer=byunit,https://gateway.ifionline.org/report_builder/Default3a.aspx?rpttype=employComp&rpt=EmployComp&rptName=Employee%20Compensation&rpt_unit_in=610&referrer=byunit,"Multiple trustees on 2025 100R: David Counceller (TRUSTEE) $18,000.00; Christina Neeley (TRUSTEE) $18,000.00"
Fayette,Jackson Township,21-006.00,Brandy Steinard,Trustee,5400.0,1479,1497,2025,48605.51,26903.06,19239.54,15448.22,630.68,0,56269.03,https://gateway.ifionline.org/report_builder/Default3a.aspx?rpttype=afr&rpt=AFR_PrintFull_public&rptName=Annual%20Financial%20Report%20-%20Full%20Report&rpt_unit_in=611&referrer=byunit,https://gateway.ifionline.org/report_builder/Default3a.aspx?rpttype=afr&rpt=cash_inv_combined&rptName=Cash%20and%20Investments&rpt_unit_in=611&referrer=byunit,https://gateway.ifionline.org/report_builder/Default3a.aspx?rpttype=employComp&rpt=EmployComp&rptName=Employee%20Compensation&rpt_unit_in=611&referrer=byunit,
Fayette,Jennings Township,21-007.00,Karen M Bales,TRUSTEE (jULY - DEC),2000.0,792,800,2025,58085.9,24127.73,16427.01,13715.53,0,0,65786.62,https://gateway.ifionline.org/report_builder/Default3a.aspx?rpttype=afr&rpt=AFR_PrintFull_public&rptName=Annual%20Financial%20Report%20-%20Full%20Report&rpt_unit_in=612&referrer=byunit,https://gateway.ifionline.org/report_builder/Default3a.aspx?rpttype=afr&rpt=cash_inv_combined&rptName=Cash%20and%20Investments&rpt_unit_in=612&referrer=byunit,https://gateway.ifionline.org/report_builder/Default3a.aspx?rpttype=employComp&rpt=EmployComp&rptName=Employee%20Compensation&rpt_unit_in=612&referrer=byunit,"Multiple trustees on 2025 100R: Karen M Bales (TRUSTEE (jULY - DEC)) $2,000.00; Jason Ruf (TRUSTEE (JAN - JUNE)) $2,000.00"
Fayette,Orange Township,21-008.00,Shane Clifford,Trustee,3600.0,682,683,2025,66038.16,24334.68,16066.25,14049.8,1167.3,0,74306.59,https://gateway.ifionline.org/report_builder/Default3a.aspx?rpttype=afr&rpt=AFR_PrintFull_public&rptName=Annual%20Financial%20Report%20-%20Full%20Report&rpt_unit_in=613&referrer=byunit,https://gateway.ifionline.org/report_builder/Default3a.aspx?rpttype=afr&rpt=cash_inv_combined&rptName=Cash%20and%20Investments&rpt_unit_in=613&referrer=byunit,https://gateway.ifionline.org/report_builder/Default3a.aspx?rpttype=employComp&rpt=EmployComp&rptName=Employee%20Compensation&rpt_unit_in=613&referrer=byunit,
Fayette,Posey Township,21-009.00,Anna Dungan,Trustee,6010.79,416,419,2025,81822.03,35543.27,24434.34,23681.51,752.83,0,92930.96,https://gateway.ifionline.org/report_builder/Default3a.aspx?rpttype=afr&rpt=AFR_PrintFull_public&rptName=Annual%20Financial%20Report%20-%20Full%20Report&rpt_unit_in=614&referrer=byunit,https://gateway.ifionline.org/report_builder/Default3a.aspx?rpttype=afr&rpt=cash_inv_combined&rptName=Cash%20and%20Investments&rpt_unit_in=614&referrer=byunit,https://gateway.ifionline.org/report_builder/Default3a.aspx?rpttype=employComp&rpt=EmployComp&rptName=Employee%20Compensation&rpt_unit_in=614&referrer=byunit,
Fayette,Waterloo Township,21-010.00,Jack Brown,waterloo township trustee,4000.0,521,520,2025,8392.04,15543.37,13804.56,11572.78,615.0,0,10130.85,https://gateway.ifionline.org/report_builder/Default3a.aspx?rpttype=afr&rpt=AFR_PrintFull_public&rptName=Annual%20Financial%20Report%20-%20Full%20Report&rpt_unit_in=615&referrer=byunit,https://gateway.ifionline.org/report_builder/Default3a.aspx?rpttype=afr&rpt=cash_inv_combined&rptName=Cash%20and%20Investments&rpt_unit_in=615&referrer=byunit,https://gateway.ifionline.org/report_builder/Default3a.aspx?rpttype=employComp&rpt=EmployComp&rptName=Employee%20Compensation&rpt_unit_in=615&referrer=byunit,
Floyd,Franklin Township,22-007.00,,,,1536,1627,2025,300867.75,59504.05,21031.9,20627.73,404.17,0,339339.9,https://gateway.ifionline.org/report_builder/Default3a.aspx?rpttype=afr&rpt=AFR_PrintFull_public&rptName=Annual%20Financial%20Report%20-%20Full%20Report&rpt_unit_in=623&referrer=byunit,https://gateway.ifionline.org/report_builder/Default3a.aspx?rpttype=afr&rpt=cash_inv_combined&rptName=Cash%20and%20Investments&rpt_unit_in=623&referrer=byunit,https://gateway.ifionline.org/report_builder/Default3a.aspx?rpttype=employComp&rpt=EmployComp&rptName=Employee%20Compensation&rpt_unit_in=623&referrer=byunit,Not found in 2025 100R employee compensation
Floyd,Georgetown Township,22-008.00,Roney Dee,Trustee,16500.0,11186,11606,2025,138478.87,92768.0,98196.2,53201.99,32253.34,0,133050.67,https://gateway.ifionline.org/report_builder/Default3a.aspx?rpttype=afr&rpt=AFR_PrintFull_public&rptName=Annual%20Financial%20Report%20-%20Full%20Report&rpt_unit_in=624&referrer=byunit,https://gateway.ifionline.org/report_builder/Default3a.aspx?rpttype=afr&rpt=cash_inv_combined&rptName=Cash%20and%20Investments&rpt_unit_in=624&referrer=byunit,https://gateway.ifionline.org/report_builder/Default3a.aspx?rpttype=employComp&rpt=EmployComp&rptName=Employee%20Compensation&rpt_unit_in=624&referrer=byunit,
Floyd,Greenville Township,22-009.00,Mary J Loop,Trustee,15000.0,7616,8014,2025,348031.24,6297.85,38839.15,36207.61,2281.54,0,315489.94,https://gateway.ifionline.org/report_builder/Default3a.aspx?rpttype=afr&rpt=AFR_PrintFull_public&rptName=Annual%20Financial%20Report%20-%20Full%20Report&rpt_unit_in=625&referrer=byunit,https://gateway.ifionline.org/report_builder/Default3a.aspx?rpttype=afr&rpt=cash_inv_combined&rptName=Cash%20and%20Investments&rpt_unit_in=625&referrer=byunit,https://gateway.ifionline.org/report_builder/Default3a.aspx?rpttype=employComp&rpt=EmployComp&rptName=Employee%20Compensation&rpt_unit_in=625&referrer=byunit,
Floyd,Lafayette Township,22-010.00,Jeff A Williams,trustee,15000.0,8113,8526,2025,143346.5,39001.51,46754.64,28530.02,10348.99,0,135593.37,https://gateway.ifionline.org/report_builder/Default3a.aspx?rpttype=afr&rpt=AFR_PrintFull_public&rptName=Annual%20Financial%20Report%20-%20Full%20Report&rpt_unit_in=626&referrer=byunit,https://gateway.ifionline.org/report_builder/Default3a.aspx?rpttype=afr&rpt=cash_inv_combined&rptName=Cash%20and%20Investments&rpt_unit_in=626&referrer=byunit,https://gateway.ifionline.org/report_builder/Default3a.aspx?rpttype=employComp&rpt=EmployComp&rptName=Employee%20Compensation&rpt_unit_in=626&referrer=byunit,
Floyd,New Albany Township,22-011.00,David Brewer,Trustee,59000.24,52030,52380,2025,433480.43,606609.15,608457.99,347696.28,135781.71,0,431631.59,https://gateway.ifionline.org/report_builder/Default3a.aspx?rpttype=afr&rpt=AFR_PrintFull_public&rptName=Annual%20Financial%20Report%20-%20Full%20Report&rpt_unit_in=627&referrer=byunit,https://gateway.ifionline.org/report_builder/Default3a.aspx?rpttype=afr&rpt=cash_inv_combined&rptName=Cash%20and%20Investments&rpt_unit_in=627&referrer=byunit,https://gateway.ifionline.org/report_builder/Default3a.aspx?rpttype=employComp&rpt=EmployComp&rptName=Employee%20Compensation&rpt_unit_in=627&referrer=byunit,
Fountain,Cain Township,23-012.00,George Deel,Trustee,4000.0,1118,1127,2025,209743.85,103194.83,65230.49,32284.28,2946.21,30000.0,247708.19,https://gateway.ifionline.org/report_builder/Default3a.aspx?rpttype=afr&rpt=AFR_PrintFull_public&rptName=Annual%20Financial%20Report%20-%20Full%20Report&rpt_unit_in=643&referrer=byunit,https://gateway.ifionline.org/report_builder/Default3a.aspx?rpttype=afr&rpt=cash_inv_combined&rptName=Cash%20and%20Investments&rpt_unit_in=643&referrer=byunit,https://gateway.ifionline.org/report_builder/Default3a.aspx?rpttype=employComp&rpt=EmployComp&rptName=Employee%20Compensation&rpt_unit_in=643&referrer=byunit,
Fountain,Davis Township,23-013.00,,,,570,580,2025,60017.36,26561.22,19194.87,16262.3,953.0,0,67383.71,https://gateway.ifionline.org/report_builder/Default3a.aspx?rpttype=afr&rpt=AFR_PrintFull_public&rptName=Annual%20Financial%20Report%20-%20Full%20Report&rpt_unit_in=644&referrer=byunit,https://gateway.ifionline.org/report_builder/Default3a.aspx?rpttype=afr&rpt=cash_inv_combined&rptName=Cash%20and%20Investments&rpt_unit_in=644&referrer=byunit,https://gateway.ifionline.org/report_builder/Default3a.aspx?rpttype=employComp&rpt=EmployComp&rptName=Employee%20Compensation&rpt_unit_in=644&referrer=byunit,No trustee listed on 2025 100R
Fountain,Fulton Township,23-014.00,Kandy S Peach,Trustee,2700.0,581,600,2025,236488.45,4345.3,13991.71,12922.14,1069.57,0,226842.04,https://gateway.ifionline.org/report_builder/Default3a.aspx?rpttype=afr&rpt=AFR_PrintFull_public&rptName=Annual%20Financial%20Report%20-%20Full%20Report&rpt_unit_in=645&referrer=byunit,https://gateway.ifionline.org/report_builder/Default3a.aspx?rpttype=afr&rpt=cash_inv_combined&rptName=Cash%20and%20Investments&rpt_unit_in=645&referrer=byunit,https://gateway.ifionline.org/report_builder/Default3a.aspx?rpttype=employComp&rpt=EmployComp&rptName=Employee%20Compensation&rpt_unit_in=645&referrer=byunit,
Fountain,Jackson Township,23-015.00,,,,602,619,2025,89507.78,8785.99,7373.87,7373.87,0,0,90919.9,https://gateway.ifionline.org/report_builder/Default3a.aspx?rpttype=afr&rpt=AFR_PrintFull_public&rptName=Annual%20Financial%20Report%20-%20Full%20Report&rpt_unit_in=646&referrer=byunit,https://gateway.ifionline.org/report_builder/Default3a.aspx?rpttype=afr&rpt=cash_inv_combined&rptName=Cash%20and%20Investments&rpt_unit_in=646&referrer=byunit,https://gateway.ifionline.org/report_builder/Default3a.aspx?rpttype=employComp&rpt=EmployComp&rptName=Employee%20Compensation&rpt_unit_in=646&referrer=byunit,No trustee listed on 2025 100R
Fountain,Logan Township,23-016.00,Rita Lanum,trustee,7800.0,3399,3694,2025,131740.41,85182.68,90169.96,33871.53,53505.55,0,126753.13,https://gateway.ifionline.org/report_builder/Default3a.aspx?rpttype=afr&rpt=AFR_PrintFull_public&rptName=Annual%20Financial%20Report%20-%20Full%20Report&rpt_unit_in=647&referrer=byunit,https://gateway.ifionline.org/report_builder/Default3a.aspx?rpttype=afr&rpt=cash_inv_combined&rptName=Cash%20and%20Investments&rpt_unit_in=647&referrer=byunit,https://gateway.ifionline.org/report_builder/Default3a.aspx?rpttype=employComp&rpt=EmployComp&rptName=Employee%20Compensation&rpt_unit_in=647&referrer=byunit,
Fountain,Millcreek Township,23-017.00,Mary a Nelson,Trustee,13000.0,1394,1422,2025,454449.7,448659.77,515773.0,273468.75,5708.73,231496.38,387336.47,https://gateway.ifionline.org/report_builder/Default3a.aspx?rpttype=afr&rpt=AFR_PrintFull_public&rptName=Annual%20Financial%20Report%20-%20Full%20Report&rpt_unit_in=648&referrer=byunit,https://gateway.ifionline.org/report_builder/Default3a.aspx?rpttype=afr&rpt=cash_inv_combined&rptName=Cash%20and%20Investments&rpt_unit_in=648&referrer=byunit,https://gateway.ifionline.org/report_builder/Default3a.aspx?rpttype=employComp&rpt=EmployComp&rptName=Employee%20Compensation&rpt_unit_in=648&referrer=byunit,
Fountain,Richland Township,23-018.00,,,,834,843,2025,196865.89,115634.23,60704.89,43207.06,2826.73,0,251795.23,https://gateway.ifionline.org/report_builder/Default3a.aspx?rpttype=afr&rpt=AFR_PrintFull_public&rptName=Annual%20Financial%20Report%20-%20Full%20Report&rpt_unit_in=649&referrer=byunit,https://gateway.ifionline.org/report_builder/Default3a.aspx?rpttype=afr&rpt=cash_inv_combined&rptName=Cash%20and%20Investments&rpt_unit_in=649&referrer=byunit,https://gateway.ifionline.org/report_builder/Default3a.aspx?rpttype=employComp&rpt=EmployComp&rptName=Employee%20Compensation&rpt_unit_in=649&referrer=byunit,No trustee listed on 2025 100R
Fountain,Shawnee Township,23-019.00,Luke Phillippo,Trustee,5150.0,651,660,2025,118124.59,9088.38,16338.22,14037.89,1791.6,0,110874.75,https://gateway.ifionline.org/report_builder/Default3a.aspx?rpttype=afr&rpt=AFR_PrintFull_public&rptName=Annual%20Financial%20Report%20-%20Full%20Report&rpt_unit_in=650&referrer=byunit,https://gateway.ifionline.org/report_builder/Default3a.aspx?rpttype=afr&rpt=cash_inv_combined&rptName=Cash%20and%20Investments&rpt_unit_in=650&referrer=byunit,https://gateway.ifionline.org/report_builder/Default3a.aspx?rpttype=employComp&rpt=EmployComp&rptName=Employee%20Compensation&rpt_unit_in=650&referrer=byunit,
Fountain,Troy Township,23-020.00,Troy Stewart,Trustee,7075.0,3728,3821,2025,251378.05,138555.51,79428.74,69428.74,0,10000.0,310504.82,https://gateway.ifionline.org/report_builder/Default3a.aspx?rpttype=afr&rpt=AFR_PrintFull_public&rptName=Annual%20Financial%20Report%20-%20Full%20Report&rpt_unit_in=651&referrer=byunit,https://gateway.ifionline.org/report_builder/Default3a.aspx?rpttype=afr&rpt=cash_inv_combined&rptName=Cash%20and%20Investments&rpt_unit_in=651&referrer=byunit,https://gateway.ifionline.org/report_builder/Default3a.aspx?rpttype=employComp&rpt=EmployComp&rptName=Employee%20Compensation&rpt_unit_in=651&referrer=byunit,
Fountain,Van Buren Township,23-021.00,Saundra Olds,Trustee,13750.0,2912,2948,2025,342850.15,151872.65,140412.93,84557.97,26324.28,26995.68,354309.87,https://gateway.ifionline.org/report_builder/Default3a.aspx?rpttype=afr&rpt=AFR_PrintFull_public&rptName=Annual%20Financial%20Report%20-%20Full%20Report&rpt_unit_in=652&referrer=byunit,https://gateway.ifionline.org/report_builder/Default3a.aspx?rpttype=afr&rpt=cash_inv_combined&rptName=Cash%20and%20Investments&rpt_unit_in=652&referrer=byunit,https://gateway.ifionline.org/report_builder/Default3a.aspx?rpttype=employComp&rpt=EmployComp&rptName=Employee%20Compensation&rpt_unit_in=652&referrer=byunit,
Fountain,Wabash Township,23-022.00,Nathan Roesner,Trustee,4500.0,692,699,2025,171421.71,68198.52,46231.37,24869.67,0,0,193388.86,https://gateway.ifionline.org/report_builder/Default3a.aspx?rpttype=afr&rpt=AFR_PrintFull_public&rptName=Annual%20Financial%20Report%20-%20Full%20Report&rpt_unit_in=653&referrer=byunit,https://gateway.ifionline.org/report_builder/Default3a.aspx?rpttype=afr&rpt=cash_inv_combined&rptName=Cash%20and%20Investments&rpt_unit_in=653&referrer=byunit,https://gateway.ifionline.org/report_builder/Default3a.aspx?rpttype=employComp&rpt=EmployComp&rptName=Employee%20Compensation&rpt_unit_in=653&referrer=byunit,
Franklin,Bath Township,24-006.00,Greg A A Meier,Trustee,4000.0,353,355,2025,94709.83,18744.58,22401.22,21559.72,0,0,91053.19,https://gateway.ifionline.org/report_builder/Default3a.aspx?rpttype=afr&rpt=AFR_PrintFull_public&rptName=Annual%20Financial%20Report%20-%20Full%20Report&rpt_unit_in=672&referrer=byunit,https://gateway.ifionline.org/report_builder/Default3a.aspx?rpttype=afr&rpt=cash_inv_combined&rptName=Cash%20and%20Investments&rpt_unit_in=672&referrer=byunit,https://gateway.ifionline.org/report_builder/Default3a.aspx?rpttype=employComp&rpt=EmployComp&rptName=Employee%20Compensation&rpt_unit_in=672&referrer=byunit,
Franklin,Blooming Grove Township,24-007.00,Vivian J Shepler,Trustee,12500.0,1019,1034,2025,48389.4,53248.05,55228.15,32908.46,4739.52,0,46409.3,https://gateway.ifionline.org/report_builder/Default3a.aspx?rpttype=afr&rpt=AFR_PrintFull_public&rptName=Annual%20Financial%20Report%20-%20Full%20Report&rpt_unit_in=673&referrer=byunit,https://gateway.ifionline.org/report_builder/Default3a.aspx?rpttype=afr&rpt=cash_inv_combined&rptName=Cash%20and%20Investments&rpt_unit_in=673&referrer=byunit,https://gateway.ifionline.org/report_builder/Default3a.aspx?rpttype=employComp&rpt=EmployComp&rptName=Employee%20Compensation&rpt_unit_in=673&referrer=byunit,
Franklin,Brookville Township,24-008.00,Irwin K Vonderheide,Trustee,15000.0,5697,5797,2025,390209.85,93881.85,180348.75,63556.98,15208.37,94723.0,303742.95,https://gateway.ifionline.org/report_builder/Default3a.aspx?rpttype=afr&rpt=AFR_PrintFull_public&rptName=Annual%20Financial%20Report%20-%20Full%20Report&rpt_unit_in=674&referrer=byunit,https://gateway.ifionline.org/report_builder/Default3a.aspx?rpttype=afr&rpt=cash_inv_combined&rptName=Cash%20and%20Investments&rpt_unit_in=674&referrer=byunit,https://gateway.ifionline.org/report_builder/Default3a.aspx?rpttype=employComp&rpt=EmployComp&rptName=Employee%20Compensation&rpt_unit_in=674&referrer=byunit,
Franklin,Butler Township,24-009.00,Francis Flaspohler,Trustee,6300.0,1311,1343,2025,89472.48,36835.98,31270.57,27524.1,516.02,0,95037.89,https://gateway.ifionline.org/report_builder/Default3a.aspx?rpttype=afr&rpt=AFR_PrintFull_public&rptName=Annual%20Financial%20Report%20-%20Full%20Report&rpt_unit_in=675&referrer=byunit,https://gateway.ifionline.org/report_builder/Default3a.aspx?rpttype=afr&rpt=cash_inv_combined&rptName=Cash%20and%20Investments&rpt_unit_in=675&referrer=byunit,https://gateway.ifionline.org/report_builder/Default3a.aspx?rpttype=employComp&rpt=EmployComp&rptName=Employee%20Compensation&rpt_unit_in=675&referrer=byunit,
Franklin,Fairfield Township,24-010.00,Angela R Nobbe,TRUSTEE,6000.0,510,526,2025,153370.2,32085.54,26390.83,21494.74,1366.09,0,159064.91,https://gateway.ifionline.org/report_builder/Default3a.aspx?rpttype=afr&rpt=AFR_PrintFull_public&rptName=Annual%20Financial%20Report%20-%20Full%20Report&rpt_unit_in=676&referrer=byunit,https://gateway.ifionline.org/report_builder/Default3a.aspx?rpttype=afr&rpt=cash_inv_combined&rptName=Cash%20and%20Investments&rpt_unit_in=676&referrer=byunit,https://gateway.ifionline.org/report_builder/Default3a.aspx?rpttype=employComp&rpt=EmployComp&rptName=Employee%20Compensation&rpt_unit_in=676&referrer=byunit,
Franklin,Highland Township,24-011.00,Arthur DeFossett,Township Trustee,8400.0,1413,1441,2025,152729.96,46715.79,41786.66,39245.44,2541.22,0,157659.09,https://gateway.ifionline.org/report_builder/Default3a.aspx?rpttype=afr&rpt=AFR_PrintFull_public&rptName=Annual%20Financial%20Report%20-%20Full%20Report&rpt_unit_in=677&referrer=byunit,https://gateway.ifionline.org/report_builder/Default3a.aspx?rpttype=afr&rpt=cash_inv_combined&rptName=Cash%20and%20Investments&rpt_unit_in=677&referrer=byunit,https://gateway.ifionline.org/report_builder/Default3a.aspx?rpttype=employComp&rpt=EmployComp&rptName=Employee%20Compensation&rpt_unit_in=677&referrer=byunit,
Franklin,Laurel Township,24-012.00,Frrench Tonja,Trustee,9800.0,1400,1423,2025,121688.14,56460.78,49330.57,26068.72,9026.68,0,128818.35,https://gateway.ifionline.org/report_builder/Default3a.aspx?rpttype=afr&rpt=AFR_PrintFull_public&rptName=Annual%20Financial%20Report%20-%20Full%20Report&rpt_unit_in=678&referrer=byunit,https://gateway.ifionline.org/report_builder/Default3a.aspx?rpttype=afr&rpt=cash_inv_combined&rptName=Cash%20and%20Investments&rpt_unit_in=678&referrer=byunit,https://gateway.ifionline.org/report_builder/Default3a.aspx?rpttype=employComp&rpt=EmployComp&rptName=Employee%20Compensation&rpt_unit_in=678&referrer=byunit,
Franklin,Metamora Township,24-013.00,Mike Ferman,Trustee,10400.0,920,934,2025,86778.45,52960.89,36726.7,33422.83,2390.37,0,103012.64,https://gateway.ifionline.org/report_builder/Default3a.aspx?rpttype=afr&rpt=AFR_PrintFull_public&rptName=Annual%20Financial%20Report%20-%20Full%20Report&rpt_unit_in=679&referrer=byunit,https://gateway.ifionline.org/report_builder/Default3a.aspx?rpttype=afr&rpt=cash_inv_combined&rptName=Cash%20and%20Investments&rpt_unit_in=679&referrer=byunit,https://gateway.ifionline.org/report_builder/Default3a.aspx?rpttype=employComp&rpt=EmployComp&rptName=Employee%20Compensation&rpt_unit_in=679&referrer=byunit,
Franklin,Posey Township,24-014.00,Timothy A Hollars,Trustee,5000.0,1026,1051,2025,21446.44,22986.14,18683.69,16031.4,1428.29,0,25748.89,https://gateway.ifionline.org/report_builder/Default3a.aspx?rpttype=afr&rpt=AFR_PrintFull_public&rptName=Annual%20Financial%20Report%20-%20Full%20Report&rpt_unit_in=680&referrer=byunit,https://gateway.ifionline.org/report_builder/Default3a.aspx?rpttype=afr&rpt=cash_inv_combined&rptName=Cash%20and%20Investments&rpt_unit_in=680&referrer=byunit,https://gateway.ifionline.org/report_builder/Default3a.aspx?rpttype=employComp&rpt=EmployComp&rptName=Employee%20Compensation&rpt_unit_in=680&referrer=byunit,
Franklin,Ray Township,24-015.00,Joseph M Herbert,Trustee,10072.8,4326,4432,2025,588845.41,61152.02,57749.0,31754.33,14177.34,0,592248.43,https://gateway.ifionline.org/report_builder/Default3a.aspx?rpttype=afr&rpt=AFR_PrintFull_public&rptName=Annual%20Financial%20Report%20-%20Full%20Report&rpt_unit_in=681&referrer=byunit,https://gateway.ifionline.org/report_builder/Default3a.aspx?rpttype=afr&rpt=cash_inv_combined&rptName=Cash%20and%20Investments&rpt_unit_in=681&referrer=byunit,https://gateway.ifionline.org/report_builder/Default3a.aspx?rpttype=employComp&rpt=EmployComp&rptName=Employee%20Compensation&rpt_unit_in=681&referrer=byunit,
Franklin,Salt Creek Township,24-016.00,Gary Yane,Trustee,6000.0,983,1003,2025,74684.25,34838.03,36831.45,30456.84,4951.71,0,72690.83,https://gateway.ifionline.org/report_builder/Default3a.aspx?rpttype=afr&rpt=AFR_PrintFull_public&rptName=Annual%20Financial%20Report%20-%20Full%20Report&rpt_unit_in=682&referrer=byunit,https://gateway.ifionline.org/report_builder/Default3a.aspx?rpttype=afr&rpt=cash_inv_combined&rptName=Cash%20and%20Investments&rpt_unit_in=682&referrer=byunit,https://gateway.ifionline.org/report_builder/Default3a.aspx?rpttype=employComp&rpt=EmployComp&rptName=Employee%20Compensation&rpt_unit_in=682&referrer=byunit,
Franklin,Springfield Township,24-017.00,Stephanie Tolhurst,Trustee,6985.68,1127,1192,2025,394742.51,53824.96,46413.33,33625.19,1553.33,0,402154.14,https://gateway.ifionline.org/report_builder/Default3a.aspx?rpttype=afr&rpt=AFR_PrintFull_public&rptName=Annual%20Financial%20Report%20-%20Full%20Report&rpt_unit_in=683&referrer=byunit,https://gateway.ifionline.org/report_builder/Default3a.aspx?rpttype=afr&rpt=cash_inv_combined&rptName=Cash%20and%20Investments&rpt_unit_in=683&referrer=byunit,https://gateway.ifionline.org/report_builder/Default3a.aspx?rpttype=employComp&rpt=EmployComp&rptName=Employee%20Compensation&rpt_unit_in=683&referrer=byunit,
Franklin,Whitewater Township,24-018.00,Roy N Hall,Trustee,12000.0,2705,2755,2025,209448.23,112825.27,99401.04,84930.4,5142.89,0,222872.46,https://gateway.ifionline.org/report_builder/Default3a.aspx?rpttype=afr&rpt=AFR_PrintFull_public&rptName=Annual%20Financial%20Report%20-%20Full%20Report&rpt_unit_in=684&referrer=byunit,https://gateway.ifionline.org/report_builder/Default3a.aspx?rpttype=afr&rpt=cash_inv_combined&rptName=Cash%20and%20Investments&rpt_unit_in=684&referrer=byunit,https://gateway.ifionline.org/report_builder/Default3a.aspx?rpttype=employComp&rpt=EmployComp&rptName=Employee%20Compensation&rpt_unit_in=684&referrer=byunit,"Multiple trustees on 2025 100R: Roy N Hall (Trustee) $12,000.00; Betty J Hall (Secrartery to trustee) $6,000.00"
Fulton,Aubbeenaubbee Township,25-005.00,Bonnie J Pyle,Trustee,8500.0,1356,1347,2025,349248.37,307776.62,262515.49,103852.26,10278.8,19286.02,394509.5,https://gateway.ifionline.org/report_builder/Default3a.aspx?rpttype=afr&rpt=AFR_PrintFull_public&rptName=Annual%20Financial%20Report%20-%20Full%20Report&rpt_unit_in=700&referrer=byunit,https://gateway.ifionline.org/report_builder/Default3a.aspx?rpttype=afr&rpt=cash_inv_combined&rptName=Cash%20and%20Investments&rpt_unit_in=700&referrer=byunit,https://gateway.ifionline.org/report_builder/Default3a.aspx?rpttype=employComp&rpt=EmployComp&rptName=Employee%20Compensation&rpt_unit_in=700&referrer=byunit,
Fulton,Henry Township,25-006.00,Lisa Paxton,Trustee,8851.08,3063,2994,2025,360372.68,188901.38,151437.78,110184.25,4750.17,35530.24,397836.28,https://gateway.ifionline.org/report_builder/Default3a.aspx?rpttype=afr&rpt=AFR_PrintFull_public&rptName=Annual%20Financial%20Report%20-%20Full%20Report&rpt_unit_in=701&referrer=byunit,https://gateway.ifionline.org/report_builder/Default3a.aspx?rpttype=afr&rpt=cash_inv_combined&rptName=Cash%20and%20Investments&rpt_unit_in=701&referrer=byunit,https://gateway.ifionline.org/report_builder/Default3a.aspx?rpttype=employComp&rpt=EmployComp&rptName=Employee%20Compensation&rpt_unit_in=701&referrer=byunit,
Fulton,Liberty Township,25-007.00,James Sutton,Township Trustee,2273.32,1553,1520,2025,389009.8,104889.12,57346.75,52936.0,4410.75,0,436552.17,https://gateway.ifionline.org/report_builder/Default3a.aspx?rpttype=afr&rpt=AFR_PrintFull_public&rptName=Annual%20Financial%20Report%20-%20Full%20Report&rpt_unit_in=702&referrer=byunit,https://gateway.ifionline.org/report_builder/Default3a.aspx?rpttype=afr&rpt=cash_inv_combined&rptName=Cash%20and%20Investments&rpt_unit_in=702&referrer=byunit,https://gateway.ifionline.org/report_builder/Default3a.aspx?rpttype=employComp&rpt=EmployComp&rptName=Employee%20Compensation&rpt_unit_in=702&referrer=byunit,"Multiple trustees on 2025 100R: James Sutton (Township Trustee) $2,273.32; Adam Strasser (Township Trustee) $1,299.04"
Fulton,Newcastle Township,25-008.00,Megihann Leininger,Trustee,12000.0,1368,1368,2025,281571.07,117553.72,117253.06,104609.53,1077.98,9523.0,281871.73,https://gateway.ifionline.org/report_builder/Default3a.aspx?rpttype=afr&rpt=AFR_PrintFull_public&rptName=Annual%20Financial%20Report%20-%20Full%20Report&rpt_unit_in=703&referrer=byunit,https://gateway.ifionline.org/report_builder/Default3a.aspx?rpttype=afr&rpt=cash_inv_combined&rptName=Cash%20and%20Investments&rpt_unit_in=703&referrer=byunit,https://gateway.ifionline.org/report_builder/Default3a.aspx?rpttype=employComp&rpt=EmployComp&rptName=Employee%20Compensation&rpt_unit_in=703&referrer=byunit,
Fulton,Richland Township,25-009.00,Melinda L Clinger,Trustee,6500.0,1097,1074,2025,248438.12,72923.53,63409.62,54345.54,5461.51,0,257952.03,https://gateway.ifionline.org/report_builder/Default3a.aspx?rpttype=afr&rpt=AFR_PrintFull_public&rptName=Annual%20Financial%20Report%20-%20Full%20Report&rpt_unit_in=704&referrer=byunit,https://gateway.ifionline.org/report_builder/Default3a.aspx?rpttype=afr&rpt=cash_inv_combined&rptName=Cash%20and%20Investments&rpt_unit_in=704&referrer=byunit,https://gateway.ifionline.org/report_builder/Default3a.aspx?rpttype=employComp&rpt=EmployComp&rptName=Employee%20Compensation&rpt_unit_in=704&referrer=byunit,
Fulton,Rochester Township,25-010.00,Jayne Tyler,Trustee,16000.0,10224,10001,2025,917951.71,410341.19,187954.23,125016.49,59530.19,0,1140338.67,https://gateway.ifionline.org/report_builder/Default3a.aspx?rpttype=afr&rpt=AFR_PrintFull_public&rptName=Annual%20Financial%20Report%20-%20Full%20Report&rpt_unit_in=705&referrer=byunit,https://gateway.ifionline.org/report_builder/Default3a.aspx?rpttype=afr&rpt=cash_inv_combined&rptName=Cash%20and%20Investments&rpt_unit_in=705&referrer=byunit,https://gateway.ifionline.org/report_builder/Default3a.aspx?rpttype=employComp&rpt=EmployComp&rptName=Employee%20Compensation&rpt_unit_in=705&referrer=byunit,
Fulton,Union Township,25-011.00,Tami Powell,Trustee,6000.0,1282,1256,2025,648822.73,215948.29,111342.83,82708.09,16699.29,0,753428.19,https://gateway.ifionline.org/report_builder/Default3a.aspx?rpttype=afr&rpt=AFR_PrintFull_public&rptName=Annual%20Financial%20Report%20-%20Full%20Report&rpt_unit_in=706&referrer=byunit,https://gateway.ifionline.org/report_builder/Default3a.aspx?rpttype=afr&rpt=cash_inv_combined&rptName=Cash%20and%20Investments&rpt_unit_in=706&referrer=byunit,https://gateway.ifionline.org/report_builder/Default3a.aspx?rpttype=employComp&rpt=EmployComp&rptName=Employee%20Compensation&rpt_unit_in=706&referrer=byunit,
Fulton,Wayne Township,25-012.00,Peggy Dague,Trustee,5000.0,541,531,2025,310465.44,133427.2,111251.02,63411.19,450.0,27337.83,332641.62,https://gateway.ifionline.org/report_builder/Default3a.aspx?rpttype=afr&rpt=AFR_PrintFull_public&rptName=Annual%20Financial%20Report%20-%20Full%20Report&rpt_unit_in=707&referrer=byunit,https://gateway.ifionline.org/report_builder/Default3a.aspx?rpttype=afr&rpt=cash_inv_combined&rptName=Cash%20and%20Investments&rpt_unit_in=707&referrer=byunit,https://gateway.ifionline.org/report_builder/Default3a.aspx?rpttype=employComp&rpt=EmployComp&rptName=Employee%20Compensation&rpt_unit_in=707&referrer=byunit,
Gibson,Barton Township,26-011.00,Thomas Wilkison,Trustee,10000.0,1494,1480,2025,250194.18,33242.99,52738.76,43760.24,3130.07,0,230698.41,https://gateway.ifionline.org/report_builder/Default3a.aspx?rpttype=afr&rpt=AFR_PrintFull_public&rptName=Annual%20Financial%20Report%20-%20Full%20Report&rpt_unit_in=727&referrer=byunit,https://gateway.ifionline.org/report_builder/Default3a.aspx?rpttype=afr&rpt=cash_inv_combined&rptName=Cash%20and%20Investments&rpt_unit_in=727&referrer=byunit,https://gateway.ifionline.org/report_builder/Default3a.aspx?rpttype=employComp&rpt=EmployComp&rptName=Employee%20Compensation&rpt_unit_in=727&referrer=byunit,
Gibson,Center Township,26-012.00,Christine McDonald,Trustee,7500.0,1278,1265,2025,192463.13,69182.11,53522.86,43512.34,8311.77,1000.0,208122.38,https://gateway.ifionline.org/report_builder/Default3a.aspx?rpttype=afr&rpt=AFR_PrintFull_public&rptName=Annual%20Financial%20Report%20-%20Full%20Report&rpt_unit_in=728&referrer=byunit,https://gateway.ifionline.org/report_builder/Default3a.aspx?rpttype=afr&rpt=cash_inv_combined&rptName=Cash%20and%20Investments&rpt_unit_in=728&referrer=byunit,https://gateway.ifionline.org/report_builder/Default3a.aspx?rpttype=employComp&rpt=EmployComp&rptName=Employee%20Compensation&rpt_unit_in=728&referrer=byunit,
Gibson,Columbia Township,26-013.00,Shannon L Green,Trustee,19500.0,3541,3528,2025,386710.88,74956.09,118000.07,105890.04,12110.03,0,343666.9,https://gateway.ifionline.org/report_builder/Default3a.aspx?rpttype=afr&rpt=AFR_PrintFull_public&rptName=Annual%20Financial%20Report%20-%20Full%20Report&rpt_unit_in=729&referrer=byunit,https://gateway.ifionline.org/report_builder/Default3a.aspx?rpttype=afr&rpt=cash_inv_combined&rptName=Cash%20and%20Investments&rpt_unit_in=729&referrer=byunit,https://gateway.ifionline.org/report_builder/Default3a.aspx?rpttype=employComp&rpt=EmployComp&rptName=Employee%20Compensation&rpt_unit_in=729&referrer=byunit,
Gibson,Johnson Township,26-014.00,Patrick T Bengert,TRUSTEE,11250.0,4475,4430,2025,311651.03,50634.38,35177.28,24062.82,7494.0,0,327108.13,https://gateway.ifionline.org/report_builder/Default3a.aspx?rpttype=afr&rpt=AFR_PrintFull_public&rptName=Annual%20Financial%20Report%20-%20Full%20Report&rpt_unit_in=730&referrer=byunit,https://gateway.ifionline.org/report_builder/Default3a.aspx?rpttype=afr&rpt=cash_inv_combined&rptName=Cash%20and%20Investments&rpt_unit_in=730&referrer=byunit,https://gateway.ifionline.org/report_builder/Default3a.aspx?rpttype=employComp&rpt=EmployComp&rptName=Employee%20Compensation&rpt_unit_in=730&referrer=byunit,
Gibson,Montgomery Township,26-015.00,DeWayne E Wade,Trustee,19770.0,4040,4039,2025,693025.25,158345.87,184569.39,131793.86,7629.06,34971.47,666801.73,https://gateway.ifionline.org/report_builder/Default3a.aspx?rpttype=afr&rpt=AFR_PrintFull_public&rptName=Annual%20Financial%20Report%20-%20Full%20Report&rpt_unit_in=731&referrer=byunit,https://gateway.ifionline.org/report_builder/Default3a.aspx?rpttype=afr&rpt=cash_inv_combined&rptName=Cash%20and%20Investments&rpt_unit_in=731&referrer=byunit,https://gateway.ifionline.org/report_builder/Default3a.aspx?rpttype=employComp&rpt=EmployComp&rptName=Employee%20Compensation&rpt_unit_in=731&referrer=byunit,
Gibson,Patoka Township,26-016.00,Phyllis Ernst,Trustee,38025.84,11552,11756,2025,3135395.96,8767688.43,7554197.78,4143998.14,37021.14,1007411.81,4348886.61,https://gateway.ifionline.org/report_builder/Default3a.aspx?rpttype=afr&rpt=AFR_PrintFull_public&rptName=Annual%20Financial%20Report%20-%20Full%20Report&rpt_unit_in=732&referrer=byunit,https://gateway.ifionline.org/report_builder/Default3a.aspx?rpttype=afr&rpt=cash_inv_combined&rptName=Cash%20and%20Investments&rpt_unit_in=732&referrer=byunit,https://gateway.ifionline.org/report_builder/Default3a.aspx?rpttype=employComp&rpt=EmployComp&rptName=Employee%20Compensation&rpt_unit_in=732&referrer=byunit,
Gibson,Union Township,26-017.00,Jessica Kramer,Trustee,29000.0,4397,4351,2025,729755.98,645831.5,515036.7,297973.79,17006.98,6000.0,860550.78,https://gateway.ifionline.org/report_builder/Default3a.aspx?rpttype=afr&rpt=AFR_PrintFull_public&rptName=Annual%20Financial%20Report%20-%20Full%20Report&rpt_unit_in=733&referrer=byunit,https://gateway.ifionline.org/report_builder/Default3a.aspx?rpttype=afr&rpt=cash_inv_combined&rptName=Cash%20and%20Investments&rpt_unit_in=733&referrer=byunit,https://gateway.ifionline.org/report_builder/Default3a.aspx?rpttype=employComp&rpt=EmployComp&rptName=Employee%20Compensation&rpt_unit_in=733&referrer=byunit,
Gibson,Wabash Township,26-018.00,Dorothy Jaquemai,Trustee,16999.92,29,29,2025,82609.56,39032.66,64391.74,64238.74,0,0,57250.48,https://gateway.ifionline.org/report_builder/Default3a.aspx?rpttype=afr&rpt=AFR_PrintFull_public&rptName=Annual%20Financial%20Report%20-%20Full%20Report&rpt_unit_in=734&referrer=byunit,https://gateway.ifionline.org/report_builder/Default3a.aspx?rpttype=afr&rpt=cash_inv_combined&rptName=Cash%20and%20Investments&rpt_unit_in=734&referrer=byunit,https://gateway.ifionline.org/report_builder/Default3a.aspx?rpttype=employComp&rpt=EmployComp&rptName=Employee%20Compensation&rpt_unit_in=734&referrer=byunit,
Gibson,Washington Township,26-019.00,Tony Schroeder,Trustee,11000.0,735,737,2025,90183.96,32294.04,49285.78,44067.28,0,0,73192.22,https://gateway.ifionline.org/report_builder/Default3a.aspx?rpttype=afr&rpt=AFR_PrintFull_public&rptName=Annual%20Financial%20Report%20-%20Full%20Report&rpt_unit_in=735&referrer=byunit,https://gateway.ifionline.org/report_builder/Default3a.aspx?rpttype=afr&rpt=cash_inv_combined&rptName=Cash%20and%20Investments&rpt_unit_in=735&referrer=byunit,https://gateway.ifionline.org/report_builder/Default3a.aspx?rpttype=employComp&rpt=EmployComp&rptName=Employee%20Compensation&rpt_unit_in=735&referrer=byunit,
Gibson,White River Township,26-020.00,Chad Ellis,TRUSTEE,9000.0,1479,1476,2025,215220.77,270569.95,226173.33,145772.43,4850.0,0,259617.39,https://gateway.ifionline.org/report_builder/Default3a.aspx?rpttype=afr&rpt=AFR_PrintFull_public&rptName=Annual%20Financial%20Report%20-%20Full%20Report&rpt_unit_in=736&referrer=byunit,https://gateway.ifionline.org/report_builder/Default3a.aspx?rpttype=afr&rpt=cash_inv_combined&rptName=Cash%20and%20Investments&rpt_unit_in=736&referrer=byunit,https://gateway.ifionline.org/report_builder/Default3a.aspx?rpttype=employComp&rpt=EmployComp&rptName=Employee%20Compensation&rpt_unit_in=736&referrer=byunit,
Grant,Center Township,27-011.00,Deborah Cain,Trustee,46921.28,21652,21606,2025,479449.18,982658.86,1157401.5,589220.28,251327.01,274585.57,304706.54,https://gateway.ifionline.org/report_builder/Default3a.aspx?rpttype=afr&rpt=AFR_PrintFull_public&rptName=Annual%20Financial%20Report%20-%20Full%20Report&rpt_unit_in=760&referrer=byunit,https://gateway.ifionline.org/report_builder/Default3a.aspx?rpttype=afr&rpt=cash_inv_combined&rptName=Cash%20and%20Investments&rpt_unit_in=760&referrer=byunit,https://gateway.ifionline.org/report_builder/Default3a.aspx?rpttype=employComp&rpt=EmployComp&rptName=Employee%20Compensation&rpt_unit_in=760&referrer=byunit,
Grant,Fairmount Township,27-012.00,Richard L Savage,Trustee,19749.96,3976,3978,2025,270574.47,286702.92,272365.31,91113.78,12824.86,23849.84,284912.08,https://gateway.ifionline.org/report_builder/Default3a.aspx?rpttype=afr&rpt=AFR_PrintFull_public&rptName=Annual%20Financial%20Report%20-%20Full%20Report&rpt_unit_in=761&referrer=byunit,https://gateway.ifionline.org/report_builder/Default3a.aspx?rpttype=afr&rpt=cash_inv_combined&rptName=Cash%20and%20Investments&rpt_unit_in=761&referrer=byunit,https://gateway.ifionline.org/report_builder/Default3a.aspx?rpttype=employComp&rpt=EmployComp&rptName=Employee%20Compensation&rpt_unit_in=761&referrer=byunit,
Grant,Franklin Township,27-013.00,Kevin Carmichael,TRUSTEE,15000.0,7053,7070,2025,663066.99,237462.34,229241.33,74105.83,117965.14,0,671288.0,https://gateway.ifionline.org/report_builder/Default3a.aspx?rpttype=afr&rpt=AFR_PrintFull_public&rptName=Annual%20Financial%20Report%20-%20Full%20Report&rpt_unit_in=762&referrer=byunit,https://gateway.ifionline.org/report_builder/Default3a.aspx?rpttype=afr&rpt=cash_inv_combined&rptName=Cash%20and%20Investments&rpt_unit_in=762&referrer=byunit,https://gateway.ifionline.org/report_builder/Default3a.aspx?rpttype=employComp&rpt=EmployComp&rptName=Employee%20Compensation&rpt_unit_in=762&referrer=byunit,
Grant,Green Township,27-014.00,Larry Downs,Trustee,4800.0,456,451,2025,259053.34,72888.95,74442.95,58098.74,2000.0,13281.21,257499.34,https://gateway.ifionline.org/report_builder/Default3a.aspx?rpttype=afr&rpt=AFR_PrintFull_public&rptName=Annual%20Financial%20Report%20-%20Full%20Report&rpt_unit_in=763&referrer=byunit,https://gateway.ifionline.org/report_builder/Default3a.aspx?rpttype=afr&rpt=cash_inv_combined&rptName=Cash%20and%20Investments&rpt_unit_in=763&referrer=byunit,https://gateway.ifionline.org/report_builder/Default3a.aspx?rpttype=employComp&rpt=EmployComp&rptName=Employee%20Compensation&rpt_unit_in=763&referrer=byunit,
Grant,Jefferson Township,27-015.00,Craig A Luthy,Trustee,5300.0,5676,5689,2025,453428.37,191636.62,111482.48,104758.85,6723.63,0,533582.51,https://gateway.ifionline.org/report_builder/Default3a.aspx?rpttype=afr&rpt=AFR_PrintFull_public&rptName=Annual%20Financial%20Report%20-%20Full%20Report&rpt_unit_in=764&referrer=byunit,https://gateway.ifionline.org/report_builder/Default3a.aspx?rpttype=afr&rpt=cash_inv_combined&rptName=Cash%20and%20Investments&rpt_unit_in=764&referrer=byunit,https://gateway.ifionline.org/report_builder/Default3a.aspx?rpttype=employComp&rpt=EmployComp&rptName=Employee%20Compensation&rpt_unit_in=764&referrer=byunit,
Grant,Liberty Township,27-016.00,Gregory B Thompson,TRUSTEE,6000.0,903,898,2024,249107.02,60230.09,71094.06,31393.0,5048.0,32579.0,238243.05,https://gateway.ifionline.org/report_builder/Default3a.aspx?rpttype=afr&rpt=AFR_PrintFull_public&rptName=Annual%20Financial%20Report%20-%20Full%20Report&rpt_unit_in=765&referrer=byunit,https://gateway.ifionline.org/report_builder/Default3a.aspx?rpttype=afr&rpt=cash_inv_combined&rptName=Cash%20and%20Investments&rpt_unit_in=765&referrer=byunit,https://gateway.ifionline.org/report_builder/Default3a.aspx?rpttype=employComp&rpt=EmployComp&rptName=Employee%20Compensation&rpt_unit_in=765&referrer=byunit,No 2025 AFR on Gateway; financials are 2024
Grant,Mill Township,27-017.00,Dennis W Banks,TRUSTEE,20400.0,10487,10416,2025,509675.21,532829.14,487142.94,291572.36,71764.01,105920.27,555361.41,https://gateway.ifionline.org/report_builder/Default3a.aspx?rpttype=afr&rpt=AFR_PrintFull_public&rptName=Annual%20Financial%20Report%20-%20Full%20Report&rpt_unit_in=766&referrer=byunit,https://gateway.ifionline.org/report_builder/Default3a.aspx?rpttype=afr&rpt=cash_inv_combined&rptName=Cash%20and%20Investments&rpt_unit_in=766&referrer=byunit,https://gateway.ifionline.org/report_builder/Default3a.aspx?rpttype=employComp&rpt=EmployComp&rptName=Employee%20Compensation&rpt_unit_in=766&referrer=byunit,
Grant,Monroe Township,27-018.00,Jeffery Bernaix,Trustee,4600.0,1653,1656,2025,105168.53,48277.97,41699.17,37361.08,3320.38,0,111747.33,https://gateway.ifionline.org/report_builder/Default3a.aspx?rpttype=afr&rpt=AFR_PrintFull_public&rptName=Annual%20Financial%20Report%20-%20Full%20Report&rpt_unit_in=767&referrer=byunit,https://gateway.ifionline.org/report_builder/Default3a.aspx?rpttype=afr&rpt=cash_inv_combined&rptName=Cash%20and%20Investments&rpt_unit_in=767&referrer=byunit,https://gateway.ifionline.org/report_builder/Default3a.aspx?rpttype=employComp&rpt=EmployComp&rptName=Employee%20Compensation&rpt_unit_in=767&referrer=byunit,
Grant,Pleasant Township,27-019.00,Ted A Tobias,Trustee,13200.0,7006,6984,2025,152201.03,102599.6,82505.15,59817.03,18391.22,0,172295.48,https://gateway.ifionline.org/report_builder/Default3a.aspx?rpttype=afr&rpt=AFR_PrintFull_public&rptName=Annual%20Financial%20Report%20-%20Full%20Report&rpt_unit_in=768&referrer=byunit,https://gateway.ifionline.org/report_builder/Default3a.aspx?rpttype=afr&rpt=cash_inv_combined&rptName=Cash%20and%20Investments&rpt_unit_in=768&referrer=byunit,https://gateway.ifionline.org/report_builder/Default3a.aspx?rpttype=employComp&rpt=EmployComp&rptName=Employee%20Compensation&rpt_unit_in=768&referrer=byunit,
Grant,Richland Township,27-020.00,James m Hawkins,Trustee,7200.0,904,901,2025,104821.94,53234.57,39798.95,38881.85,917.1,0,118257.56,https://gateway.ifionline.org/report_builder/Default3a.aspx?rpttype=afr&rpt=AFR_PrintFull_public&rptName=Annual%20Financial%20Report%20-%20Full%20Report&rpt_unit_in=769&referrer=byunit,https://gateway.ifionline.org/report_builder/Default3a.aspx?rpttype=afr&rpt=cash_inv_combined&rptName=Cash%20and%20Investments&rpt_unit_in=769&referrer=byunit,https://gateway.ifionline.org/report_builder/Default3a.aspx?rpttype=employComp&rpt=EmployComp&rptName=Employee%20Compensation&rpt_unit_in=769&referrer=byunit,
Grant,Sims Township,27-021.00,Jeff Duncan,Trustee,3048.0,1681,1668,2025,287876.13,132559.2,97806.33,70450.54,6994.92,18904.85,322629.0,https://gateway.ifionline.org/report_builder/Default3a.aspx?rpttype=afr&rpt=AFR_PrintFull_public&rptName=Annual%20Financial%20Report%20-%20Full%20Report&rpt_unit_in=770&referrer=byunit,https://gateway.ifionline.org/report_builder/Default3a.aspx?rpttype=afr&rpt=cash_inv_combined&rptName=Cash%20and%20Investments&rpt_unit_in=770&referrer=byunit,https://gateway.ifionline.org/report_builder/Default3a.aspx?rpttype=employComp&rpt=EmployComp&rptName=Employee%20Compensation&rpt_unit_in=770&referrer=byunit,
Grant,Van Buren Township,27-022.00,Susan Hinderliter,TRUSTEE,16000.0,1789,1779,2025,295910.1,104725.12,80133.31,70823.28,4819.64,71.99,320501.91,https://gateway.ifionline.org/report_builder/Default3a.aspx?rpttype=afr&rpt=AFR_PrintFull_public&rptName=Annual%20Financial%20Report%20-%20Full%20Report&rpt_unit_in=771&referrer=byunit,https://gateway.ifionline.org/report_builder/Default3a.aspx?rpttype=afr&rpt=cash_inv_combined&rptName=Cash%20and%20Investments&rpt_unit_in=771&referrer=byunit,https://gateway.ifionline.org/report_builder/Default3a.aspx?rpttype=employComp&rpt=EmployComp&rptName=Employee%20Compensation&rpt_unit_in=771&referrer=byunit,
Grant,Washington Township,27-023.00,Tresa Baker,TRUSTER,15000.0,3436,3428,2025,147976.41,196103.38,207216.47,169531.75,33578.76,0,136863.32,https://gateway.ifionline.org/report_builder/Default3a.aspx?rpttype=afr&rpt=AFR_PrintFull_public&rptName=Annual%20Financial%20Report%20-%20Full%20Report&rpt_unit_in=772&referrer=byunit,https://gateway.ifionline.org/report_builder/Default3a.aspx?rpttype=afr&rpt=cash_inv_combined&rptName=Cash%20and%20Investments&rpt_unit_in=772&referrer=byunit,https://gateway.ifionline.org/report_builder/Default3a.aspx?rpttype=employComp&rpt=EmployComp&rptName=Employee%20Compensation&rpt_unit_in=772&referrer=byunit,
Greene,Beech Creek Township,28-020.00,Gregory Thacker,Trustee,12600.0,2382,2429,2025,362512.05,119970.38,79041.02,63264.29,1572.4,10340.0,403441.41,https://gateway.ifionline.org/report_builder/Default3a.aspx?rpttype=afr&rpt=AFR_PrintFull_public&rptName=Annual%20Financial%20Report%20-%20Full%20Report&rpt_unit_in=805&referrer=byunit,https://gateway.ifionline.org/report_builder/Default3a.aspx?rpttype=afr&rpt=cash_inv_combined&rptName=Cash%20and%20Investments&rpt_unit_in=805&referrer=byunit,https://gateway.ifionline.org/report_builder/Default3a.aspx?rpttype=employComp&rpt=EmployComp&rptName=Employee%20Compensation&rpt_unit_in=805&referrer=byunit,
Greene,Cass Township,28-021.00,Lucas Sipes,Trustee,10500.0,290,291,2025,239124.14,67380.38,70797.58,66423.43,1094.18,0,235706.94,https://gateway.ifionline.org/report_builder/Default3a.aspx?rpttype=afr&rpt=AFR_PrintFull_public&rptName=Annual%20Financial%20Report%20-%20Full%20Report&rpt_unit_in=806&referrer=byunit,https://gateway.ifionline.org/report_builder/Default3a.aspx?rpttype=afr&rpt=cash_inv_combined&rptName=Cash%20and%20Investments&rpt_unit_in=806&referrer=byunit,https://gateway.ifionline.org/report_builder/Default3a.aspx?rpttype=employComp&rpt=EmployComp&rptName=Employee%20Compensation&rpt_unit_in=806&referrer=byunit,
Greene,Center Township,28-022.00,Garry L Jackson,Trustee,17400.0,3203,3262,2025,607198.89,732815.86,549142.36,393116.59,3867.3,146655.54,790872.39,https://gateway.ifionline.org/report_builder/Default3a.aspx?rpttype=afr&rpt=AFR_PrintFull_public&rptName=Annual%20Financial%20Report%20-%20Full%20Report&rpt_unit_in=807&referrer=byunit,https://gateway.ifionline.org/report_builder/Default3a.aspx?rpttype=afr&rpt=cash_inv_combined&rptName=Cash%20and%20Investments&rpt_unit_in=807&referrer=byunit,https://gateway.ifionline.org/report_builder/Default3a.aspx?rpttype=employComp&rpt=EmployComp&rptName=Employee%20Compensation&rpt_unit_in=807&referrer=byunit,
Greene,Fairplay Township,28-023.00,Julia Bartlow,Trustee,4200.0,504,507,2025,371601.18,53697.44,28914.5,24268.17,2866.28,0,396384.12,https://gateway.ifionline.org/report_builder/Default3a.aspx?rpttype=afr&rpt=AFR_PrintFull_public&rptName=Annual%20Financial%20Report%20-%20Full%20Report&rpt_unit_in=808&referrer=byunit,https://gateway.ifionline.org/report_builder/Default3a.aspx?rpttype=afr&rpt=cash_inv_combined&rptName=Cash%20and%20Investments&rpt_unit_in=808&referrer=byunit,https://gateway.ifionline.org/report_builder/Default3a.aspx?rpttype=employComp&rpt=EmployComp&rptName=Employee%20Compensation&rpt_unit_in=808&referrer=byunit,"Multiple trustees on 2025 100R: Julia Bartlow (Trustee) $4,200.00; Aleta C Crowe (Trustee) $4,200.00"
Greene,Grant Township,28-024.00,Melonie Graves,Trustee,7600.0,676,685,2025,221144.23,35628.62,20536.17,16996.34,2102.05,0,236236.68,https://gateway.ifionline.org/report_builder/Default3a.aspx?rpttype=afr&rpt=AFR_PrintFull_public&rptName=Annual%20Financial%20Report%20-%20Full%20Report&rpt_unit_in=809&referrer=byunit,https://gateway.ifionline.org/report_builder/Default3a.aspx?rpttype=afr&rpt=cash_inv_combined&rptName=Cash%20and%20Investments&rpt_unit_in=809&referrer=byunit,https://gateway.ifionline.org/report_builder/Default3a.aspx?rpttype=employComp&rpt=EmployComp&rptName=Employee%20Compensation&rpt_unit_in=809&referrer=byunit,
Greene,Highland Township,28-025.00,Brian Kollmeyer,Trustee,12000.0,719,748,2025,263586.85,109448.44,49639.72,46403.82,550.0,0,323395.57,https://gateway.ifionline.org/report_builder/Default3a.aspx?rpttype=afr&rpt=AFR_PrintFull_public&rptName=Annual%20Financial%20Report%20-%20Full%20Report&rpt_unit_in=810&referrer=byunit,https://gateway.ifionline.org/report_builder/Default3a.aspx?rpttype=afr&rpt=cash_inv_combined&rptName=Cash%20and%20Investments&rpt_unit_in=810&referrer=byunit,https://gateway.ifionline.org/report_builder/Default3a.aspx?rpttype=employComp&rpt=EmployComp&rptName=Employee%20Compensation&rpt_unit_in=810&referrer=byunit,
Greene,Jackson Township,28-026.00,Seth Wagner,Trustee,10000.0,1803,1844,2025,334750.54,149473.93,58605.62,36294.64,6165.38,12600.0,425618.85,https://gateway.ifionline.org/report_builder/Default3a.aspx?rpttype=afr&rpt=AFR_PrintFull_public&rptName=Annual%20Financial%20Report%20-%20Full%20Report&rpt_unit_in=811&referrer=byunit,https://gateway.ifionline.org/report_builder/Default3a.aspx?rpttype=afr&rpt=cash_inv_combined&rptName=Cash%20and%20Investments&rpt_unit_in=811&referrer=byunit,https://gateway.ifionline.org/report_builder/Default3a.aspx?rpttype=employComp&rpt=EmployComp&rptName=Employee%20Compensation&rpt_unit_in=811&referrer=byunit,
Greene,Jefferson Township,28-027.00,Risa R Dyar,Trustee,19500.0,1906,1933,2025,806510.09,190541.22,138302.66,56459.48,9001.0,0,858748.65,https://gateway.ifionline.org/report_builder/Default3a.aspx?rpttype=afr&rpt=AFR_PrintFull_public&rptName=Annual%20Financial%20Report%20-%20Full%20Report&rpt_unit_in=812&referrer=byunit,https://gateway.ifionline.org/report_builder/Default3a.aspx?rpttype=afr&rpt=cash_inv_combined&rptName=Cash%20and%20Investments&rpt_unit_in=812&referrer=byunit,https://gateway.ifionline.org/report_builder/Default3a.aspx?rpttype=employComp&rpt=EmployComp&rptName=Employee%20Compensation&rpt_unit_in=812&referrer=byunit,
Greene,Richland Township,28-028.00,Susan Brown,Trustee,20350.04,4672,4714,2025,690084.1,191997.19,118710.02,95862.02,9677.53,7057.9,763371.27,https://gateway.ifionline.org/report_builder/Default3a.aspx?rpttype=afr&rpt=AFR_PrintFull_public&rptName=Annual%20Financial%20Report%20-%20Full%20Report&rpt_unit_in=813&referrer=byunit,https://gateway.ifionline.org/report_builder/Default3a.aspx?rpttype=afr&rpt=cash_inv_combined&rptName=Cash%20and%20Investments&rpt_unit_in=813&referrer=byunit,https://gateway.ifionline.org/report_builder/Default3a.aspx?rpttype=employComp&rpt=EmployComp&rptName=Employee%20Compensation&rpt_unit_in=813&referrer=byunit,
Greene,Smith Township,28-029.00,Terry Blanton,Trustee,6200.0,357,365,2025,260360.37,10026.31,20127.7,19508.05,0,0,250258.98,https://gateway.ifionline.org/report_builder/Default3a.aspx?rpttype=afr&rpt=AFR_PrintFull_public&rptName=Annual%20Financial%20Report%20-%20Full%20Report&rpt_unit_in=814&referrer=byunit,https://gateway.ifionline.org/report_builder/Default3a.aspx?rpttype=afr&rpt=cash_inv_combined&rptName=Cash%20and%20Investments&rpt_unit_in=814&referrer=byunit,https://gateway.ifionline.org/report_builder/Default3a.aspx?rpttype=employComp&rpt=EmployComp&rptName=Employee%20Compensation&rpt_unit_in=814&referrer=byunit,
Greene,Stafford Township,28-030.00,Justin W Dale,Trustee,4600.0,415,426,2025,49757.18,34838.83,28016.48,25643.07,1450.0,0,56579.53,https://gateway.ifionline.org/report_builder/Default3a.aspx?rpttype=afr&rpt=AFR_PrintFull_public&rptName=Annual%20Financial%20Report%20-%20Full%20Report&rpt_unit_in=815&referrer=byunit,https://gateway.ifionline.org/report_builder/Default3a.aspx?rpttype=afr&rpt=cash_inv_combined&rptName=Cash%20and%20Investments&rpt_unit_in=815&referrer=byunit,https://gateway.ifionline.org/report_builder/Default3a.aspx?rpttype=employComp&rpt=EmployComp&rptName=Employee%20Compensation&rpt_unit_in=815&referrer=byunit,
Greene,Stockton Township,28-031.00,Donna J Smith,Trustee,24600.0,8187,8254,2025,934561.88,374964.7,292310.17,246263.07,29436.41,7422.0,1017216.41,https://gateway.ifionline.org/report_builder/Default3a.aspx?rpttype=afr&rpt=AFR_PrintFull_public&rptName=Annual%20Financial%20Report%20-%20Full%20Report&rpt_unit_in=816&referrer=byunit,https://gateway.ifionline.org/report_builder/Default3a.aspx?rpttype=afr&rpt=cash_inv_combined&rptName=Cash%20and%20Investments&rpt_unit_in=816&referrer=byunit,https://gateway.ifionline.org/report_builder/Default3a.aspx?rpttype=employComp&rpt=EmployComp&rptName=Employee%20Compensation&rpt_unit_in=816&referrer=byunit,
Greene,Taylor Township,28-032.00,Kristi K Hartzburg,Trustee,6500.0,1104,1123,2025,443877.0,197987.37,108294.27,106776.28,389.07,0,533570.1,https://gateway.ifionline.org/report_builder/Default3a.aspx?rpttype=afr&rpt=AFR_PrintFull_public&rptName=Annual%20Financial%20Report%20-%20Full%20Report&rpt_unit_in=817&referrer=byunit,https://gateway.ifionline.org/report_builder/Default3a.aspx?rpttype=afr&rpt=cash_inv_combined&rptName=Cash%20and%20Investments&rpt_unit_in=817&referrer=byunit,https://gateway.ifionline.org/report_builder/Default3a.aspx?rpttype=employComp&rpt=EmployComp&rptName=Employee%20Compensation&rpt_unit_in=817&referrer=byunit,
Greene,Washington Township,28-033.00,Jay D Kaho,Trustee,10197.0,1000,1017,2025,344061.85,106313.36,49838.04,37202.14,5323.91,0,400537.17,https://gateway.ifionline.org/report_builder/Default3a.aspx?rpttype=afr&rpt=AFR_PrintFull_public&rptName=Annual%20Financial%20Report%20-%20Full%20Report&rpt_unit_in=818&referrer=byunit,https://gateway.ifionline.org/report_builder/Default3a.aspx?rpttype=afr&rpt=cash_inv_combined&rptName=Cash%20and%20Investments&rpt_unit_in=818&referrer=byunit,https://gateway.ifionline.org/report_builder/Default3a.aspx?rpttype=employComp&rpt=EmployComp&rptName=Employee%20Compensation&rpt_unit_in=818&referrer=byunit,
Greene,Wright Township,28-034.00,Ashley L Rehmel,Trustee,18600.0,3581,3567,2025,1133319.12,59341.14,138314.23,105292.63,27493.19,1273.27,1054346.03,https://gateway.ifionline.org/report_builder/Default3a.aspx?rpttype=afr&rpt=AFR_PrintFull_public&rptName=Annual%20Financial%20Report%20-%20Full%20Report&rpt_unit_in=819&referrer=byunit,https://gateway.ifionline.org/report_builder/Default3a.aspx?rpttype=afr&rpt=cash_inv_combined&rptName=Cash%20and%20Investments&rpt_unit_in=819&referrer=byunit,https://gateway.ifionline.org/report_builder/Default3a.aspx?rpttype=employComp&rpt=EmployComp&rptName=Employee%20Compensation&rpt_unit_in=819&referrer=byunit,
Hamilton,Adams Township,29-009.00,,,,,,2024,2127457.82,1063839.83,3191297.65,1292633.59,46219.51,54777.79,0.0,https://gateway.ifionline.org/report_builder/Default3a.aspx?rpttype=afr&rpt=AFR_PrintFull_public&rptName=Annual%20Financial%20Report%20-%20Full%20Report&rpt_unit_in=842&referrer=byunit,https://gateway.ifionline.org/report_builder/Default3a.aspx?rpttype=afr&rpt=cash_inv_combined&rptName=Cash%20and%20Investments&rpt_unit_in=842&referrer=byunit,https://gateway.ifionline.org/report_builder/Default3a.aspx?rpttype=employComp&rpt=EmployComp&rptName=Employee%20Compensation&rpt_unit_in=842&referrer=byunit,No 2025 AFR on Gateway; financials are 2024 | Not found in 2025 100R employee compensation | Not matched to a Census township (may be merged or renamed) | Census does not list Adams Township separately (area appears as Sheridan town)
Hamilton,Clay Township,29-010.00,Paul D Hensel,Trustee,74930.59,99093,104932,2025,10054736.55,11703117.17,15511285.73,8568353.85,25098.33,6816469.66,6246567.99,https://gateway.ifionline.org/report_builder/Default3a.aspx?rpttype=afr&rpt=AFR_PrintFull_public&rptName=Annual%20Financial%20Report%20-%20Full%20Report&rpt_unit_in=843&referrer=byunit,https://gateway.ifionline.org/report_builder/Default3a.aspx?rpttype=afr&rpt=cash_inv_combined&rptName=Cash%20and%20Investments&rpt_unit_in=843&referrer=byunit,https://gateway.ifionline.org/report_builder/Default3a.aspx?rpttype=employComp&rpt=EmployComp&rptName=Employee%20Compensation&rpt_unit_in=843&referrer=byunit,
Hamilton,Delaware Township,29-011.00,Deborah Driskell,Trustee,88357.5,34719,36770,2025,8395411.75,4845589.2,7948365.14,6311693.95,220059.91,529652.12,5292635.81,https://gateway.ifionline.org/report_builder/Default3a.aspx?rpttype=afr&rpt=AFR_PrintFull_public&rptName=Annual%20Financial%20Report%20-%20Full%20Report&rpt_unit_in=844&referrer=byunit,https://gateway.ifionline.org/report_builder/Default3a.aspx?rpttype=afr&rpt=cash_inv_combined&rptName=Cash%20and%20Investments&rpt_unit_in=844&referrer=byunit,https://gateway.ifionline.org/report_builder/Default3a.aspx?rpttype=employComp&rpt=EmployComp&rptName=Employee%20Compensation&rpt_unit_in=844&referrer=byunit,
Hamilton,Fall Creek Township,29-012.00,Doug Allman,Trustee,60000.0,70903,75188,2025,3550008.63,2737286.23,1799611.44,1562072.78,88010.1,115432.35,4487683.42,https://gateway.ifionline.org/report_builder/Default3a.aspx?rpttype=afr&rpt=AFR_PrintFull_public&rptName=Annual%20Financial%20Report%20-%20Full%20Report&rpt_unit_in=845&referrer=byunit,https://gateway.ifionline.org/report_builder/Default3a.aspx?rpttype=afr&rpt=cash_inv_combined&rptName=Cash%20and%20Investments&rpt_unit_in=845&referrer=byunit,https://gateway.ifionline.org/report_builder/Default3a.aspx?rpttype=employComp&rpt=EmployComp&rptName=Employee%20Compensation&rpt_unit_in=845&referrer=byunit,
Hamilton,Jackson Township,29-013.00,Roybn Cook,Trustee,63700.45,10857,11276,2025,3474400.85,3148896.45,2824379.08,2369885.1,32790.41,45073.52,3798918.22,https://gateway.ifionline.org/report_builder/Default3a.aspx?rpttype=afr&rpt=AFR_PrintFull_public&rptName=Annual%20Financial%20Report%20-%20Full%20Report&rpt_unit_in=846&referrer=byunit,https://gateway.ifionline.org/report_builder/Default3a.aspx?rpttype=afr&rpt=cash_inv_combined&rptName=Cash%20and%20Investments&rpt_unit_in=846&referrer=byunit,https://gateway.ifionline.org/report_builder/Default3a.aspx?rpttype=employComp&rpt=EmployComp&rptName=Employee%20Compensation&rpt_unit_in=846&referrer=byunit,
Hamilton,Noblesville Township,29-014.00,Theresa Caldwell,Trustee,86317.0,64090,69123,2025,6311593.01,3722923.83,3078251.09,2415831.12,519377.45,56428.43,6956265.75,https://gateway.ifionline.org/report_builder/Default3a.aspx?rpttype=afr&rpt=AFR_PrintFull_public&rptName=Annual%20Financial%20Report%20-%20Full%20Report&rpt_unit_in=847&referrer=byunit,https://gateway.ifionline.org/report_builder/Default3a.aspx?rpttype=afr&rpt=cash_inv_combined&rptName=Cash%20and%20Investments&rpt_unit_in=847&referrer=byunit,https://gateway.ifionline.org/report_builder/Default3a.aspx?rpttype=employComp&rpt=EmployComp&rptName=Employee%20Compensation&rpt_unit_in=847&referrer=byunit,
Hamilton,Washington Township,29-015.00,Jamie Mills,Trustee,78352.9,49253,70020,2025,4100691.52,3680775.3,3207399.18,2679402.08,188974.42,152597.13,4574067.64,https://gateway.ifionline.org/report_builder/Default3a.aspx?rpttype=afr&rpt=AFR_PrintFull_public&rptName=Annual%20Financial%20Report%20-%20Full%20Report&rpt_unit_in=848&referrer=byunit,https://gateway.ifionline.org/report_builder/Default3a.aspx?rpttype=afr&rpt=cash_inv_combined&rptName=Cash%20and%20Investments&rpt_unit_in=848&referrer=byunit,https://gateway.ifionline.org/report_builder/Default3a.aspx?rpttype=employComp&rpt=EmployComp&rptName=Employee%20Compensation&rpt_unit_in=848&referrer=byunit,Census name(s): Westfield Washington township
Hamilton,Wayne Township,29-016.00,Laura McNamara,Trustee,50000.0,10927,11641,2025,1043265.84,1331800.42,855960.42,647077.49,53931.47,34098.01,1519105.84,https://gateway.ifionline.org/report_builder/Default3a.aspx?rpttype=afr&rpt=AFR_PrintFull_public&rptName=Annual%20Financial%20Report%20-%20Full%20Report&rpt_unit_in=849&referrer=byunit,https://gateway.ifionline.org/report_builder/Default3a.aspx?rpttype=afr&rpt=cash_inv_combined&rptName=Cash%20and%20Investments&rpt_unit_in=849&referrer=byunit,https://gateway.ifionline.org/report_builder/Default3a.aspx?rpttype=employComp&rpt=EmployComp&rptName=Employee%20Compensation&rpt_unit_in=849&referrer=byunit,
Hamilton,White River Township,29-017.00,Jamie Rulon,TRUSTEE,60274.24,2432,2340,2025,1530023.12,1463372.21,1608981.98,934162.15,13568.29,107982.0,1384413.35,https://gateway.ifionline.org/report_builder/Default3a.aspx?rpttype=afr&rpt=AFR_PrintFull_public&rptName=Annual%20Financial%20Report%20-%20Full%20Report&rpt_unit_in=850&referrer=byunit,https://gateway.ifionline.org/report_builder/Default3a.aspx?rpttype=afr&rpt=cash_inv_combined&rptName=Cash%20and%20Investments&rpt_unit_in=850&referrer=byunit,https://gateway.ifionline.org/report_builder/Default3a.aspx?rpttype=employComp&rpt=EmployComp&rptName=Employee%20Compensation&rpt_unit_in=850&referrer=byunit,
Hancock,Blue River Township,30-007.00,,,,1427,1470,2024,475333.28,182180.82,203545.37,199091.62,3670.0,0,453968.73,https://gateway.ifionline.org/report_builder/Default3a.aspx?rpttype=afr&rpt=AFR_PrintFull_public&rptName=Annual%20Financial%20Report%20-%20Full%20Report&rpt_unit_in=879&referrer=byunit,https://gateway.ifionline.org/report_builder/Default3a.aspx?rpttype=afr&rpt=cash_inv_combined&rptName=Cash%20and%20Investments&rpt_unit_in=879&referrer=byunit,https://gateway.ifionline.org/report_builder/Default3a.aspx?rpttype=employComp&rpt=EmployComp&rptName=Employee%20Compensation&rpt_unit_in=879&referrer=byunit,No 2025 AFR on Gateway; financials are 2024 | No trustee listed on 2025 100R
Hancock,Brandywine Township,30-008.00,Kevin Bates,Trustee,7000.0,2397,2476,2025,298237.86,141481.86,125621.94,113442.9,8846.61,0,314097.78,https://gateway.ifionline.org/report_builder/Default3a.aspx?rpttype=afr&rpt=AFR_PrintFull_public&rptName=Annual%20Financial%20Report%20-%20Full%20Report&rpt_unit_in=880&referrer=byunit,https://gateway.ifionline.org/report_builder/Default3a.aspx?rpttype=afr&rpt=cash_inv_combined&rptName=Cash%20and%20Investments&rpt_unit_in=880&referrer=byunit,https://gateway.ifionline.org/report_builder/Default3a.aspx?rpttype=employComp&rpt=EmployComp&rptName=Employee%20Compensation&rpt_unit_in=880&referrer=byunit,
Hancock,Brown Township,30-009.00,Theresa Ebbert,Trustee,6300.0,2516,2567,2025,273598.38,112642.79,109384.52,104643.76,3220.05,0,276856.65,https://gateway.ifionline.org/report_builder/Default3a.aspx?rpttype=afr&rpt=AFR_PrintFull_public&rptName=Annual%20Financial%20Report%20-%20Full%20Report&rpt_unit_in=881&referrer=byunit,https://gateway.ifionline.org/report_builder/Default3a.aspx?rpttype=afr&rpt=cash_inv_combined&rptName=Cash%20and%20Investments&rpt_unit_in=881&referrer=byunit,https://gateway.ifionline.org/report_builder/Default3a.aspx?rpttype=employComp&rpt=EmployComp&rptName=Employee%20Compensation&rpt_unit_in=881&referrer=byunit,
Hancock,Buck Creek Township,30-010.00,Monique Simunek,Trustee,36807.04,9298,10674,2025,5297138.74,9494919.98,7865147.19,6109857.89,36576.51,860416.92,6926911.53,https://gateway.ifionline.org/report_builder/Default3a.aspx?rpttype=afr&rpt=AFR_PrintFull_public&rptName=Annual%20Financial%20Report%20-%20Full%20Report&rpt_unit_in=882&referrer=byunit,https://gateway.ifionline.org/report_builder/Default3a.aspx?rpttype=afr&rpt=cash_inv_combined&rptName=Cash%20and%20Investments&rpt_unit_in=882&referrer=byunit,https://gateway.ifionline.org/report_builder/Default3a.aspx?rpttype=employComp&rpt=EmployComp&rptName=Employee%20Compensation&rpt_unit_in=882&referrer=byunit,
Hancock,Center Township,30-011.00,Thomas C Lopez,Township Trustee,35961.46,28711,31974,2025,1400438.09,775533.43,1150411.3,364839.16,103271.16,489254.2,1025560.22,https://gateway.ifionline.org/report_builder/Default3a.aspx?rpttype=afr&rpt=AFR_PrintFull_public&rptName=Annual%20Financial%20Report%20-%20Full%20Report&rpt_unit_in=883&referrer=byunit,https://gateway.ifionline.org/report_builder/Default3a.aspx?rpttype=afr&rpt=cash_inv_combined&rptName=Cash%20and%20Investments&rpt_unit_in=883&referrer=byunit,https://gateway.ifionline.org/report_builder/Default3a.aspx?rpttype=employComp&rpt=EmployComp&rptName=Employee%20Compensation&rpt_unit_in=883&referrer=byunit,
Hancock,Green Township,30-012.00,Stephanie Jones,Trustee,5825.0,1636,1682,2025,243813.75,262678.84,199834.86,111489.76,5296.87,0,306657.73,https://gateway.ifionline.org/report_builder/Default3a.aspx?rpttype=afr&rpt=AFR_PrintFull_public&rptName=Annual%20Financial%20Report%20-%20Full%20Report&rpt_unit_in=884&referrer=byunit,https://gateway.ifionline.org/report_builder/Default3a.aspx?rpttype=afr&rpt=cash_inv_combined&rptName=Cash%20and%20Investments&rpt_unit_in=884&referrer=byunit,https://gateway.ifionline.org/report_builder/Default3a.aspx?rpttype=employComp&rpt=EmployComp&rptName=Employee%20Compensation&rpt_unit_in=884&referrer=byunit,
Hancock,Jackson Township,30-013.00,Tarra L Youngclaus,Trustee,5000.0,1731,1780,2025,615797.01,191555.11,86015.87,83083.34,2932.53,0,721336.25,https://gateway.ifionline.org/report_builder/Default3a.aspx?rpttype=afr&rpt=AFR_PrintFull_public&rptName=Annual%20Financial%20Report%20-%20Full%20Report&rpt_unit_in=885&referrer=byunit,https://gateway.ifionline.org/report_builder/Default3a.aspx?rpttype=afr&rpt=cash_inv_combined&rptName=Cash%20and%20Investments&rpt_unit_in=885&referrer=byunit,https://gateway.ifionline.org/report_builder/Default3a.aspx?rpttype=employComp&rpt=EmployComp&rptName=Employee%20Compensation&rpt_unit_in=885&referrer=byunit,
Hancock,Sugar Creek Township,30-014.00,Jayson Combs,Trustee,59999.94,16504,18299,2025,8001042.0,20322966.45,19427441.32,9721047.42,11869.69,1148748.02,8896567.13,https://gateway.ifionline.org/report_builder/Default3a.aspx?rpttype=afr&rpt=AFR_PrintFull_public&rptName=Annual%20Financial%20Report%20-%20Full%20Report&rpt_unit_in=886&referrer=byunit,https://gateway.ifionline.org/report_builder/Default3a.aspx?rpttype=afr&rpt=cash_inv_combined&rptName=Cash%20and%20Investments&rpt_unit_in=886&referrer=byunit,https://gateway.ifionline.org/report_builder/Default3a.aspx?rpttype=employComp&rpt=EmployComp&rptName=Employee%20Compensation&rpt_unit_in=886&referrer=byunit,
Hancock,Vernon Township,30-015.00,Florence May,Trustee,46943.94,15608,20047,2025,7476789.15,10903416.1,10470176.37,6406759.93,89223.89,2502633.62,7910028.88,https://gateway.ifionline.org/report_builder/Default3a.aspx?rpttype=afr&rpt=AFR_PrintFull_public&rptName=Annual%20Financial%20Report%20-%20Full%20Report&rpt_unit_in=887&referrer=byunit,https://gateway.ifionline.org/report_builder/Default3a.aspx?rpttype=afr&rpt=cash_inv_combined&rptName=Cash%20and%20Investments&rpt_unit_in=887&referrer=byunit,https://gateway.ifionline.org/report_builder/Default3a.aspx?rpttype=employComp&rpt=EmployComp&rptName=Employee%20Compensation&rpt_unit_in=887&referrer=byunit,
Harrison,Blue River Township,31-014.00,Michael Beyerle,Trustee,9900.0,1989,2025,2025,1861752.96,965290.09,1420357.45,244277.45,589.0,1109530.0,1406685.6,https://gateway.ifionline.org/report_builder/Default3a.aspx?rpttype=afr&rpt=AFR_PrintFull_public&rptName=Annual%20Financial%20Report%20-%20Full%20Report&rpt_unit_in=905&referrer=byunit,https://gateway.ifionline.org/report_builder/Default3a.aspx?rpttype=afr&rpt=cash_inv_combined&rptName=Cash%20and%20Investments&rpt_unit_in=905&referrer=byunit,https://gateway.ifionline.org/report_builder/Default3a.aspx?rpttype=employComp&rpt=EmployComp&rptName=Employee%20Compensation&rpt_unit_in=905&referrer=byunit,
Harrison,Boone Township,31-015.00,Linda King,Trustee,9400.0,1309,1329,2025,239096.37,47399.36,34908.88,22532.72,9876.16,0,251586.85,https://gateway.ifionline.org/report_builder/Default3a.aspx?rpttype=afr&rpt=AFR_PrintFull_public&rptName=Annual%20Financial%20Report%20-%20Full%20Report&rpt_unit_in=906&referrer=byunit,https://gateway.ifionline.org/report_builder/Default3a.aspx?rpttype=afr&rpt=cash_inv_combined&rptName=Cash%20and%20Investments&rpt_unit_in=906&referrer=byunit,https://gateway.ifionline.org/report_builder/Default3a.aspx?rpttype=employComp&rpt=EmployComp&rptName=Employee%20Compensation&rpt_unit_in=906&referrer=byunit,
Harrison,Franklin Township,31-016.00,David Hussung,Township Trustee,9394.0,4158,4223,2025,1049022.7,240925.01,221724.43,71170.34,1850.0,148704.09,1068223.28,https://gateway.ifionline.org/report_builder/Default3a.aspx?rpttype=afr&rpt=AFR_PrintFull_public&rptName=Annual%20Financial%20Report%20-%20Full%20Report&rpt_unit_in=907&referrer=byunit,https://gateway.ifionline.org/report_builder/Default3a.aspx?rpttype=afr&rpt=cash_inv_combined&rptName=Cash%20and%20Investments&rpt_unit_in=907&referrer=byunit,https://gateway.ifionline.org/report_builder/Default3a.aspx?rpttype=employComp&rpt=EmployComp&rptName=Employee%20Compensation&rpt_unit_in=907&referrer=byunit,
Harrison,Harrison Township,31-017.00,Mark E Strange,Trustee,24444.0,13472,13718,2025,1014337.61,167617.2,245527.24,79334.14,52308.73,102300.0,936427.57,https://gateway.ifionline.org/report_builder/Default3a.aspx?rpttype=afr&rpt=AFR_PrintFull_public&rptName=Annual%20Financial%20Report%20-%20Full%20Report&rpt_unit_in=908&referrer=byunit,https://gateway.ifionline.org/report_builder/Default3a.aspx?rpttype=afr&rpt=cash_inv_combined&rptName=Cash%20and%20Investments&rpt_unit_in=908&referrer=byunit,https://gateway.ifionline.org/report_builder/Default3a.aspx?rpttype=employComp&rpt=EmployComp&rptName=Employee%20Compensation&rpt_unit_in=908&referrer=byunit,
Harrison,Heth Township,31-018.00,Teresa Eschbacher,trustee,7200.0,1165,1197,2025,101186.27,28392.76,21382.03,19247.03,2135.0,0,108197.0,https://gateway.ifionline.org/report_builder/Default3a.aspx?rpttype=afr&rpt=AFR_PrintFull_public&rptName=Annual%20Financial%20Report%20-%20Full%20Report&rpt_unit_in=909&referrer=byunit,https://gateway.ifionline.org/report_builder/Default3a.aspx?rpttype=afr&rpt=cash_inv_combined&rptName=Cash%20and%20Investments&rpt_unit_in=909&referrer=byunit,https://gateway.ifionline.org/report_builder/Default3a.aspx?rpttype=employComp&rpt=EmployComp&rptName=Employee%20Compensation&rpt_unit_in=909&referrer=byunit,
Harrison,Jackson Township,31-019.00,Joseph E Martin,Trustee,16900.0,5977,6086,2025,408584.75,784820.11,137863.39,64399.48,9380.97,0,1055541.47,https://gateway.ifionline.org/report_builder/Default3a.aspx?rpttype=afr&rpt=AFR_PrintFull_public&rptName=Annual%20Financial%20Report%20-%20Full%20Report&rpt_unit_in=910&referrer=byunit,https://gateway.ifionline.org/report_builder/Default3a.aspx?rpttype=afr&rpt=cash_inv_combined&rptName=Cash%20and%20Investments&rpt_unit_in=910&referrer=byunit,https://gateway.ifionline.org/report_builder/Default3a.aspx?rpttype=employComp&rpt=EmployComp&rptName=Employee%20Compensation&rpt_unit_in=910&referrer=byunit,
Harrison,Morgan Township,31-020.00,Wyman Childers,Trustee,13200.0,4015,4135,2025,133011.15,43824.51,35659.42,23266.8,9205.12,0,141176.24,https://gateway.ifionline.org/report_builder/Default3a.aspx?rpttype=afr&rpt=AFR_PrintFull_public&rptName=Annual%20Financial%20Report%20-%20Full%20Report&rpt_unit_in=911&referrer=byunit,https://gateway.ifionline.org/report_builder/Default3a.aspx?rpttype=afr&rpt=cash_inv_combined&rptName=Cash%20and%20Investments&rpt_unit_in=911&referrer=byunit,https://gateway.ifionline.org/report_builder/Default3a.aspx?rpttype=employComp&rpt=EmployComp&rptName=Employee%20Compensation&rpt_unit_in=911&referrer=byunit,
Harrison,Posey Township,31-021.00,Teresa L Sutton,Township Trustee,8000.0,2836,2893,2025,81768.28,41413.62,42040.04,31767.15,10272.89,0,81141.86,https://gateway.ifionline.org/report_builder/Default3a.aspx?rpttype=afr&rpt=AFR_PrintFull_public&rptName=Annual%20Financial%20Report%20-%20Full%20Report&rpt_unit_in=912&referrer=byunit,https://gateway.ifionline.org/report_builder/Default3a.aspx?rpttype=afr&rpt=cash_inv_combined&rptName=Cash%20and%20Investments&rpt_unit_in=912&referrer=byunit,https://gateway.ifionline.org/report_builder/Default3a.aspx?rpttype=employComp&rpt=EmployComp&rptName=Employee%20Compensation&rpt_unit_in=912&referrer=byunit,
Harrison,Spencer Township,31-022.00,Aaron Scott,Trustee,13000.0,1783,1823,2025,185139.6,100664.43,67748.27,27653.67,488.0,0,218055.76,https://gateway.ifionline.org/report_builder/Default3a.aspx?rpttype=afr&rpt=AFR_PrintFull_public&rptName=Annual%20Financial%20Report%20-%20Full%20Report&rpt_unit_in=913&referrer=byunit,https://gateway.ifionline.org/report_builder/Default3a.aspx?rpttype=afr&rpt=cash_inv_combined&rptName=Cash%20and%20Investments&rpt_unit_in=913&referrer=byunit,https://gateway.ifionline.org/report_builder/Default3a.aspx?rpttype=employComp&rpt=EmployComp&rptName=Employee%20Compensation&rpt_unit_in=913&referrer=byunit,
Harrison,Taylor Township,31-023.00,Leigh Lancia,TRUSTEE,6400.0,770,783,2025,178459.6,22867.61,27903.12,18653.62,2441.06,0,173424.09,https://gateway.ifionline.org/report_builder/Default3a.aspx?rpttype=afr&rpt=AFR_PrintFull_public&rptName=Annual%20Financial%20Report%20-%20Full%20Report&rpt_unit_in=914&referrer=byunit,https://gateway.ifionline.org/report_builder/Default3a.aspx?rpttype=afr&rpt=cash_inv_combined&rptName=Cash%20and%20Investments&rpt_unit_in=914&referrer=byunit,https://gateway.ifionline.org/report_builder/Default3a.aspx?rpttype=employComp&rpt=EmployComp&rptName=Employee%20Compensation&rpt_unit_in=914&referrer=byunit,
Harrison,Washington Township,31-024.00,Jeremy Wathen,Trustee,5000.0,473,482,2025,119440.16,25942.34,24595.09,14963.59,2220.0,0,120787.41,https://gateway.ifionline.org/report_builder/Default3a.aspx?rpttype=afr&rpt=AFR_PrintFull_public&rptName=Annual%20Financial%20Report%20-%20Full%20Report&rpt_unit_in=915&referrer=byunit,https://gateway.ifionline.org/report_builder/Default3a.aspx?rpttype=afr&rpt=cash_inv_combined&rptName=Cash%20and%20Investments&rpt_unit_in=915&referrer=byunit,https://gateway.ifionline.org/report_builder/Default3a.aspx?rpttype=employComp&rpt=EmployComp&rptName=Employee%20Compensation&rpt_unit_in=915&referrer=byunit,
Harrison,Webster Township,31-025.00,Isaac Brown,Trustee,14300.0,1709,1743,2025,208738.63,35845.06,38688.62,32080.89,3400.29,0,205895.07,https://gateway.ifionline.org/report_builder/Default3a.aspx?rpttype=afr&rpt=AFR_PrintFull_public&rptName=Annual%20Financial%20Report%20-%20Full%20Report&rpt_unit_in=916&referrer=byunit,https://gateway.ifionline.org/report_builder/Default3a.aspx?rpttype=afr&rpt=cash_inv_combined&rptName=Cash%20and%20Investments&rpt_unit_in=916&referrer=byunit,https://gateway.ifionline.org/report_builder/Default3a.aspx?rpttype=employComp&rpt=EmployComp&rptName=Employee%20Compensation&rpt_unit_in=916&referrer=byunit,
Hendricks,Brown Township,32-011.00,Angela Delp,Trustee,20000.04,14348,15523,2025,984190.61,219116.07,84502.11,60288.36,13052.26,0,1118804.57,https://gateway.ifionline.org/report_builder/Default3a.aspx?rpttype=afr&rpt=AFR_PrintFull_public&rptName=Annual%20Financial%20Report%20-%20Full%20Report&rpt_unit_in=940&referrer=byunit,https://gateway.ifionline.org/report_builder/Default3a.aspx?rpttype=afr&rpt=cash_inv_combined&rptName=Cash%20and%20Investments&rpt_unit_in=940&referrer=byunit,https://gateway.ifionline.org/report_builder/Default3a.aspx?rpttype=employComp&rpt=EmployComp&rptName=Employee%20Compensation&rpt_unit_in=940&referrer=byunit,
Hendricks,Center Township,32-012.00,William Wright,TRUSTEE,25000.0,13161,15848,2025,2974802.59,3362544.36,3172999.31,3013245.02,0,142710.0,3164347.64,https://gateway.ifionline.org/report_builder/Default3a.aspx?rpttype=afr&rpt=AFR_PrintFull_public&rptName=Annual%20Financial%20Report%20-%20Full%20Report&rpt_unit_in=941&referrer=byunit,https://gateway.ifionline.org/report_builder/Default3a.aspx?rpttype=afr&rpt=cash_inv_combined&rptName=Cash%20and%20Investments&rpt_unit_in=941&referrer=byunit,https://gateway.ifionline.org/report_builder/Default3a.aspx?rpttype=employComp&rpt=EmployComp&rptName=Employee%20Compensation&rpt_unit_in=941&referrer=byunit,
Hendricks,Clay Township,32-013.00,Clinton W Stoutenour,Trustee,8400.0,2348,2422,2025,909272.58,517271.65,291528.82,197184.43,2195.43,92148.96,1135015.41,https://gateway.ifionline.org/report_builder/Default3a.aspx?rpttype=afr&rpt=AFR_PrintFull_public&rptName=Annual%20Financial%20Report%20-%20Full%20Report&rpt_unit_in=942&referrer=byunit,https://gateway.ifionline.org/report_builder/Default3a.aspx?rpttype=afr&rpt=cash_inv_combined&rptName=Cash%20and%20Investments&rpt_unit_in=942&referrer=byunit,https://gateway.ifionline.org/report_builder/Default3a.aspx?rpttype=employComp&rpt=EmployComp&rptName=Employee%20Compensation&rpt_unit_in=942&referrer=byunit,
Hendricks,Eel River Township,32-014.00,Tamara S Lasley Williams,Twp Trustee,19919.9,1711,1762,2025,665233.13,399421.05,257336.35,226534.62,5568.04,10000.0,807317.83,https://gateway.ifionline.org/report_builder/Default3a.aspx?rpttype=afr&rpt=AFR_PrintFull_public&rptName=Annual%20Financial%20Report%20-%20Full%20Report&rpt_unit_in=943&referrer=byunit,https://gateway.ifionline.org/report_builder/Default3a.aspx?rpttype=afr&rpt=cash_inv_combined&rptName=Cash%20and%20Investments&rpt_unit_in=943&referrer=byunit,https://gateway.ifionline.org/report_builder/Default3a.aspx?rpttype=employComp&rpt=EmployComp&rptName=Employee%20Compensation&rpt_unit_in=943&referrer=byunit,
Hendricks,Franklin Township,32-015.00,Rita L Reitzel,Trustee,6000.0,1255,1297,2025,589824.11,193551.05,130912.85,63844.0,6352.5,59500.0,652462.31,https://gateway.ifionline.org/report_builder/Default3a.aspx?rpttype=afr&rpt=AFR_PrintFull_public&rptName=Annual%20Financial%20Report%20-%20Full%20Report&rpt_unit_in=944&referrer=byunit,https://gateway.ifionline.org/report_builder/Default3a.aspx?rpttype=afr&rpt=cash_inv_combined&rptName=Cash%20and%20Investments&rpt_unit_in=944&referrer=byunit,https://gateway.ifionline.org/report_builder/Default3a.aspx?rpttype=employComp&rpt=EmployComp&rptName=Employee%20Compensation&rpt_unit_in=944&referrer=byunit,
Hendricks,Guilford Township,32-016.00,Charles Ellis,Trustee,33500.0,33787,37203,2025,3347242.54,2132506.98,1071648.5,755065.25,67707.38,147646.04,4408101.02,https://gateway.ifionline.org/report_builder/Default3a.aspx?rpttype=afr&rpt=AFR_PrintFull_public&rptName=Annual%20Financial%20Report%20-%20Full%20Report&rpt_unit_in=945&referrer=byunit,https://gateway.ifionline.org/report_builder/Default3a.aspx?rpttype=afr&rpt=cash_inv_combined&rptName=Cash%20and%20Investments&rpt_unit_in=945&referrer=byunit,https://gateway.ifionline.org/report_builder/Default3a.aspx?rpttype=employComp&rpt=EmployComp&rptName=Employee%20Compensation&rpt_unit_in=945&referrer=byunit,
Hendricks,Liberty Township,32-017.00,Marshall B Butler,Township Trustee,30498.0,6051,6297,2025,1136816.13,1346405.58,1535528.31,1208551.26,12580.11,314396.94,947693.4,https://gateway.ifionline.org/report_builder/Default3a.aspx?rpttype=afr&rpt=AFR_PrintFull_public&rptName=Annual%20Financial%20Report%20-%20Full%20Report&rpt_unit_in=946&referrer=byunit,https://gateway.ifionline.org/report_builder/Default3a.aspx?rpttype=afr&rpt=cash_inv_combined&rptName=Cash%20and%20Investments&rpt_unit_in=946&referrer=byunit,https://gateway.ifionline.org/report_builder/Default3a.aspx?rpttype=employComp&rpt=EmployComp&rptName=Employee%20Compensation&rpt_unit_in=946&referrer=byunit,
Hendricks,Lincoln Township,32-018.00,Steve Patterson,Trustee,21000.0,34778,39284,2025,1198746.03,415912.29,330586.11,141938.32,180203.86,0,1284072.21,https://gateway.ifionline.org/report_builder/Default3a.aspx?rpttype=afr&rpt=AFR_PrintFull_public&rptName=Annual%20Financial%20Report%20-%20Full%20Report&rpt_unit_in=947&referrer=byunit,https://gateway.ifionline.org/report_builder/Default3a.aspx?rpttype=afr&rpt=cash_inv_combined&rptName=Cash%20and%20Investments&rpt_unit_in=947&referrer=byunit,https://gateway.ifionline.org/report_builder/Default3a.aspx?rpttype=employComp&rpt=EmployComp&rptName=Employee%20Compensation&rpt_unit_in=947&referrer=byunit,
Hendricks,Marion Township,32-019.00,Glenn Klaum,Trustee,10395.0,1493,1539,2025,266147.78,120776.59,93167.86,87011.11,2784.15,0,293756.51,https://gateway.ifionline.org/report_builder/Default3a.aspx?rpttype=afr&rpt=AFR_PrintFull_public&rptName=Annual%20Financial%20Report%20-%20Full%20Report&rpt_unit_in=948&referrer=byunit,https://gateway.ifionline.org/report_builder/Default3a.aspx?rpttype=afr&rpt=cash_inv_combined&rptName=Cash%20and%20Investments&rpt_unit_in=948&referrer=byunit,https://gateway.ifionline.org/report_builder/Default3a.aspx?rpttype=employComp&rpt=EmployComp&rptName=Employee%20Compensation&rpt_unit_in=948&referrer=byunit,
Hendricks,Middle Township,32-020.00,Timothy Griffith,Trustee,41999.88,6862,7718,2025,1994537.46,4850994.57,4381179.38,4141262.5,3925.85,233779.75,2464352.65,https://gateway.ifionline.org/report_builder/Default3a.aspx?rpttype=afr&rpt=AFR_PrintFull_public&rptName=Annual%20Financial%20Report%20-%20Full%20Report&rpt_unit_in=949&referrer=byunit,https://gateway.ifionline.org/report_builder/Default3a.aspx?rpttype=afr&rpt=cash_inv_combined&rptName=Cash%20and%20Investments&rpt_unit_in=949&referrer=byunit,https://gateway.ifionline.org/report_builder/Default3a.aspx?rpttype=employComp&rpt=EmployComp&rptName=Employee%20Compensation&rpt_unit_in=949&referrer=byunit,
Hendricks,Union Township,32-021.00,Robert Stringer,Trustee,25191.92,1832,1877,2025,628738.49,533756.77,742680.75,325904.83,0,409087.35,419814.51,https://gateway.ifionline.org/report_builder/Default3a.aspx?rpttype=afr&rpt=AFR_PrintFull_public&rptName=Annual%20Financial%20Report%20-%20Full%20Report&rpt_unit_in=950&referrer=byunit,https://gateway.ifionline.org/report_builder/Default3a.aspx?rpttype=afr&rpt=cash_inv_combined&rptName=Cash%20and%20Investments&rpt_unit_in=950&referrer=byunit,https://gateway.ifionline.org/report_builder/Default3a.aspx?rpttype=employComp&rpt=EmployComp&rptName=Employee%20Compensation&rpt_unit_in=950&referrer=byunit,
Hendricks,Washington Township,32-022.00,Ryan Miller,Trustee,34482.25,57189,62740,2025,22225378.23,39638042.73,38133346.91,20225038.31,109592.11,6942441.39,23730074.05,https://gateway.ifionline.org/report_builder/Default3a.aspx?rpttype=afr&rpt=AFR_PrintFull_public&rptName=Annual%20Financial%20Report%20-%20Full%20Report&rpt_unit_in=951&referrer=byunit,https://gateway.ifionline.org/report_builder/Default3a.aspx?rpttype=afr&rpt=cash_inv_combined&rptName=Cash%20and%20Investments&rpt_unit_in=951&referrer=byunit,https://gateway.ifionline.org/report_builder/Default3a.aspx?rpttype=employComp&rpt=EmployComp&rptName=Employee%20Compensation&rpt_unit_in=951&referrer=byunit,
Henry,Blue River Township,33-016.00,Jeffrey D Murray,Trustee,8000.0,1148,1157,2025,226936.05,79550.04,65235.45,55774.02,3461.43,0,241250.64,https://gateway.ifionline.org/report_builder/Default3a.aspx?rpttype=afr&rpt=AFR_PrintFull_public&rptName=Annual%20Financial%20Report%20-%20Full%20Report&rpt_unit_in=987&referrer=byunit,https://gateway.ifionline.org/report_builder/Default3a.aspx?rpttype=afr&rpt=cash_inv_combined&rptName=Cash%20and%20Investments&rpt_unit_in=987&referrer=byunit,https://gateway.ifionline.org/report_builder/Default3a.aspx?rpttype=employComp&rpt=EmployComp&rptName=Employee%20Compensation&rpt_unit_in=987&referrer=byunit,
Henry,Dudley Township,33-017.00,Linda Chew,Trustee,9000.0,1102,1108,2025,100676.0,60086.93,50650.67,35306.61,1881.36,10000.0,110112.26,https://gateway.ifionline.org/report_builder/Default3a.aspx?rpttype=afr&rpt=AFR_PrintFull_public&rptName=Annual%20Financial%20Report%20-%20Full%20Report&rpt_unit_in=988&referrer=byunit,https://gateway.ifionline.org/report_builder/Default3a.aspx?rpttype=afr&rpt=cash_inv_combined&rptName=Cash%20and%20Investments&rpt_unit_in=988&referrer=byunit,https://gateway.ifionline.org/report_builder/Default3a.aspx?rpttype=employComp&rpt=EmployComp&rptName=Employee%20Compensation&rpt_unit_in=988&referrer=byunit,
Henry,Fall Creek Township,33-018.00,Joseph Cooper,Trustee,15322.0,4655,4685,2025,465722.41,971009.98,430984.52,391351.88,38132.64,1500.0,1005747.87,https://gateway.ifionline.org/report_builder/Default3a.aspx?rpttype=afr&rpt=AFR_PrintFull_public&rptName=Annual%20Financial%20Report%20-%20Full%20Report&rpt_unit_in=989&referrer=byunit,https://gateway.ifionline.org/report_builder/Default3a.aspx?rpttype=afr&rpt=cash_inv_combined&rptName=Cash%20and%20Investments&rpt_unit_in=989&referrer=byunit,https://gateway.ifionline.org/report_builder/Default3a.aspx?rpttype=employComp&rpt=EmployComp&rptName=Employee%20Compensation&rpt_unit_in=989&referrer=byunit,
Henry,Franklin Township,33-019.00,Debra Barnes,Trustee,11890.0,1096,1105,2025,139657.18,219396.7,199104.43,111473.23,1190.0,84273.15,159949.45,https://gateway.ifionline.org/report_builder/Default3a.aspx?rpttype=afr&rpt=AFR_PrintFull_public&rptName=Annual%20Financial%20Report%20-%20Full%20Report&rpt_unit_in=990&referrer=byunit,https://gateway.ifionline.org/report_builder/Default3a.aspx?rpttype=afr&rpt=cash_inv_combined&rptName=Cash%20and%20Investments&rpt_unit_in=990&referrer=byunit,https://gateway.ifionline.org/report_builder/Default3a.aspx?rpttype=employComp&rpt=EmployComp&rptName=Employee%20Compensation&rpt_unit_in=990&referrer=byunit,
Henry,Greensboro Township,33-020.00,Dakota Clark,Township Trustee,8100.0,1647,1674,2025,43223.88,72473.1,40840.53,33718.82,4651.17,0,74856.45,https://gateway.ifionline.org/report_builder/Default3a.aspx?rpttype=afr&rpt=AFR_PrintFull_public&rptName=Annual%20Financial%20Report%20-%20Full%20Report&rpt_unit_in=991&referrer=byunit,https://gateway.ifionline.org/report_builder/Default3a.aspx?rpttype=afr&rpt=cash_inv_combined&rptName=Cash%20and%20Investments&rpt_unit_in=991&referrer=byunit,https://gateway.ifionline.org/report_builder/Default3a.aspx?rpttype=employComp&rpt=EmployComp&rptName=Employee%20Compensation&rpt_unit_in=991&referrer=byunit,
Henry,Harrison Township,33-021.00,Seth Dugger,Trustee,9000.0,1389,1400,2025,149790.11,73958.33,71447.92,70598.71,0,0,152300.52,https://gateway.ifionline.org/report_builder/Default3a.aspx?rpttype=afr&rpt=AFR_PrintFull_public&rptName=Annual%20Financial%20Report%20-%20Full%20Report&rpt_unit_in=992&referrer=byunit,https://gateway.ifionline.org/report_builder/Default3a.aspx?rpttype=afr&rpt=cash_inv_combined&rptName=Cash%20and%20Investments&rpt_unit_in=992&referrer=byunit,https://gateway.ifionline.org/report_builder/Default3a.aspx?rpttype=employComp&rpt=EmployComp&rptName=Employee%20Compensation&rpt_unit_in=992&referrer=byunit,
Henry,Henry Township,33-022.00,Travis Lyall,Trustee,50500.0,21998,22005,2025,2296100.45,1314043.52,1039551.89,810274.25,55911.62,99309.29,2570592.08,https://gateway.ifionline.org/report_builder/Default3a.aspx?rpttype=afr&rpt=AFR_PrintFull_public&rptName=Annual%20Financial%20Report%20-%20Full%20Report&rpt_unit_in=993&referrer=byunit,https://gateway.ifionline.org/report_builder/Default3a.aspx?rpttype=afr&rpt=cash_inv_combined&rptName=Cash%20and%20Investments&rpt_unit_in=993&referrer=byunit,https://gateway.ifionline.org/report_builder/Default3a.aspx?rpttype=employComp&rpt=EmployComp&rptName=Employee%20Compensation&rpt_unit_in=993&referrer=byunit,
Henry,Jefferson Township,33-023.00,Melinda Grounds,Trustee,9234.96,1375,1390,2025,528997.56,139655.6,114402.98,112379.99,2000.0,0,554250.18,https://gateway.ifionline.org/report_builder/Default3a.aspx?rpttype=afr&rpt=AFR_PrintFull_public&rptName=Annual%20Financial%20Report%20-%20Full%20Report&rpt_unit_in=994&referrer=byunit,https://gateway.ifionline.org/report_builder/Default3a.aspx?rpttype=afr&rpt=cash_inv_combined&rptName=Cash%20and%20Investments&rpt_unit_in=994&referrer=byunit,https://gateway.ifionline.org/report_builder/Default3a.aspx?rpttype=employComp&rpt=EmployComp&rptName=Employee%20Compensation&rpt_unit_in=994&referrer=byunit,
Henry,Liberty Township,33-024.00,Stephen A Coffman,Trustee,4999.0,1421,1442,2025,356650.31,109011.85,95616.69,68918.64,2988.16,21955.45,370045.47,https://gateway.ifionline.org/report_builder/Default3a.aspx?rpttype=afr&rpt=AFR_PrintFull_public&rptName=Annual%20Financial%20Report%20-%20Full%20Report&rpt_unit_in=995&referrer=byunit,https://gateway.ifionline.org/report_builder/Default3a.aspx?rpttype=afr&rpt=cash_inv_combined&rptName=Cash%20and%20Investments&rpt_unit_in=995&referrer=byunit,https://gateway.ifionline.org/report_builder/Default3a.aspx?rpttype=employComp&rpt=EmployComp&rptName=Employee%20Compensation&rpt_unit_in=995&referrer=byunit,
Henry,Prairie Township,33-025.00,Terry Matney,Trustee,9768.0,5991,6020,2025,215763.28,140387.05,131647.36,99582.1,3099.86,25719.66,224502.97,https://gateway.ifionline.org/report_builder/Default3a.aspx?rpttype=afr&rpt=AFR_PrintFull_public&rptName=Annual%20Financial%20Report%20-%20Full%20Report&rpt_unit_in=996&referrer=byunit,https://gateway.ifionline.org/report_builder/Default3a.aspx?rpttype=afr&rpt=cash_inv_combined&rptName=Cash%20and%20Investments&rpt_unit_in=996&referrer=byunit,https://gateway.ifionline.org/report_builder/Default3a.aspx?rpttype=employComp&rpt=EmployComp&rptName=Employee%20Compensation&rpt_unit_in=996&referrer=byunit,
Henry,Spiceland Township,33-026.00,Donna Tauber,Trustee,14400.0,2166,2180,2025,163409.01,98571.08,92070.69,54556.79,7339.43,29960.57,169909.4,https://gateway.ifionline.org/report_builder/Default3a.aspx?rpttype=afr&rpt=AFR_PrintFull_public&rptName=Annual%20Financial%20Report%20-%20Full%20Report&rpt_unit_in=997&referrer=byunit,https://gateway.ifionline.org/report_builder/Default3a.aspx?rpttype=afr&rpt=cash_inv_combined&rptName=Cash%20and%20Investments&rpt_unit_in=997&referrer=byunit,https://gateway.ifionline.org/report_builder/Default3a.aspx?rpttype=employComp&rpt=EmployComp&rptName=Employee%20Compensation&rpt_unit_in=997&referrer=byunit,
Henry,Stoney Creek Township,33-027.00,Jonathan Cole,Trustee,5000.0,802,811,2025,75315.83,211416.33,209079.3,66782.67,2438.48,0,77652.86,https://gateway.ifionline.org/report_builder/Default3a.aspx?rpttype=afr&rpt=AFR_PrintFull_public&rptName=Annual%20Financial%20Report%20-%20Full%20Report&rpt_unit_in=998&referrer=byunit,https://gateway.ifionline.org/report_builder/Default3a.aspx?rpttype=afr&rpt=cash_inv_combined&rptName=Cash%20and%20Investments&rpt_unit_in=998&referrer=byunit,https://gateway.ifionline.org/report_builder/Default3a.aspx?rpttype=employComp&rpt=EmployComp&rptName=Employee%20Compensation&rpt_unit_in=998&referrer=byunit,
Henry,Wayne Township,33-028.00,Susan K Van Hoy,Trustee,16588.0,4124,4160,2025,801821.57,470045.5,268508.82,231311.12,29032.15,0,1003358.25,https://gateway.ifionline.org/report_builder/Default3a.aspx?rpttype=afr&rpt=AFR_PrintFull_public&rptName=Annual%20Financial%20Report%20-%20Full%20Report&rpt_unit_in=999&referrer=byunit,https://gateway.ifionline.org/report_builder/Default3a.aspx?rpttype=afr&rpt=cash_inv_combined&rptName=Cash%20and%20Investments&rpt_unit_in=999&referrer=byunit,https://gateway.ifionline.org/report_builder/Default3a.aspx?rpttype=employComp&rpt=EmployComp&rptName=Employee%20Compensation&rpt_unit_in=999&referrer=byunit,
Howard,Center Township,34-004.00,Andrew J Durham,Trustee,65000.0,45844,46120,2025,3034706.8,4045131.99,4013646.54,1788488.1,640282.02,15000.0,3066192.25,https://gateway.ifionline.org/report_builder/Default3a.aspx?rpttype=afr&rpt=AFR_PrintFull_public&rptName=Annual%20Financial%20Report%20-%20Full%20Report&rpt_unit_in=1832&referrer=byunit,https://gateway.ifionline.org/report_builder/Default3a.aspx?rpttype=afr&rpt=cash_inv_combined&rptName=Cash%20and%20Investments&rpt_unit_in=1832&referrer=byunit,https://gateway.ifionline.org/report_builder/Default3a.aspx?rpttype=employComp&rpt=EmployComp&rptName=Employee%20Compensation&rpt_unit_in=1832&referrer=byunit,
Howard,Clay Township,34-005.00,Mark Cothern,Trustee,6000.0,4049,4032,2025,208487.22,94935.63,63710.32,60758.72,2951.6,0,239712.53,https://gateway.ifionline.org/report_builder/Default3a.aspx?rpttype=afr&rpt=AFR_PrintFull_public&rptName=Annual%20Financial%20Report%20-%20Full%20Report&rpt_unit_in=1833&referrer=byunit,https://gateway.ifionline.org/report_builder/Default3a.aspx?rpttype=afr&rpt=cash_inv_combined&rptName=Cash%20and%20Investments&rpt_unit_in=1833&referrer=byunit,https://gateway.ifionline.org/report_builder/Default3a.aspx?rpttype=employComp&rpt=EmployComp&rptName=Employee%20Compensation&rpt_unit_in=1833&referrer=byunit,
Howard,Ervin Township,34-006.00,Andrew Cook,Trustee,7000.0,2133,2113,2025,327494.04,98816.2,98135.66,93374.46,1559.73,0,328174.58,https://gateway.ifionline.org/report_builder/Default3a.aspx?rpttype=afr&rpt=AFR_PrintFull_public&rptName=Annual%20Financial%20Report%20-%20Full%20Report&rpt_unit_in=1834&referrer=byunit,https://gateway.ifionline.org/report_builder/Default3a.aspx?rpttype=afr&rpt=cash_inv_combined&rptName=Cash%20and%20Investments&rpt_unit_in=1834&referrer=byunit,https://gateway.ifionline.org/report_builder/Default3a.aspx?rpttype=employComp&rpt=EmployComp&rptName=Employee%20Compensation&rpt_unit_in=1834&referrer=byunit,
Howard,Harrison Township,34-007.00,Chris 0 O'Neill,Trustee,26500.0,9856,9898,2025,669293.73,394729.96,323858.41,179857.95,62862.06,69370.56,740165.28,https://gateway.ifionline.org/report_builder/Default3a.aspx?rpttype=afr&rpt=AFR_PrintFull_public&rptName=Annual%20Financial%20Report%20-%20Full%20Report&rpt_unit_in=1835&referrer=byunit,https://gateway.ifionline.org/report_builder/Default3a.aspx?rpttype=afr&rpt=cash_inv_combined&rptName=Cash%20and%20Investments&rpt_unit_in=1835&referrer=byunit,https://gateway.ifionline.org/report_builder/Default3a.aspx?rpttype=employComp&rpt=EmployComp&rptName=Employee%20Compensation&rpt_unit_in=1835&referrer=byunit,
Howard,Honey Creek Township,34-008.00,KIrk Smith,Trustee,7600.0,2319,2303,2025,500387.46,124932.71,56196.19,48188.43,6370.34,0,569123.98,https://gateway.ifionline.org/report_builder/Default3a.aspx?rpttype=afr&rpt=AFR_PrintFull_public&rptName=Annual%20Financial%20Report%20-%20Full%20Report&rpt_unit_in=1836&referrer=byunit,https://gateway.ifionline.org/report_builder/Default3a.aspx?rpttype=afr&rpt=cash_inv_combined&rptName=Cash%20and%20Investments&rpt_unit_in=1836&referrer=byunit,https://gateway.ifionline.org/report_builder/Default3a.aspx?rpttype=employComp&rpt=EmployComp&rptName=Employee%20Compensation&rpt_unit_in=1836&referrer=byunit,
Howard,Howard Township,34-009.00,Rochelle L Tryling,Trustee,12192.0,2405,2390,2025,379511.13,91237.05,138666.49,83954.46,52717.56,0,332081.69,https://gateway.ifionline.org/report_builder/Default3a.aspx?rpttype=afr&rpt=AFR_PrintFull_public&rptName=Annual%20Financial%20Report%20-%20Full%20Report&rpt_unit_in=1837&referrer=byunit,https://gateway.ifionline.org/report_builder/Default3a.aspx?rpttype=afr&rpt=cash_inv_combined&rptName=Cash%20and%20Investments&rpt_unit_in=1837&referrer=byunit,https://gateway.ifionline.org/report_builder/Default3a.aspx?rpttype=employComp&rpt=EmployComp&rptName=Employee%20Compensation&rpt_unit_in=1837&referrer=byunit,
Howard,Jackson Township,34-010.00,Greg Kingseed,Trustee,4680.0,549,542,2025,98905.59,42990.33,26041.08,24027.06,938.4,0,115854.84,https://gateway.ifionline.org/report_builder/Default3a.aspx?rpttype=afr&rpt=AFR_PrintFull_public&rptName=Annual%20Financial%20Report%20-%20Full%20Report&rpt_unit_in=1838&referrer=byunit,https://gateway.ifionline.org/report_builder/Default3a.aspx?rpttype=afr&rpt=cash_inv_combined&rptName=Cash%20and%20Investments&rpt_unit_in=1838&referrer=byunit,https://gateway.ifionline.org/report_builder/Default3a.aspx?rpttype=employComp&rpt=EmployComp&rptName=Employee%20Compensation&rpt_unit_in=1838&referrer=byunit,
Howard,Liberty Township,34-011.00,Troy Beachy,Trustee,19416.0,4782,4742,2025,216507.26,168300.85,120931.58,73289.6,43235.84,0,263876.53,https://gateway.ifionline.org/report_builder/Default3a.aspx?rpttype=afr&rpt=AFR_PrintFull_public&rptName=Annual%20Financial%20Report%20-%20Full%20Report&rpt_unit_in=1839&referrer=byunit,https://gateway.ifionline.org/report_builder/Default3a.aspx?rpttype=afr&rpt=cash_inv_combined&rptName=Cash%20and%20Investments&rpt_unit_in=1839&referrer=byunit,https://gateway.ifionline.org/report_builder/Default3a.aspx?rpttype=employComp&rpt=EmployComp&rptName=Employee%20Compensation&rpt_unit_in=1839&referrer=byunit,
Howard,Monroe Township,34-012.00,Deborah K Ervin-Asberry,trustee,6462.5,1325,1315,2025,133198.83,117092.73,69701.27,56392.52,1066.17,12187.62,180590.29,https://gateway.ifionline.org/report_builder/Default3a.aspx?rpttype=afr&rpt=AFR_PrintFull_public&rptName=Annual%20Financial%20Report%20-%20Full%20Report&rpt_unit_in=1840&referrer=byunit,https://gateway.ifionline.org/report_builder/Default3a.aspx?rpttype=afr&rpt=cash_inv_combined&rptName=Cash%20and%20Investments&rpt_unit_in=1840&referrer=byunit,https://gateway.ifionline.org/report_builder/Default3a.aspx?rpttype=employComp&rpt=EmployComp&rptName=Employee%20Compensation&rpt_unit_in=1840&referrer=byunit,"Multiple trustees on 2025 100R: Deborah K Ervin-Asberry (trustee) $6,462.50; Jon Newlin (designated trustee) $137.50"
Howard,Taylor Township,34-013.00,Jensen Pickett,Trustee,4961.52,9370,9436,2025,1142974.49,580502.78,584728.6,356792.6,47690.32,146065.33,1138748.67,https://gateway.ifionline.org/report_builder/Default3a.aspx?rpttype=afr&rpt=AFR_PrintFull_public&rptName=Annual%20Financial%20Report%20-%20Full%20Report&rpt_unit_in=1841&referrer=byunit,https://gateway.ifionline.org/report_builder/Default3a.aspx?rpttype=afr&rpt=cash_inv_combined&rptName=Cash%20and%20Investments&rpt_unit_in=1841&referrer=byunit,https://gateway.ifionline.org/report_builder/Default3a.aspx?rpttype=employComp&rpt=EmployComp&rptName=Employee%20Compensation&rpt_unit_in=1841&referrer=byunit,
Howard,Union Township,34-014.00,Michael Foland,Trustee,5100.0,1023,1013,2025,86476.88,77777.5,40565.01,40083.09,0,0,123689.37,https://gateway.ifionline.org/report_builder/Default3a.aspx?rpttype=afr&rpt=AFR_PrintFull_public&rptName=Annual%20Financial%20Report%20-%20Full%20Report&rpt_unit_in=1842&referrer=byunit,https://gateway.ifionline.org/report_builder/Default3a.aspx?rpttype=afr&rpt=cash_inv_combined&rptName=Cash%20and%20Investments&rpt_unit_in=1842&referrer=byunit,https://gateway.ifionline.org/report_builder/Default3a.aspx?rpttype=employComp&rpt=EmployComp&rptName=Employee%20Compensation&rpt_unit_in=1842&referrer=byunit,
Huntington,Clear Creek Township,35-007.00,Jennifer Hotchkiss,Twp Trustee,7670.0,1970,2013,2025,510235.96,186243.12,79580.74,76935.74,2645.0,0,616898.34,https://gateway.ifionline.org/report_builder/Default3a.aspx?rpttype=afr&rpt=AFR_PrintFull_public&rptName=Annual%20Financial%20Report%20-%20Full%20Report&rpt_unit_in=1857&referrer=byunit,https://gateway.ifionline.org/report_builder/Default3a.aspx?rpttype=afr&rpt=cash_inv_combined&rptName=Cash%20and%20Investments&rpt_unit_in=1857&referrer=byunit,https://gateway.ifionline.org/report_builder/Default3a.aspx?rpttype=employComp&rpt=EmployComp&rptName=Employee%20Compensation&rpt_unit_in=1857&referrer=byunit,"Multiple trustees on 2025 100R: Jennifer Hotchkiss (Twp Trustee) $7,670.00; Jay Hammel (Twp Trustee) $1,530.00"
Huntington,Dallas Township,35-008.00,Janice K Schwob,Trustee,7600.0,2016,2060,2025,347189.22,141261.4,113195.92,92761.09,16493.32,69.53,375254.7,https://gateway.ifionline.org/report_builder/Default3a.aspx?rpttype=afr&rpt=AFR_PrintFull_public&rptName=Annual%20Financial%20Report%20-%20Full%20Report&rpt_unit_in=1858&referrer=byunit,https://gateway.ifionline.org/report_builder/Default3a.aspx?rpttype=afr&rpt=cash_inv_combined&rptName=Cash%20and%20Investments&rpt_unit_in=1858&referrer=byunit,https://gateway.ifionline.org/report_builder/Default3a.aspx?rpttype=employComp&rpt=EmployComp&rptName=Employee%20Compensation&rpt_unit_in=1858&referrer=byunit,
Huntington,Huntington Township,35-009.00,Everett J Carroll,Trustee,39118.0,20342,20559,2025,1403219.89,554023.98,385732.49,321476.27,29581.02,12000.0,1571511.38,https://gateway.ifionline.org/report_builder/Default3a.aspx?rpttype=afr&rpt=AFR_PrintFull_public&rptName=Annual%20Financial%20Report%20-%20Full%20Report&rpt_unit_in=1859&referrer=byunit,https://gateway.ifionline.org/report_builder/Default3a.aspx?rpttype=afr&rpt=cash_inv_combined&rptName=Cash%20and%20Investments&rpt_unit_in=1859&referrer=byunit,https://gateway.ifionline.org/report_builder/Default3a.aspx?rpttype=employComp&rpt=EmployComp&rptName=Employee%20Compensation&rpt_unit_in=1859&referrer=byunit,
Huntington,Jackson Township,35-010.00,Cara Conwell,Trustee,15000.0,4104,4226,2025,632531.13,184261.75,214158.03,209826.25,1801.77,1000.0,602634.85,https://gateway.ifionline.org/report_builder/Default3a.aspx?rpttype=afr&rpt=AFR_PrintFull_public&rptName=Annual%20Financial%20Report%20-%20Full%20Report&rpt_unit_in=1860&referrer=byunit,https://gateway.ifionline.org/report_builder/Default3a.aspx?rpttype=afr&rpt=cash_inv_combined&rptName=Cash%20and%20Investments&rpt_unit_in=1860&referrer=byunit,https://gateway.ifionline.org/report_builder/Default3a.aspx?rpttype=employComp&rpt=EmployComp&rptName=Employee%20Compensation&rpt_unit_in=1860&referrer=byunit,
Huntington,Jefferson Township,35-011.00,David E Keller,Trustee,6000.0,728,746,2025,226707.75,76245.57,109086.69,10778.69,432.05,75000.0,193866.63,https://gateway.ifionline.org/report_builder/Default3a.aspx?rpttype=afr&rpt=AFR_PrintFull_public&rptName=Annual%20Financial%20Report%20-%20Full%20Report&rpt_unit_in=1861&referrer=byunit,https://gateway.ifionline.org/report_builder/Default3a.aspx?rpttype=afr&rpt=cash_inv_combined&rptName=Cash%20and%20Investments&rpt_unit_in=1861&referrer=byunit,https://gateway.ifionline.org/report_builder/Default3a.aspx?rpttype=employComp&rpt=EmployComp&rptName=Employee%20Compensation&rpt_unit_in=1861&referrer=byunit,
Huntington,Lancaster Township,35-012.00,Thomas J Allred,Trustee,6000.0,1148,1169,2025,228314.96,97123.96,136750.67,33970.35,2496.32,100000.0,188688.25,https://gateway.ifionline.org/report_builder/Default3a.aspx?rpttype=afr&rpt=AFR_PrintFull_public&rptName=Annual%20Financial%20Report%20-%20Full%20Report&rpt_unit_in=1862&referrer=byunit,https://gateway.ifionline.org/report_builder/Default3a.aspx?rpttype=afr&rpt=cash_inv_combined&rptName=Cash%20and%20Investments&rpt_unit_in=1862&referrer=byunit,https://gateway.ifionline.org/report_builder/Default3a.aspx?rpttype=employComp&rpt=EmployComp&rptName=Employee%20Compensation&rpt_unit_in=1862&referrer=byunit,
Huntington,Polk Township,35-013.00,Gary Miller,TRUSTEE,5900.0,467,479,2025,273034.8,58942.34,71128.31,24820.37,0,45000.0,260848.83,https://gateway.ifionline.org/report_builder/Default3a.aspx?rpttype=afr&rpt=AFR_PrintFull_public&rptName=Annual%20Financial%20Report%20-%20Full%20Report&rpt_unit_in=1863&referrer=byunit,https://gateway.ifionline.org/report_builder/Default3a.aspx?rpttype=afr&rpt=cash_inv_combined&rptName=Cash%20and%20Investments&rpt_unit_in=1863&referrer=byunit,https://gateway.ifionline.org/report_builder/Default3a.aspx?rpttype=employComp&rpt=EmployComp&rptName=Employee%20Compensation&rpt_unit_in=1863&referrer=byunit,
Huntington,Rock Creek Township,35-014.00,Jill R Eltzroth,Trustee,6741.72,1253,1277,2025,334486.28,122501.7,48770.55,42800.83,3748.6,0,408217.43,https://gateway.ifionline.org/report_builder/Default3a.aspx?rpttype=afr&rpt=AFR_PrintFull_public&rptName=Annual%20Financial%20Report%20-%20Full%20Report&rpt_unit_in=1864&referrer=byunit,https://gateway.ifionline.org/report_builder/Default3a.aspx?rpttype=afr&rpt=cash_inv_combined&rptName=Cash%20and%20Investments&rpt_unit_in=1864&referrer=byunit,https://gateway.ifionline.org/report_builder/Default3a.aspx?rpttype=employComp&rpt=EmployComp&rptName=Employee%20Compensation&rpt_unit_in=1864&referrer=byunit,
Huntington,Salamonie Township,35-015.00,Scott A Canady,Trustee,6200.0,2260,2267,2025,242227.65,109145.01,126854.29,48018.29,6246.15,50000.0,224518.37,https://gateway.ifionline.org/report_builder/Default3a.aspx?rpttype=afr&rpt=AFR_PrintFull_public&rptName=Annual%20Financial%20Report%20-%20Full%20Report&rpt_unit_in=1865&referrer=byunit,https://gateway.ifionline.org/report_builder/Default3a.aspx?rpttype=afr&rpt=cash_inv_combined&rptName=Cash%20and%20Investments&rpt_unit_in=1865&referrer=byunit,https://gateway.ifionline.org/report_builder/Default3a.aspx?rpttype=employComp&rpt=EmployComp&rptName=Employee%20Compensation&rpt_unit_in=1865&referrer=byunit,
Huntington,Union Township,35-016.00,Cindy Blocker,Trustee,8400.0,1228,1256,2025,282270.16,136785.24,66249.6,39571.98,973.94,20120.29,352805.8,https://gateway.ifionline.org/report_builder/Default3a.aspx?rpttype=afr&rpt=AFR_PrintFull_public&rptName=Annual%20Financial%20Report%20-%20Full%20Report&rpt_unit_in=1866&referrer=byunit,https://gateway.ifionline.org/report_builder/Default3a.aspx?rpttype=afr&rpt=cash_inv_combined&rptName=Cash%20and%20Investments&rpt_unit_in=1866&referrer=byunit,https://gateway.ifionline.org/report_builder/Default3a.aspx?rpttype=employComp&rpt=EmployComp&rptName=Employee%20Compensation&rpt_unit_in=1866&referrer=byunit,
Huntington,Warren Township,35-017.00,Kathy E Morton,Trustee,6744.0,658,670,2025,347819.02,105129.34,68286.97,26503.97,0,0,384661.39,https://gateway.ifionline.org/report_builder/Default3a.aspx?rpttype=afr&rpt=AFR_PrintFull_public&rptName=Annual%20Financial%20Report%20-%20Full%20Report&rpt_unit_in=1867&referrer=byunit,https://gateway.ifionline.org/report_builder/Default3a.aspx?rpttype=afr&rpt=cash_inv_combined&rptName=Cash%20and%20Investments&rpt_unit_in=1867&referrer=byunit,https://gateway.ifionline.org/report_builder/Default3a.aspx?rpttype=employComp&rpt=EmployComp&rptName=Employee%20Compensation&rpt_unit_in=1867&referrer=byunit,
Huntington,Wayne Township,35-018.00,Emily Stinefield,TRUSTEE,4000.0,489,502,2025,128982.6,46363.56,107816.78,22969.25,0,83600.0,67529.38,https://gateway.ifionline.org/report_builder/Default3a.aspx?rpttype=afr&rpt=AFR_PrintFull_public&rptName=Annual%20Financial%20Report%20-%20Full%20Report&rpt_unit_in=1868&referrer=byunit,https://gateway.ifionline.org/report_builder/Default3a.aspx?rpttype=afr&rpt=cash_inv_combined&rptName=Cash%20and%20Investments&rpt_unit_in=1868&referrer=byunit,https://gateway.ifionline.org/report_builder/Default3a.aspx?rpttype=employComp&rpt=EmployComp&rptName=Employee%20Compensation&rpt_unit_in=1868&referrer=byunit,
Jackson,Brownstown Township,36-012.00,Melanie Pottschmidt,Trustee,22000.0,5689,5851,2025,107768.74,99472.48,154469.24,110742.51,5366.05,0,52771.98,https://gateway.ifionline.org/report_builder/Default3a.aspx?rpttype=afr&rpt=AFR_PrintFull_public&rptName=Annual%20Financial%20Report%20-%20Full%20Report&rpt_unit_in=1885&referrer=byunit,https://gateway.ifionline.org/report_builder/Default3a.aspx?rpttype=afr&rpt=cash_inv_combined&rptName=Cash%20and%20Investments&rpt_unit_in=1885&referrer=byunit,https://gateway.ifionline.org/report_builder/Default3a.aspx?rpttype=employComp&rpt=EmployComp&rptName=Employee%20Compensation&rpt_unit_in=1885&referrer=byunit,
Jackson,Carr Township,36-013.00,Miko McRoy,Trustee,14000.0,1343,1358,2025,597775.75,242361.53,302427.62,200232.19,3895.43,98300.0,537709.66,https://gateway.ifionline.org/report_builder/Default3a.aspx?rpttype=afr&rpt=AFR_PrintFull_public&rptName=Annual%20Financial%20Report%20-%20Full%20Report&rpt_unit_in=1886&referrer=byunit,https://gateway.ifionline.org/report_builder/Default3a.aspx?rpttype=afr&rpt=cash_inv_combined&rptName=Cash%20and%20Investments&rpt_unit_in=1886&referrer=byunit,https://gateway.ifionline.org/report_builder/Default3a.aspx?rpttype=employComp&rpt=EmployComp&rptName=Employee%20Compensation&rpt_unit_in=1886&referrer=byunit,
Jackson,Driftwood Township,36-014.00,Charles Lowery,Trustee,8827.0,939,956,2025,49849.91,39897.7,31023.07,27810.65,0,0,58724.54,https://gateway.ifionline.org/report_builder/Default3a.aspx?rpttype=afr&rpt=AFR_PrintFull_public&rptName=Annual%20Financial%20Report%20-%20Full%20Report&rpt_unit_in=1887&referrer=byunit,https://gateway.ifionline.org/report_builder/Default3a.aspx?rpttype=afr&rpt=cash_inv_combined&rptName=Cash%20and%20Investments&rpt_unit_in=1887&referrer=byunit,https://gateway.ifionline.org/report_builder/Default3a.aspx?rpttype=employComp&rpt=EmployComp&rptName=Employee%20Compensation&rpt_unit_in=1887&referrer=byunit,
Jackson,Grassy Fork Township,36-015.00,Ronald J Rieckers,Trustee,6562.0,687,693,2025,102974.84,37791.32,27942.43,25271.34,2546.73,0,112823.73,https://gateway.ifionline.org/report_builder/Default3a.aspx?rpttype=afr&rpt=AFR_PrintFull_public&rptName=Annual%20Financial%20Report%20-%20Full%20Report&rpt_unit_in=1888&referrer=byunit,https://gateway.ifionline.org/report_builder/Default3a.aspx?rpttype=afr&rpt=cash_inv_combined&rptName=Cash%20and%20Investments&rpt_unit_in=1888&referrer=byunit,https://gateway.ifionline.org/report_builder/Default3a.aspx?rpttype=employComp&rpt=EmployComp&rptName=Employee%20Compensation&rpt_unit_in=1888&referrer=byunit,
Jackson,Hamilton Township,36-016.00,Stephanie Quillen,Trustee,15714.98,1573,1594,2025,51597.26,81559.22,23617.26,23567.26,50.0,0,109539.22,https://gateway.ifionline.org/report_builder/Default3a.aspx?rpttype=afr&rpt=AFR_PrintFull_public&rptName=Annual%20Financial%20Report%20-%20Full%20Report&rpt_unit_in=1889&referrer=byunit,https://gateway.ifionline.org/report_builder/Default3a.aspx?rpttype=afr&rpt=cash_inv_combined&rptName=Cash%20and%20Investments&rpt_unit_in=1889&referrer=byunit,https://gateway.ifionline.org/report_builder/Default3a.aspx?rpttype=employComp&rpt=EmployComp&rptName=Employee%20Compensation&rpt_unit_in=1889&referrer=byunit,
Jackson,Jackson Township,36-017.00,Jeff Joray,Trustee,55030.0,23143,23633,2025,459290.45,323093.11,342206.78,285928.42,56278.36,0,440176.78,https://gateway.ifionline.org/report_builder/Default3a.aspx?rpttype=afr&rpt=AFR_PrintFull_public&rptName=Annual%20Financial%20Report%20-%20Full%20Report&rpt_unit_in=1890&referrer=byunit,https://gateway.ifionline.org/report_builder/Default3a.aspx?rpttype=afr&rpt=cash_inv_combined&rptName=Cash%20and%20Investments&rpt_unit_in=1890&referrer=byunit,https://gateway.ifionline.org/report_builder/Default3a.aspx?rpttype=employComp&rpt=EmployComp&rptName=Employee%20Compensation&rpt_unit_in=1890&referrer=byunit,
Jackson,Owen Township,36-018.00,Dirk Smith,Township Trustee,9984.0,1579,1630,2025,112423.5,46711.1,49960.67,26380.23,6917.85,0,109173.93,https://gateway.ifionline.org/report_builder/Default3a.aspx?rpttype=afr&rpt=AFR_PrintFull_public&rptName=Annual%20Financial%20Report%20-%20Full%20Report&rpt_unit_in=1891&referrer=byunit,https://gateway.ifionline.org/report_builder/Default3a.aspx?rpttype=afr&rpt=cash_inv_combined&rptName=Cash%20and%20Investments&rpt_unit_in=1891&referrer=byunit,https://gateway.ifionline.org/report_builder/Default3a.aspx?rpttype=employComp&rpt=EmployComp&rptName=Employee%20Compensation&rpt_unit_in=1891&referrer=byunit,
Jackson,Pershing Township,36-019.00,Sharon K Yost,Township Trustee,7935.0,1334,1362,2025,117126.78,53095.66,41243.65,39898.65,1345.0,0,128978.79,https://gateway.ifionline.org/report_builder/Default3a.aspx?rpttype=afr&rpt=AFR_PrintFull_public&rptName=Annual%20Financial%20Report%20-%20Full%20Report&rpt_unit_in=1892&referrer=byunit,https://gateway.ifionline.org/report_builder/Default3a.aspx?rpttype=afr&rpt=cash_inv_combined&rptName=Cash%20and%20Investments&rpt_unit_in=1892&referrer=byunit,https://gateway.ifionline.org/report_builder/Default3a.aspx?rpttype=employComp&rpt=EmployComp&rptName=Employee%20Compensation&rpt_unit_in=1892&referrer=byunit,
Jackson,Redding Township,36-020.00,Bob Brock,trustee,11648.0,5219,5325,2025,62331.83,45645.41,37576.62,35424.23,2152.39,0,70400.62,https://gateway.ifionline.org/report_builder/Default3a.aspx?rpttype=afr&rpt=AFR_PrintFull_public&rptName=Annual%20Financial%20Report%20-%20Full%20Report&rpt_unit_in=1893&referrer=byunit,https://gateway.ifionline.org/report_builder/Default3a.aspx?rpttype=afr&rpt=cash_inv_combined&rptName=Cash%20and%20Investments&rpt_unit_in=1893&referrer=byunit,https://gateway.ifionline.org/report_builder/Default3a.aspx?rpttype=employComp&rpt=EmployComp&rptName=Employee%20Compensation&rpt_unit_in=1893&referrer=byunit,
Jackson,Salt Creek Township,36-021.00,Floyd Fisher,Trustee,5040.0,301,305,2025,62247.13,20184.86,21194.18,19403.72,917.33,0,61237.81,https://gateway.ifionline.org/report_builder/Default3a.aspx?rpttype=afr&rpt=AFR_PrintFull_public&rptName=Annual%20Financial%20Report%20-%20Full%20Report&rpt_unit_in=1894&referrer=byunit,https://gateway.ifionline.org/report_builder/Default3a.aspx?rpttype=afr&rpt=cash_inv_combined&rptName=Cash%20and%20Investments&rpt_unit_in=1894&referrer=byunit,https://gateway.ifionline.org/report_builder/Default3a.aspx?rpttype=employComp&rpt=EmployComp&rptName=Employee%20Compensation&rpt_unit_in=1894&referrer=byunit,
Jackson,Vernon Township,36-022.00,Eric Kovener,Trustee,12500.0,3405,3436,2025,152784.3,42677.06,40125.41,38524.36,1601.05,0,155335.95,https://gateway.ifionline.org/report_builder/Default3a.aspx?rpttype=afr&rpt=AFR_PrintFull_public&rptName=Annual%20Financial%20Report%20-%20Full%20Report&rpt_unit_in=1895&referrer=byunit,https://gateway.ifionline.org/report_builder/Default3a.aspx?rpttype=afr&rpt=cash_inv_combined&rptName=Cash%20and%20Investments&rpt_unit_in=1895&referrer=byunit,https://gateway.ifionline.org/report_builder/Default3a.aspx?rpttype=employComp&rpt=EmployComp&rptName=Employee%20Compensation&rpt_unit_in=1895&referrer=byunit,
Jackson,Washington Township,36-023.00,Sharon K Reedy,Trustee,6600.0,1214,1227,2025,159955.06,30289.8,16493.31,14477.26,1247.17,0,173751.55,https://gateway.ifionline.org/report_builder/Default3a.aspx?rpttype=afr&rpt=AFR_PrintFull_public&rptName=Annual%20Financial%20Report%20-%20Full%20Report&rpt_unit_in=1896&referrer=byunit,https://gateway.ifionline.org/report_builder/Default3a.aspx?rpttype=afr&rpt=cash_inv_combined&rptName=Cash%20and%20Investments&rpt_unit_in=1896&referrer=byunit,https://gateway.ifionline.org/report_builder/Default3a.aspx?rpttype=employComp&rpt=EmployComp&rptName=Employee%20Compensation&rpt_unit_in=1896&referrer=byunit,
Jasper,Barkley Township,37-005.00,,,,879,909,2025,94765.9,48182.73,44070.17,40759.14,2124.83,0,98878.46,https://gateway.ifionline.org/report_builder/Default3a.aspx?rpttype=afr&rpt=AFR_PrintFull_public&rptName=Annual%20Financial%20Report%20-%20Full%20Report&rpt_unit_in=1912&referrer=byunit,https://gateway.ifionline.org/report_builder/Default3a.aspx?rpttype=afr&rpt=cash_inv_combined&rptName=Cash%20and%20Investments&rpt_unit_in=1912&referrer=byunit,https://gateway.ifionline.org/report_builder/Default3a.aspx?rpttype=employComp&rpt=EmployComp&rptName=Employee%20Compensation&rpt_unit_in=1912&referrer=byunit,No trustee listed on 2025 100R
Jasper,Carpenter Township,37-006.00,Barbara A Harper,Trustee,13200.0,1936,1998,2025,714808.59,229894.67,239310.12,122384.99,17269.4,96478.73,705393.14,https://gateway.ifionline.org/report_builder/Default3a.aspx?rpttype=afr&rpt=AFR_PrintFull_public&rptName=Annual%20Financial%20Report%20-%20Full%20Report&rpt_unit_in=1913&referrer=byunit,https://gateway.ifionline.org/report_builder/Default3a.aspx?rpttype=afr&rpt=cash_inv_combined&rptName=Cash%20and%20Investments&rpt_unit_in=1913&referrer=byunit,https://gateway.ifionline.org/report_builder/Default3a.aspx?rpttype=employComp&rpt=EmployComp&rptName=Employee%20Compensation&rpt_unit_in=1913&referrer=byunit,
Jasper,Gillam Township,37-007.00,Brad Neihouser,Trustee,11000.0,578,593,2025,407886.97,39100.62,83891.43,51935.53,7091.28,19328.0,363096.16,https://gateway.ifionline.org/report_builder/Default3a.aspx?rpttype=afr&rpt=AFR_PrintFull_public&rptName=Annual%20Financial%20Report%20-%20Full%20Report&rpt_unit_in=1914&referrer=byunit,https://gateway.ifionline.org/report_builder/Default3a.aspx?rpttype=afr&rpt=cash_inv_combined&rptName=Cash%20and%20Investments&rpt_unit_in=1914&referrer=byunit,https://gateway.ifionline.org/report_builder/Default3a.aspx?rpttype=employComp&rpt=EmployComp&rptName=Employee%20Compensation&rpt_unit_in=1914&referrer=byunit,
Jasper,Hanging Grove Township,37-008.00,Lance Strange,Trustee,5000.0,232,238,2025,232080.26,44101.47,28503.02,26113.0,0,0,247678.71,https://gateway.ifionline.org/report_builder/Default3a.aspx?rpttype=afr&rpt=AFR_PrintFull_public&rptName=Annual%20Financial%20Report%20-%20Full%20Report&rpt_unit_in=1915&referrer=byunit,https://gateway.ifionline.org/report_builder/Default3a.aspx?rpttype=afr&rpt=cash_inv_combined&rptName=Cash%20and%20Investments&rpt_unit_in=1915&referrer=byunit,https://gateway.ifionline.org/report_builder/Default3a.aspx?rpttype=employComp&rpt=EmployComp&rptName=Employee%20Compensation&rpt_unit_in=1915&referrer=byunit,
Jasper,Jordan Township,37-009.00,Sandrta E Putt,Trustee,4800.0,330,342,2025,371841.37,54946.05,51095.3,45982.9,0,0,375692.12,https://gateway.ifionline.org/report_builder/Default3a.aspx?rpttype=afr&rpt=AFR_PrintFull_public&rptName=Annual%20Financial%20Report%20-%20Full%20Report&rpt_unit_in=1916&referrer=byunit,https://gateway.ifionline.org/report_builder/Default3a.aspx?rpttype=afr&rpt=cash_inv_combined&rptName=Cash%20and%20Investments&rpt_unit_in=1916&referrer=byunit,https://gateway.ifionline.org/report_builder/Default3a.aspx?rpttype=employComp&rpt=EmployComp&rptName=Employee%20Compensation&rpt_unit_in=1916&referrer=byunit,
Jasper,Kankakee Township,37-010.00,Bonita Veden,TRUSTEE,13000.0,902,939,2025,984705.98,461589.4,308419.98,267685.33,6633.25,25595.32,1137875.4,https://gateway.ifionline.org/report_builder/Default3a.aspx?rpttype=afr&rpt=AFR_PrintFull_public&rptName=Annual%20Financial%20Report%20-%20Full%20Report&rpt_unit_in=1917&referrer=byunit,https://gateway.ifionline.org/report_builder/Default3a.aspx?rpttype=afr&rpt=cash_inv_combined&rptName=Cash%20and%20Investments&rpt_unit_in=1917&referrer=byunit,https://gateway.ifionline.org/report_builder/Default3a.aspx?rpttype=employComp&rpt=EmployComp&rptName=Employee%20Compensation&rpt_unit_in=1917&referrer=byunit,
Jasper,Keener Township,37-011.00,Robert Bryan,TRUSTEE,33900.0,10689,11141,2025,3457848.01,2525253.57,1544729.18,1282270.26,19738.04,44746.0,4438372.4,https://gateway.ifionline.org/report_builder/Default3a.aspx?rpttype=afr&rpt=AFR_PrintFull_public&rptName=Annual%20Financial%20Report%20-%20Full%20Report&rpt_unit_in=1918&referrer=byunit,https://gateway.ifionline.org/report_builder/Default3a.aspx?rpttype=afr&rpt=cash_inv_combined&rptName=Cash%20and%20Investments&rpt_unit_in=1918&referrer=byunit,https://gateway.ifionline.org/report_builder/Default3a.aspx?rpttype=employComp&rpt=EmployComp&rptName=Employee%20Compensation&rpt_unit_in=1918&referrer=byunit,
Jasper,Marion Township,37-012.00,Dain Hayworth,Trustee/FireAdmin,32000.0,6683,6660,2025,793082.04,664575.33,516111.29,214769.89,13233.95,34763.26,941546.08,https://gateway.ifionline.org/report_builder/Default3a.aspx?rpttype=afr&rpt=AFR_PrintFull_public&rptName=Annual%20Financial%20Report%20-%20Full%20Report&rpt_unit_in=1919&referrer=byunit,https://gateway.ifionline.org/report_builder/Default3a.aspx?rpttype=afr&rpt=cash_inv_combined&rptName=Cash%20and%20Investments&rpt_unit_in=1919&referrer=byunit,https://gateway.ifionline.org/report_builder/Default3a.aspx?rpttype=employComp&rpt=EmployComp&rptName=Employee%20Compensation&rpt_unit_in=1919&referrer=byunit,
Jasper,Milroy Township,37-013.00,Charles D Webb,Trustee,3000.0,213,223,2025,123019.83,18085.07,18511.69,16036.2,500.0,0,122593.21,https://gateway.ifionline.org/report_builder/Default3a.aspx?rpttype=afr&rpt=AFR_PrintFull_public&rptName=Annual%20Financial%20Report%20-%20Full%20Report&rpt_unit_in=1920&referrer=byunit,https://gateway.ifionline.org/report_builder/Default3a.aspx?rpttype=afr&rpt=cash_inv_combined&rptName=Cash%20and%20Investments&rpt_unit_in=1920&referrer=byunit,https://gateway.ifionline.org/report_builder/Default3a.aspx?rpttype=employComp&rpt=EmployComp&rptName=Employee%20Compensation&rpt_unit_in=1920&referrer=byunit,
Jasper,Newton Township,37-014.00,Margaret Miller,TRUSTEE,7350.0,782,810,2025,148709.62,56786.55,46495.91,43984.07,500.0,0,159000.26,https://gateway.ifionline.org/report_builder/Default3a.aspx?rpttype=afr&rpt=AFR_PrintFull_public&rptName=Annual%20Financial%20Report%20-%20Full%20Report&rpt_unit_in=1921&referrer=byunit,https://gateway.ifionline.org/report_builder/Default3a.aspx?rpttype=afr&rpt=cash_inv_combined&rptName=Cash%20and%20Investments&rpt_unit_in=1921&referrer=byunit,https://gateway.ifionline.org/report_builder/Default3a.aspx?rpttype=employComp&rpt=EmployComp&rptName=Employee%20Compensation&rpt_unit_in=1921&referrer=byunit,
Jasper,Union Township,37-015.00,Nicole Davis,trustee,8750.0,1548,1600,2025,458032.48,107951.62,82858.59,77587.62,729.39,0,483125.51,https://gateway.ifionline.org/report_builder/Default3a.aspx?rpttype=afr&rpt=AFR_PrintFull_public&rptName=Annual%20Financial%20Report%20-%20Full%20Report&rpt_unit_in=1922&referrer=byunit,https://gateway.ifionline.org/report_builder/Default3a.aspx?rpttype=afr&rpt=cash_inv_combined&rptName=Cash%20and%20Investments&rpt_unit_in=1922&referrer=byunit,https://gateway.ifionline.org/report_builder/Default3a.aspx?rpttype=employComp&rpt=EmployComp&rptName=Employee%20Compensation&rpt_unit_in=1922&referrer=byunit,
Jasper,Walker Township,37-016.00,Ryan Myers,Trustee,15000.0,3728,3853,2025,861488.55,128992.26,108232.07,105457.3,2187.9,27.77,882248.74,https://gateway.ifionline.org/report_builder/Default3a.aspx?rpttype=afr&rpt=AFR_PrintFull_public&rptName=Annual%20Financial%20Report%20-%20Full%20Report&rpt_unit_in=1923&referrer=byunit,https://gateway.ifionline.org/report_builder/Default3a.aspx?rpttype=afr&rpt=cash_inv_combined&rptName=Cash%20and%20Investments&rpt_unit_in=1923&referrer=byunit,https://gateway.ifionline.org/report_builder/Default3a.aspx?rpttype=employComp&rpt=EmployComp&rptName=Employee%20Compensation&rpt_unit_in=1923&referrer=byunit,
Jasper,Wheatfield Township,37-017.00,David Myers,TRUSTEE,16000.0,4425,4588,2025,1440622.32,315293.46,104615.11,81310.22,17333.93,0,1651300.67,https://gateway.ifionline.org/report_builder/Default3a.aspx?rpttype=afr&rpt=AFR_PrintFull_public&rptName=Annual%20Financial%20Report%20-%20Full%20Report&rpt_unit_in=1924&referrer=byunit,https://gateway.ifionline.org/report_builder/Default3a.aspx?rpttype=afr&rpt=cash_inv_combined&rptName=Cash%20and%20Investments&rpt_unit_in=1924&referrer=byunit,https://gateway.ifionline.org/report_builder/Default3a.aspx?rpttype=employComp&rpt=EmployComp&rptName=Employee%20Compensation&rpt_unit_in=1924&referrer=byunit,
Jay,Bearcreek Township,38-007.00,Crystal Laux,Trustee,8450.0,1622,1598,2025,195458.78,144812.16,83642.98,75905.21,5065.99,0,256627.96,https://gateway.ifionline.org/report_builder/Default3a.aspx?rpttype=afr&rpt=AFR_PrintFull_public&rptName=Annual%20Financial%20Report%20-%20Full%20Report&rpt_unit_in=1941&referrer=byunit,https://gateway.ifionline.org/report_builder/Default3a.aspx?rpttype=afr&rpt=cash_inv_combined&rptName=Cash%20and%20Investments&rpt_unit_in=1941&referrer=byunit,https://gateway.ifionline.org/report_builder/Default3a.aspx?rpttype=employComp&rpt=EmployComp&rptName=Employee%20Compensation&rpt_unit_in=1941&referrer=byunit,
Jay,Greene Township,38-008.00,Nancy Cline,Trustee,5871.0,952,934,2025,39418.99,46842.73,35168.11,34499.47,0,0,51093.61,https://gateway.ifionline.org/report_builder/Default3a.aspx?rpttype=afr&rpt=AFR_PrintFull_public&rptName=Annual%20Financial%20Report%20-%20Full%20Report&rpt_unit_in=1942&referrer=byunit,https://gateway.ifionline.org/report_builder/Default3a.aspx?rpttype=afr&rpt=cash_inv_combined&rptName=Cash%20and%20Investments&rpt_unit_in=1942&referrer=byunit,https://gateway.ifionline.org/report_builder/Default3a.aspx?rpttype=employComp&rpt=EmployComp&rptName=Employee%20Compensation&rpt_unit_in=1942&referrer=byunit,
Jay,Jackson Township,38-009.00,Rex Pinkerton,Township Trustee,7950.0,988,971,2025,65342.26,74281.54,47061.12,45890.86,0,0,92562.68,https://gateway.ifionline.org/report_builder/Default3a.aspx?rpttype=afr&rpt=AFR_PrintFull_public&rptName=Annual%20Financial%20Report%20-%20Full%20Report&rpt_unit_in=1943&referrer=byunit,https://gateway.ifionline.org/report_builder/Default3a.aspx?rpttype=afr&rpt=cash_inv_combined&rptName=Cash%20and%20Investments&rpt_unit_in=1943&referrer=byunit,https://gateway.ifionline.org/report_builder/Default3a.aspx?rpttype=employComp&rpt=EmployComp&rptName=Employee%20Compensation&rpt_unit_in=1943&referrer=byunit,
Jay,Jefferson Township,38-010.00,Angela R Moeller,TRUSTEE,5100.0,696,684,2025,122922.51,42985.79,29858.88,23670.88,0,0,136049.42,https://gateway.ifionline.org/report_builder/Default3a.aspx?rpttype=afr&rpt=AFR_PrintFull_public&rptName=Annual%20Financial%20Report%20-%20Full%20Report&rpt_unit_in=1944&referrer=byunit,https://gateway.ifionline.org/report_builder/Default3a.aspx?rpttype=afr&rpt=cash_inv_combined&rptName=Cash%20and%20Investments&rpt_unit_in=1944&referrer=byunit,https://gateway.ifionline.org/report_builder/Default3a.aspx?rpttype=employComp&rpt=EmployComp&rptName=Employee%20Compensation&rpt_unit_in=1944&referrer=byunit,
Jay,Knox Township,38-011.00,Jennifer Cline Wagner,Trustee,5000.0,458,449,2025,13598.22,55521.32,39081.72,37951.68,380.04,0,30037.82,https://gateway.ifionline.org/report_builder/Default3a.aspx?rpttype=afr&rpt=AFR_PrintFull_public&rptName=Annual%20Financial%20Report%20-%20Full%20Report&rpt_unit_in=1945&referrer=byunit,https://gateway.ifionline.org/report_builder/Default3a.aspx?rpttype=afr&rpt=cash_inv_combined&rptName=Cash%20and%20Investments&rpt_unit_in=1945&referrer=byunit,https://gateway.ifionline.org/report_builder/Default3a.aspx?rpttype=employComp&rpt=EmployComp&rptName=Employee%20Compensation&rpt_unit_in=1945&referrer=byunit,
Jay,Madison Township,38-012.00,Scott W Hilfiker,Trustee,3950.0,637,641,2025,175955.16,43429.21,65460.52,13901.49,0,38500.0,153923.85,https://gateway.ifionline.org/report_builder/Default3a.aspx?rpttype=afr&rpt=AFR_PrintFull_public&rptName=Annual%20Financial%20Report%20-%20Full%20Report&rpt_unit_in=1946&referrer=byunit,https://gateway.ifionline.org/report_builder/Default3a.aspx?rpttype=afr&rpt=cash_inv_combined&rptName=Cash%20and%20Investments&rpt_unit_in=1946&referrer=byunit,https://gateway.ifionline.org/report_builder/Default3a.aspx?rpttype=employComp&rpt=EmployComp&rptName=Employee%20Compensation&rpt_unit_in=1946&referrer=byunit,
Jay,Noble Township,38-013.00,Virginia Cline,Trustee,5500.0,600,588,2025,218822.67,45547.26,22308.3,21619.84,0,0,242061.63,https://gateway.ifionline.org/report_builder/Default3a.aspx?rpttype=afr&rpt=AFR_PrintFull_public&rptName=Annual%20Financial%20Report%20-%20Full%20Report&rpt_unit_in=1947&referrer=byunit,https://gateway.ifionline.org/report_builder/Default3a.aspx?rpttype=afr&rpt=cash_inv_combined&rptName=Cash%20and%20Investments&rpt_unit_in=1947&referrer=byunit,https://gateway.ifionline.org/report_builder/Default3a.aspx?rpttype=employComp&rpt=EmployComp&rptName=Employee%20Compensation&rpt_unit_in=1947&referrer=byunit,
Jay,Penn Township,38-014.00,Nathaniel Springer,Trustee,8000.0,1130,1113,2025,339956.23,92000.66,55064.07,48410.78,6568.29,0,376892.82,https://gateway.ifionline.org/report_builder/Default3a.aspx?rpttype=afr&rpt=AFR_PrintFull_public&rptName=Annual%20Financial%20Report%20-%20Full%20Report&rpt_unit_in=1948&referrer=byunit,https://gateway.ifionline.org/report_builder/Default3a.aspx?rpttype=afr&rpt=cash_inv_combined&rptName=Cash%20and%20Investments&rpt_unit_in=1948&referrer=byunit,https://gateway.ifionline.org/report_builder/Default3a.aspx?rpttype=employComp&rpt=EmployComp&rptName=Employee%20Compensation&rpt_unit_in=1948&referrer=byunit,
Jay,Pike Township,38-015.00,Tammy Horn,Trustee,6000.0,842,827,2025,190588.79,73615.13,37820.66,35580.67,1780.99,0,226383.26,https://gateway.ifionline.org/report_builder/Default3a.aspx?rpttype=afr&rpt=AFR_PrintFull_public&rptName=Annual%20Financial%20Report%20-%20Full%20Report&rpt_unit_in=1949&referrer=byunit,https://gateway.ifionline.org/report_builder/Default3a.aspx?rpttype=afr&rpt=cash_inv_combined&rptName=Cash%20and%20Investments&rpt_unit_in=1949&referrer=byunit,https://gateway.ifionline.org/report_builder/Default3a.aspx?rpttype=employComp&rpt=EmployComp&rptName=Employee%20Compensation&rpt_unit_in=1949&referrer=byunit,
Jay,Richland Township,38-016.00,David L Champ,TRUSTEE,24000.0,3979,3874,2025,365093.34,117882.79,89793.14,46823.04,11625.66,599.34,393182.99,https://gateway.ifionline.org/report_builder/Default3a.aspx?rpttype=afr&rpt=AFR_PrintFull_public&rptName=Annual%20Financial%20Report%20-%20Full%20Report&rpt_unit_in=1950&referrer=byunit,https://gateway.ifionline.org/report_builder/Default3a.aspx?rpttype=afr&rpt=cash_inv_combined&rptName=Cash%20and%20Investments&rpt_unit_in=1950&referrer=byunit,https://gateway.ifionline.org/report_builder/Default3a.aspx?rpttype=employComp&rpt=EmployComp&rptName=Employee%20Compensation&rpt_unit_in=1950&referrer=byunit,
Jay,Wabash Township,38-017.00,Jason Rosenbeck,Trustee,4000.0,537,524,2025,50941.49,53316.49,44689.56,31789.49,219.04,0,59568.42,https://gateway.ifionline.org/report_builder/Default3a.aspx?rpttype=afr&rpt=AFR_PrintFull_public&rptName=Annual%20Financial%20Report%20-%20Full%20Report&rpt_unit_in=1951&referrer=byunit,https://gateway.ifionline.org/report_builder/Default3a.aspx?rpttype=afr&rpt=cash_inv_combined&rptName=Cash%20and%20Investments&rpt_unit_in=1951&referrer=byunit,https://gateway.ifionline.org/report_builder/Default3a.aspx?rpttype=employComp&rpt=EmployComp&rptName=Employee%20Compensation&rpt_unit_in=1951&referrer=byunit,
Jay,Wayne Township,38-018.00,James E Brewster,Trustee,18000.0,8038,7915,2025,196932.02,291003.45,251557.72,217639.75,21731.55,0,236377.75,https://gateway.ifionline.org/report_builder/Default3a.aspx?rpttype=afr&rpt=AFR_PrintFull_public&rptName=Annual%20Financial%20Report%20-%20Full%20Report&rpt_unit_in=1952&referrer=byunit,https://gateway.ifionline.org/report_builder/Default3a.aspx?rpttype=afr&rpt=cash_inv_combined&rptName=Cash%20and%20Investments&rpt_unit_in=1952&referrer=byunit,https://gateway.ifionline.org/report_builder/Default3a.aspx?rpttype=employComp&rpt=EmployComp&rptName=Employee%20Compensation&rpt_unit_in=1952&referrer=byunit,
Jefferson,Graham Township,39-005.00,Shannon Hamilton,Trustee,8100.0,1585,1585,2025,49513.19,47708.15,42581.26,34141.44,8439.82,0,54640.08,https://gateway.ifionline.org/report_builder/Default3a.aspx?rpttype=afr&rpt=AFR_PrintFull_public&rptName=Annual%20Financial%20Report%20-%20Full%20Report&rpt_unit_in=1966&referrer=byunit,https://gateway.ifionline.org/report_builder/Default3a.aspx?rpttype=afr&rpt=cash_inv_combined&rptName=Cash%20and%20Investments&rpt_unit_in=1966&referrer=byunit,https://gateway.ifionline.org/report_builder/Default3a.aspx?rpttype=employComp&rpt=EmployComp&rptName=Employee%20Compensation&rpt_unit_in=1966&referrer=byunit,
Jefferson,Hanover Township,39-006.00,Lucy J Anderson,Trustee,10000.0,5577,5695,2025,233878.71,118304.93,150196.03,129317.45,18795.64,0,201987.61,https://gateway.ifionline.org/report_builder/Default3a.aspx?rpttype=afr&rpt=AFR_PrintFull_public&rptName=Annual%20Financial%20Report%20-%20Full%20Report&rpt_unit_in=1967&referrer=byunit,https://gateway.ifionline.org/report_builder/Default3a.aspx?rpttype=afr&rpt=cash_inv_combined&rptName=Cash%20and%20Investments&rpt_unit_in=1967&referrer=byunit,https://gateway.ifionline.org/report_builder/Default3a.aspx?rpttype=employComp&rpt=EmployComp&rptName=Employee%20Compensation&rpt_unit_in=1967&referrer=byunit,
Jefferson,Lancaster Township,39-007.00,Doug Harrell,trustee,13200.0,1481,1486,2025,83547.0,105226.32,102086.91,61723.18,6530.57,30802.0,86686.41,https://gateway.ifionline.org/report_builder/Default3a.aspx?rpttype=afr&rpt=AFR_PrintFull_public&rptName=Annual%20Financial%20Report%20-%20Full%20Report&rpt_unit_in=1968&referrer=byunit,https://gateway.ifionline.org/report_builder/Default3a.aspx?rpttype=afr&rpt=cash_inv_combined&rptName=Cash%20and%20Investments&rpt_unit_in=1968&referrer=byunit,https://gateway.ifionline.org/report_builder/Default3a.aspx?rpttype=employComp&rpt=EmployComp&rptName=Employee%20Compensation&rpt_unit_in=1968&referrer=byunit,
Jefferson,Madison Township,39-008.00,Kevin S FRY,Township Trustee,51290.04,18089,18077,2025,723248.8,437128.42,372504.26,140984.23,73818.03,0,787872.96,https://gateway.ifionline.org/report_builder/Default3a.aspx?rpttype=afr&rpt=AFR_PrintFull_public&rptName=Annual%20Financial%20Report%20-%20Full%20Report&rpt_unit_in=1969&referrer=byunit,https://gateway.ifionline.org/report_builder/Default3a.aspx?rpttype=afr&rpt=cash_inv_combined&rptName=Cash%20and%20Investments&rpt_unit_in=1969&referrer=byunit,https://gateway.ifionline.org/report_builder/Default3a.aspx?rpttype=employComp&rpt=EmployComp&rptName=Employee%20Compensation&rpt_unit_in=1969&referrer=byunit,
Jefferson,Milton Township,39-009.00,Marilyn J Imel,Trustee,7638.0,836,835,2025,40312.16,31646.3,28136.12,19900.22,6746.24,0,43822.34,https://gateway.ifionline.org/report_builder/Default3a.aspx?rpttype=afr&rpt=AFR_PrintFull_public&rptName=Annual%20Financial%20Report%20-%20Full%20Report&rpt_unit_in=1970&referrer=byunit,https://gateway.ifionline.org/report_builder/Default3a.aspx?rpttype=afr&rpt=cash_inv_combined&rptName=Cash%20and%20Investments&rpt_unit_in=1970&referrer=byunit,https://gateway.ifionline.org/report_builder/Default3a.aspx?rpttype=employComp&rpt=EmployComp&rptName=Employee%20Compensation&rpt_unit_in=1970&referrer=byunit,
Jefferson,Monroe Township,39-010.00,Andy Crozier,Township Trustee,7000.0,353,362,2025,60772.93,31463.3,13840.06,12845.0,995.06,0,78396.17,https://gateway.ifionline.org/report_builder/Default3a.aspx?rpttype=afr&rpt=AFR_PrintFull_public&rptName=Annual%20Financial%20Report%20-%20Full%20Report&rpt_unit_in=1971&referrer=byunit,https://gateway.ifionline.org/report_builder/Default3a.aspx?rpttype=afr&rpt=cash_inv_combined&rptName=Cash%20and%20Investments&rpt_unit_in=1971&referrer=byunit,https://gateway.ifionline.org/report_builder/Default3a.aspx?rpttype=employComp&rpt=EmployComp&rptName=Employee%20Compensation&rpt_unit_in=1971&referrer=byunit,
Jefferson,Republican Township,39-011.00,Angie M Sims,TRUSTEE,8000.0,1627,1632,2025,112055.21,76482.23,69566.89,56226.81,8036.72,0,118970.55,https://gateway.ifionline.org/report_builder/Default3a.aspx?rpttype=afr&rpt=AFR_PrintFull_public&rptName=Annual%20Financial%20Report%20-%20Full%20Report&rpt_unit_in=1972&referrer=byunit,https://gateway.ifionline.org/report_builder/Default3a.aspx?rpttype=afr&rpt=cash_inv_combined&rptName=Cash%20and%20Investments&rpt_unit_in=1972&referrer=byunit,https://gateway.ifionline.org/report_builder/Default3a.aspx?rpttype=employComp&rpt=EmployComp&rptName=Employee%20Compensation&rpt_unit_in=1972&referrer=byunit,
Jefferson,Saluda Township,39-012.00,Cory Thomas,Trustee,11000.0,1368,1383,2025,148997.53,105923.17,70159.04,63993.12,6165.92,0,184761.66,https://gateway.ifionline.org/report_builder/Default3a.aspx?rpttype=afr&rpt=AFR_PrintFull_public&rptName=Annual%20Financial%20Report%20-%20Full%20Report&rpt_unit_in=1973&referrer=byunit,https://gateway.ifionline.org/report_builder/Default3a.aspx?rpttype=afr&rpt=cash_inv_combined&rptName=Cash%20and%20Investments&rpt_unit_in=1973&referrer=byunit,https://gateway.ifionline.org/report_builder/Default3a.aspx?rpttype=employComp&rpt=EmployComp&rptName=Employee%20Compensation&rpt_unit_in=1973&referrer=byunit,
Jefferson,Shelby Township,39-013.00,David R Herring,Trustee,12700.0,1129,1134,2025,64201.15,50250.8,75804.13,46673.91,9446.28,0,38647.82,https://gateway.ifionline.org/report_builder/Default3a.aspx?rpttype=afr&rpt=AFR_PrintFull_public&rptName=Annual%20Financial%20Report%20-%20Full%20Report&rpt_unit_in=1974&referrer=byunit,https://gateway.ifionline.org/report_builder/Default3a.aspx?rpttype=afr&rpt=cash_inv_combined&rptName=Cash%20and%20Investments&rpt_unit_in=1974&referrer=byunit,https://gateway.ifionline.org/report_builder/Default3a.aspx?rpttype=employComp&rpt=EmployComp&rptName=Employee%20Compensation&rpt_unit_in=1974&referrer=byunit,
Jefferson,Smyrna Township,39-014.00,Lawrence Mikesell,Trustee,7000.0,1094,1090,2025,146463.3,37538.84,31738.51,30608.21,0,0,152263.63,https://gateway.ifionline.org/report_builder/Default3a.aspx?rpttype=afr&rpt=AFR_PrintFull_public&rptName=Annual%20Financial%20Report%20-%20Full%20Report&rpt_unit_in=1975&referrer=byunit,https://gateway.ifionline.org/report_builder/Default3a.aspx?rpttype=afr&rpt=cash_inv_combined&rptName=Cash%20and%20Investments&rpt_unit_in=1975&referrer=byunit,https://gateway.ifionline.org/report_builder/Default3a.aspx?rpttype=employComp&rpt=EmployComp&rptName=Employee%20Compensation&rpt_unit_in=1975&referrer=byunit,
Jennings,Bigger Township,40-003.00,Robert itell,trustee,5200.0,650,651,2025,105019.22,38911.66,28072.14,23468.27,4303.87,0,115858.74,https://gateway.ifionline.org/report_builder/Default3a.aspx?rpttype=afr&rpt=AFR_PrintFull_public&rptName=Annual%20Financial%20Report%20-%20Full%20Report&rpt_unit_in=1988&referrer=byunit,https://gateway.ifionline.org/report_builder/Default3a.aspx?rpttype=afr&rpt=cash_inv_combined&rptName=Cash%20and%20Investments&rpt_unit_in=1988&referrer=byunit,https://gateway.ifionline.org/report_builder/Default3a.aspx?rpttype=employComp&rpt=EmployComp&rptName=Employee%20Compensation&rpt_unit_in=1988&referrer=byunit,
Jennings,Campbell Township,40-004.00,,,,1106,1119,2025,180773.55,66472.57,38763.73,28064.93,0,0,208482.39,https://gateway.ifionline.org/report_builder/Default3a.aspx?rpttype=afr&rpt=AFR_PrintFull_public&rptName=Annual%20Financial%20Report%20-%20Full%20Report&rpt_unit_in=1989&referrer=byunit,https://gateway.ifionline.org/report_builder/Default3a.aspx?rpttype=afr&rpt=cash_inv_combined&rptName=Cash%20and%20Investments&rpt_unit_in=1989&referrer=byunit,https://gateway.ifionline.org/report_builder/Default3a.aspx?rpttype=employComp&rpt=EmployComp&rptName=Employee%20Compensation&rpt_unit_in=1989&referrer=byunit,No trustee listed on 2025 100R
Jennings,Center Township,40-005.00,Andrew Eder,Trustee,19992.0,8211,8149,2025,702461.49,207434.02,147556.33,58795.54,88760.79,0,762339.18,https://gateway.ifionline.org/report_builder/Default3a.aspx?rpttype=afr&rpt=AFR_PrintFull_public&rptName=Annual%20Financial%20Report%20-%20Full%20Report&rpt_unit_in=1990&referrer=byunit,https://gateway.ifionline.org/report_builder/Default3a.aspx?rpttype=afr&rpt=cash_inv_combined&rptName=Cash%20and%20Investments&rpt_unit_in=1990&referrer=byunit,https://gateway.ifionline.org/report_builder/Default3a.aspx?rpttype=employComp&rpt=EmployComp&rptName=Employee%20Compensation&rpt_unit_in=1990&referrer=byunit,
Jennings,Columbia Township,40-006.00,Pamela Sporleder,Trustee,8000.0,894,887,2025,63928.01,36791.52,26581.77,25878.77,703.0,0,74137.76,https://gateway.ifionline.org/report_builder/Default3a.aspx?rpttype=afr&rpt=AFR_PrintFull_public&rptName=Annual%20Financial%20Report%20-%20Full%20Report&rpt_unit_in=1991&referrer=byunit,https://gateway.ifionline.org/report_builder/Default3a.aspx?rpttype=afr&rpt=cash_inv_combined&rptName=Cash%20and%20Investments&rpt_unit_in=1991&referrer=byunit,https://gateway.ifionline.org/report_builder/Default3a.aspx?rpttype=employComp&rpt=EmployComp&rptName=Employee%20Compensation&rpt_unit_in=1991&referrer=byunit,
Jennings,Geneva Township,40-007.00,Michael J Kelley,Trustee,24750.0,7512,7613,2025,354800.5,256084.2,199833.29,111491.98,12905.7,75435.61,411051.41,https://gateway.ifionline.org/report_builder/Default3a.aspx?rpttype=afr&rpt=AFR_PrintFull_public&rptName=Annual%20Financial%20Report%20-%20Full%20Report&rpt_unit_in=1992&referrer=byunit,https://gateway.ifionline.org/report_builder/Default3a.aspx?rpttype=afr&rpt=cash_inv_combined&rptName=Cash%20and%20Investments&rpt_unit_in=1992&referrer=byunit,https://gateway.ifionline.org/report_builder/Default3a.aspx?rpttype=employComp&rpt=EmployComp&rptName=Employee%20Compensation&rpt_unit_in=1992&referrer=byunit,
Jennings,Lovett Township,40-008.00,James Malcomb,Trustee,5400.0,1051,1047,2025,96119.66,36930.56,26790.35,23912.27,2878.08,0,106259.87,https://gateway.ifionline.org/report_builder/Default3a.aspx?rpttype=afr&rpt=AFR_PrintFull_public&rptName=Annual%20Financial%20Report%20-%20Full%20Report&rpt_unit_in=1993&referrer=byunit,https://gateway.ifionline.org/report_builder/Default3a.aspx?rpttype=afr&rpt=cash_inv_combined&rptName=Cash%20and%20Investments&rpt_unit_in=1993&referrer=byunit,https://gateway.ifionline.org/report_builder/Default3a.aspx?rpttype=employComp&rpt=EmployComp&rptName=Employee%20Compensation&rpt_unit_in=1993&referrer=byunit,
Jennings,Marion Township,40-009.00,,,,1111,1108,2025,172994.76,46935.15,18841.25,10819.67,1881.0,6140.58,201088.66,https://gateway.ifionline.org/report_builder/Default3a.aspx?rpttype=afr&rpt=AFR_PrintFull_public&rptName=Annual%20Financial%20Report%20-%20Full%20Report&rpt_unit_in=1994&referrer=byunit,https://gateway.ifionline.org/report_builder/Default3a.aspx?rpttype=afr&rpt=cash_inv_combined&rptName=Cash%20and%20Investments&rpt_unit_in=1994&referrer=byunit,https://gateway.ifionline.org/report_builder/Default3a.aspx?rpttype=employComp&rpt=EmployComp&rptName=Employee%20Compensation&rpt_unit_in=1994&referrer=byunit,No trustee listed on 2025 100R
Jennings,Montgomery Township,40-010.00,James Redmond,Township Trustee,5000.0,939,933,2025,65977.09,43276.96,35665.21,28802.62,2866.59,0,73588.84,https://gateway.ifionline.org/report_builder/Default3a.aspx?rpttype=afr&rpt=AFR_PrintFull_public&rptName=Annual%20Financial%20Report%20-%20Full%20Report&rpt_unit_in=1995&referrer=byunit,https://gateway.ifionline.org/report_builder/Default3a.aspx?rpttype=afr&rpt=cash_inv_combined&rptName=Cash%20and%20Investments&rpt_unit_in=1995&referrer=byunit,https://gateway.ifionline.org/report_builder/Default3a.aspx?rpttype=employComp&rpt=EmployComp&rptName=Employee%20Compensation&rpt_unit_in=1995&referrer=byunit,
Jennings,Sand Creek Township,40-011.00,Frank Schneider,Trustee,5965.0,847,840,2025,162753.85,70684.74,51936.81,43427.54,8509.27,0,181501.78,https://gateway.ifionline.org/report_builder/Default3a.aspx?rpttype=afr&rpt=AFR_PrintFull_public&rptName=Annual%20Financial%20Report%20-%20Full%20Report&rpt_unit_in=1996&referrer=byunit,https://gateway.ifionline.org/report_builder/Default3a.aspx?rpttype=afr&rpt=cash_inv_combined&rptName=Cash%20and%20Investments&rpt_unit_in=1996&referrer=byunit,https://gateway.ifionline.org/report_builder/Default3a.aspx?rpttype=employComp&rpt=EmployComp&rptName=Employee%20Compensation&rpt_unit_in=1996&referrer=byunit,
Jennings,Spencer Township,40-012.00,Tanner Resch,Trustee,8499.96,2409,2408,2025,419821.21,124602.12,40765.45,38162.78,2602.67,0,503657.88,https://gateway.ifionline.org/report_builder/Default3a.aspx?rpttype=afr&rpt=AFR_PrintFull_public&rptName=Annual%20Financial%20Report%20-%20Full%20Report&rpt_unit_in=1997&referrer=byunit,https://gateway.ifionline.org/report_builder/Default3a.aspx?rpttype=afr&rpt=cash_inv_combined&rptName=Cash%20and%20Investments&rpt_unit_in=1997&referrer=byunit,https://gateway.ifionline.org/report_builder/Default3a.aspx?rpttype=employComp&rpt=EmployComp&rptName=Employee%20Compensation&rpt_unit_in=1997&referrer=byunit,
Jennings,Vernon Township,40-013.00,Roger Taylor,Trustee,8000.04,2887,2867,2025,168385.45,137958.3,89778.14,37696.64,13876.26,38205.24,216565.61,https://gateway.ifionline.org/report_builder/Default3a.aspx?rpttype=afr&rpt=AFR_PrintFull_public&rptName=Annual%20Financial%20Report%20-%20Full%20Report&rpt_unit_in=1998&referrer=byunit,https://gateway.ifionline.org/report_builder/Default3a.aspx?rpttype=afr&rpt=cash_inv_combined&rptName=Cash%20and%20Investments&rpt_unit_in=1998&referrer=byunit,https://gateway.ifionline.org/report_builder/Default3a.aspx?rpttype=employComp&rpt=EmployComp&rptName=Employee%20Compensation&rpt_unit_in=1998&referrer=byunit,
Johnson,Blue River Township,41-009.00,Ray Walton,Trustee,17600.0,4824,4948,2025,379103.88,151365.03,121402.42,79829.42,41573.0,0,409066.49,https://gateway.ifionline.org/report_builder/Default3a.aspx?rpttype=afr&rpt=AFR_PrintFull_public&rptName=Annual%20Financial%20Report%20-%20Full%20Report&rpt_unit_in=2007&referrer=byunit,https://gateway.ifionline.org/report_builder/Default3a.aspx?rpttype=afr&rpt=cash_inv_combined&rptName=Cash%20and%20Investments&rpt_unit_in=2007&referrer=byunit,https://gateway.ifionline.org/report_builder/Default3a.aspx?rpttype=employComp&rpt=EmployComp&rptName=Employee%20Compensation&rpt_unit_in=2007&referrer=byunit,
Johnson,Clark Township,41-010.00,Neil Trisler,Trustee,13850.0,2912,3026,2025,47402.57,50293.17,36441.65,29316.18,7125.47,0,61254.09,https://gateway.ifionline.org/report_builder/Default3a.aspx?rpttype=afr&rpt=AFR_PrintFull_public&rptName=Annual%20Financial%20Report%20-%20Full%20Report&rpt_unit_in=2008&referrer=byunit,https://gateway.ifionline.org/report_builder/Default3a.aspx?rpttype=afr&rpt=cash_inv_combined&rptName=Cash%20and%20Investments&rpt_unit_in=2008&referrer=byunit,https://gateway.ifionline.org/report_builder/Default3a.aspx?rpttype=employComp&rpt=EmployComp&rptName=Employee%20Compensation&rpt_unit_in=2008&referrer=byunit,
Johnson,Franklin Union Needham Township,41-030.00,Lydia Wales,Trustee,52499.96,31635,33310,2025,666788.39,563626.15,584009.44,389232.81,141938.92,20928.39,646405.1,https://gateway.ifionline.org/report_builder/Default3a.aspx?rpttype=afr&rpt=AFR_PrintFull_public&rptName=Annual%20Financial%20Report%20-%20Full%20Report&rpt_unit_in=10300&referrer=byunit,https://gateway.ifionline.org/report_builder/Default3a.aspx?rpttype=afr&rpt=cash_inv_combined&rptName=Cash%20and%20Investments&rpt_unit_in=10300&referrer=byunit,https://gateway.ifionline.org/report_builder/Default3a.aspx?rpttype=employComp&rpt=EmployComp&rptName=Employee%20Compensation&rpt_unit_in=10300&referrer=byunit,"Census name(s): Franklin township, Needham township, Union township (populations summed; townships merged)"
Johnson,Hensley Township,41-012.00,Beth A Baird,Trustee,6450.0,3784,4086,2025,101936.87,29526.4,131463.27,65418.92,8806.96,0,0.0,https://gateway.ifionline.org/report_builder/Default3a.aspx?rpttype=afr&rpt=AFR_PrintFull_public&rptName=Annual%20Financial%20Report%20-%20Full%20Report&rpt_unit_in=2010&referrer=byunit,https://gateway.ifionline.org/report_builder/Default3a.aspx?rpttype=afr&rpt=cash_inv_combined&rptName=Cash%20and%20Investments&rpt_unit_in=2010&referrer=byunit,https://gateway.ifionline.org/report_builder/Default3a.aspx?rpttype=employComp&rpt=EmployComp&rptName=Employee%20Compensation&rpt_unit_in=2010&referrer=byunit,
Johnson,Nineveh Township,41-014.00,Jonetta Knight,Trustee,10048.92,4193,4289,2025,225348.34,77962.58,65132.4,36726.92,16722.07,6470.99,238178.52,https://gateway.ifionline.org/report_builder/Default3a.aspx?rpttype=afr&rpt=AFR_PrintFull_public&rptName=Annual%20Financial%20Report%20-%20Full%20Report&rpt_unit_in=2012&referrer=byunit,https://gateway.ifionline.org/report_builder/Default3a.aspx?rpttype=afr&rpt=cash_inv_combined&rptName=Cash%20and%20Investments&rpt_unit_in=2012&referrer=byunit,https://gateway.ifionline.org/report_builder/Default3a.aspx?rpttype=employComp&rpt=EmployComp&rptName=Employee%20Compensation&rpt_unit_in=2012&referrer=byunit,
Johnson,Pleasant Township,41-015.00,Carl W Carl,TRUSTEE,44544.0,62025,68110,2025,585337.23,473484.33,373355.98,322913.38,0,0,685465.58,https://gateway.ifionline.org/report_builder/Default3a.aspx?rpttype=afr&rpt=AFR_PrintFull_public&rptName=Annual%20Financial%20Report%20-%20Full%20Report&rpt_unit_in=2013&referrer=byunit,https://gateway.ifionline.org/report_builder/Default3a.aspx?rpttype=afr&rpt=cash_inv_combined&rptName=Cash%20and%20Investments&rpt_unit_in=2013&referrer=byunit,https://gateway.ifionline.org/report_builder/Default3a.aspx?rpttype=employComp&rpt=EmployComp&rptName=Employee%20Compensation&rpt_unit_in=2013&referrer=byunit,
Johnson,White River Township,41-017.00,Mark W Messick,TRUSTEE,37080.0,52403,56493,2025,296052.78,187079.97,227005.19,214945.9,0,0,256127.56,https://gateway.ifionline.org/report_builder/Default3a.aspx?rpttype=afr&rpt=AFR_PrintFull_public&rptName=Annual%20Financial%20Report%20-%20Full%20Report&rpt_unit_in=2015&referrer=byunit,https://gateway.ifionline.org/report_builder/Default3a.aspx?rpttype=afr&rpt=cash_inv_combined&rptName=Cash%20and%20Investments&rpt_unit_in=2015&referrer=byunit,https://gateway.ifionline.org/report_builder/Default3a.aspx?rpttype=employComp&rpt=EmployComp&rptName=Employee%20Compensation&rpt_unit_in=2015&referrer=byunit,
Knox,Busseron Township,42-018.00,Ryan Irvine,TRUSTEE,13000.0,1259,1251,2025,608915.79,174680.9,201658.13,112697.41,12419.23,66147.97,581938.56,https://gateway.ifionline.org/report_builder/Default3a.aspx?rpttype=afr&rpt=AFR_PrintFull_public&rptName=Annual%20Financial%20Report%20-%20Full%20Report&rpt_unit_in=2049&referrer=byunit,https://gateway.ifionline.org/report_builder/Default3a.aspx?rpttype=afr&rpt=cash_inv_combined&rptName=Cash%20and%20Investments&rpt_unit_in=2049&referrer=byunit,https://gateway.ifionline.org/report_builder/Default3a.aspx?rpttype=employComp&rpt=EmployComp&rptName=Employee%20Compensation&rpt_unit_in=2049&referrer=byunit,
Knox,Decker Township,42-019.00,Lacey J Newton,Trustee,7500.0,215,212,2025,445598.64,84793.98,34342.68,34342.68,0,0,496049.94,https://gateway.ifionline.org/report_builder/Default3a.aspx?rpttype=afr&rpt=AFR_PrintFull_public&rptName=Annual%20Financial%20Report%20-%20Full%20Report&rpt_unit_in=2050&referrer=byunit,https://gateway.ifionline.org/report_builder/Default3a.aspx?rpttype=afr&rpt=cash_inv_combined&rptName=Cash%20and%20Investments&rpt_unit_in=2050&referrer=byunit,https://gateway.ifionline.org/report_builder/Default3a.aspx?rpttype=employComp&rpt=EmployComp&rptName=Employee%20Compensation&rpt_unit_in=2050&referrer=byunit,
Knox,Harrison Township,42-020.00,Toby Like,Trustee,22300.0,1921,1895,2025,228737.07,354051.15,268734.31,140065.45,2523.3,125590.56,314053.91,https://gateway.ifionline.org/report_builder/Default3a.aspx?rpttype=afr&rpt=AFR_PrintFull_public&rptName=Annual%20Financial%20Report%20-%20Full%20Report&rpt_unit_in=2051&referrer=byunit,https://gateway.ifionline.org/report_builder/Default3a.aspx?rpttype=afr&rpt=cash_inv_combined&rptName=Cash%20and%20Investments&rpt_unit_in=2051&referrer=byunit,https://gateway.ifionline.org/report_builder/Default3a.aspx?rpttype=employComp&rpt=EmployComp&rptName=Employee%20Compensation&rpt_unit_in=2051&referrer=byunit,
Knox,Johnson Township,42-021.00,Aaron M Morris,Trustee,13314.96,1261,1244,2025,42103.69,70677.81,52911.57,47216.07,3526.93,0,59869.93,https://gateway.ifionline.org/report_builder/Default3a.aspx?rpttype=afr&rpt=AFR_PrintFull_public&rptName=Annual%20Financial%20Report%20-%20Full%20Report&rpt_unit_in=2052&referrer=byunit,https://gateway.ifionline.org/report_builder/Default3a.aspx?rpttype=afr&rpt=cash_inv_combined&rptName=Cash%20and%20Investments&rpt_unit_in=2052&referrer=byunit,https://gateway.ifionline.org/report_builder/Default3a.aspx?rpttype=employComp&rpt=EmployComp&rptName=Employee%20Compensation&rpt_unit_in=2052&referrer=byunit,
Knox,Palmyra Township,42-022.00,Rachel Carnahan,Trustee,23427.0,1489,1473,2025,536782.67,636575.68,325274.58,233862.24,480.11,66567.69,848083.77,https://gateway.ifionline.org/report_builder/Default3a.aspx?rpttype=afr&rpt=AFR_PrintFull_public&rptName=Annual%20Financial%20Report%20-%20Full%20Report&rpt_unit_in=2053&referrer=byunit,https://gateway.ifionline.org/report_builder/Default3a.aspx?rpttype=afr&rpt=cash_inv_combined&rptName=Cash%20and%20Investments&rpt_unit_in=2053&referrer=byunit,https://gateway.ifionline.org/report_builder/Default3a.aspx?rpttype=employComp&rpt=EmployComp&rptName=Employee%20Compensation&rpt_unit_in=2053&referrer=byunit,
Knox,Steen Township,42-023.00,Shelly A McCrary,Trustee,14244.96,810,800,2025,258416.98,124654.51,132943.56,120685.47,2317.57,0,250127.93,https://gateway.ifionline.org/report_builder/Default3a.aspx?rpttype=afr&rpt=AFR_PrintFull_public&rptName=Annual%20Financial%20Report%20-%20Full%20Report&rpt_unit_in=2054&referrer=byunit,https://gateway.ifionline.org/report_builder/Default3a.aspx?rpttype=afr&rpt=cash_inv_combined&rptName=Cash%20and%20Investments&rpt_unit_in=2054&referrer=byunit,https://gateway.ifionline.org/report_builder/Default3a.aspx?rpttype=employComp&rpt=EmployComp&rptName=Employee%20Compensation&rpt_unit_in=2054&referrer=byunit,
Knox,Vigo Township,42-024.00,,,,4081,4014,2025,338648.92,170547.17,167719.19,114759.84,39836.76,8086.0,341476.9,https://gateway.ifionline.org/report_builder/Default3a.aspx?rpttype=afr&rpt=AFR_PrintFull_public&rptName=Annual%20Financial%20Report%20-%20Full%20Report&rpt_unit_in=2055&referrer=byunit,https://gateway.ifionline.org/report_builder/Default3a.aspx?rpttype=afr&rpt=cash_inv_combined&rptName=Cash%20and%20Investments&rpt_unit_in=2055&referrer=byunit,https://gateway.ifionline.org/report_builder/Default3a.aspx?rpttype=employComp&rpt=EmployComp&rptName=Employee%20Compensation&rpt_unit_in=2055&referrer=byunit,No trustee listed on 2025 100R
Knox,Vincennes Township,42-025.00,Dennis Kordes,TRUSTEE,21000.0,21882,21431,2025,563819.62,456963.22,523045.26,181093.92,271129.0,5354.0,497737.58,https://gateway.ifionline.org/report_builder/Default3a.aspx?rpttype=afr&rpt=AFR_PrintFull_public&rptName=Annual%20Financial%20Report%20-%20Full%20Report&rpt_unit_in=2056&referrer=byunit,https://gateway.ifionline.org/report_builder/Default3a.aspx?rpttype=afr&rpt=cash_inv_combined&rptName=Cash%20and%20Investments&rpt_unit_in=2056&referrer=byunit,https://gateway.ifionline.org/report_builder/Default3a.aspx?rpttype=employComp&rpt=EmployComp&rptName=Employee%20Compensation&rpt_unit_in=2056&referrer=byunit,
Knox,Washington Township,42-026.00,Brian Stephens,Trustee,10800.0,2270,2244,2025,534520.54,236885.37,225691.53,210859.96,7825.29,0,545714.38,https://gateway.ifionline.org/report_builder/Default3a.aspx?rpttype=afr&rpt=AFR_PrintFull_public&rptName=Annual%20Financial%20Report%20-%20Full%20Report&rpt_unit_in=2057&referrer=byunit,https://gateway.ifionline.org/report_builder/Default3a.aspx?rpttype=afr&rpt=cash_inv_combined&rptName=Cash%20and%20Investments&rpt_unit_in=2057&referrer=byunit,https://gateway.ifionline.org/report_builder/Default3a.aspx?rpttype=employComp&rpt=EmployComp&rptName=Employee%20Compensation&rpt_unit_in=2057&referrer=byunit,
Knox,Widner Township,42-027.00,Sara M Kixmiller,Trustee,11500.0,1096,1088,2025,454131.52,190886.91,131496.16,89571.54,6778.19,9822.3,513522.27,https://gateway.ifionline.org/report_builder/Default3a.aspx?rpttype=afr&rpt=AFR_PrintFull_public&rptName=Annual%20Financial%20Report%20-%20Full%20Report&rpt_unit_in=2058&referrer=byunit,https://gateway.ifionline.org/report_builder/Default3a.aspx?rpttype=afr&rpt=cash_inv_combined&rptName=Cash%20and%20Investments&rpt_unit_in=2058&referrer=byunit,https://gateway.ifionline.org/report_builder/Default3a.aspx?rpttype=employComp&rpt=EmployComp&rptName=Employee%20Compensation&rpt_unit_in=2058&referrer=byunit,
Kosciusko,Clay Township,43-024.00,Stephanie Stutzman,Trustee,15000.0,1653,1661,2025,728637.71,230066.09,183379.02,111443.26,711.25,66620.0,775324.78,https://gateway.ifionline.org/report_builder/Default3a.aspx?rpttype=afr&rpt=AFR_PrintFull_public&rptName=Annual%20Financial%20Report%20-%20Full%20Report&rpt_unit_in=2082&referrer=byunit,https://gateway.ifionline.org/report_builder/Default3a.aspx?rpttype=afr&rpt=cash_inv_combined&rptName=Cash%20and%20Investments&rpt_unit_in=2082&referrer=byunit,https://gateway.ifionline.org/report_builder/Default3a.aspx?rpttype=employComp&rpt=EmployComp&rptName=Employee%20Compensation&rpt_unit_in=2082&referrer=byunit,
Kosciusko,Etna Township,43-025.00,Rita F Anglin,Trustee,9000.0,1490,1504,2025,537818.48,257700.76,174926.59,125886.36,383.72,44870.0,620592.65,https://gateway.ifionline.org/report_builder/Default3a.aspx?rpttype=afr&rpt=AFR_PrintFull_public&rptName=Annual%20Financial%20Report%20-%20Full%20Report&rpt_unit_in=2083&referrer=byunit,https://gateway.ifionline.org/report_builder/Default3a.aspx?rpttype=afr&rpt=cash_inv_combined&rptName=Cash%20and%20Investments&rpt_unit_in=2083&referrer=byunit,https://gateway.ifionline.org/report_builder/Default3a.aspx?rpttype=employComp&rpt=EmployComp&rptName=Employee%20Compensation&rpt_unit_in=2083&referrer=byunit,
Kosciusko,Franklin Township,43-026.00,Ann Wiesehan,Trustee,10844.0,1091,1091,2025,409879.42,209649.59,67809.64,62340.73,3741.04,0,551719.37,https://gateway.ifionline.org/report_builder/Default3a.aspx?rpttype=afr&rpt=AFR_PrintFull_public&rptName=Annual%20Financial%20Report%20-%20Full%20Report&rpt_unit_in=2084&referrer=byunit,https://gateway.ifionline.org/report_builder/Default3a.aspx?rpttype=afr&rpt=cash_inv_combined&rptName=Cash%20and%20Investments&rpt_unit_in=2084&referrer=byunit,https://gateway.ifionline.org/report_builder/Default3a.aspx?rpttype=employComp&rpt=EmployComp&rptName=Employee%20Compensation&rpt_unit_in=2084&referrer=byunit,
Kosciusko,Harrison Township,43-027.00,Tracy Moyer,Township Trustee,20000.0,3725,3748,2025,841721.81,273312.59,186037.38,162912.5,8554.95,10000.0,928997.02,https://gateway.ifionline.org/report_builder/Default3a.aspx?rpttype=afr&rpt=AFR_PrintFull_public&rptName=Annual%20Financial%20Report%20-%20Full%20Report&rpt_unit_in=2085&referrer=byunit,https://gateway.ifionline.org/report_builder/Default3a.aspx?rpttype=afr&rpt=cash_inv_combined&rptName=Cash%20and%20Investments&rpt_unit_in=2085&referrer=byunit,https://gateway.ifionline.org/report_builder/Default3a.aspx?rpttype=employComp&rpt=EmployComp&rptName=Employee%20Compensation&rpt_unit_in=2085&referrer=byunit,
Kosciusko,Jackson Township,43-028.00,Gwendolyn L Ostrom,Trustee,14700.0,1240,1242,2025,376696.19,180096.27,129936.27,96089.18,4089.15,24156.55,426856.19,https://gateway.ifionline.org/report_builder/Default3a.aspx?rpttype=afr&rpt=AFR_PrintFull_public&rptName=Annual%20Financial%20Report%20-%20Full%20Report&rpt_unit_in=2086&referrer=byunit,https://gateway.ifionline.org/report_builder/Default3a.aspx?rpttype=afr&rpt=cash_inv_combined&rptName=Cash%20and%20Investments&rpt_unit_in=2086&referrer=byunit,https://gateway.ifionline.org/report_builder/Default3a.aspx?rpttype=employComp&rpt=EmployComp&rptName=Employee%20Compensation&rpt_unit_in=2086&referrer=byunit,
Kosciusko,Jefferson Township,43-029.00,Beth Krull,Trustee,12500.0,1929,1918,2025,382636.03,107516.81,106484.2,95805.36,9592.85,0,383668.64,https://gateway.ifionline.org/report_builder/Default3a.aspx?rpttype=afr&rpt=AFR_PrintFull_public&rptName=Annual%20Financial%20Report%20-%20Full%20Report&rpt_unit_in=2087&referrer=byunit,https://gateway.ifionline.org/report_builder/Default3a.aspx?rpttype=afr&rpt=cash_inv_combined&rptName=Cash%20and%20Investments&rpt_unit_in=2087&referrer=byunit,https://gateway.ifionline.org/report_builder/Default3a.aspx?rpttype=employComp&rpt=EmployComp&rptName=Employee%20Compensation&rpt_unit_in=2087&referrer=byunit,
Kosciusko,Lake Township,43-030.00,Molly E Bradford,Lake Township Trustee,15000.0,1540,1542,2025,563776.29,306688.16,90131.15,75690.25,3845.73,8859.95,780333.3,https://gateway.ifionline.org/report_builder/Default3a.aspx?rpttype=afr&rpt=AFR_PrintFull_public&rptName=Annual%20Financial%20Report%20-%20Full%20Report&rpt_unit_in=2088&referrer=byunit,https://gateway.ifionline.org/report_builder/Default3a.aspx?rpttype=afr&rpt=cash_inv_combined&rptName=Cash%20and%20Investments&rpt_unit_in=2088&referrer=byunit,https://gateway.ifionline.org/report_builder/Default3a.aspx?rpttype=employComp&rpt=EmployComp&rptName=Employee%20Compensation&rpt_unit_in=2088&referrer=byunit,
Kosciusko,Monroe Township,43-031.00,Jonathan W Engelhaupt,Trustee,9250.0,1148,1163,2025,269125.34,84268.34,42484.47,38003.55,1907.76,0,310909.21,https://gateway.ifionline.org/report_builder/Default3a.aspx?rpttype=afr&rpt=AFR_PrintFull_public&rptName=Annual%20Financial%20Report%20-%20Full%20Report&rpt_unit_in=2089&referrer=byunit,https://gateway.ifionline.org/report_builder/Default3a.aspx?rpttype=afr&rpt=cash_inv_combined&rptName=Cash%20and%20Investments&rpt_unit_in=2089&referrer=byunit,https://gateway.ifionline.org/report_builder/Default3a.aspx?rpttype=employComp&rpt=EmployComp&rptName=Employee%20Compensation&rpt_unit_in=2089&referrer=byunit,
Kosciusko,Plain Township,43-032.00,Craig Charlton,Trustee,18000.0,8857,8969,2025,2203562.8,723417.13,439113.35,340678.97,24263.15,69585.73,2487866.58,https://gateway.ifionline.org/report_builder/Default3a.aspx?rpttype=afr&rpt=AFR_PrintFull_public&rptName=Annual%20Financial%20Report%20-%20Full%20Report&rpt_unit_in=2090&referrer=byunit,https://gateway.ifionline.org/report_builder/Default3a.aspx?rpttype=afr&rpt=cash_inv_combined&rptName=Cash%20and%20Investments&rpt_unit_in=2090&referrer=byunit,https://gateway.ifionline.org/report_builder/Default3a.aspx?rpttype=employComp&rpt=EmployComp&rptName=Employee%20Compensation&rpt_unit_in=2090&referrer=byunit,
Kosciusko,Prairie Township,43-033.00,Julia A Goon,Trustee,18000.0,1774,1780,2025,507120.83,346110.27,158204.3,126241.13,300.0,27571.08,695026.8,https://gateway.ifionline.org/report_builder/Default3a.aspx?rpttype=afr&rpt=AFR_PrintFull_public&rptName=Annual%20Financial%20Report%20-%20Full%20Report&rpt_unit_in=2091&referrer=byunit,https://gateway.ifionline.org/report_builder/Default3a.aspx?rpttype=afr&rpt=cash_inv_combined&rptName=Cash%20and%20Investments&rpt_unit_in=2091&referrer=byunit,https://gateway.ifionline.org/report_builder/Default3a.aspx?rpttype=employComp&rpt=EmployComp&rptName=Employee%20Compensation&rpt_unit_in=2091&referrer=byunit,
Kosciusko,Scott Township,43-034.00,,,,1749,1739,2025,79713.29,53911.41,58846.81,54398.37,1000.0,0,74777.89,https://gateway.ifionline.org/report_builder/Default3a.aspx?rpttype=afr&rpt=AFR_PrintFull_public&rptName=Annual%20Financial%20Report%20-%20Full%20Report&rpt_unit_in=2092&referrer=byunit,https://gateway.ifionline.org/report_builder/Default3a.aspx?rpttype=afr&rpt=cash_inv_combined&rptName=Cash%20and%20Investments&rpt_unit_in=2092&referrer=byunit,https://gateway.ifionline.org/report_builder/Default3a.aspx?rpttype=employComp&rpt=EmployComp&rptName=Employee%20Compensation&rpt_unit_in=2092&referrer=byunit,No trustee listed on 2025 100R
Kosciusko,Seward Township,43-035.00,Aime Hoffman,Trustee,22000.0,2294,2305,2025,743347.72,1015690.39,889759.46,97743.05,0,16354.06,869278.65,https://gateway.ifionline.org/report_builder/Default3a.aspx?rpttype=afr&rpt=AFR_PrintFull_public&rptName=Annual%20Financial%20Report%20-%20Full%20Report&rpt_unit_in=2093&referrer=byunit,https://gateway.ifionline.org/report_builder/Default3a.aspx?rpttype=afr&rpt=cash_inv_combined&rptName=Cash%20and%20Investments&rpt_unit_in=2093&referrer=byunit,https://gateway.ifionline.org/report_builder/Default3a.aspx?rpttype=employComp&rpt=EmployComp&rptName=Employee%20Compensation&rpt_unit_in=2093&referrer=byunit,
Kosciusko,Tippecanoe Township,43-036.00,Christopher Francis,TRUSTEE,18999.76,6583,6630,2025,1564598.01,2986272.29,2922016.68,2363905.94,5086.33,505897.87,1628853.62,https://gateway.ifionline.org/report_builder/Default3a.aspx?rpttype=afr&rpt=AFR_PrintFull_public&rptName=Annual%20Financial%20Report%20-%20Full%20Report&rpt_unit_in=2094&referrer=byunit,https://gateway.ifionline.org/report_builder/Default3a.aspx?rpttype=afr&rpt=cash_inv_combined&rptName=Cash%20and%20Investments&rpt_unit_in=2094&referrer=byunit,https://gateway.ifionline.org/report_builder/Default3a.aspx?rpttype=employComp&rpt=EmployComp&rptName=Employee%20Compensation&rpt_unit_in=2094&referrer=byunit,
Kosciusko,Turkey Creek Township,43-037.00,Joseph M Cazier,Trustee,20000.04,8645,8658,2025,4727073.9,4562748.34,4331183.18,2678952.46,37615.6,839943.61,4958639.06,https://gateway.ifionline.org/report_builder/Default3a.aspx?rpttype=afr&rpt=AFR_PrintFull_public&rptName=Annual%20Financial%20Report%20-%20Full%20Report&rpt_unit_in=2095&referrer=byunit,https://gateway.ifionline.org/report_builder/Default3a.aspx?rpttype=afr&rpt=cash_inv_combined&rptName=Cash%20and%20Investments&rpt_unit_in=2095&referrer=byunit,https://gateway.ifionline.org/report_builder/Default3a.aspx?rpttype=employComp&rpt=EmployComp&rptName=Employee%20Compensation&rpt_unit_in=2095&referrer=byunit,
Kosciusko,Van Buren Township,43-038.00,Diane K Perry,Trustee,18700.0,4322,4324,2025,788361.2,312017.82,138241.67,112159.7,20814.88,326.6,962137.35,https://gateway.ifionline.org/report_builder/Default3a.aspx?rpttype=afr&rpt=AFR_PrintFull_public&rptName=Annual%20Financial%20Report%20-%20Full%20Report&rpt_unit_in=2096&referrer=byunit,https://gateway.ifionline.org/report_builder/Default3a.aspx?rpttype=afr&rpt=cash_inv_combined&rptName=Cash%20and%20Investments&rpt_unit_in=2096&referrer=byunit,https://gateway.ifionline.org/report_builder/Default3a.aspx?rpttype=employComp&rpt=EmployComp&rptName=Employee%20Compensation&rpt_unit_in=2096&referrer=byunit,
Kosciusko,Washington Township,43-039.00,Dean E Rhoades,Trustee,6000.0,2906,2916,2025,735445.0,438270.05,310464.05,199419.33,18034.12,48183.41,863251.0,https://gateway.ifionline.org/report_builder/Default3a.aspx?rpttype=afr&rpt=AFR_PrintFull_public&rptName=Annual%20Financial%20Report%20-%20Full%20Report&rpt_unit_in=2097&referrer=byunit,https://gateway.ifionline.org/report_builder/Default3a.aspx?rpttype=afr&rpt=cash_inv_combined&rptName=Cash%20and%20Investments&rpt_unit_in=2097&referrer=byunit,https://gateway.ifionline.org/report_builder/Default3a.aspx?rpttype=employComp&rpt=EmployComp&rptName=Employee%20Compensation&rpt_unit_in=2097&referrer=byunit,
Kosciusko,Wayne Township,43-040.00,Jeanie Stackhouse,Trustee,29133.12,29288,29702,2025,2670350.97,373024.88,337419.98,261592.86,57791.72,4277.0,2705955.87,https://gateway.ifionline.org/report_builder/Default3a.aspx?rpttype=afr&rpt=AFR_PrintFull_public&rptName=Annual%20Financial%20Report%20-%20Full%20Report&rpt_unit_in=2098&referrer=byunit,https://gateway.ifionline.org/report_builder/Default3a.aspx?rpttype=afr&rpt=cash_inv_combined&rptName=Cash%20and%20Investments&rpt_unit_in=2098&referrer=byunit,https://gateway.ifionline.org/report_builder/Default3a.aspx?rpttype=employComp&rpt=EmployComp&rptName=Employee%20Compensation&rpt_unit_in=2098&referrer=byunit,
LaGrange,Bloomfield Township,44-005.00,William Pipher,Trustee,30000.0,5774,5883,2025,775230.45,195856.84,117257.98,84471.01,32467.04,319.93,853829.31,https://gateway.ifionline.org/report_builder/Default3a.aspx?rpttype=afr&rpt=AFR_PrintFull_public&rptName=Annual%20Financial%20Report%20-%20Full%20Report&rpt_unit_in=2136&referrer=byunit,https://gateway.ifionline.org/report_builder/Default3a.aspx?rpttype=afr&rpt=cash_inv_combined&rptName=Cash%20and%20Investments&rpt_unit_in=2136&referrer=byunit,https://gateway.ifionline.org/report_builder/Default3a.aspx?rpttype=employComp&rpt=EmployComp&rptName=Employee%20Compensation&rpt_unit_in=2136&referrer=byunit,
LaGrange,Clay Township,44-006.00,Debbie L Muntz,Trustee,53196.0,3758,3835,2025,1147825.43,348612.97,162949.85,128405.09,3859.8,2186.39,1333488.55,https://gateway.ifionline.org/report_builder/Default3a.aspx?rpttype=afr&rpt=AFR_PrintFull_public&rptName=Annual%20Financial%20Report%20-%20Full%20Report&rpt_unit_in=2137&referrer=byunit,https://gateway.ifionline.org/report_builder/Default3a.aspx?rpttype=afr&rpt=cash_inv_combined&rptName=Cash%20and%20Investments&rpt_unit_in=2137&referrer=byunit,https://gateway.ifionline.org/report_builder/Default3a.aspx?rpttype=employComp&rpt=EmployComp&rptName=Employee%20Compensation&rpt_unit_in=2137&referrer=byunit,
LaGrange,Clearspring Township,44-007.00,Melissa Eichelberger,Trustee,12954.0,4628,4713,2025,795252.62,303515.63,96175.43,82586.55,8332.09,0,1002592.82,https://gateway.ifionline.org/report_builder/Default3a.aspx?rpttype=afr&rpt=AFR_PrintFull_public&rptName=Annual%20Financial%20Report%20-%20Full%20Report&rpt_unit_in=2138&referrer=byunit,https://gateway.ifionline.org/report_builder/Default3a.aspx?rpttype=afr&rpt=cash_inv_combined&rptName=Cash%20and%20Investments&rpt_unit_in=2138&referrer=byunit,https://gateway.ifionline.org/report_builder/Default3a.aspx?rpttype=employComp&rpt=EmployComp&rptName=Employee%20Compensation&rpt_unit_in=2138&referrer=byunit,
LaGrange,Eden Township,44-008.00,Staci L Smith,Trustee,21999.96,4903,5006,2025,1227287.0,313861.14,76511.49,71780.8,300.0,0,1464636.65,https://gateway.ifionline.org/report_builder/Default3a.aspx?rpttype=afr&rpt=AFR_PrintFull_public&rptName=Annual%20Financial%20Report%20-%20Full%20Report&rpt_unit_in=2139&referrer=byunit,https://gateway.ifionline.org/report_builder/Default3a.aspx?rpttype=afr&rpt=cash_inv_combined&rptName=Cash%20and%20Investments&rpt_unit_in=2139&referrer=byunit,https://gateway.ifionline.org/report_builder/Default3a.aspx?rpttype=employComp&rpt=EmployComp&rptName=Employee%20Compensation&rpt_unit_in=2139&referrer=byunit,
LaGrange,Greenfield Township,44-009.00,Peggy Whitlock,Trustee,16000.0,1344,1363,2025,188202.12,88637.74,65985.32,58811.9,1346.31,0,210854.54,https://gateway.ifionline.org/report_builder/Default3a.aspx?rpttype=afr&rpt=AFR_PrintFull_public&rptName=Annual%20Financial%20Report%20-%20Full%20Report&rpt_unit_in=2140&referrer=byunit,https://gateway.ifionline.org/report_builder/Default3a.aspx?rpttype=afr&rpt=cash_inv_combined&rptName=Cash%20and%20Investments&rpt_unit_in=2140&referrer=byunit,https://gateway.ifionline.org/report_builder/Default3a.aspx?rpttype=employComp&rpt=EmployComp&rptName=Employee%20Compensation&rpt_unit_in=2140&referrer=byunit,
LaGrange,Johnson Township,44-010.00,Amy McKowen,Trustee,46250.04,3595,3661,2025,1221689.44,465884.28,237500.13,214946.12,7535.81,0,1450073.59,https://gateway.ifionline.org/report_builder/Default3a.aspx?rpttype=afr&rpt=AFR_PrintFull_public&rptName=Annual%20Financial%20Report%20-%20Full%20Report&rpt_unit_in=2141&referrer=byunit,https://gateway.ifionline.org/report_builder/Default3a.aspx?rpttype=afr&rpt=cash_inv_combined&rptName=Cash%20and%20Investments&rpt_unit_in=2141&referrer=byunit,https://gateway.ifionline.org/report_builder/Default3a.aspx?rpttype=employComp&rpt=EmployComp&rptName=Employee%20Compensation&rpt_unit_in=2141&referrer=byunit,
LaGrange,Lima Township,44-011.00,Terry J Iannarelli,Trustee,24000.0,2382,2453,2025,616798.72,398429.94,273891.39,264022.77,0,0,741337.27,https://gateway.ifionline.org/report_builder/Default3a.aspx?rpttype=afr&rpt=AFR_PrintFull_public&rptName=Annual%20Financial%20Report%20-%20Full%20Report&rpt_unit_in=2142&referrer=byunit,https://gateway.ifionline.org/report_builder/Default3a.aspx?rpttype=afr&rpt=cash_inv_combined&rptName=Cash%20and%20Investments&rpt_unit_in=2142&referrer=byunit,https://gateway.ifionline.org/report_builder/Default3a.aspx?rpttype=employComp&rpt=EmployComp&rptName=Employee%20Compensation&rpt_unit_in=2142&referrer=byunit,
LaGrange,Milford Township,44-012.00,Bruce Bowman,Township Trustee,20400.0,2912,2992,2025,722058.8,419419.36,219538.64,201501.05,7706.03,0,921939.52,https://gateway.ifionline.org/report_builder/Default3a.aspx?rpttype=afr&rpt=AFR_PrintFull_public&rptName=Annual%20Financial%20Report%20-%20Full%20Report&rpt_unit_in=2143&referrer=byunit,https://gateway.ifionline.org/report_builder/Default3a.aspx?rpttype=afr&rpt=cash_inv_combined&rptName=Cash%20and%20Investments&rpt_unit_in=2143&referrer=byunit,https://gateway.ifionline.org/report_builder/Default3a.aspx?rpttype=employComp&rpt=EmployComp&rptName=Employee%20Compensation&rpt_unit_in=2143&referrer=byunit,
LaGrange,Newbury Township,44-013.00,Brandie Fitch,Trustee,24999.96,5807,5929,2025,935722.86,644057.66,205943.1,185504.22,7360.57,0,1373837.42,https://gateway.ifionline.org/report_builder/Default3a.aspx?rpttype=afr&rpt=AFR_PrintFull_public&rptName=Annual%20Financial%20Report%20-%20Full%20Report&rpt_unit_in=2144&referrer=byunit,https://gateway.ifionline.org/report_builder/Default3a.aspx?rpttype=afr&rpt=cash_inv_combined&rptName=Cash%20and%20Investments&rpt_unit_in=2144&referrer=byunit,https://gateway.ifionline.org/report_builder/Default3a.aspx?rpttype=employComp&rpt=EmployComp&rptName=Employee%20Compensation&rpt_unit_in=2144&referrer=byunit,
LaGrange,Springfield Township,44-014.00,Sherri Johnston,Trustee,10999.92,1125,1150,2025,267369.47,113314.4,42674.28,40281.8,1225.48,0,338009.59,https://gateway.ifionline.org/report_builder/Default3a.aspx?rpttype=afr&rpt=AFR_PrintFull_public&rptName=Annual%20Financial%20Report%20-%20Full%20Report&rpt_unit_in=2145&referrer=byunit,https://gateway.ifionline.org/report_builder/Default3a.aspx?rpttype=afr&rpt=cash_inv_combined&rptName=Cash%20and%20Investments&rpt_unit_in=2145&referrer=byunit,https://gateway.ifionline.org/report_builder/Default3a.aspx?rpttype=employComp&rpt=EmployComp&rptName=Employee%20Compensation&rpt_unit_in=2145&referrer=byunit,
LaGrange,Van Buren Township,44-015.00,Bruce Miller,Trustee,27000.0,4217,4320,2025,624174.9,341212.91,113878.9,108290.58,4238.33,1000.0,851508.91,https://gateway.ifionline.org/report_builder/Default3a.aspx?rpttype=afr&rpt=AFR_PrintFull_public&rptName=Annual%20Financial%20Report%20-%20Full%20Report&rpt_unit_in=2146&referrer=byunit,https://gateway.ifionline.org/report_builder/Default3a.aspx?rpttype=afr&rpt=cash_inv_combined&rptName=Cash%20and%20Investments&rpt_unit_in=2146&referrer=byunit,https://gateway.ifionline.org/report_builder/Default3a.aspx?rpttype=employComp&rpt=EmployComp&rptName=Employee%20Compensation&rpt_unit_in=2146&referrer=byunit,
LaPorte,Cass Township,46-012.00,Dara L Guse,Trustee,10000.0,1795,1757,2025,416745.82,124835.83,75537.89,64246.55,2686.12,0,466043.76,https://gateway.ifionline.org/report_builder/Default3a.aspx?rpttype=afr&rpt=AFR_PrintFull_public&rptName=Annual%20Financial%20Report%20-%20Full%20Report&rpt_unit_in=2258&referrer=byunit,https://gateway.ifionline.org/report_builder/Default3a.aspx?rpttype=afr&rpt=cash_inv_combined&rptName=Cash%20and%20Investments&rpt_unit_in=2258&referrer=byunit,https://gateway.ifionline.org/report_builder/Default3a.aspx?rpttype=employComp&rpt=EmployComp&rptName=Employee%20Compensation&rpt_unit_in=2258&referrer=byunit,
LaPorte,Center Township,46-013.00,Lisa M Pierzakowski,Trustee,50000.08,25301,25168,2025,1668700.79,1037593.08,988506.96,783509.93,79089.11,101780.25,1717786.91,https://gateway.ifionline.org/report_builder/Default3a.aspx?rpttype=afr&rpt=AFR_PrintFull_public&rptName=Annual%20Financial%20Report%20-%20Full%20Report&rpt_unit_in=2259&referrer=byunit,https://gateway.ifionline.org/report_builder/Default3a.aspx?rpttype=afr&rpt=cash_inv_combined&rptName=Cash%20and%20Investments&rpt_unit_in=2259&referrer=byunit,https://gateway.ifionline.org/report_builder/Default3a.aspx?rpttype=employComp&rpt=EmployComp&rptName=Employee%20Compensation&rpt_unit_in=2259&referrer=byunit,
LaPorte,Clinton Township,46-014.00,Courtni Meyers,trustee,10610.0,1558,1529,2025,553394.69,141119.63,104582.49,100860.23,546.78,0,589931.83,https://gateway.ifionline.org/report_builder/Default3a.aspx?rpttype=afr&rpt=AFR_PrintFull_public&rptName=Annual%20Financial%20Report%20-%20Full%20Report&rpt_unit_in=2260&referrer=byunit,https://gateway.ifionline.org/report_builder/Default3a.aspx?rpttype=afr&rpt=cash_inv_combined&rptName=Cash%20and%20Investments&rpt_unit_in=2260&referrer=byunit,https://gateway.ifionline.org/report_builder/Default3a.aspx?rpttype=employComp&rpt=EmployComp&rptName=Employee%20Compensation&rpt_unit_in=2260&referrer=byunit,
LaPorte,Coolspring Township,46-015.00,Lois Sosinski,Trustee,42745.04,15696,15408,2025,1157802.21,468088.34,359894.14,306099.9,32923.8,0,1265996.41,https://gateway.ifionline.org/report_builder/Default3a.aspx?rpttype=afr&rpt=AFR_PrintFull_public&rptName=Annual%20Financial%20Report%20-%20Full%20Report&rpt_unit_in=2261&referrer=byunit,https://gateway.ifionline.org/report_builder/Default3a.aspx?rpttype=afr&rpt=cash_inv_combined&rptName=Cash%20and%20Investments&rpt_unit_in=2261&referrer=byunit,https://gateway.ifionline.org/report_builder/Default3a.aspx?rpttype=employComp&rpt=EmployComp&rptName=Employee%20Compensation&rpt_unit_in=2261&referrer=byunit,
LaPorte,Dewey Township,46-016.00,Dick E Bucher,Trustee/Treasurer,9000.0,995,968,2025,169286.54,132776.56,115222.48,83324.68,0,30582.0,186840.62,https://gateway.ifionline.org/report_builder/Default3a.aspx?rpttype=afr&rpt=AFR_PrintFull_public&rptName=Annual%20Financial%20Report%20-%20Full%20Report&rpt_unit_in=2262&referrer=byunit,https://gateway.ifionline.org/report_builder/Default3a.aspx?rpttype=afr&rpt=cash_inv_combined&rptName=Cash%20and%20Investments&rpt_unit_in=2262&referrer=byunit,https://gateway.ifionline.org/report_builder/Default3a.aspx?rpttype=employComp&rpt=EmployComp&rptName=Employee%20Compensation&rpt_unit_in=2262&referrer=byunit,
LaPorte,Galena Township,46-017.00,,,,1935,1918,2025,218733.78,94946.76,78019.77,31332.57,700.0,1123.48,235660.77,https://gateway.ifionline.org/report_builder/Default3a.aspx?rpttype=afr&rpt=AFR_PrintFull_public&rptName=Annual%20Financial%20Report%20-%20Full%20Report&rpt_unit_in=2263&referrer=byunit,https://gateway.ifionline.org/report_builder/Default3a.aspx?rpttype=afr&rpt=cash_inv_combined&rptName=Cash%20and%20Investments&rpt_unit_in=2263&referrer=byunit,https://gateway.ifionline.org/report_builder/Default3a.aspx?rpttype=employComp&rpt=EmployComp&rptName=Employee%20Compensation&rpt_unit_in=2263&referrer=byunit,No trustee listed on 2025 100R
LaPorte,Hanna Township,46-018.00,Anthony WALLACE,Trustee,10000.0,978,963,2025,615674.46,196742.7,132918.94,127099.2,0,0,679498.22,https://gateway.ifionline.org/report_builder/Default3a.aspx?rpttype=afr&rpt=AFR_PrintFull_public&rptName=Annual%20Financial%20Report%20-%20Full%20Report&rpt_unit_in=2264&referrer=byunit,https://gateway.ifionline.org/report_builder/Default3a.aspx?rpttype=afr&rpt=cash_inv_combined&rptName=Cash%20and%20Investments&rpt_unit_in=2264&referrer=byunit,https://gateway.ifionline.org/report_builder/Default3a.aspx?rpttype=employComp&rpt=EmployComp&rptName=Employee%20Compensation&rpt_unit_in=2264&referrer=byunit,
LaPorte,Hudson Township,46-019.00,Kosinski Austin,Trustee,6000.0,1849,1823,2025,141479.33,153003.02,134367.46,132401.2,1953.76,12.5,160114.89,https://gateway.ifionline.org/report_builder/Default3a.aspx?rpttype=afr&rpt=AFR_PrintFull_public&rptName=Annual%20Financial%20Report%20-%20Full%20Report&rpt_unit_in=2265&referrer=byunit,https://gateway.ifionline.org/report_builder/Default3a.aspx?rpttype=afr&rpt=cash_inv_combined&rptName=Cash%20and%20Investments&rpt_unit_in=2265&referrer=byunit,https://gateway.ifionline.org/report_builder/Default3a.aspx?rpttype=employComp&rpt=EmployComp&rptName=Employee%20Compensation&rpt_unit_in=2265&referrer=byunit,
LaPorte,Johnson Township,46-020.00,Jon E Smith,Trustee,7000.0,196,190,2025,163822.79,28120.02,23260.79,21449.17,0,0,168682.02,https://gateway.ifionline.org/report_builder/Default3a.aspx?rpttype=afr&rpt=AFR_PrintFull_public&rptName=Annual%20Financial%20Report%20-%20Full%20Report&rpt_unit_in=2266&referrer=byunit,https://gateway.ifionline.org/report_builder/Default3a.aspx?rpttype=afr&rpt=cash_inv_combined&rptName=Cash%20and%20Investments&rpt_unit_in=2266&referrer=byunit,https://gateway.ifionline.org/report_builder/Default3a.aspx?rpttype=employComp&rpt=EmployComp&rptName=Employee%20Compensation&rpt_unit_in=2266&referrer=byunit,
LaPorte,Kankakee Township,46-021.00,Steve Lestinsky,TRUSTEE,25000.0,4762,4743,2025,845698.64,560280.31,436356.04,331242.4,5113.64,0,969622.91,https://gateway.ifionline.org/report_builder/Default3a.aspx?rpttype=afr&rpt=AFR_PrintFull_public&rptName=Annual%20Financial%20Report%20-%20Full%20Report&rpt_unit_in=2267&referrer=byunit,https://gateway.ifionline.org/report_builder/Default3a.aspx?rpttype=afr&rpt=cash_inv_combined&rptName=Cash%20and%20Investments&rpt_unit_in=2267&referrer=byunit,https://gateway.ifionline.org/report_builder/Default3a.aspx?rpttype=employComp&rpt=EmployComp&rptName=Employee%20Compensation&rpt_unit_in=2267&referrer=byunit,
LaPorte,Lincoln Township,46-022.00,Nancy Morgan,TRUSTEE,7360.0,1827,1797,2025,566400.94,411604.59,356249.8,152557.92,1913.45,196423.67,621755.73,https://gateway.ifionline.org/report_builder/Default3a.aspx?rpttype=afr&rpt=AFR_PrintFull_public&rptName=Annual%20Financial%20Report%20-%20Full%20Report&rpt_unit_in=2268&referrer=byunit,https://gateway.ifionline.org/report_builder/Default3a.aspx?rpttype=afr&rpt=cash_inv_combined&rptName=Cash%20and%20Investments&rpt_unit_in=2268&referrer=byunit,https://gateway.ifionline.org/report_builder/Default3a.aspx?rpttype=employComp&rpt=EmployComp&rptName=Employee%20Compensation&rpt_unit_in=2268&referrer=byunit,
LaPorte,Michigan Township,46-023.00,Rodney Washington,TRUSTEE,37700.0,27500,26881,2025,368994.54,676213.06,709790.35,236290.13,101022.94,8233.5,335417.25,https://gateway.ifionline.org/report_builder/Default3a.aspx?rpttype=afr&rpt=AFR_PrintFull_public&rptName=Annual%20Financial%20Report%20-%20Full%20Report&rpt_unit_in=2269&referrer=byunit,https://gateway.ifionline.org/report_builder/Default3a.aspx?rpttype=afr&rpt=cash_inv_combined&rptName=Cash%20and%20Investments&rpt_unit_in=2269&referrer=byunit,https://gateway.ifionline.org/report_builder/Default3a.aspx?rpttype=employComp&rpt=EmployComp&rptName=Employee%20Compensation&rpt_unit_in=2269&referrer=byunit,
LaPorte,New Durham Township,46-024.00,Kelli Tanger,Trustee,12000.0,8125,8194,2025,507315.14,345830.87,246950.06,210818.72,5887.41,0,606195.95,https://gateway.ifionline.org/report_builder/Default3a.aspx?rpttype=afr&rpt=AFR_PrintFull_public&rptName=Annual%20Financial%20Report%20-%20Full%20Report&rpt_unit_in=2270&referrer=byunit,https://gateway.ifionline.org/report_builder/Default3a.aspx?rpttype=afr&rpt=cash_inv_combined&rptName=Cash%20and%20Investments&rpt_unit_in=2270&referrer=byunit,https://gateway.ifionline.org/report_builder/Default3a.aspx?rpttype=employComp&rpt=EmployComp&rptName=Employee%20Compensation&rpt_unit_in=2270&referrer=byunit,
LaPorte,Noble Township,46-025.00,Jesica Watson,Trustee,6464.5,1615,1591,2025,741254.38,215589.83,185407.97,128494.02,2134.56,0,771436.24,https://gateway.ifionline.org/report_builder/Default3a.aspx?rpttype=afr&rpt=AFR_PrintFull_public&rptName=Annual%20Financial%20Report%20-%20Full%20Report&rpt_unit_in=2271&referrer=byunit,https://gateway.ifionline.org/report_builder/Default3a.aspx?rpttype=afr&rpt=cash_inv_combined&rptName=Cash%20and%20Investments&rpt_unit_in=2271&referrer=byunit,https://gateway.ifionline.org/report_builder/Default3a.aspx?rpttype=employComp&rpt=EmployComp&rptName=Employee%20Compensation&rpt_unit_in=2271&referrer=byunit,
LaPorte,Pleasant Township,46-026.00,Joy Zigler,Trustee,12000.0,3553,3521,2025,873218.61,394547.23,751717.61,549260.58,0,202457.03,516048.23,https://gateway.ifionline.org/report_builder/Default3a.aspx?rpttype=afr&rpt=AFR_PrintFull_public&rptName=Annual%20Financial%20Report%20-%20Full%20Report&rpt_unit_in=2272&referrer=byunit,https://gateway.ifionline.org/report_builder/Default3a.aspx?rpttype=afr&rpt=cash_inv_combined&rptName=Cash%20and%20Investments&rpt_unit_in=2272&referrer=byunit,https://gateway.ifionline.org/report_builder/Default3a.aspx?rpttype=employComp&rpt=EmployComp&rptName=Employee%20Compensation&rpt_unit_in=2272&referrer=byunit,
LaPorte,Prairie Township,46-027.00,Sydney Watson,Trustee,1318.5,216,214,2025,356366.33,90678.77,49304.35,29714.35,0,19590.0,397740.75,https://gateway.ifionline.org/report_builder/Default3a.aspx?rpttype=afr&rpt=AFR_PrintFull_public&rptName=Annual%20Financial%20Report%20-%20Full%20Report&rpt_unit_in=2273&referrer=byunit,https://gateway.ifionline.org/report_builder/Default3a.aspx?rpttype=afr&rpt=cash_inv_combined&rptName=Cash%20and%20Investments&rpt_unit_in=2273&referrer=byunit,https://gateway.ifionline.org/report_builder/Default3a.aspx?rpttype=employComp&rpt=EmployComp&rptName=Employee%20Compensation&rpt_unit_in=2273&referrer=byunit,
LaPorte,Scipio Township,46-028.00,Kaelynn Deckard,Trustee,12000.0,5148,5132,2025,584062.73,445117.46,417867.7,128736.24,7708.65,59707.03,611312.49,https://gateway.ifionline.org/report_builder/Default3a.aspx?rpttype=afr&rpt=AFR_PrintFull_public&rptName=Annual%20Financial%20Report%20-%20Full%20Report&rpt_unit_in=2274&referrer=byunit,https://gateway.ifionline.org/report_builder/Default3a.aspx?rpttype=afr&rpt=cash_inv_combined&rptName=Cash%20and%20Investments&rpt_unit_in=2274&referrer=byunit,https://gateway.ifionline.org/report_builder/Default3a.aspx?rpttype=employComp&rpt=EmployComp&rptName=Employee%20Compensation&rpt_unit_in=2274&referrer=byunit,
LaPorte,Springfield Township,46-029.00,Howard Conley,Trustee,30700.0,3742,3731,2025,476153.94,422713.58,342900.98,162997.93,14111.71,147133.0,555966.54,https://gateway.ifionline.org/report_builder/Default3a.aspx?rpttype=afr&rpt=AFR_PrintFull_public&rptName=Annual%20Financial%20Report%20-%20Full%20Report&rpt_unit_in=2275&referrer=byunit,https://gateway.ifionline.org/report_builder/Default3a.aspx?rpttype=afr&rpt=cash_inv_combined&rptName=Cash%20and%20Investments&rpt_unit_in=2275&referrer=byunit,https://gateway.ifionline.org/report_builder/Default3a.aspx?rpttype=employComp&rpt=EmployComp&rptName=Employee%20Compensation&rpt_unit_in=2275&referrer=byunit,
LaPorte,Union Township,46-030.00,Kristin Watkins,Trustee,12000.0,2264,2421,2025,298219.97,160131.19,113434.07,79664.26,25124.59,7445.52,344917.09,https://gateway.ifionline.org/report_builder/Default3a.aspx?rpttype=afr&rpt=AFR_PrintFull_public&rptName=Annual%20Financial%20Report%20-%20Full%20Report&rpt_unit_in=2276&referrer=byunit,https://gateway.ifionline.org/report_builder/Default3a.aspx?rpttype=afr&rpt=cash_inv_combined&rptName=Cash%20and%20Investments&rpt_unit_in=2276&referrer=byunit,https://gateway.ifionline.org/report_builder/Default3a.aspx?rpttype=employComp&rpt=EmployComp&rptName=Employee%20Compensation&rpt_unit_in=2276&referrer=byunit,
LaPorte,Washington Township,46-031.00,Charles D Watterson,Trustee,6840.0,1230,1234,2025,362513.69,124302.2,90018.75,88438.15,1580.6,0,396797.14,https://gateway.ifionline.org/report_builder/Default3a.aspx?rpttype=afr&rpt=AFR_PrintFull_public&rptName=Annual%20Financial%20Report%20-%20Full%20Report&rpt_unit_in=2277&referrer=byunit,https://gateway.ifionline.org/report_builder/Default3a.aspx?rpttype=afr&rpt=cash_inv_combined&rptName=Cash%20and%20Investments&rpt_unit_in=2277&referrer=byunit,https://gateway.ifionline.org/report_builder/Default3a.aspx?rpttype=employComp&rpt=EmployComp&rptName=Employee%20Compensation&rpt_unit_in=2277&referrer=byunit,
LaPorte,Wills Township,46-032.00,Brian L Gray,Trustee,4000.0,2133,2111,2025,221797.37,104397.22,97950.84,95725.04,2225.8,0,228243.75,https://gateway.ifionline.org/report_builder/Default3a.aspx?rpttype=afr&rpt=AFR_PrintFull_public&rptName=Annual%20Financial%20Report%20-%20Full%20Report&rpt_unit_in=2278&referrer=byunit,https://gateway.ifionline.org/report_builder/Default3a.aspx?rpttype=afr&rpt=cash_inv_combined&rptName=Cash%20and%20Investments&rpt_unit_in=2278&referrer=byunit,https://gateway.ifionline.org/report_builder/Default3a.aspx?rpttype=employComp&rpt=EmployComp&rptName=Employee%20Compensation&rpt_unit_in=2278&referrer=byunit,
Lake,Calumet Township,45-019.00,Tai A Adkins,Trustee,86686.29,91934,89730,2025,9912675.76,8657674.86,7370159.21,3677492.3,1207103.37,224711.65,11200191.41,https://gateway.ifionline.org/report_builder/Default3a.aspx?rpttype=afr&rpt=AFR_PrintFull_public&rptName=Annual%20Financial%20Report%20-%20Full%20Report&rpt_unit_in=2162&referrer=byunit,https://gateway.ifionline.org/report_builder/Default3a.aspx?rpttype=afr&rpt=cash_inv_combined&rptName=Cash%20and%20Investments&rpt_unit_in=2162&referrer=byunit,https://gateway.ifionline.org/report_builder/Default3a.aspx?rpttype=employComp&rpt=EmployComp&rptName=Employee%20Compensation&rpt_unit_in=2162&referrer=byunit,"Multiple trustees on 2025 100R: Tai A Adkins (Trustee) $86,686.29; Tai A Adkins (Trustee) $10,501.03"
Lake,Cedar Creek Township,45-020.00,Alice F Dahl,Trustee,51000.0,12726,13514,2025,674433.59,1344373.04,1653441.13,1224342.47,15780.97,386319.28,365365.5,https://gateway.ifionline.org/report_builder/Default3a.aspx?rpttype=afr&rpt=AFR_PrintFull_public&rptName=Annual%20Financial%20Report%20-%20Full%20Report&rpt_unit_in=2163&referrer=byunit,https://gateway.ifionline.org/report_builder/Default3a.aspx?rpttype=afr&rpt=cash_inv_combined&rptName=Cash%20and%20Investments&rpt_unit_in=2163&referrer=byunit,https://gateway.ifionline.org/report_builder/Default3a.aspx?rpttype=employComp&rpt=EmployComp&rptName=Employee%20Compensation&rpt_unit_in=2163&referrer=byunit,
Lake,Center Township,45-022.00,Paul Bremer,Trustee,34547.0,38641,41028,2025,4900370.33,1316666.37,697180.65,529067.44,65219.1,79250.64,5519856.05,https://gateway.ifionline.org/report_builder/Default3a.aspx?rpttype=afr&rpt=AFR_PrintFull_public&rptName=Annual%20Financial%20Report%20-%20Full%20Report&rpt_unit_in=2164&referrer=byunit,https://gateway.ifionline.org/report_builder/Default3a.aspx?rpttype=afr&rpt=cash_inv_combined&rptName=Cash%20and%20Investments&rpt_unit_in=2164&referrer=byunit,https://gateway.ifionline.org/report_builder/Default3a.aspx?rpttype=employComp&rpt=EmployComp&rptName=Employee%20Compensation&rpt_unit_in=2164&referrer=byunit,
Lake,Eagle Creek Township,45-023.00,Rosemarie Morrow,Trustee,21000.0,1719,1750,2025,263309.29,339689.21,427244.46,412877.43,10354.03,0,175754.04,https://gateway.ifionline.org/report_builder/Default3a.aspx?rpttype=afr&rpt=AFR_PrintFull_public&rptName=Annual%20Financial%20Report%20-%20Full%20Report&rpt_unit_in=2165&referrer=byunit,https://gateway.ifionline.org/report_builder/Default3a.aspx?rpttype=afr&rpt=cash_inv_combined&rptName=Cash%20and%20Investments&rpt_unit_in=2165&referrer=byunit,https://gateway.ifionline.org/report_builder/Default3a.aspx?rpttype=employComp&rpt=EmployComp&rptName=Employee%20Compensation&rpt_unit_in=2165&referrer=byunit,
Lake,Hanover Township,45-024.00,Kevin Toth,TRUSTEE,34398.0,18141,21195,2025,1063310.24,950886.92,991889.92,662762.92,63514.89,173626.5,1022307.24,https://gateway.ifionline.org/report_builder/Default3a.aspx?rpttype=afr&rpt=AFR_PrintFull_public&rptName=Annual%20Financial%20Report%20-%20Full%20Report&rpt_unit_in=2166&referrer=byunit,https://gateway.ifionline.org/report_builder/Default3a.aspx?rpttype=afr&rpt=cash_inv_combined&rptName=Cash%20and%20Investments&rpt_unit_in=2166&referrer=byunit,https://gateway.ifionline.org/report_builder/Default3a.aspx?rpttype=employComp&rpt=EmployComp&rptName=Employee%20Compensation&rpt_unit_in=2166&referrer=byunit,
Lake,Hobart Township,45-025.00,Frederick Williams,Trustee,64500.02,40684,39973,2025,555264.0,766360.9,636199.03,611843.63,0,24355.4,685425.87,https://gateway.ifionline.org/report_builder/Default3a.aspx?rpttype=afr&rpt=AFR_PrintFull_public&rptName=Annual%20Financial%20Report%20-%20Full%20Report&rpt_unit_in=2167&referrer=byunit,https://gateway.ifionline.org/report_builder/Default3a.aspx?rpttype=afr&rpt=cash_inv_combined&rptName=Cash%20and%20Investments&rpt_unit_in=2167&referrer=byunit,https://gateway.ifionline.org/report_builder/Default3a.aspx?rpttype=employComp&rpt=EmployComp&rptName=Employee%20Compensation&rpt_unit_in=2167&referrer=byunit,
Lake,North Township,45-026.00,Adrian A Santos,Trustee,106758.21,156671,152714,2025,14244677.22,11174134.58,7949467.07,5164967.95,989696.1,1166988.52,17469344.73,https://gateway.ifionline.org/report_builder/Default3a.aspx?rpttype=afr&rpt=AFR_PrintFull_public&rptName=Annual%20Financial%20Report%20-%20Full%20Report&rpt_unit_in=2168&referrer=byunit,https://gateway.ifionline.org/report_builder/Default3a.aspx?rpttype=afr&rpt=cash_inv_combined&rptName=Cash%20and%20Investments&rpt_unit_in=2168&referrer=byunit,https://gateway.ifionline.org/report_builder/Default3a.aspx?rpttype=employComp&rpt=EmployComp&rptName=Employee%20Compensation&rpt_unit_in=2168&referrer=byunit,
Lake,Ross Township,45-027.00,Sr Blackmon,Trustee,94601.0,48515,49726,2025,2947950.8,2347058.88,2648858.89,2121235.05,29898.73,178498.25,2646150.79,https://gateway.ifionline.org/report_builder/Default3a.aspx?rpttype=afr&rpt=AFR_PrintFull_public&rptName=Annual%20Financial%20Report%20-%20Full%20Report&rpt_unit_in=2169&referrer=byunit,https://gateway.ifionline.org/report_builder/Default3a.aspx?rpttype=afr&rpt=cash_inv_combined&rptName=Cash%20and%20Investments&rpt_unit_in=2169&referrer=byunit,https://gateway.ifionline.org/report_builder/Default3a.aspx?rpttype=employComp&rpt=EmployComp&rptName=Employee%20Compensation&rpt_unit_in=2169&referrer=byunit,
Lake,St. John Township,45-028.00,Cathy Lareau,TRUSTEE,63078.08,69051,72006,2025,1542321.78,1739467.92,1754483.53,1493443.72,61648.29,14648.65,1527306.17,https://gateway.ifionline.org/report_builder/Default3a.aspx?rpttype=afr&rpt=AFR_PrintFull_public&rptName=Annual%20Financial%20Report%20-%20Full%20Report&rpt_unit_in=2170&referrer=byunit,https://gateway.ifionline.org/report_builder/Default3a.aspx?rpttype=afr&rpt=cash_inv_combined&rptName=Cash%20and%20Investments&rpt_unit_in=2170&referrer=byunit,https://gateway.ifionline.org/report_builder/Default3a.aspx?rpttype=employComp&rpt=EmployComp&rptName=Employee%20Compensation&rpt_unit_in=2170&referrer=byunit,
Lake,West Creek Township,45-029.00,Heidi Laub,Trustee,34590.0,7678,8097,2025,738756.17,659607.73,722739.57,575758.33,4748.73,134480.87,675624.33,https://gateway.ifionline.org/report_builder/Default3a.aspx?rpttype=afr&rpt=AFR_PrintFull_public&rptName=Annual%20Financial%20Report%20-%20Full%20Report&rpt_unit_in=2171&referrer=byunit,https://gateway.ifionline.org/report_builder/Default3a.aspx?rpttype=afr&rpt=cash_inv_combined&rptName=Cash%20and%20Investments&rpt_unit_in=2171&referrer=byunit,https://gateway.ifionline.org/report_builder/Default3a.aspx?rpttype=employComp&rpt=EmployComp&rptName=Employee%20Compensation&rpt_unit_in=2171&referrer=byunit,
Lake,Winfield Township,45-021.00,Cody J Reynolds,Township Trustee,34728.72,12935,14879,2025,1395431.81,1153214.21,980123.31,841868.91,30000.0,69606.47,1568522.71,https://gateway.ifionline.org/report_builder/Default3a.aspx?rpttype=afr&rpt=AFR_PrintFull_public&rptName=Annual%20Financial%20Report%20-%20Full%20Report&rpt_unit_in=2172&referrer=byunit,https://gateway.ifionline.org/report_builder/Default3a.aspx?rpttype=afr&rpt=cash_inv_combined&rptName=Cash%20and%20Investments&rpt_unit_in=2172&referrer=byunit,https://gateway.ifionline.org/report_builder/Default3a.aspx?rpttype=employComp&rpt=EmployComp&rptName=Employee%20Compensation&rpt_unit_in=2172&referrer=byunit,
Lawrence,Bono Township,47-010.00,Michelle L Porter,Trustee,4200.0,749,755,2025,38714.03,22721.62,24704.32,23884.64,200.0,0,36731.33,https://gateway.ifionline.org/report_builder/Default3a.aspx?rpttype=afr&rpt=AFR_PrintFull_public&rptName=Annual%20Financial%20Report%20-%20Full%20Report&rpt_unit_in=2316&referrer=byunit,https://gateway.ifionline.org/report_builder/Default3a.aspx?rpttype=afr&rpt=cash_inv_combined&rptName=Cash%20and%20Investments&rpt_unit_in=2316&referrer=byunit,https://gateway.ifionline.org/report_builder/Default3a.aspx?rpttype=employComp&rpt=EmployComp&rptName=Employee%20Compensation&rpt_unit_in=2316&referrer=byunit,
Lawrence,Guthrie Township,47-011.00,Jefrrey Combs,Trustee,8000.0,1305,1316,2025,119063.17,59535.52,33525.17,33525.17,0,0,145073.52,https://gateway.ifionline.org/report_builder/Default3a.aspx?rpttype=afr&rpt=AFR_PrintFull_public&rptName=Annual%20Financial%20Report%20-%20Full%20Report&rpt_unit_in=2317&referrer=byunit,https://gateway.ifionline.org/report_builder/Default3a.aspx?rpttype=afr&rpt=cash_inv_combined&rptName=Cash%20and%20Investments&rpt_unit_in=2317&referrer=byunit,https://gateway.ifionline.org/report_builder/Default3a.aspx?rpttype=employComp&rpt=EmployComp&rptName=Employee%20Compensation&rpt_unit_in=2317&referrer=byunit,
Lawrence,Indian Creek Township,47-012.00,Gary Scherschel,trustee,9700.0,2655,2682,2025,241188.29,131118.53,86565.38,47113.0,5467.25,28053.32,285741.44,https://gateway.ifionline.org/report_builder/Default3a.aspx?rpttype=afr&rpt=AFR_PrintFull_public&rptName=Annual%20Financial%20Report%20-%20Full%20Report&rpt_unit_in=2318&referrer=byunit,https://gateway.ifionline.org/report_builder/Default3a.aspx?rpttype=afr&rpt=cash_inv_combined&rptName=Cash%20and%20Investments&rpt_unit_in=2318&referrer=byunit,https://gateway.ifionline.org/report_builder/Default3a.aspx?rpttype=employComp&rpt=EmployComp&rptName=Employee%20Compensation&rpt_unit_in=2318&referrer=byunit,
Lawrence,Marion Township,47-013.00,Regina Sullivan,Trustee,32000.0,8819,9002,2025,1062188.25,1412788.8,1347405.04,1189121.3,32120.0,61762.19,1127572.01,https://gateway.ifionline.org/report_builder/Default3a.aspx?rpttype=afr&rpt=AFR_PrintFull_public&rptName=Annual%20Financial%20Report%20-%20Full%20Report&rpt_unit_in=2319&referrer=byunit,https://gateway.ifionline.org/report_builder/Default3a.aspx?rpttype=afr&rpt=cash_inv_combined&rptName=Cash%20and%20Investments&rpt_unit_in=2319&referrer=byunit,https://gateway.ifionline.org/report_builder/Default3a.aspx?rpttype=employComp&rpt=EmployComp&rptName=Employee%20Compensation&rpt_unit_in=2319&referrer=byunit,
Lawrence,Marshall Township,47-014.00,Jan Kirk,Trustee,17250.0,4566,4607,2025,377336.47,267893.6,245625.92,101261.87,3222.89,135148.84,399604.15,https://gateway.ifionline.org/report_builder/Default3a.aspx?rpttype=afr&rpt=AFR_PrintFull_public&rptName=Annual%20Financial%20Report%20-%20Full%20Report&rpt_unit_in=2320&referrer=byunit,https://gateway.ifionline.org/report_builder/Default3a.aspx?rpttype=afr&rpt=cash_inv_combined&rptName=Cash%20and%20Investments&rpt_unit_in=2320&referrer=byunit,https://gateway.ifionline.org/report_builder/Default3a.aspx?rpttype=employComp&rpt=EmployComp&rptName=Employee%20Compensation&rpt_unit_in=2320&referrer=byunit,
Lawrence,Perry Township,47-015.00,Carla Hettle,TRUSTEE,8136.0,2306,2343,2025,168562.71,81873.84,47467.49,46266.79,630.0,0,202969.06,https://gateway.ifionline.org/report_builder/Default3a.aspx?rpttype=afr&rpt=AFR_PrintFull_public&rptName=Annual%20Financial%20Report%20-%20Full%20Report&rpt_unit_in=2321&referrer=byunit,https://gateway.ifionline.org/report_builder/Default3a.aspx?rpttype=afr&rpt=cash_inv_combined&rptName=Cash%20and%20Investments&rpt_unit_in=2321&referrer=byunit,https://gateway.ifionline.org/report_builder/Default3a.aspx?rpttype=employComp&rpt=EmployComp&rptName=Employee%20Compensation&rpt_unit_in=2321&referrer=byunit,
Lawrence,Pleasant Run Township,47-016.00,James Ford,Trustee,12360.0,1720,1745,2025,159220.68,81586.38,66024.57,64021.11,1675.0,0,174782.49,https://gateway.ifionline.org/report_builder/Default3a.aspx?rpttype=afr&rpt=AFR_PrintFull_public&rptName=Annual%20Financial%20Report%20-%20Full%20Report&rpt_unit_in=2322&referrer=byunit,https://gateway.ifionline.org/report_builder/Default3a.aspx?rpttype=afr&rpt=cash_inv_combined&rptName=Cash%20and%20Investments&rpt_unit_in=2322&referrer=byunit,https://gateway.ifionline.org/report_builder/Default3a.aspx?rpttype=employComp&rpt=EmployComp&rptName=Employee%20Compensation&rpt_unit_in=2322&referrer=byunit,
Lawrence,Shawswick Township,47-017.00,Millard Jones,Trustee,38938.0,20702,20901,2025,2004412.47,1780210.83,1338332.22,954638.1,139667.43,216903.44,2446291.08,https://gateway.ifionline.org/report_builder/Default3a.aspx?rpttype=afr&rpt=AFR_PrintFull_public&rptName=Annual%20Financial%20Report%20-%20Full%20Report&rpt_unit_in=2323&referrer=byunit,https://gateway.ifionline.org/report_builder/Default3a.aspx?rpttype=afr&rpt=cash_inv_combined&rptName=Cash%20and%20Investments&rpt_unit_in=2323&referrer=byunit,https://gateway.ifionline.org/report_builder/Default3a.aspx?rpttype=employComp&rpt=EmployComp&rptName=Employee%20Compensation&rpt_unit_in=2323&referrer=byunit,
Lawrence,Spice Valley Township,47-018.00,Michelle D Cornett,Trustee,13000.0,2190,2217,2025,287295.21,145920.69,77909.29,69813.73,2859.67,0,355306.61,https://gateway.ifionline.org/report_builder/Default3a.aspx?rpttype=afr&rpt=AFR_PrintFull_public&rptName=Annual%20Financial%20Report%20-%20Full%20Report&rpt_unit_in=2324&referrer=byunit,https://gateway.ifionline.org/report_builder/Default3a.aspx?rpttype=afr&rpt=cash_inv_combined&rptName=Cash%20and%20Investments&rpt_unit_in=2324&referrer=byunit,https://gateway.ifionline.org/report_builder/Default3a.aspx?rpttype=employComp&rpt=EmployComp&rptName=Employee%20Compensation&rpt_unit_in=2324&referrer=byunit,
Madison,Adams Township,48-016.00,Jill Fesler,Trustee,8000.0,3969,4097,2025,1844393.77,1092141.59,1123183.42,845832.41,1843.04,155501.21,1813351.94,https://gateway.ifionline.org/report_builder/Default3a.aspx?rpttype=afr&rpt=AFR_PrintFull_public&rptName=Annual%20Financial%20Report%20-%20Full%20Report&rpt_unit_in=2336&referrer=byunit,https://gateway.ifionline.org/report_builder/Default3a.aspx?rpttype=afr&rpt=cash_inv_combined&rptName=Cash%20and%20Investments&rpt_unit_in=2336&referrer=byunit,https://gateway.ifionline.org/report_builder/Default3a.aspx?rpttype=employComp&rpt=EmployComp&rptName=Employee%20Compensation&rpt_unit_in=2336&referrer=byunit,
Madison,Anderson Township,48-017.00,Mike Shively,Trustee,54994.94,55218,56554,2025,314395.89,851940.43,734643.14,550478.82,116047.0,0,431693.18,https://gateway.ifionline.org/report_builder/Default3a.aspx?rpttype=afr&rpt=AFR_PrintFull_public&rptName=Annual%20Financial%20Report%20-%20Full%20Report&rpt_unit_in=2337&referrer=byunit,https://gateway.ifionline.org/report_builder/Default3a.aspx?rpttype=afr&rpt=cash_inv_combined&rptName=Cash%20and%20Investments&rpt_unit_in=2337&referrer=byunit,https://gateway.ifionline.org/report_builder/Default3a.aspx?rpttype=employComp&rpt=EmployComp&rptName=Employee%20Compensation&rpt_unit_in=2337&referrer=byunit,
Madison,Boone Township,48-018.00,Lisa A Schwinn,Trustee,4000.0,646,668,2025,212132.48,129502.55,90640.93,75045.63,847.45,0,250994.1,https://gateway.ifionline.org/report_builder/Default3a.aspx?rpttype=afr&rpt=AFR_PrintFull_public&rptName=Annual%20Financial%20Report%20-%20Full%20Report&rpt_unit_in=2338&referrer=byunit,https://gateway.ifionline.org/report_builder/Default3a.aspx?rpttype=afr&rpt=cash_inv_combined&rptName=Cash%20and%20Investments&rpt_unit_in=2338&referrer=byunit,https://gateway.ifionline.org/report_builder/Default3a.aspx?rpttype=employComp&rpt=EmployComp&rptName=Employee%20Compensation&rpt_unit_in=2338&referrer=byunit,
Madison,Duck Creek Township,48-019.00,Chad Kelich,Trustee,7500.0,517,533,2025,301954.16,136282.11,65753.29,49359.07,788.24,13693.71,372482.98,https://gateway.ifionline.org/report_builder/Default3a.aspx?rpttype=afr&rpt=AFR_PrintFull_public&rptName=Annual%20Financial%20Report%20-%20Full%20Report&rpt_unit_in=2339&referrer=byunit,https://gateway.ifionline.org/report_builder/Default3a.aspx?rpttype=afr&rpt=cash_inv_combined&rptName=Cash%20and%20Investments&rpt_unit_in=2339&referrer=byunit,https://gateway.ifionline.org/report_builder/Default3a.aspx?rpttype=employComp&rpt=EmployComp&rptName=Employee%20Compensation&rpt_unit_in=2339&referrer=byunit,
Madison,Fall Creek Township,48-020.00,Fred Gaskill,Trustee,20000.0,14933,16225,2025,311466.54,166410.93,146104.59,42997.13,32980.7,0,331772.88,https://gateway.ifionline.org/report_builder/Default3a.aspx?rpttype=afr&rpt=AFR_PrintFull_public&rptName=Annual%20Financial%20Report%20-%20Full%20Report&rpt_unit_in=2340&referrer=byunit,https://gateway.ifionline.org/report_builder/Default3a.aspx?rpttype=afr&rpt=cash_inv_combined&rptName=Cash%20and%20Investments&rpt_unit_in=2340&referrer=byunit,https://gateway.ifionline.org/report_builder/Default3a.aspx?rpttype=employComp&rpt=EmployComp&rptName=Employee%20Compensation&rpt_unit_in=2340&referrer=byunit,
Madison,Green Township,48-021.00,Gregory L Valentine,Trustee,20799.47,7242,7932,2025,223218.94,452539.66,356494.52,148432.83,43232.9,8000.0,319264.08,https://gateway.ifionline.org/report_builder/Default3a.aspx?rpttype=afr&rpt=AFR_PrintFull_public&rptName=Annual%20Financial%20Report%20-%20Full%20Report&rpt_unit_in=2341&referrer=byunit,https://gateway.ifionline.org/report_builder/Default3a.aspx?rpttype=afr&rpt=cash_inv_combined&rptName=Cash%20and%20Investments&rpt_unit_in=2341&referrer=byunit,https://gateway.ifionline.org/report_builder/Default3a.aspx?rpttype=employComp&rpt=EmployComp&rptName=Employee%20Compensation&rpt_unit_in=2341&referrer=byunit,
Madison,Jackson Township,48-022.00,Josh Miller,Trustee,6000.0,1934,1999,2025,145698.65,99405.64,90769.81,89710.26,0,0,154334.48,https://gateway.ifionline.org/report_builder/Default3a.aspx?rpttype=afr&rpt=AFR_PrintFull_public&rptName=Annual%20Financial%20Report%20-%20Full%20Report&rpt_unit_in=2342&referrer=byunit,https://gateway.ifionline.org/report_builder/Default3a.aspx?rpttype=afr&rpt=cash_inv_combined&rptName=Cash%20and%20Investments&rpt_unit_in=2342&referrer=byunit,https://gateway.ifionline.org/report_builder/Default3a.aspx?rpttype=employComp&rpt=EmployComp&rptName=Employee%20Compensation&rpt_unit_in=2342&referrer=byunit,
Madison,Lafayette Township,48-023.00,Korey Hughes,Trustee,26436.97,5129,5289,2025,1166383.07,736256.33,798436.98,450306.95,23824.31,218345.32,1104202.42,https://gateway.ifionline.org/report_builder/Default3a.aspx?rpttype=afr&rpt=AFR_PrintFull_public&rptName=Annual%20Financial%20Report%20-%20Full%20Report&rpt_unit_in=2343&referrer=byunit,https://gateway.ifionline.org/report_builder/Default3a.aspx?rpttype=afr&rpt=cash_inv_combined&rptName=Cash%20and%20Investments&rpt_unit_in=2343&referrer=byunit,https://gateway.ifionline.org/report_builder/Default3a.aspx?rpttype=employComp&rpt=EmployComp&rptName=Employee%20Compensation&rpt_unit_in=2343&referrer=byunit,
Madison,Monroe Township,48-024.00,George McFerran,Trustee,40000.0,8772,8997,2025,722527.33,493675.56,465437.34,289927.32,18996.87,119680.5,750765.55,https://gateway.ifionline.org/report_builder/Default3a.aspx?rpttype=afr&rpt=AFR_PrintFull_public&rptName=Annual%20Financial%20Report%20-%20Full%20Report&rpt_unit_in=2344&referrer=byunit,https://gateway.ifionline.org/report_builder/Default3a.aspx?rpttype=afr&rpt=cash_inv_combined&rptName=Cash%20and%20Investments&rpt_unit_in=2344&referrer=byunit,https://gateway.ifionline.org/report_builder/Default3a.aspx?rpttype=employComp&rpt=EmployComp&rptName=Employee%20Compensation&rpt_unit_in=2344&referrer=byunit,
Madison,Pipe Creek Township,48-025.00,Marian L Dunnichay,Trustee,47533.0,12098,12354,2025,704588.47,590873.66,490559.8,328457.47,75741.21,49637.9,804902.33,https://gateway.ifionline.org/report_builder/Default3a.aspx?rpttype=afr&rpt=AFR_PrintFull_public&rptName=Annual%20Financial%20Report%20-%20Full%20Report&rpt_unit_in=2345&referrer=byunit,https://gateway.ifionline.org/report_builder/Default3a.aspx?rpttype=afr&rpt=cash_inv_combined&rptName=Cash%20and%20Investments&rpt_unit_in=2345&referrer=byunit,https://gateway.ifionline.org/report_builder/Default3a.aspx?rpttype=employComp&rpt=EmployComp&rptName=Employee%20Compensation&rpt_unit_in=2345&referrer=byunit,
Madison,Richland Township,48-026.00,Douglas C Stein,Trustee,22998.0,5054,5232,2025,303655.34,531107.96,487868.78,480037.93,3550.0,0,346894.52,https://gateway.ifionline.org/report_builder/Default3a.aspx?rpttype=afr&rpt=AFR_PrintFull_public&rptName=Annual%20Financial%20Report%20-%20Full%20Report&rpt_unit_in=2346&referrer=byunit,https://gateway.ifionline.org/report_builder/Default3a.aspx?rpttype=afr&rpt=cash_inv_combined&rptName=Cash%20and%20Investments&rpt_unit_in=2346&referrer=byunit,https://gateway.ifionline.org/report_builder/Default3a.aspx?rpttype=employComp&rpt=EmployComp&rptName=Employee%20Compensation&rpt_unit_in=2346&referrer=byunit,
Madison,Stony Creek Township,48-027.00,Diane Lawther,TRUSTEE,11529.0,3912,4196,2025,529902.92,901794.92,940048.17,754190.56,25412.97,46392.05,491649.67,https://gateway.ifionline.org/report_builder/Default3a.aspx?rpttype=afr&rpt=AFR_PrintFull_public&rptName=Annual%20Financial%20Report%20-%20Full%20Report&rpt_unit_in=2347&referrer=byunit,https://gateway.ifionline.org/report_builder/Default3a.aspx?rpttype=afr&rpt=cash_inv_combined&rptName=Cash%20and%20Investments&rpt_unit_in=2347&referrer=byunit,https://gateway.ifionline.org/report_builder/Default3a.aspx?rpttype=employComp&rpt=EmployComp&rptName=Employee%20Compensation&rpt_unit_in=2347&referrer=byunit,
Madison,Union Township,48-028.00,Dunham Timothy,Trustee,18699.98,8899,9193,2025,1790390.53,7064616.77,6037314.46,3898972.56,12307.88,1049762.77,2817692.84,https://gateway.ifionline.org/report_builder/Default3a.aspx?rpttype=afr&rpt=AFR_PrintFull_public&rptName=Annual%20Financial%20Report%20-%20Full%20Report&rpt_unit_in=2348&referrer=byunit,https://gateway.ifionline.org/report_builder/Default3a.aspx?rpttype=afr&rpt=cash_inv_combined&rptName=Cash%20and%20Investments&rpt_unit_in=2348&referrer=byunit,https://gateway.ifionline.org/report_builder/Default3a.aspx?rpttype=employComp&rpt=EmployComp&rptName=Employee%20Compensation&rpt_unit_in=2348&referrer=byunit,
Madison,Van Buren Township,48-029.00,Denise Amos,Trustee,25000.0,1776,1819,2025,549235.56,894926.92,501100.34,309879.78,5395.14,36554.42,943062.14,https://gateway.ifionline.org/report_builder/Default3a.aspx?rpttype=afr&rpt=AFR_PrintFull_public&rptName=Annual%20Financial%20Report%20-%20Full%20Report&rpt_unit_in=2349&referrer=byunit,https://gateway.ifionline.org/report_builder/Default3a.aspx?rpttype=afr&rpt=cash_inv_combined&rptName=Cash%20and%20Investments&rpt_unit_in=2349&referrer=byunit,https://gateway.ifionline.org/report_builder/Default3a.aspx?rpttype=employComp&rpt=EmployComp&rptName=Employee%20Compensation&rpt_unit_in=2349&referrer=byunit,
Marion,Center Township,49-121.00,LaDonna M Freeman,Township Trustee,132828.8,153539,155258,2025,23860471.6,15258285.08,14912965.74,5369655.89,2526885.57,389663.45,24205790.94,https://gateway.ifionline.org/report_builder/Default3a.aspx?rpttype=afr&rpt=AFR_PrintFull_public&rptName=Annual%20Financial%20Report%20-%20Full%20Report&rpt_unit_in=2381&referrer=byunit,https://gateway.ifionline.org/report_builder/Default3a.aspx?rpttype=afr&rpt=cash_inv_combined&rptName=Cash%20and%20Investments&rpt_unit_in=2381&referrer=byunit,https://gateway.ifionline.org/report_builder/Default3a.aspx?rpttype=employComp&rpt=EmployComp&rptName=Employee%20Compensation&rpt_unit_in=2381&referrer=byunit,
Marion,Decatur Township,49-122.00,Jason C Holliday,Trustee,100505.0,36942,37678,2025,25437707.29,27954419.53,19306019.97,14697521.64,66145.74,1252538.0,34086106.85,https://gateway.ifionline.org/report_builder/Default3a.aspx?rpttype=afr&rpt=AFR_PrintFull_public&rptName=Annual%20Financial%20Report%20-%20Full%20Report&rpt_unit_in=2382&referrer=byunit,https://gateway.ifionline.org/report_builder/Default3a.aspx?rpttype=afr&rpt=cash_inv_combined&rptName=Cash%20and%20Investments&rpt_unit_in=2382&referrer=byunit,https://gateway.ifionline.org/report_builder/Default3a.aspx?rpttype=employComp&rpt=EmployComp&rptName=Employee%20Compensation&rpt_unit_in=2382&referrer=byunit,
Marion,Franklin Township,49-123.00,Danny B Meador,Trustee,62129.99,66265,67488,2025,5033649.22,2625915.93,2676352.43,1217492.61,259298.76,2106.0,4983212.72,https://gateway.ifionline.org/report_builder/Default3a.aspx?rpttype=afr&rpt=AFR_PrintFull_public&rptName=Annual%20Financial%20Report%20-%20Full%20Report&rpt_unit_in=2383&referrer=byunit,https://gateway.ifionline.org/report_builder/Default3a.aspx?rpttype=afr&rpt=cash_inv_combined&rptName=Cash%20and%20Investments&rpt_unit_in=2383&referrer=byunit,https://gateway.ifionline.org/report_builder/Default3a.aspx?rpttype=employComp&rpt=EmployComp&rptName=Employee%20Compensation&rpt_unit_in=2383&referrer=byunit,
Marion,Lawrence Township,49-124.00,Steve Talley,Trustee,77905.88,122302,124509,2025,2509577.81,6316186.65,6985474.75,3335754.56,254143.95,0,1840289.71,https://gateway.ifionline.org/report_builder/Default3a.aspx?rpttype=afr&rpt=AFR_PrintFull_public&rptName=Annual%20Financial%20Report%20-%20Full%20Report&rpt_unit_in=2384&referrer=byunit,https://gateway.ifionline.org/report_builder/Default3a.aspx?rpttype=afr&rpt=cash_inv_combined&rptName=Cash%20and%20Investments&rpt_unit_in=2384&referrer=byunit,https://gateway.ifionline.org/report_builder/Default3a.aspx?rpttype=employComp&rpt=EmployComp&rptName=Employee%20Compensation&rpt_unit_in=2384&referrer=byunit,
Marion,Perry Township,49-125.00,Patty Hagenmaier,Trustee,78022.88,121766,123439,2025,4795316.04,4049629.05,4382516.04,1560238.07,264628.13,181351.5,4462429.05,https://gateway.ifionline.org/report_builder/Default3a.aspx?rpttype=afr&rpt=AFR_PrintFull_public&rptName=Annual%20Financial%20Report%20-%20Full%20Report&rpt_unit_in=2385&referrer=byunit,https://gateway.ifionline.org/report_builder/Default3a.aspx?rpttype=afr&rpt=cash_inv_combined&rptName=Cash%20and%20Investments&rpt_unit_in=2385&referrer=byunit,https://gateway.ifionline.org/report_builder/Default3a.aspx?rpttype=employComp&rpt=EmployComp&rptName=Employee%20Compensation&rpt_unit_in=2385&referrer=byunit,
Marion,Pike Township,49-126.00,Annette M Johnson,Trustee,106560.54,83033,84515,2025,55731330.18,58665407.81,49345258.62,35699315.4,452630.24,4772945.8,65051479.37,https://gateway.ifionline.org/report_builder/Default3a.aspx?rpttype=afr&rpt=AFR_PrintFull_public&rptName=Annual%20Financial%20Report%20-%20Full%20Report&rpt_unit_in=2386&referrer=byunit,https://gateway.ifionline.org/report_builder/Default3a.aspx?rpttype=afr&rpt=cash_inv_combined&rptName=Cash%20and%20Investments&rpt_unit_in=2386&referrer=byunit,https://gateway.ifionline.org/report_builder/Default3a.aspx?rpttype=employComp&rpt=EmployComp&rptName=Employee%20Compensation&rpt_unit_in=2386&referrer=byunit,
Marion,Warren Township,49-127.00,Vernon A Brown,Trustee,65000.0,106197,107778,2025,1086059.75,3979310.56,4403210.36,1436251.84,301749.05,10784.76,662159.95,https://gateway.ifionline.org/report_builder/Default3a.aspx?rpttype=afr&rpt=AFR_PrintFull_public&rptName=Annual%20Financial%20Report%20-%20Full%20Report&rpt_unit_in=2387&referrer=byunit,https://gateway.ifionline.org/report_builder/Default3a.aspx?rpttype=afr&rpt=cash_inv_combined&rptName=Cash%20and%20Investments&rpt_unit_in=2387&referrer=byunit,https://gateway.ifionline.org/report_builder/Default3a.aspx?rpttype=employComp&rpt=EmployComp&rptName=Employee%20Compensation&rpt_unit_in=2387&referrer=byunit,
Marion,Washington Township,49-128.00,Frank T Short,Township Trustee,81954.08,138717,140572,2025,5390584.5,5237756.46,6421872.72,2683705.35,646805.95,5111.0,4206468.24,https://gateway.ifionline.org/report_builder/Default3a.aspx?rpttype=afr&rpt=AFR_PrintFull_public&rptName=Annual%20Financial%20Report%20-%20Full%20Report&rpt_unit_in=2388&referrer=byunit,https://gateway.ifionline.org/report_builder/Default3a.aspx?rpttype=afr&rpt=cash_inv_combined&rptName=Cash%20and%20Investments&rpt_unit_in=2388&referrer=byunit,https://gateway.ifionline.org/report_builder/Default3a.aspx?rpttype=employComp&rpt=EmployComp&rptName=Employee%20Compensation&rpt_unit_in=2388&referrer=byunit,
Marion,Wayne Township,49-129.00,Jeb Bardon,Trustee,104194.14,148441,150959,2025,22257802.59,72139334.41,63361548.13,52169338.18,880103.95,447547.56,31035588.87,https://gateway.ifionline.org/report_builder/Default3a.aspx?rpttype=afr&rpt=AFR_PrintFull_public&rptName=Annual%20Financial%20Report%20-%20Full%20Report&rpt_unit_in=2389&referrer=byunit,https://gateway.ifionline.org/report_builder/Default3a.aspx?rpttype=afr&rpt=cash_inv_combined&rptName=Cash%20and%20Investments&rpt_unit_in=2389&referrer=byunit,https://gateway.ifionline.org/report_builder/Default3a.aspx?rpttype=employComp&rpt=EmployComp&rptName=Employee%20Compensation&rpt_unit_in=2389&referrer=byunit,
Marshall,Bourbon Township,50-019.00,Ryan Schori,Trustee,15000.0,2867,2825,2025,1154042.76,287190.09,303022.59,129745.96,19778.81,144292.27,1138210.26,https://gateway.ifionline.org/report_builder/Default3a.aspx?rpttype=afr&rpt=AFR_PrintFull_public&rptName=Annual%20Financial%20Report%20-%20Full%20Report&rpt_unit_in=2454&referrer=byunit,https://gateway.ifionline.org/report_builder/Default3a.aspx?rpttype=afr&rpt=cash_inv_combined&rptName=Cash%20and%20Investments&rpt_unit_in=2454&referrer=byunit,https://gateway.ifionline.org/report_builder/Default3a.aspx?rpttype=employComp&rpt=EmployComp&rptName=Employee%20Compensation&rpt_unit_in=2454&referrer=byunit,
Marshall,Center Township,50-020.00,Amy L Knapp,TRUSTEE,25740.0,15582,16383,2025,1930437.37,643706.29,497082.89,354618.95,102264.16,27828.58,2077060.77,https://gateway.ifionline.org/report_builder/Default3a.aspx?rpttype=afr&rpt=AFR_PrintFull_public&rptName=Annual%20Financial%20Report%20-%20Full%20Report&rpt_unit_in=2455&referrer=byunit,https://gateway.ifionline.org/report_builder/Default3a.aspx?rpttype=afr&rpt=cash_inv_combined&rptName=Cash%20and%20Investments&rpt_unit_in=2455&referrer=byunit,https://gateway.ifionline.org/report_builder/Default3a.aspx?rpttype=employComp&rpt=EmployComp&rptName=Employee%20Compensation&rpt_unit_in=2455&referrer=byunit,
Marshall,German Township,50-021.00,Phillip A Meister,Trustee,25000.0,8927,8780,2025,1172256.2,660445.24,564444.84,409119.96,7708.4,83401.48,1268256.6,https://gateway.ifionline.org/report_builder/Default3a.aspx?rpttype=afr&rpt=AFR_PrintFull_public&rptName=Annual%20Financial%20Report%20-%20Full%20Report&rpt_unit_in=2456&referrer=byunit,https://gateway.ifionline.org/report_builder/Default3a.aspx?rpttype=afr&rpt=cash_inv_combined&rptName=Cash%20and%20Investments&rpt_unit_in=2456&referrer=byunit,https://gateway.ifionline.org/report_builder/Default3a.aspx?rpttype=employComp&rpt=EmployComp&rptName=Employee%20Compensation&rpt_unit_in=2456&referrer=byunit,
Marshall,Green Township,50-022.00,Marie Fishburn,Trustee,8000.0,1037,1028,2025,180124.99,15735.14,18163.25,18163.25,0,0,177696.88,https://gateway.ifionline.org/report_builder/Default3a.aspx?rpttype=afr&rpt=AFR_PrintFull_public&rptName=Annual%20Financial%20Report%20-%20Full%20Report&rpt_unit_in=2457&referrer=byunit,https://gateway.ifionline.org/report_builder/Default3a.aspx?rpttype=afr&rpt=cash_inv_combined&rptName=Cash%20and%20Investments&rpt_unit_in=2457&referrer=byunit,https://gateway.ifionline.org/report_builder/Default3a.aspx?rpttype=employComp&rpt=EmployComp&rptName=Employee%20Compensation&rpt_unit_in=2457&referrer=byunit,
Marshall,North Township,50-023.00,Emily Haskins,Trustee,20349.96,4063,4030,2025,1036269.82,2196129.13,1438255.27,637015.95,5942.81,152873.37,1794143.68,https://gateway.ifionline.org/report_builder/Default3a.aspx?rpttype=afr&rpt=AFR_PrintFull_public&rptName=Annual%20Financial%20Report%20-%20Full%20Report&rpt_unit_in=2458&referrer=byunit,https://gateway.ifionline.org/report_builder/Default3a.aspx?rpttype=afr&rpt=cash_inv_combined&rptName=Cash%20and%20Investments&rpt_unit_in=2458&referrer=byunit,https://gateway.ifionline.org/report_builder/Default3a.aspx?rpttype=employComp&rpt=EmployComp&rptName=Employee%20Compensation&rpt_unit_in=2458&referrer=byunit,
Marshall,Polk Township,50-024.00,Jerry L Lamb,Trustee,14000.0,2774,2743,2025,609744.96,532223.24,347515.04,321692.53,0,25822.51,794453.16,https://gateway.ifionline.org/report_builder/Default3a.aspx?rpttype=afr&rpt=AFR_PrintFull_public&rptName=Annual%20Financial%20Report%20-%20Full%20Report&rpt_unit_in=2459&referrer=byunit,https://gateway.ifionline.org/report_builder/Default3a.aspx?rpttype=afr&rpt=cash_inv_combined&rptName=Cash%20and%20Investments&rpt_unit_in=2459&referrer=byunit,https://gateway.ifionline.org/report_builder/Default3a.aspx?rpttype=employComp&rpt=EmployComp&rptName=Employee%20Compensation&rpt_unit_in=2459&referrer=byunit,
Marshall,Tippecanoe Township,50-025.00,Matthew D Pitney,Trustee,12000.0,1319,1295,2025,350976.06,203900.32,221046.3,151785.78,2705.82,63196.35,333830.08,https://gateway.ifionline.org/report_builder/Default3a.aspx?rpttype=afr&rpt=AFR_PrintFull_public&rptName=Annual%20Financial%20Report%20-%20Full%20Report&rpt_unit_in=2460&referrer=byunit,https://gateway.ifionline.org/report_builder/Default3a.aspx?rpttype=afr&rpt=cash_inv_combined&rptName=Cash%20and%20Investments&rpt_unit_in=2460&referrer=byunit,https://gateway.ifionline.org/report_builder/Default3a.aspx?rpttype=employComp&rpt=EmployComp&rptName=Employee%20Compensation&rpt_unit_in=2460&referrer=byunit,
Marshall,Union Township,50-026.00,Marlene K Mahler,Trustee,22360.0,2779,2887,2025,1197575.76,644509.12,859406.35,585274.66,24131.69,250000.0,982678.53,https://gateway.ifionline.org/report_builder/Default3a.aspx?rpttype=afr&rpt=AFR_PrintFull_public&rptName=Annual%20Financial%20Report%20-%20Full%20Report&rpt_unit_in=2461&referrer=byunit,https://gateway.ifionline.org/report_builder/Default3a.aspx?rpttype=afr&rpt=cash_inv_combined&rptName=Cash%20and%20Investments&rpt_unit_in=2461&referrer=byunit,https://gateway.ifionline.org/report_builder/Default3a.aspx?rpttype=employComp&rpt=EmployComp&rptName=Employee%20Compensation&rpt_unit_in=2461&referrer=byunit,
Marshall,Walnut Township,50-027.00,Stephen A Wilhelm,Trustee,13500.0,2883,2855,2025,528334.32,126162.72,134505.18,39979.84,36342.35,51964.57,519991.86,https://gateway.ifionline.org/report_builder/Default3a.aspx?rpttype=afr&rpt=AFR_PrintFull_public&rptName=Annual%20Financial%20Report%20-%20Full%20Report&rpt_unit_in=2462&referrer=byunit,https://gateway.ifionline.org/report_builder/Default3a.aspx?rpttype=afr&rpt=cash_inv_combined&rptName=Cash%20and%20Investments&rpt_unit_in=2462&referrer=byunit,https://gateway.ifionline.org/report_builder/Default3a.aspx?rpttype=employComp&rpt=EmployComp&rptName=Employee%20Compensation&rpt_unit_in=2462&referrer=byunit,
Marshall,West Township,50-028.00,Terry Borggren,Trustee,23978.4,3848,3773,2025,1526115.89,609120.87,520069.25,80073.05,7944.69,32454.77,1615167.51,https://gateway.ifionline.org/report_builder/Default3a.aspx?rpttype=afr&rpt=AFR_PrintFull_public&rptName=Annual%20Financial%20Report%20-%20Full%20Report&rpt_unit_in=2463&referrer=byunit,https://gateway.ifionline.org/report_builder/Default3a.aspx?rpttype=afr&rpt=cash_inv_combined&rptName=Cash%20and%20Investments&rpt_unit_in=2463&referrer=byunit,https://gateway.ifionline.org/report_builder/Default3a.aspx?rpttype=employComp&rpt=EmployComp&rptName=Employee%20Compensation&rpt_unit_in=2463&referrer=byunit,
Martin,Center Township,51-008.00,Ann M Baker,Trustee,7354.2,1472,1471,2025,170447.31,64718.34,44641.52,36367.37,8274.15,0,190524.13,https://gateway.ifionline.org/report_builder/Default3a.aspx?rpttype=afr&rpt=AFR_PrintFull_public&rptName=Annual%20Financial%20Report%20-%20Full%20Report&rpt_unit_in=2487&referrer=byunit,https://gateway.ifionline.org/report_builder/Default3a.aspx?rpttype=afr&rpt=cash_inv_combined&rptName=Cash%20and%20Investments&rpt_unit_in=2487&referrer=byunit,https://gateway.ifionline.org/report_builder/Default3a.aspx?rpttype=employComp&rpt=EmployComp&rptName=Employee%20Compensation&rpt_unit_in=2487&referrer=byunit,
Martin,Halbert Township,51-009.00,Exzelia Montgomery,Trustee,15000.0,1547,1552,2025,398062.23,150554.1,66295.31,42557.32,20165.42,0,482321.02,https://gateway.ifionline.org/report_builder/Default3a.aspx?rpttype=afr&rpt=AFR_PrintFull_public&rptName=Annual%20Financial%20Report%20-%20Full%20Report&rpt_unit_in=2488&referrer=byunit,https://gateway.ifionline.org/report_builder/Default3a.aspx?rpttype=afr&rpt=cash_inv_combined&rptName=Cash%20and%20Investments&rpt_unit_in=2488&referrer=byunit,https://gateway.ifionline.org/report_builder/Default3a.aspx?rpttype=employComp&rpt=EmployComp&rptName=Employee%20Compensation&rpt_unit_in=2488&referrer=byunit,
Martin,Lost River Township,51-010.00,Mildred C Brown,Trustee,3700.0,496,493,2025,91481.76,53142.05,48622.33,42774.34,4038.19,0,96001.48,https://gateway.ifionline.org/report_builder/Default3a.aspx?rpttype=afr&rpt=AFR_PrintFull_public&rptName=Annual%20Financial%20Report%20-%20Full%20Report&rpt_unit_in=2489&referrer=byunit,https://gateway.ifionline.org/report_builder/Default3a.aspx?rpttype=afr&rpt=cash_inv_combined&rptName=Cash%20and%20Investments&rpt_unit_in=2489&referrer=byunit,https://gateway.ifionline.org/report_builder/Default3a.aspx?rpttype=employComp&rpt=EmployComp&rptName=Employee%20Compensation&rpt_unit_in=2489&referrer=byunit,
Martin,Mitcheltree Township,51-011.00,Tammy Gore,TRUSTEE,9000.0,558,557,2025,322199.77,91869.65,50643.37,44934.87,4101.82,0,363426.05,https://gateway.ifionline.org/report_builder/Default3a.aspx?rpttype=afr&rpt=AFR_PrintFull_public&rptName=Annual%20Financial%20Report%20-%20Full%20Report&rpt_unit_in=2490&referrer=byunit,https://gateway.ifionline.org/report_builder/Default3a.aspx?rpttype=afr&rpt=cash_inv_combined&rptName=Cash%20and%20Investments&rpt_unit_in=2490&referrer=byunit,https://gateway.ifionline.org/report_builder/Default3a.aspx?rpttype=employComp&rpt=EmployComp&rptName=Employee%20Compensation&rpt_unit_in=2490&referrer=byunit,
Martin,Perry Township,51-012.00,Jason Hennette,TRUSTEE,19500.0,5030,5067,2025,431133.3,171509.52,116658.03,73081.91,34241.29,0,485984.79,https://gateway.ifionline.org/report_builder/Default3a.aspx?rpttype=afr&rpt=AFR_PrintFull_public&rptName=Annual%20Financial%20Report%20-%20Full%20Report&rpt_unit_in=2491&referrer=byunit,https://gateway.ifionline.org/report_builder/Default3a.aspx?rpttype=afr&rpt=cash_inv_combined&rptName=Cash%20and%20Investments&rpt_unit_in=2491&referrer=byunit,https://gateway.ifionline.org/report_builder/Default3a.aspx?rpttype=employComp&rpt=EmployComp&rptName=Employee%20Compensation&rpt_unit_in=2491&referrer=byunit,
Martin,Rutherford Township,51-013.00,Terry Street,Trustee,6180.0,707,716,2025,84134.05,53369.47,41091.85,35243.95,4064.02,0,96411.67,https://gateway.ifionline.org/report_builder/Default3a.aspx?rpttype=afr&rpt=AFR_PrintFull_public&rptName=Annual%20Financial%20Report%20-%20Full%20Report&rpt_unit_in=2492&referrer=byunit,https://gateway.ifionline.org/report_builder/Default3a.aspx?rpttype=afr&rpt=cash_inv_combined&rptName=Cash%20and%20Investments&rpt_unit_in=2492&referrer=byunit,https://gateway.ifionline.org/report_builder/Default3a.aspx?rpttype=employComp&rpt=EmployComp&rptName=Employee%20Compensation&rpt_unit_in=2492&referrer=byunit,
Miami,Allen Township,52-008.00,Brenda Weaver,Trustee,3600.0,619,604,2025,94965.05,67194.99,38137.59,31074.45,3906.26,0,124022.45,https://gateway.ifionline.org/report_builder/Default3a.aspx?rpttype=afr&rpt=AFR_PrintFull_public&rptName=Annual%20Financial%20Report%20-%20Full%20Report&rpt_unit_in=2503&referrer=byunit,https://gateway.ifionline.org/report_builder/Default3a.aspx?rpttype=afr&rpt=cash_inv_combined&rptName=Cash%20and%20Investments&rpt_unit_in=2503&referrer=byunit,https://gateway.ifionline.org/report_builder/Default3a.aspx?rpttype=employComp&rpt=EmployComp&rptName=Employee%20Compensation&rpt_unit_in=2503&referrer=byunit,
Miami,Butler Township,52-009.00,Tamera R Hierholzer,Township Trustee,6000.0,798,783,2025,65862.15,56882.82,34646.72,29915.87,564.01,0,88098.25,https://gateway.ifionline.org/report_builder/Default3a.aspx?rpttype=afr&rpt=AFR_PrintFull_public&rptName=Annual%20Financial%20Report%20-%20Full%20Report&rpt_unit_in=2504&referrer=byunit,https://gateway.ifionline.org/report_builder/Default3a.aspx?rpttype=afr&rpt=cash_inv_combined&rptName=Cash%20and%20Investments&rpt_unit_in=2504&referrer=byunit,https://gateway.ifionline.org/report_builder/Default3a.aspx?rpttype=employComp&rpt=EmployComp&rptName=Employee%20Compensation&rpt_unit_in=2504&referrer=byunit,
Miami,Clay Township,52-010.00,Kate Miller,Trustee,2850.03,855,853,2025,191047.84,123752.13,72931.91,72931.91,0,0,241868.06,https://gateway.ifionline.org/report_builder/Default3a.aspx?rpttype=afr&rpt=AFR_PrintFull_public&rptName=Annual%20Financial%20Report%20-%20Full%20Report&rpt_unit_in=2505&referrer=byunit,https://gateway.ifionline.org/report_builder/Default3a.aspx?rpttype=afr&rpt=cash_inv_combined&rptName=Cash%20and%20Investments&rpt_unit_in=2505&referrer=byunit,https://gateway.ifionline.org/report_builder/Default3a.aspx?rpttype=employComp&rpt=EmployComp&rptName=Employee%20Compensation&rpt_unit_in=2505&referrer=byunit,
Miami,Deer Creek Township,52-011.00,Ralph N Cory,Trustee,6240.0,4708,3538,2025,271249.59,330037.79,323804.31,241021.83,0,78064.0,277483.07,https://gateway.ifionline.org/report_builder/Default3a.aspx?rpttype=afr&rpt=AFR_PrintFull_public&rptName=Annual%20Financial%20Report%20-%20Full%20Report&rpt_unit_in=2506&referrer=byunit,https://gateway.ifionline.org/report_builder/Default3a.aspx?rpttype=afr&rpt=cash_inv_combined&rptName=Cash%20and%20Investments&rpt_unit_in=2506&referrer=byunit,https://gateway.ifionline.org/report_builder/Default3a.aspx?rpttype=employComp&rpt=EmployComp&rptName=Employee%20Compensation&rpt_unit_in=2506&referrer=byunit,
Miami,Erie Township,52-012.00,Dana K Jelenek,Trustee,4800.0,540,531,2025,106263.03,51207.57,38096.94,27921.98,2133.31,5000.0,119373.66,https://gateway.ifionline.org/report_builder/Default3a.aspx?rpttype=afr&rpt=AFR_PrintFull_public&rptName=Annual%20Financial%20Report%20-%20Full%20Report&rpt_unit_in=2507&referrer=byunit,https://gateway.ifionline.org/report_builder/Default3a.aspx?rpttype=afr&rpt=cash_inv_combined&rptName=Cash%20and%20Investments&rpt_unit_in=2507&referrer=byunit,https://gateway.ifionline.org/report_builder/Default3a.aspx?rpttype=employComp&rpt=EmployComp&rptName=Employee%20Compensation&rpt_unit_in=2507&referrer=byunit,
Miami,Harrison Township,52-013.00,Terri Smoot,Trustee,4000.0,691,681,2025,73814.11,57481.13,23748.93,18645.94,3687.69,0,107546.31,https://gateway.ifionline.org/report_builder/Default3a.aspx?rpttype=afr&rpt=AFR_PrintFull_public&rptName=Annual%20Financial%20Report%20-%20Full%20Report&rpt_unit_in=2508&referrer=byunit,https://gateway.ifionline.org/report_builder/Default3a.aspx?rpttype=afr&rpt=cash_inv_combined&rptName=Cash%20and%20Investments&rpt_unit_in=2508&referrer=byunit,https://gateway.ifionline.org/report_builder/Default3a.aspx?rpttype=employComp&rpt=EmployComp&rptName=Employee%20Compensation&rpt_unit_in=2508&referrer=byunit,
Miami,Jackson Township,52-014.00,Vickie L Cameron,Trustee,4980.0,1822,1777,2025,292022.43,104277.02,49146.34,42763.29,6383.05,0,347153.11,https://gateway.ifionline.org/report_builder/Default3a.aspx?rpttype=afr&rpt=AFR_PrintFull_public&rptName=Annual%20Financial%20Report%20-%20Full%20Report&rpt_unit_in=2509&referrer=byunit,https://gateway.ifionline.org/report_builder/Default3a.aspx?rpttype=afr&rpt=cash_inv_combined&rptName=Cash%20and%20Investments&rpt_unit_in=2509&referrer=byunit,https://gateway.ifionline.org/report_builder/Default3a.aspx?rpttype=employComp&rpt=EmployComp&rptName=Employee%20Compensation&rpt_unit_in=2509&referrer=byunit,
Miami,Jefferson Township,52-015.00,,,,2427,2389,2025,277627.87,258147.63,136013.75,132112.74,3901.01,0,399761.75,https://gateway.ifionline.org/report_builder/Default3a.aspx?rpttype=afr&rpt=AFR_PrintFull_public&rptName=Annual%20Financial%20Report%20-%20Full%20Report&rpt_unit_in=2510&referrer=byunit,https://gateway.ifionline.org/report_builder/Default3a.aspx?rpttype=afr&rpt=cash_inv_combined&rptName=Cash%20and%20Investments&rpt_unit_in=2510&referrer=byunit,https://gateway.ifionline.org/report_builder/Default3a.aspx?rpttype=employComp&rpt=EmployComp&rptName=Employee%20Compensation&rpt_unit_in=2510&referrer=byunit,No trustee listed on 2025 100R
Miami,Perry Township,52-016.00,Clint Manning,Trustee,4800.0,850,834,2025,205742.44,54952.49,41091.75,40736.01,0,0,219603.18,https://gateway.ifionline.org/report_builder/Default3a.aspx?rpttype=afr&rpt=AFR_PrintFull_public&rptName=Annual%20Financial%20Report%20-%20Full%20Report&rpt_unit_in=2511&referrer=byunit,https://gateway.ifionline.org/report_builder/Default3a.aspx?rpttype=afr&rpt=cash_inv_combined&rptName=Cash%20and%20Investments&rpt_unit_in=2511&referrer=byunit,https://gateway.ifionline.org/report_builder/Default3a.aspx?rpttype=employComp&rpt=EmployComp&rptName=Employee%20Compensation&rpt_unit_in=2511&referrer=byunit,
Miami,Peru Township,52-017.00,Geraldine Bunker,Trustee,33456.12,10646,10612,2025,621836.56,248215.8,287717.54,138133.57,81345.22,27575.3,582334.82,https://gateway.ifionline.org/report_builder/Default3a.aspx?rpttype=afr&rpt=AFR_PrintFull_public&rptName=Annual%20Financial%20Report%20-%20Full%20Report&rpt_unit_in=2512&referrer=byunit,https://gateway.ifionline.org/report_builder/Default3a.aspx?rpttype=afr&rpt=cash_inv_combined&rptName=Cash%20and%20Investments&rpt_unit_in=2512&referrer=byunit,https://gateway.ifionline.org/report_builder/Default3a.aspx?rpttype=employComp&rpt=EmployComp&rptName=Employee%20Compensation&rpt_unit_in=2512&referrer=byunit,
Miami,Pipe Creek Township,52-018.00,Christina D Kreutzer,trustee,13200.0,6751,6676,2025,125273.78,184330.17,161987.91,59442.69,44251.15,50000.0,147616.04,https://gateway.ifionline.org/report_builder/Default3a.aspx?rpttype=afr&rpt=AFR_PrintFull_public&rptName=Annual%20Financial%20Report%20-%20Full%20Report&rpt_unit_in=2513&referrer=byunit,https://gateway.ifionline.org/report_builder/Default3a.aspx?rpttype=afr&rpt=cash_inv_combined&rptName=Cash%20and%20Investments&rpt_unit_in=2513&referrer=byunit,https://gateway.ifionline.org/report_builder/Default3a.aspx?rpttype=employComp&rpt=EmployComp&rptName=Employee%20Compensation&rpt_unit_in=2513&referrer=byunit,
Miami,Richland Township,52-019.00,Mary C Boswell,Trustee,4300.0,1087,1074,2025,88064.43,95092.01,70658.24,49658.24,1000.0,20000.0,112498.2,https://gateway.ifionline.org/report_builder/Default3a.aspx?rpttype=afr&rpt=AFR_PrintFull_public&rptName=Annual%20Financial%20Report%20-%20Full%20Report&rpt_unit_in=2514&referrer=byunit,https://gateway.ifionline.org/report_builder/Default3a.aspx?rpttype=afr&rpt=cash_inv_combined&rptName=Cash%20and%20Investments&rpt_unit_in=2514&referrer=byunit,https://gateway.ifionline.org/report_builder/Default3a.aspx?rpttype=employComp&rpt=EmployComp&rptName=Employee%20Compensation&rpt_unit_in=2514&referrer=byunit,
Miami,Union Township,,,,,772,755,,,,,,,,,,,,Not found in 2025 100R employee compensation | No 2024 or 2025 AFR found on Gateway
Miami,Washington Township,52-021.00,Julie A Hamman,Trustee,21000.0,3394,3380,2025,108625.52,236333.96,284593.36,86297.64,2193.51,92468.14,60366.12,https://gateway.ifionline.org/report_builder/Default3a.aspx?rpttype=afr&rpt=AFR_PrintFull_public&rptName=Annual%20Financial%20Report%20-%20Full%20Report&rpt_unit_in=2516&referrer=byunit,https://gateway.ifionline.org/report_builder/Default3a.aspx?rpttype=afr&rpt=cash_inv_combined&rptName=Cash%20and%20Investments&rpt_unit_in=2516&referrer=byunit,https://gateway.ifionline.org/report_builder/Default3a.aspx?rpttype=employComp&rpt=EmployComp&rptName=Employee%20Compensation&rpt_unit_in=2516&referrer=byunit,
Monroe,Bean Blossom Township,53-004.00,Ronald H Hutson,Trustee,15900.0,2942,2887,2025,892134.26,259795.17,207523.35,187537.57,11554.31,0,944406.08,https://gateway.ifionline.org/report_builder/Default3a.aspx?rpttype=afr&rpt=AFR_PrintFull_public&rptName=Annual%20Financial%20Report%20-%20Full%20Report&rpt_unit_in=2534&referrer=byunit,https://gateway.ifionline.org/report_builder/Default3a.aspx?rpttype=afr&rpt=cash_inv_combined&rptName=Cash%20and%20Investments&rpt_unit_in=2534&referrer=byunit,https://gateway.ifionline.org/report_builder/Default3a.aspx?rpttype=employComp&rpt=EmployComp&rptName=Employee%20Compensation&rpt_unit_in=2534&referrer=byunit,
Monroe,Benton Township,53-005.00,Michelle Bright,Township Trustee,15575.0,3251,3203,2025,512973.92,84781.28,306856.34,58358.05,9506.77,236522.74,290898.86,https://gateway.ifionline.org/report_builder/Default3a.aspx?rpttype=afr&rpt=AFR_PrintFull_public&rptName=Annual%20Financial%20Report%20-%20Full%20Report&rpt_unit_in=2535&referrer=byunit,https://gateway.ifionline.org/report_builder/Default3a.aspx?rpttype=afr&rpt=cash_inv_combined&rptName=Cash%20and%20Investments&rpt_unit_in=2535&referrer=byunit,https://gateway.ifionline.org/report_builder/Default3a.aspx?rpttype=employComp&rpt=EmployComp&rptName=Employee%20Compensation&rpt_unit_in=2535&referrer=byunit,
Monroe,Bloomington Township,53-006.00,Efrat Rosser,TRUSTEE,74821.5,42944,46702,2025,1434023.47,1138462.92,1377602.66,1083750.02,137094.97,47871.9,1194883.73,https://gateway.ifionline.org/report_builder/Default3a.aspx?rpttype=afr&rpt=AFR_PrintFull_public&rptName=Annual%20Financial%20Report%20-%20Full%20Report&rpt_unit_in=2536&referrer=byunit,https://gateway.ifionline.org/report_builder/Default3a.aspx?rpttype=afr&rpt=cash_inv_combined&rptName=Cash%20and%20Investments&rpt_unit_in=2536&referrer=byunit,https://gateway.ifionline.org/report_builder/Default3a.aspx?rpttype=employComp&rpt=EmployComp&rptName=Employee%20Compensation&rpt_unit_in=2536&referrer=byunit,
Monroe,Clear Creek Township,53-007.00,Thelma K Jeffries,TRUSTEE,44510.04,5323,5228,2025,579759.16,408057.85,555390.12,329316.67,26159.07,199914.38,432426.89,https://gateway.ifionline.org/report_builder/Default3a.aspx?rpttype=afr&rpt=AFR_PrintFull_public&rptName=Annual%20Financial%20Report%20-%20Full%20Report&rpt_unit_in=2537&referrer=byunit,https://gateway.ifionline.org/report_builder/Default3a.aspx?rpttype=afr&rpt=cash_inv_combined&rptName=Cash%20and%20Investments&rpt_unit_in=2537&referrer=byunit,https://gateway.ifionline.org/report_builder/Default3a.aspx?rpttype=employComp&rpt=EmployComp&rptName=Employee%20Compensation&rpt_unit_in=2537&referrer=byunit,
Monroe,Indian Creek Township,53-008.00,Christopher R Reynolds,Trustee,22000.0,1546,1537,2025,326510.73,47127.19,176617.3,37609.63,1546.57,132414.0,197020.62,https://gateway.ifionline.org/report_builder/Default3a.aspx?rpttype=afr&rpt=AFR_PrintFull_public&rptName=Annual%20Financial%20Report%20-%20Full%20Report&rpt_unit_in=2538&referrer=byunit,https://gateway.ifionline.org/report_builder/Default3a.aspx?rpttype=afr&rpt=cash_inv_combined&rptName=Cash%20and%20Investments&rpt_unit_in=2538&referrer=byunit,https://gateway.ifionline.org/report_builder/Default3a.aspx?rpttype=employComp&rpt=EmployComp&rptName=Employee%20Compensation&rpt_unit_in=2538&referrer=byunit,
Monroe,Perry Township,53-009.00,Dan Combs,Trustee,71515.0,53138,52290,2025,1323473.8,1436832.85,1744814.19,1099916.35,384253.06,45991.08,1015492.46,https://gateway.ifionline.org/report_builder/Default3a.aspx?rpttype=afr&rpt=AFR_PrintFull_public&rptName=Annual%20Financial%20Report%20-%20Full%20Report&rpt_unit_in=2539&referrer=byunit,https://gateway.ifionline.org/report_builder/Default3a.aspx?rpttype=afr&rpt=cash_inv_combined&rptName=Cash%20and%20Investments&rpt_unit_in=2539&referrer=byunit,https://gateway.ifionline.org/report_builder/Default3a.aspx?rpttype=employComp&rpt=EmployComp&rptName=Employee%20Compensation&rpt_unit_in=2539&referrer=byunit,
Monroe,Polk Township,53-010.00,Scott Smith,Trustee,22250.0,282,277,2025,135953.82,108514.96,120213.53,118239.37,1607.16,367.0,124255.25,https://gateway.ifionline.org/report_builder/Default3a.aspx?rpttype=afr&rpt=AFR_PrintFull_public&rptName=Annual%20Financial%20Report%20-%20Full%20Report&rpt_unit_in=2540&referrer=byunit,https://gateway.ifionline.org/report_builder/Default3a.aspx?rpttype=afr&rpt=cash_inv_combined&rptName=Cash%20and%20Investments&rpt_unit_in=2540&referrer=byunit,https://gateway.ifionline.org/report_builder/Default3a.aspx?rpttype=employComp&rpt=EmployComp&rptName=Employee%20Compensation&rpt_unit_in=2540&referrer=byunit,
Monroe,Richland Township,53-011.00,Stephens Jay,TRUSTEE,61576.87,15107,15217,2025,1594021.27,1964301.8,1996130.8,1310614.93,120720.26,463865.86,1562192.27,https://gateway.ifionline.org/report_builder/Default3a.aspx?rpttype=afr&rpt=AFR_PrintFull_public&rptName=Annual%20Financial%20Report%20-%20Full%20Report&rpt_unit_in=2541&referrer=byunit,https://gateway.ifionline.org/report_builder/Default3a.aspx?rpttype=afr&rpt=cash_inv_combined&rptName=Cash%20and%20Investments&rpt_unit_in=2541&referrer=byunit,https://gateway.ifionline.org/report_builder/Default3a.aspx?rpttype=employComp&rpt=EmployComp&rptName=Employee%20Compensation&rpt_unit_in=2541&referrer=byunit,
Monroe,Salt Creek Township,53-012.00,,,,1448,1422,2025,1216990.62,415623.49,371844.55,83581.99,72859.7,0,1260769.56,https://gateway.ifionline.org/report_builder/Default3a.aspx?rpttype=afr&rpt=AFR_PrintFull_public&rptName=Annual%20Financial%20Report%20-%20Full%20Report&rpt_unit_in=2542&referrer=byunit,https://gateway.ifionline.org/report_builder/Default3a.aspx?rpttype=afr&rpt=cash_inv_combined&rptName=Cash%20and%20Investments&rpt_unit_in=2542&referrer=byunit,https://gateway.ifionline.org/report_builder/Default3a.aspx?rpttype=employComp&rpt=EmployComp&rptName=Employee%20Compensation&rpt_unit_in=2542&referrer=byunit,No trustee listed on 2025 100R
Monroe,Van Buren Township,53-013.00,Rita Barrow,Trustee,60999.99,12818,12634,2025,3581361.87,1053811.77,1029231.3,374125.09,152147.61,328011.82,3605942.34,https://gateway.ifionline.org/report_builder/Default3a.aspx?rpttype=afr&rpt=AFR_PrintFull_public&rptName=Annual%20Financial%20Report%20-%20Full%20Report&rpt_unit_in=2543&referrer=byunit,https://gateway.ifionline.org/report_builder/Default3a.aspx?rpttype=afr&rpt=cash_inv_combined&rptName=Cash%20and%20Investments&rpt_unit_in=2543&referrer=byunit,https://gateway.ifionline.org/report_builder/Default3a.aspx?rpttype=employComp&rpt=EmployComp&rptName=Employee%20Compensation&rpt_unit_in=2543&referrer=byunit,
Monroe,Washington Township,53-014.00,Mary F VanDeventer,Trustee,7200.0,1970,1948,2025,438657.7,73679.56,124123.43,44811.82,2500.0,75818.61,388213.83,https://gateway.ifionline.org/report_builder/Default3a.aspx?rpttype=afr&rpt=AFR_PrintFull_public&rptName=Annual%20Financial%20Report%20-%20Full%20Report&rpt_unit_in=2544&referrer=byunit,https://gateway.ifionline.org/report_builder/Default3a.aspx?rpttype=afr&rpt=cash_inv_combined&rptName=Cash%20and%20Investments&rpt_unit_in=2544&referrer=byunit,https://gateway.ifionline.org/report_builder/Default3a.aspx?rpttype=employComp&rpt=EmployComp&rptName=Employee%20Compensation&rpt_unit_in=2544&referrer=byunit,
Montgomery,Brown Township,54-018.00,Kylene J Simpson,TRUSTEE,9750.0,1629,1670,2025,616769.7,204890.18,146707.74,119859.78,9219.85,0,674952.14,https://gateway.ifionline.org/report_builder/Default3a.aspx?rpttype=afr&rpt=AFR_PrintFull_public&rptName=Annual%20Financial%20Report%20-%20Full%20Report&rpt_unit_in=2559&referrer=byunit,https://gateway.ifionline.org/report_builder/Default3a.aspx?rpttype=afr&rpt=cash_inv_combined&rptName=Cash%20and%20Investments&rpt_unit_in=2559&referrer=byunit,https://gateway.ifionline.org/report_builder/Default3a.aspx?rpttype=employComp&rpt=EmployComp&rptName=Employee%20Compensation&rpt_unit_in=2559&referrer=byunit,
Montgomery,Clark Township,54-019.00,Amy Cating,TRUSTEE,8000.04,1844,1895,2025,343285.47,206547.2,160039.49,98977.38,3341.76,35300.0,389793.18,https://gateway.ifionline.org/report_builder/Default3a.aspx?rpttype=afr&rpt=AFR_PrintFull_public&rptName=Annual%20Financial%20Report%20-%20Full%20Report&rpt_unit_in=2560&referrer=byunit,https://gateway.ifionline.org/report_builder/Default3a.aspx?rpttype=afr&rpt=cash_inv_combined&rptName=Cash%20and%20Investments&rpt_unit_in=2560&referrer=byunit,https://gateway.ifionline.org/report_builder/Default3a.aspx?rpttype=employComp&rpt=EmployComp&rptName=Employee%20Compensation&rpt_unit_in=2560&referrer=byunit,
Montgomery,Coal Creek Township,54-020.00,Kunkel Roger,Township Trustee,14400.0,1452,1489,2025,377844.93,172755.68,116082.95,61443.59,16804.92,2897.23,434517.66,https://gateway.ifionline.org/report_builder/Default3a.aspx?rpttype=afr&rpt=AFR_PrintFull_public&rptName=Annual%20Financial%20Report%20-%20Full%20Report&rpt_unit_in=2561&referrer=byunit,https://gateway.ifionline.org/report_builder/Default3a.aspx?rpttype=afr&rpt=cash_inv_combined&rptName=Cash%20and%20Investments&rpt_unit_in=2561&referrer=byunit,https://gateway.ifionline.org/report_builder/Default3a.aspx?rpttype=employComp&rpt=EmployComp&rptName=Employee%20Compensation&rpt_unit_in=2561&referrer=byunit,
Montgomery,Franklin Township,54-021.00,Jayne A Lough,Trustee,7562.8,1772,1821,2025,439850.48,344384.23,294244.36,94618.27,7978.96,81503.94,489990.35,https://gateway.ifionline.org/report_builder/Default3a.aspx?rpttype=afr&rpt=AFR_PrintFull_public&rptName=Annual%20Financial%20Report%20-%20Full%20Report&rpt_unit_in=2562&referrer=byunit,https://gateway.ifionline.org/report_builder/Default3a.aspx?rpttype=afr&rpt=cash_inv_combined&rptName=Cash%20and%20Investments&rpt_unit_in=2562&referrer=byunit,https://gateway.ifionline.org/report_builder/Default3a.aspx?rpttype=employComp&rpt=EmployComp&rptName=Employee%20Compensation&rpt_unit_in=2562&referrer=byunit,
Montgomery,Madison Township,54-022.00,Greg Fuller,Township Trustee,12000.0,1172,1203,2025,1199334.2,258819.11,218686.05,121673.45,0,97012.6,1239467.26,https://gateway.ifionline.org/report_builder/Default3a.aspx?rpttype=afr&rpt=AFR_PrintFull_public&rptName=Annual%20Financial%20Report%20-%20Full%20Report&rpt_unit_in=2563&referrer=byunit,https://gateway.ifionline.org/report_builder/Default3a.aspx?rpttype=afr&rpt=cash_inv_combined&rptName=Cash%20and%20Investments&rpt_unit_in=2563&referrer=byunit,https://gateway.ifionline.org/report_builder/Default3a.aspx?rpttype=employComp&rpt=EmployComp&rptName=Employee%20Compensation&rpt_unit_in=2563&referrer=byunit,
Montgomery,Ripley Township,54-023.00,Jamie M Selby,TRUSTEE,5572.0,890,917,2025,706600.69,229396.78,126097.71,48057.81,0,0,809899.76,https://gateway.ifionline.org/report_builder/Default3a.aspx?rpttype=afr&rpt=AFR_PrintFull_public&rptName=Annual%20Financial%20Report%20-%20Full%20Report&rpt_unit_in=2564&referrer=byunit,https://gateway.ifionline.org/report_builder/Default3a.aspx?rpttype=afr&rpt=cash_inv_combined&rptName=Cash%20and%20Investments&rpt_unit_in=2564&referrer=byunit,https://gateway.ifionline.org/report_builder/Default3a.aspx?rpttype=employComp&rpt=EmployComp&rptName=Employee%20Compensation&rpt_unit_in=2564&referrer=byunit,
Montgomery,Scott Township,54-024.00,Michael Tricker,Trustee,4800.0,775,795,2025,491013.05,66879.35,52004.7,27124.79,2341.71,20752.0,505887.7,https://gateway.ifionline.org/report_builder/Default3a.aspx?rpttype=afr&rpt=AFR_PrintFull_public&rptName=Annual%20Financial%20Report%20-%20Full%20Report&rpt_unit_in=2565&referrer=byunit,https://gateway.ifionline.org/report_builder/Default3a.aspx?rpttype=afr&rpt=cash_inv_combined&rptName=Cash%20and%20Investments&rpt_unit_in=2565&referrer=byunit,https://gateway.ifionline.org/report_builder/Default3a.aspx?rpttype=employComp&rpt=EmployComp&rptName=Employee%20Compensation&rpt_unit_in=2565&referrer=byunit,
Montgomery,Sugar Creek Township,54-025.00,Carey Dykes Devers Hanna,TRUSTEE,4800.0,387,399,2025,78839.76,29518.48,23808.01,21112.31,280.17,0,84550.23,https://gateway.ifionline.org/report_builder/Default3a.aspx?rpttype=afr&rpt=AFR_PrintFull_public&rptName=Annual%20Financial%20Report%20-%20Full%20Report&rpt_unit_in=2566&referrer=byunit,https://gateway.ifionline.org/report_builder/Default3a.aspx?rpttype=afr&rpt=cash_inv_combined&rptName=Cash%20and%20Investments&rpt_unit_in=2566&referrer=byunit,https://gateway.ifionline.org/report_builder/Default3a.aspx?rpttype=employComp&rpt=EmployComp&rptName=Employee%20Compensation&rpt_unit_in=2566&referrer=byunit,
Montgomery,Union Township,54-026.00,Aaron Morgan,TRUSTEE,29556.8,25096,25751,2025,6050252.61,1215638.69,1721846.51,630427.39,197760.07,855600.55,5544044.79,https://gateway.ifionline.org/report_builder/Default3a.aspx?rpttype=afr&rpt=AFR_PrintFull_public&rptName=Annual%20Financial%20Report%20-%20Full%20Report&rpt_unit_in=2567&referrer=byunit,https://gateway.ifionline.org/report_builder/Default3a.aspx?rpttype=afr&rpt=cash_inv_combined&rptName=Cash%20and%20Investments&rpt_unit_in=2567&referrer=byunit,https://gateway.ifionline.org/report_builder/Default3a.aspx?rpttype=employComp&rpt=EmployComp&rptName=Employee%20Compensation&rpt_unit_in=2567&referrer=byunit,
Montgomery,Walnut Township,54-027.00,Melody Davis,TRUSTEE,7000.0,1328,1369,2025,294821.67,114371.32,82424.46,56921.47,1084.15,23500.0,326768.53,https://gateway.ifionline.org/report_builder/Default3a.aspx?rpttype=afr&rpt=AFR_PrintFull_public&rptName=Annual%20Financial%20Report%20-%20Full%20Report&rpt_unit_in=2568&referrer=byunit,https://gateway.ifionline.org/report_builder/Default3a.aspx?rpttype=afr&rpt=cash_inv_combined&rptName=Cash%20and%20Investments&rpt_unit_in=2568&referrer=byunit,https://gateway.ifionline.org/report_builder/Default3a.aspx?rpttype=employComp&rpt=EmployComp&rptName=Employee%20Compensation&rpt_unit_in=2568&referrer=byunit,
Montgomery,Wayne Township,54-028.00,Nancy K Ryker,Trustee,6000.0,1587,1645,2025,336039.73,145249.82,64769.04,60166.04,2000.0,923.0,416520.51,https://gateway.ifionline.org/report_builder/Default3a.aspx?rpttype=afr&rpt=AFR_PrintFull_public&rptName=Annual%20Financial%20Report%20-%20Full%20Report&rpt_unit_in=2569&referrer=byunit,https://gateway.ifionline.org/report_builder/Default3a.aspx?rpttype=afr&rpt=cash_inv_combined&rptName=Cash%20and%20Investments&rpt_unit_in=2569&referrer=byunit,https://gateway.ifionline.org/report_builder/Default3a.aspx?rpttype=employComp&rpt=EmployComp&rptName=Employee%20Compensation&rpt_unit_in=2569&referrer=byunit,
Morgan,Adams Township,55-008.00,Fred J Glover,Trustee,4800.0,1211,1245,2025,67151.31,77936.7,67710.56,60253.31,1658.98,0,77377.45,https://gateway.ifionline.org/report_builder/Default3a.aspx?rpttype=afr&rpt=AFR_PrintFull_public&rptName=Annual%20Financial%20Report%20-%20Full%20Report&rpt_unit_in=2595&referrer=byunit,https://gateway.ifionline.org/report_builder/Default3a.aspx?rpttype=afr&rpt=cash_inv_combined&rptName=Cash%20and%20Investments&rpt_unit_in=2595&referrer=byunit,https://gateway.ifionline.org/report_builder/Default3a.aspx?rpttype=employComp&rpt=EmployComp&rptName=Employee%20Compensation&rpt_unit_in=2595&referrer=byunit,
Morgan,Ashland Township,55-009.00,Diana Rumbaugh,Township Trustee,9600.0,1759,1826,2025,169600.89,97902.75,83726.51,69339.67,1000.0,0,183777.13,https://gateway.ifionline.org/report_builder/Default3a.aspx?rpttype=afr&rpt=AFR_PrintFull_public&rptName=Annual%20Financial%20Report%20-%20Full%20Report&rpt_unit_in=2596&referrer=byunit,https://gateway.ifionline.org/report_builder/Default3a.aspx?rpttype=afr&rpt=cash_inv_combined&rptName=Cash%20and%20Investments&rpt_unit_in=2596&referrer=byunit,https://gateway.ifionline.org/report_builder/Default3a.aspx?rpttype=employComp&rpt=EmployComp&rptName=Employee%20Compensation&rpt_unit_in=2596&referrer=byunit,
Morgan,Baker Township,55-010.00,David Hermann,township trustee,4800.0,719,738,2025,144649.71,46075.44,30761.45,23025.83,0,6499.26,159963.7,https://gateway.ifionline.org/report_builder/Default3a.aspx?rpttype=afr&rpt=AFR_PrintFull_public&rptName=Annual%20Financial%20Report%20-%20Full%20Report&rpt_unit_in=2597&referrer=byunit,https://gateway.ifionline.org/report_builder/Default3a.aspx?rpttype=afr&rpt=cash_inv_combined&rptName=Cash%20and%20Investments&rpt_unit_in=2597&referrer=byunit,https://gateway.ifionline.org/report_builder/Default3a.aspx?rpttype=employComp&rpt=EmployComp&rptName=Employee%20Compensation&rpt_unit_in=2597&referrer=byunit,
Morgan,Brown Township,55-011.00,Mark D Harris,Trustee,50200.02,13417,14348,2025,3022914.87,3795388.6,3573661.52,2575085.88,44528.46,422452.01,3244641.95,https://gateway.ifionline.org/report_builder/Default3a.aspx?rpttype=afr&rpt=AFR_PrintFull_public&rptName=Annual%20Financial%20Report%20-%20Full%20Report&rpt_unit_in=2598&referrer=byunit,https://gateway.ifionline.org/report_builder/Default3a.aspx?rpttype=afr&rpt=cash_inv_combined&rptName=Cash%20and%20Investments&rpt_unit_in=2598&referrer=byunit,https://gateway.ifionline.org/report_builder/Default3a.aspx?rpttype=employComp&rpt=EmployComp&rptName=Employee%20Compensation&rpt_unit_in=2598&referrer=byunit,
Morgan,Clay Township,55-012.00,William D Mitchell,Trustee,18000.0,4245,4348,2025,427163.2,235700.39,186421.14,162195.03,9852.57,0,476442.45,https://gateway.ifionline.org/report_builder/Default3a.aspx?rpttype=afr&rpt=AFR_PrintFull_public&rptName=Annual%20Financial%20Report%20-%20Full%20Report&rpt_unit_in=2599&referrer=byunit,https://gateway.ifionline.org/report_builder/Default3a.aspx?rpttype=afr&rpt=cash_inv_combined&rptName=Cash%20and%20Investments&rpt_unit_in=2599&referrer=byunit,https://gateway.ifionline.org/report_builder/Default3a.aspx?rpttype=employComp&rpt=EmployComp&rptName=Employee%20Compensation&rpt_unit_in=2599&referrer=byunit,
Morgan,Green Township,55-013.00,Jon Fletcher,Trustee,18500.04,3628,3718,2025,1373714.66,663946.37,481581.66,460315.3,0,13787.3,1556079.37,https://gateway.ifionline.org/report_builder/Default3a.aspx?rpttype=afr&rpt=AFR_PrintFull_public&rptName=Annual%20Financial%20Report%20-%20Full%20Report&rpt_unit_in=2600&referrer=byunit,https://gateway.ifionline.org/report_builder/Default3a.aspx?rpttype=afr&rpt=cash_inv_combined&rptName=Cash%20and%20Investments&rpt_unit_in=2600&referrer=byunit,https://gateway.ifionline.org/report_builder/Default3a.aspx?rpttype=employComp&rpt=EmployComp&rptName=Employee%20Compensation&rpt_unit_in=2600&referrer=byunit,
Morgan,Gregg Township,55-014.00,Matt Bishop,Township Trustee,14600.0,2965,3046,2025,796393.88,612603.75,497990.87,260606.01,8690.22,0,911006.76,https://gateway.ifionline.org/report_builder/Default3a.aspx?rpttype=afr&rpt=AFR_PrintFull_public&rptName=Annual%20Financial%20Report%20-%20Full%20Report&rpt_unit_in=2601&referrer=byunit,https://gateway.ifionline.org/report_builder/Default3a.aspx?rpttype=afr&rpt=cash_inv_combined&rptName=Cash%20and%20Investments&rpt_unit_in=2601&referrer=byunit,https://gateway.ifionline.org/report_builder/Default3a.aspx?rpttype=employComp&rpt=EmployComp&rptName=Employee%20Compensation&rpt_unit_in=2601&referrer=byunit,
Morgan,Harrison Township,55-015.00,Mike Jackson,Trustee,9000.0,1540,1578,2025,154301.47,28693.26,25869.65,22400.35,472.3,0,157125.08,https://gateway.ifionline.org/report_builder/Default3a.aspx?rpttype=afr&rpt=AFR_PrintFull_public&rptName=Annual%20Financial%20Report%20-%20Full%20Report&rpt_unit_in=2602&referrer=byunit,https://gateway.ifionline.org/report_builder/Default3a.aspx?rpttype=afr&rpt=cash_inv_combined&rptName=Cash%20and%20Investments&rpt_unit_in=2602&referrer=byunit,https://gateway.ifionline.org/report_builder/Default3a.aspx?rpttype=employComp&rpt=EmployComp&rptName=Employee%20Compensation&rpt_unit_in=2602&referrer=byunit,
Morgan,Jackson Township,55-016.00,William Witt,Trustee,14500.0,3684,3761,2025,712713.68,1778957.14,1486809.85,978883.81,5255.52,0,1004860.97,https://gateway.ifionline.org/report_builder/Default3a.aspx?rpttype=afr&rpt=AFR_PrintFull_public&rptName=Annual%20Financial%20Report%20-%20Full%20Report&rpt_unit_in=2603&referrer=byunit,https://gateway.ifionline.org/report_builder/Default3a.aspx?rpttype=afr&rpt=cash_inv_combined&rptName=Cash%20and%20Investments&rpt_unit_in=2603&referrer=byunit,https://gateway.ifionline.org/report_builder/Default3a.aspx?rpttype=employComp&rpt=EmployComp&rptName=Employee%20Compensation&rpt_unit_in=2603&referrer=byunit,"Multiple trustees on 2025 100R: William Witt (Trustee) $14,500.00; Matthew Davidson (Trustee) $1,450.00"
Morgan,Jefferson Township,55-017.00,Jim Lankford,Trustee,14000.0,3601,3693,2025,434194.27,296080.95,235566.09,169977.22,1893.91,60000.0,494709.13,https://gateway.ifionline.org/report_builder/Default3a.aspx?rpttype=afr&rpt=AFR_PrintFull_public&rptName=Annual%20Financial%20Report%20-%20Full%20Report&rpt_unit_in=2604&referrer=byunit,https://gateway.ifionline.org/report_builder/Default3a.aspx?rpttype=afr&rpt=cash_inv_combined&rptName=Cash%20and%20Investments&rpt_unit_in=2604&referrer=byunit,https://gateway.ifionline.org/report_builder/Default3a.aspx?rpttype=employComp&rpt=EmployComp&rptName=Employee%20Compensation&rpt_unit_in=2604&referrer=byunit,
Morgan,Madison Township,55-018.00,Larry Ellis,Trustee,30769.96,10198,10486,2025,1909537.27,3590606.69,2911784.71,2361170.71,14930.46,238573.66,2588359.25,https://gateway.ifionline.org/report_builder/Default3a.aspx?rpttype=afr&rpt=AFR_PrintFull_public&rptName=Annual%20Financial%20Report%20-%20Full%20Report&rpt_unit_in=2605&referrer=byunit,https://gateway.ifionline.org/report_builder/Default3a.aspx?rpttype=afr&rpt=cash_inv_combined&rptName=Cash%20and%20Investments&rpt_unit_in=2605&referrer=byunit,https://gateway.ifionline.org/report_builder/Default3a.aspx?rpttype=employComp&rpt=EmployComp&rptName=Employee%20Compensation&rpt_unit_in=2605&referrer=byunit,
Morgan,Monroe Township,55-019.00,Michael G Marsh,Trustee,6000.0,5578,6541,2025,458896.58,40022.6,21762.07,19885.47,0,0,477157.11,https://gateway.ifionline.org/report_builder/Default3a.aspx?rpttype=afr&rpt=AFR_PrintFull_public&rptName=Annual%20Financial%20Report%20-%20Full%20Report&rpt_unit_in=2606&referrer=byunit,https://gateway.ifionline.org/report_builder/Default3a.aspx?rpttype=afr&rpt=cash_inv_combined&rptName=Cash%20and%20Investments&rpt_unit_in=2606&referrer=byunit,https://gateway.ifionline.org/report_builder/Default3a.aspx?rpttype=employComp&rpt=EmployComp&rptName=Employee%20Compensation&rpt_unit_in=2606&referrer=byunit,
Morgan,Ray Township,55-020.00,Shanan E Dow,Trustee,4000.0,1570,1627,2025,142962.55,86343.83,60301.58,56151.58,4150.0,0,169004.8,https://gateway.ifionline.org/report_builder/Default3a.aspx?rpttype=afr&rpt=AFR_PrintFull_public&rptName=Annual%20Financial%20Report%20-%20Full%20Report&rpt_unit_in=2607&referrer=byunit,https://gateway.ifionline.org/report_builder/Default3a.aspx?rpttype=afr&rpt=cash_inv_combined&rptName=Cash%20and%20Investments&rpt_unit_in=2607&referrer=byunit,https://gateway.ifionline.org/report_builder/Default3a.aspx?rpttype=employComp&rpt=EmployComp&rptName=Employee%20Compensation&rpt_unit_in=2607&referrer=byunit,"Multiple trustees on 2025 100R: Shanan E Dow (Trustee) $4,000.00; Joseph D Ramey (Trustee) $3,333.33"
Morgan,Washington Township,55-021.00,Kathy Taylor,TRUSTEE,28500.0,17661,18012,2025,3575724.43,1906343.89,1580719.49,1167893.77,71466.79,107118.26,3901348.83,https://gateway.ifionline.org/report_builder/Default3a.aspx?rpttype=afr&rpt=AFR_PrintFull_public&rptName=Annual%20Financial%20Report%20-%20Full%20Report&rpt_unit_in=2608&referrer=byunit,https://gateway.ifionline.org/report_builder/Default3a.aspx?rpttype=afr&rpt=cash_inv_combined&rptName=Cash%20and%20Investments&rpt_unit_in=2608&referrer=byunit,https://gateway.ifionline.org/report_builder/Default3a.aspx?rpttype=employComp&rpt=EmployComp&rptName=Employee%20Compensation&rpt_unit_in=2608&referrer=byunit,
Newton,Beaver Township,56-006.00,Mindy M Jeglum,Trustee,37489.0,1515,1537,2025,930820.11,760652.21,537253.1,324421.63,4107.64,0,1154219.22,https://gateway.ifionline.org/report_builder/Default3a.aspx?rpttype=afr&rpt=AFR_PrintFull_public&rptName=Annual%20Financial%20Report%20-%20Full%20Report&rpt_unit_in=2634&referrer=byunit,https://gateway.ifionline.org/report_builder/Default3a.aspx?rpttype=afr&rpt=cash_inv_combined&rptName=Cash%20and%20Investments&rpt_unit_in=2634&referrer=byunit,https://gateway.ifionline.org/report_builder/Default3a.aspx?rpttype=employComp&rpt=EmployComp&rptName=Employee%20Compensation&rpt_unit_in=2634&referrer=byunit,
Newton,Colfax Township,56-007.00,Katherine L Haas,Trustee,7000.0,165,170,2025,301755.95,132429.76,138233.55,58758.82,0,0,295952.16,https://gateway.ifionline.org/report_builder/Default3a.aspx?rpttype=afr&rpt=AFR_PrintFull_public&rptName=Annual%20Financial%20Report%20-%20Full%20Report&rpt_unit_in=2635&referrer=byunit,https://gateway.ifionline.org/report_builder/Default3a.aspx?rpttype=afr&rpt=cash_inv_combined&rptName=Cash%20and%20Investments&rpt_unit_in=2635&referrer=byunit,https://gateway.ifionline.org/report_builder/Default3a.aspx?rpttype=employComp&rpt=EmployComp&rptName=Employee%20Compensation&rpt_unit_in=2635&referrer=byunit,
Newton,Grant Township,56-008.00,Jennifer Miller,Trustee,13171.0,1098,1094,2025,732378.23,125097.2,98577.3,49663.88,3414.67,44249.13,758898.13,https://gateway.ifionline.org/report_builder/Default3a.aspx?rpttype=afr&rpt=AFR_PrintFull_public&rptName=Annual%20Financial%20Report%20-%20Full%20Report&rpt_unit_in=2636&referrer=byunit,https://gateway.ifionline.org/report_builder/Default3a.aspx?rpttype=afr&rpt=cash_inv_combined&rptName=Cash%20and%20Investments&rpt_unit_in=2636&referrer=byunit,https://gateway.ifionline.org/report_builder/Default3a.aspx?rpttype=employComp&rpt=EmployComp&rptName=Employee%20Compensation&rpt_unit_in=2636&referrer=byunit,
Newton,Iroquois Township,56-009.00,Jane A Risley,TRUSTEE,11500.0,1242,1261,2025,794917.47,219994.9,110457.86,75763.93,3584.67,0,904454.51,https://gateway.ifionline.org/report_builder/Default3a.aspx?rpttype=afr&rpt=AFR_PrintFull_public&rptName=Annual%20Financial%20Report%20-%20Full%20Report&rpt_unit_in=2637&referrer=byunit,https://gateway.ifionline.org/report_builder/Default3a.aspx?rpttype=afr&rpt=cash_inv_combined&rptName=Cash%20and%20Investments&rpt_unit_in=2637&referrer=byunit,https://gateway.ifionline.org/report_builder/Default3a.aspx?rpttype=employComp&rpt=EmployComp&rptName=Employee%20Compensation&rpt_unit_in=2637&referrer=byunit,
Newton,Jackson Township,56-010.00,June M Miller,Trustee,7000.0,389,397,2025,423419.01,124509.64,89842.34,33335.72,0,2352.12,458086.31,https://gateway.ifionline.org/report_builder/Default3a.aspx?rpttype=afr&rpt=AFR_PrintFull_public&rptName=Annual%20Financial%20Report%20-%20Full%20Report&rpt_unit_in=2638&referrer=byunit,https://gateway.ifionline.org/report_builder/Default3a.aspx?rpttype=afr&rpt=cash_inv_combined&rptName=Cash%20and%20Investments&rpt_unit_in=2638&referrer=byunit,https://gateway.ifionline.org/report_builder/Default3a.aspx?rpttype=employComp&rpt=EmployComp&rptName=Employee%20Compensation&rpt_unit_in=2638&referrer=byunit,
Newton,Jefferson Township,56-011.00,Jacob Shufflebarger,Trustee,16500.0,2009,2024,2025,535242.78,239244.45,151517.23,71857.06,5535.93,72212.0,622970.0,https://gateway.ifionline.org/report_builder/Default3a.aspx?rpttype=afr&rpt=AFR_PrintFull_public&rptName=Annual%20Financial%20Report%20-%20Full%20Report&rpt_unit_in=2639&referrer=byunit,https://gateway.ifionline.org/report_builder/Default3a.aspx?rpttype=afr&rpt=cash_inv_combined&rptName=Cash%20and%20Investments&rpt_unit_in=2639&referrer=byunit,https://gateway.ifionline.org/report_builder/Default3a.aspx?rpttype=employComp&rpt=EmployComp&rptName=Employee%20Compensation&rpt_unit_in=2639&referrer=byunit,
Newton,Lake Township,56-012.00,Nikki K Hanger,Trustee,15525.0,2384,2461,2025,760991.98,562548.92,476473.24,298636.59,6803.15,167511.74,847067.66,https://gateway.ifionline.org/report_builder/Default3a.aspx?rpttype=afr&rpt=AFR_PrintFull_public&rptName=Annual%20Financial%20Report%20-%20Full%20Report&rpt_unit_in=2640&referrer=byunit,https://gateway.ifionline.org/report_builder/Default3a.aspx?rpttype=afr&rpt=cash_inv_combined&rptName=Cash%20and%20Investments&rpt_unit_in=2640&referrer=byunit,https://gateway.ifionline.org/report_builder/Default3a.aspx?rpttype=employComp&rpt=EmployComp&rptName=Employee%20Compensation&rpt_unit_in=2640&referrer=byunit,
Newton,Lincoln Township,56-013.00,Steven Holder,Trustee,27600.0,4515,4720,2025,702627.54,528189.08,473965.29,278209.31,5268.81,181658.6,756851.33,https://gateway.ifionline.org/report_builder/Default3a.aspx?rpttype=afr&rpt=AFR_PrintFull_public&rptName=Annual%20Financial%20Report%20-%20Full%20Report&rpt_unit_in=2641&referrer=byunit,https://gateway.ifionline.org/report_builder/Default3a.aspx?rpttype=afr&rpt=cash_inv_combined&rptName=Cash%20and%20Investments&rpt_unit_in=2641&referrer=byunit,https://gateway.ifionline.org/report_builder/Default3a.aspx?rpttype=employComp&rpt=EmployComp&rptName=Employee%20Compensation&rpt_unit_in=2641&referrer=byunit,
Newton,Mcclellan Township,56-014.00,Mary Jarvis,Trustee,7000.0,216,224,2025,188919.69,108031.34,109286.9,97989.47,0,0,187664.13,https://gateway.ifionline.org/report_builder/Default3a.aspx?rpttype=afr&rpt=AFR_PrintFull_public&rptName=Annual%20Financial%20Report%20-%20Full%20Report&rpt_unit_in=2642&referrer=byunit,https://gateway.ifionline.org/report_builder/Default3a.aspx?rpttype=afr&rpt=cash_inv_combined&rptName=Cash%20and%20Investments&rpt_unit_in=2642&referrer=byunit,https://gateway.ifionline.org/report_builder/Default3a.aspx?rpttype=employComp&rpt=EmployComp&rptName=Employee%20Compensation&rpt_unit_in=2642&referrer=byunit,
Newton,Washington Township,56-015.00,Kimberly Wright,Township Trustee,8500.0,292,300,2025,565654.71,105130.21,110151.86,79638.13,0,0,560633.06,https://gateway.ifionline.org/report_builder/Default3a.aspx?rpttype=afr&rpt=AFR_PrintFull_public&rptName=Annual%20Financial%20Report%20-%20Full%20Report&rpt_unit_in=2643&referrer=byunit,https://gateway.ifionline.org/report_builder/Default3a.aspx?rpttype=afr&rpt=cash_inv_combined&rptName=Cash%20and%20Investments&rpt_unit_in=2643&referrer=byunit,https://gateway.ifionline.org/report_builder/Default3a.aspx?rpttype=employComp&rpt=EmployComp&rptName=Employee%20Compensation&rpt_unit_in=2643&referrer=byunit,
Noble,Albion Township,57-007.00,Donald Shultz,Trustee,8500.0,2320,2360,2025,58880.66,64327.09,63096.88,50891.74,8625.28,0,60110.87,https://gateway.ifionline.org/report_builder/Default3a.aspx?rpttype=afr&rpt=AFR_PrintFull_public&rptName=Annual%20Financial%20Report%20-%20Full%20Report&rpt_unit_in=2661&referrer=byunit,https://gateway.ifionline.org/report_builder/Default3a.aspx?rpttype=afr&rpt=cash_inv_combined&rptName=Cash%20and%20Investments&rpt_unit_in=2661&referrer=byunit,https://gateway.ifionline.org/report_builder/Default3a.aspx?rpttype=employComp&rpt=EmployComp&rptName=Employee%20Compensation&rpt_unit_in=2661&referrer=byunit,
Noble,Allen Township,57-008.00,Thaddeus Bay,Trustee,19116.0,7058,7175,2025,190021.46,285320.13,303025.64,210686.46,81584.81,0,172315.95,https://gateway.ifionline.org/report_builder/Default3a.aspx?rpttype=afr&rpt=AFR_PrintFull_public&rptName=Annual%20Financial%20Report%20-%20Full%20Report&rpt_unit_in=2662&referrer=byunit,https://gateway.ifionline.org/report_builder/Default3a.aspx?rpttype=afr&rpt=cash_inv_combined&rptName=Cash%20and%20Investments&rpt_unit_in=2662&referrer=byunit,https://gateway.ifionline.org/report_builder/Default3a.aspx?rpttype=employComp&rpt=EmployComp&rptName=Employee%20Compensation&rpt_unit_in=2662&referrer=byunit,
Noble,Elkhart Township,57-009.00,Donna B Schwartz,Trustee,15000.0,2032,2040,2025,199259.97,184966.37,188687.87,144104.45,0,37449.17,195538.47,https://gateway.ifionline.org/report_builder/Default3a.aspx?rpttype=afr&rpt=AFR_PrintFull_public&rptName=Annual%20Financial%20Report%20-%20Full%20Report&rpt_unit_in=2663&referrer=byunit,https://gateway.ifionline.org/report_builder/Default3a.aspx?rpttype=afr&rpt=cash_inv_combined&rptName=Cash%20and%20Investments&rpt_unit_in=2663&referrer=byunit,https://gateway.ifionline.org/report_builder/Default3a.aspx?rpttype=employComp&rpt=EmployComp&rptName=Employee%20Compensation&rpt_unit_in=2663&referrer=byunit,
Noble,Green Township,57-010.00,Michelle Pippenger,Trustee,8445.0,2033,2040,2025,157684.04,97360.2,74284.72,70867.16,0,0,180759.52,https://gateway.ifionline.org/report_builder/Default3a.aspx?rpttype=afr&rpt=AFR_PrintFull_public&rptName=Annual%20Financial%20Report%20-%20Full%20Report&rpt_unit_in=2664&referrer=byunit,https://gateway.ifionline.org/report_builder/Default3a.aspx?rpttype=afr&rpt=cash_inv_combined&rptName=Cash%20and%20Investments&rpt_unit_in=2664&referrer=byunit,https://gateway.ifionline.org/report_builder/Default3a.aspx?rpttype=employComp&rpt=EmployComp&rptName=Employee%20Compensation&rpt_unit_in=2664&referrer=byunit,
Noble,Jefferson Township,57-011.00,Herman M Fisher,TRUSTEE,9600.0,1562,1573,2025,364118.34,173368.78,161479.55,131923.89,9555.66,0,376007.57,https://gateway.ifionline.org/report_builder/Default3a.aspx?rpttype=afr&rpt=AFR_PrintFull_public&rptName=Annual%20Financial%20Report%20-%20Full%20Report&rpt_unit_in=2665&referrer=byunit,https://gateway.ifionline.org/report_builder/Default3a.aspx?rpttype=afr&rpt=cash_inv_combined&rptName=Cash%20and%20Investments&rpt_unit_in=2665&referrer=byunit,https://gateway.ifionline.org/report_builder/Default3a.aspx?rpttype=employComp&rpt=EmployComp&rptName=Employee%20Compensation&rpt_unit_in=2665&referrer=byunit,
Noble,Noble Township,57-012.00,Scott D Zeigler,trustee,16000.0,2946,2954,2025,451870.6,2358569.03,295355.62,219890.26,6585.65,52548.37,2515084.01,https://gateway.ifionline.org/report_builder/Default3a.aspx?rpttype=afr&rpt=AFR_PrintFull_public&rptName=Annual%20Financial%20Report%20-%20Full%20Report&rpt_unit_in=2666&referrer=byunit,https://gateway.ifionline.org/report_builder/Default3a.aspx?rpttype=afr&rpt=cash_inv_combined&rptName=Cash%20and%20Investments&rpt_unit_in=2666&referrer=byunit,https://gateway.ifionline.org/report_builder/Default3a.aspx?rpttype=employComp&rpt=EmployComp&rptName=Employee%20Compensation&rpt_unit_in=2666&referrer=byunit,
Noble,Orange Township,57-013.00,Shawn G Wilson,TRUSTEE,31230.79,3911,3959,2025,2395608.72,1002740.54,1572767.95,526434.28,8803.3,768089.35,1825581.31,https://gateway.ifionline.org/report_builder/Default3a.aspx?rpttype=afr&rpt=AFR_PrintFull_public&rptName=Annual%20Financial%20Report%20-%20Full%20Report&rpt_unit_in=2667&referrer=byunit,https://gateway.ifionline.org/report_builder/Default3a.aspx?rpttype=afr&rpt=cash_inv_combined&rptName=Cash%20and%20Investments&rpt_unit_in=2667&referrer=byunit,https://gateway.ifionline.org/report_builder/Default3a.aspx?rpttype=employComp&rpt=EmployComp&rptName=Employee%20Compensation&rpt_unit_in=2667&referrer=byunit,
Noble,Perry Township,57-014.00,Barbara A Donley,Township Trustee,22000.0,6928,7046,2025,1303968.01,328975.08,168432.65,142881.07,10513.53,0,1464510.44,https://gateway.ifionline.org/report_builder/Default3a.aspx?rpttype=afr&rpt=AFR_PrintFull_public&rptName=Annual%20Financial%20Report%20-%20Full%20Report&rpt_unit_in=2668&referrer=byunit,https://gateway.ifionline.org/report_builder/Default3a.aspx?rpttype=afr&rpt=cash_inv_combined&rptName=Cash%20and%20Investments&rpt_unit_in=2668&referrer=byunit,https://gateway.ifionline.org/report_builder/Default3a.aspx?rpttype=employComp&rpt=EmployComp&rptName=Employee%20Compensation&rpt_unit_in=2668&referrer=byunit,"Multiple trustees on 2025 100R: Barbara A Donley (Township Trustee) $22,000.00; Barbara A Donley (Township Trustee) $3,632.00"
Noble,Sparta Township,57-015.00,Fran Heintzelman,Trustee,17400.0,2832,2846,2025,694086.16,394908.38,517039.32,252548.87,0,229957.67,571955.22,https://gateway.ifionline.org/report_builder/Default3a.aspx?rpttype=afr&rpt=AFR_PrintFull_public&rptName=Annual%20Financial%20Report%20-%20Full%20Report&rpt_unit_in=2669&referrer=byunit,https://gateway.ifionline.org/report_builder/Default3a.aspx?rpttype=afr&rpt=cash_inv_combined&rptName=Cash%20and%20Investments&rpt_unit_in=2669&referrer=byunit,https://gateway.ifionline.org/report_builder/Default3a.aspx?rpttype=employComp&rpt=EmployComp&rptName=Employee%20Compensation&rpt_unit_in=2669&referrer=byunit,
Noble,Swan Township,57-016.00,Tina Ley,TRUSTEE,13500.0,2305,2327,2025,374528.0,161339.6,103019.46,69140.91,4568.0,0,432848.14,https://gateway.ifionline.org/report_builder/Default3a.aspx?rpttype=afr&rpt=AFR_PrintFull_public&rptName=Annual%20Financial%20Report%20-%20Full%20Report&rpt_unit_in=2670&referrer=byunit,https://gateway.ifionline.org/report_builder/Default3a.aspx?rpttype=afr&rpt=cash_inv_combined&rptName=Cash%20and%20Investments&rpt_unit_in=2670&referrer=byunit,https://gateway.ifionline.org/report_builder/Default3a.aspx?rpttype=employComp&rpt=EmployComp&rptName=Employee%20Compensation&rpt_unit_in=2670&referrer=byunit,
Noble,Washington Township,57-017.00,Cindy L Kennedy,Trustee,8400.0,1056,1066,2025,229180.12,87019.98,101621.75,95241.02,219.24,3000.0,214578.35,https://gateway.ifionline.org/report_builder/Default3a.aspx?rpttype=afr&rpt=AFR_PrintFull_public&rptName=Annual%20Financial%20Report%20-%20Full%20Report&rpt_unit_in=2671&referrer=byunit,https://gateway.ifionline.org/report_builder/Default3a.aspx?rpttype=afr&rpt=cash_inv_combined&rptName=Cash%20and%20Investments&rpt_unit_in=2671&referrer=byunit,https://gateway.ifionline.org/report_builder/Default3a.aspx?rpttype=employComp&rpt=EmployComp&rptName=Employee%20Compensation&rpt_unit_in=2671&referrer=byunit,
Noble,Wayne Township,57-018.00,Christopher A McCoy,Trustee,29025.0,10952,11013,2025,349477.52,323401.41,290893.45,213391.29,50695.32,10000.0,381985.48,https://gateway.ifionline.org/report_builder/Default3a.aspx?rpttype=afr&rpt=AFR_PrintFull_public&rptName=Annual%20Financial%20Report%20-%20Full%20Report&rpt_unit_in=2672&referrer=byunit,https://gateway.ifionline.org/report_builder/Default3a.aspx?rpttype=afr&rpt=cash_inv_combined&rptName=Cash%20and%20Investments&rpt_unit_in=2672&referrer=byunit,https://gateway.ifionline.org/report_builder/Default3a.aspx?rpttype=employComp&rpt=EmployComp&rptName=Employee%20Compensation&rpt_unit_in=2672&referrer=byunit,
Noble,York Township,57-019.00,Eileen M Wacker,Trustee,8000.0,1532,1538,2025,422207.5,106476.67,100172.79,91170.96,3861.83,5000.0,428511.38,https://gateway.ifionline.org/report_builder/Default3a.aspx?rpttype=afr&rpt=AFR_PrintFull_public&rptName=Annual%20Financial%20Report%20-%20Full%20Report&rpt_unit_in=2673&referrer=byunit,https://gateway.ifionline.org/report_builder/Default3a.aspx?rpttype=afr&rpt=cash_inv_combined&rptName=Cash%20and%20Investments&rpt_unit_in=2673&referrer=byunit,https://gateway.ifionline.org/report_builder/Default3a.aspx?rpttype=employComp&rpt=EmployComp&rptName=Employee%20Compensation&rpt_unit_in=2673&referrer=byunit,
Ohio,Cass Township,58-002.00,Bridgett Bolling,Township Trustee,7675.0,688,699,2025,133152.74,36210.04,27477.58,27477.58,0,0,141885.2,https://gateway.ifionline.org/report_builder/Default3a.aspx?rpttype=afr&rpt=AFR_PrintFull_public&rptName=Annual%20Financial%20Report%20-%20Full%20Report&rpt_unit_in=2697&referrer=byunit,https://gateway.ifionline.org/report_builder/Default3a.aspx?rpttype=afr&rpt=cash_inv_combined&rptName=Cash%20and%20Investments&rpt_unit_in=2697&referrer=byunit,https://gateway.ifionline.org/report_builder/Default3a.aspx?rpttype=employComp&rpt=EmployComp&rptName=Employee%20Compensation&rpt_unit_in=2697&referrer=byunit,
Ohio,Pike Township,58-003.00,Hannah Burke,Township Trustee,7090.92,482,489,2025,53360.18,32072.16,27214.96,25957.05,1257.91,0,58217.38,https://gateway.ifionline.org/report_builder/Default3a.aspx?rpttype=afr&rpt=AFR_PrintFull_public&rptName=Annual%20Financial%20Report%20-%20Full%20Report&rpt_unit_in=2698&referrer=byunit,https://gateway.ifionline.org/report_builder/Default3a.aspx?rpttype=afr&rpt=cash_inv_combined&rptName=Cash%20and%20Investments&rpt_unit_in=2698&referrer=byunit,https://gateway.ifionline.org/report_builder/Default3a.aspx?rpttype=employComp&rpt=EmployComp&rptName=Employee%20Compensation&rpt_unit_in=2698&referrer=byunit,
Ohio,Randolph Township,58-004.00,Ethel Sissy Potter-Works,Township Trustee,14202.0,4298,4334,2025,159818.02,91963.12,72634.37,66838.04,5796.33,0,179146.77,https://gateway.ifionline.org/report_builder/Default3a.aspx?rpttype=afr&rpt=AFR_PrintFull_public&rptName=Annual%20Financial%20Report%20-%20Full%20Report&rpt_unit_in=2699&referrer=byunit,https://gateway.ifionline.org/report_builder/Default3a.aspx?rpttype=afr&rpt=cash_inv_combined&rptName=Cash%20and%20Investments&rpt_unit_in=2699&referrer=byunit,https://gateway.ifionline.org/report_builder/Default3a.aspx?rpttype=employComp&rpt=EmployComp&rptName=Employee%20Compensation&rpt_unit_in=2699&referrer=byunit,
Ohio,Union Township,58-005.00,Deirdre Helton,TRUSTEE,3400.0,465,472,2025,37458.86,16976.21,12183.02,8430.2,0,0,42252.05,https://gateway.ifionline.org/report_builder/Default3a.aspx?rpttype=afr&rpt=AFR_PrintFull_public&rptName=Annual%20Financial%20Report%20-%20Full%20Report&rpt_unit_in=2700&referrer=byunit,https://gateway.ifionline.org/report_builder/Default3a.aspx?rpttype=afr&rpt=cash_inv_combined&rptName=Cash%20and%20Investments&rpt_unit_in=2700&referrer=byunit,https://gateway.ifionline.org/report_builder/Default3a.aspx?rpttype=employComp&rpt=EmployComp&rptName=Employee%20Compensation&rpt_unit_in=2700&referrer=byunit,
Orange,French Lick Township,59-013.00,Jadon Hinkle,trustee,20000.04,4547,4746,2025,78706.72,65496.56,85462.38,61836.35,23626.03,0,58740.9,https://gateway.ifionline.org/report_builder/Default3a.aspx?rpttype=afr&rpt=AFR_PrintFull_public&rptName=Annual%20Financial%20Report%20-%20Full%20Report&rpt_unit_in=2707&referrer=byunit,https://gateway.ifionline.org/report_builder/Default3a.aspx?rpttype=afr&rpt=cash_inv_combined&rptName=Cash%20and%20Investments&rpt_unit_in=2707&referrer=byunit,https://gateway.ifionline.org/report_builder/Default3a.aspx?rpttype=employComp&rpt=EmployComp&rptName=Employee%20Compensation&rpt_unit_in=2707&referrer=byunit,
Orange,Greenfield Township,59-014.00,Patricia M Akins,Trustee,5400.0,726,721,2025,178783.77,11534.4,19965.1,18348.77,0,0,170353.07,https://gateway.ifionline.org/report_builder/Default3a.aspx?rpttype=afr&rpt=AFR_PrintFull_public&rptName=Annual%20Financial%20Report%20-%20Full%20Report&rpt_unit_in=2708&referrer=byunit,https://gateway.ifionline.org/report_builder/Default3a.aspx?rpttype=afr&rpt=cash_inv_combined&rptName=Cash%20and%20Investments&rpt_unit_in=2708&referrer=byunit,https://gateway.ifionline.org/report_builder/Default3a.aspx?rpttype=employComp&rpt=EmployComp&rptName=Employee%20Compensation&rpt_unit_in=2708&referrer=byunit,
Orange,Jackson Township,59-015.00,Kearsten M Mathies,trustee,5000.0,766,750,2025,206736.43,29678.33,18420.12,16879.7,500.0,0,217994.64,https://gateway.ifionline.org/report_builder/Default3a.aspx?rpttype=afr&rpt=AFR_PrintFull_public&rptName=Annual%20Financial%20Report%20-%20Full%20Report&rpt_unit_in=2709&referrer=byunit,https://gateway.ifionline.org/report_builder/Default3a.aspx?rpttype=afr&rpt=cash_inv_combined&rptName=Cash%20and%20Investments&rpt_unit_in=2709&referrer=byunit,https://gateway.ifionline.org/report_builder/Default3a.aspx?rpttype=employComp&rpt=EmployComp&rptName=Employee%20Compensation&rpt_unit_in=2709&referrer=byunit,
Orange,Northeast Township,59-016.00,Tara Jenkins,Trustee,6000.0,516,512,2025,97971.32,27861.09,16827.74,16470.92,356.82,0,109004.67,https://gateway.ifionline.org/report_builder/Default3a.aspx?rpttype=afr&rpt=AFR_PrintFull_public&rptName=Annual%20Financial%20Report%20-%20Full%20Report&rpt_unit_in=2710&referrer=byunit,https://gateway.ifionline.org/report_builder/Default3a.aspx?rpttype=afr&rpt=cash_inv_combined&rptName=Cash%20and%20Investments&rpt_unit_in=2710&referrer=byunit,https://gateway.ifionline.org/report_builder/Default3a.aspx?rpttype=employComp&rpt=EmployComp&rptName=Employee%20Compensation&rpt_unit_in=2710&referrer=byunit,
Orange,Northwest Township,59-017.00,judith A meehan,trustee,4680.0,335,330,2025,177967.4,27927.35,11937.92,10882.09,205.0,0,193956.83,https://gateway.ifionline.org/report_builder/Default3a.aspx?rpttype=afr&rpt=AFR_PrintFull_public&rptName=Annual%20Financial%20Report%20-%20Full%20Report&rpt_unit_in=2711&referrer=byunit,https://gateway.ifionline.org/report_builder/Default3a.aspx?rpttype=afr&rpt=cash_inv_combined&rptName=Cash%20and%20Investments&rpt_unit_in=2711&referrer=byunit,https://gateway.ifionline.org/report_builder/Default3a.aspx?rpttype=employComp&rpt=EmployComp&rptName=Employee%20Compensation&rpt_unit_in=2711&referrer=byunit,
Orange,Orangeville Township,59-018.00,William J Mathers,Trustee,4000.0,735,720,2025,27717.37,20084.72,14663.3,11140.94,586.64,0,33138.79,https://gateway.ifionline.org/report_builder/Default3a.aspx?rpttype=afr&rpt=AFR_PrintFull_public&rptName=Annual%20Financial%20Report%20-%20Full%20Report&rpt_unit_in=2712&referrer=byunit,https://gateway.ifionline.org/report_builder/Default3a.aspx?rpttype=afr&rpt=cash_inv_combined&rptName=Cash%20and%20Investments&rpt_unit_in=2712&referrer=byunit,https://gateway.ifionline.org/report_builder/Default3a.aspx?rpttype=employComp&rpt=EmployComp&rptName=Employee%20Compensation&rpt_unit_in=2712&referrer=byunit,
Orange,Orleans Township,59-019.00,Carl J Anderson,Trustee,4500.0,3636,3571,2025,34239.28,22289.75,23140.32,15081.39,6289.27,0,33388.71,https://gateway.ifionline.org/report_builder/Default3a.aspx?rpttype=afr&rpt=AFR_PrintFull_public&rptName=Annual%20Financial%20Report%20-%20Full%20Report&rpt_unit_in=2713&referrer=byunit,https://gateway.ifionline.org/report_builder/Default3a.aspx?rpttype=afr&rpt=cash_inv_combined&rptName=Cash%20and%20Investments&rpt_unit_in=2713&referrer=byunit,https://gateway.ifionline.org/report_builder/Default3a.aspx?rpttype=employComp&rpt=EmployComp&rptName=Employee%20Compensation&rpt_unit_in=2713&referrer=byunit,
Orange,Paoli Township,59-020.00,Glenda S Campbell,Trustee,21999.96,6020,5945,2025,350022.69,130174.57,130310.18,55147.15,69417.5,0,349887.08,https://gateway.ifionline.org/report_builder/Default3a.aspx?rpttype=afr&rpt=AFR_PrintFull_public&rptName=Annual%20Financial%20Report%20-%20Full%20Report&rpt_unit_in=2714&referrer=byunit,https://gateway.ifionline.org/report_builder/Default3a.aspx?rpttype=afr&rpt=cash_inv_combined&rptName=Cash%20and%20Investments&rpt_unit_in=2714&referrer=byunit,https://gateway.ifionline.org/report_builder/Default3a.aspx?rpttype=employComp&rpt=EmployComp&rptName=Employee%20Compensation&rpt_unit_in=2714&referrer=byunit,
Orange,Southeast Township,59-021.00,Chantel Deaton,Trustee,5000.0,1533,1515,2025,115471.05,23385.66,24929.96,18154.55,6775.41,0,113926.75,https://gateway.ifionline.org/report_builder/Default3a.aspx?rpttype=afr&rpt=AFR_PrintFull_public&rptName=Annual%20Financial%20Report%20-%20Full%20Report&rpt_unit_in=2715&referrer=byunit,https://gateway.ifionline.org/report_builder/Default3a.aspx?rpttype=afr&rpt=cash_inv_combined&rptName=Cash%20and%20Investments&rpt_unit_in=2715&referrer=byunit,https://gateway.ifionline.org/report_builder/Default3a.aspx?rpttype=employComp&rpt=EmployComp&rptName=Employee%20Compensation&rpt_unit_in=2715&referrer=byunit,
Orange,Stamperscreek Township,59-022.00,Janice Newlin,Trustee,3600.0,1051,1024,2025,90819.95,28016.52,43835.08,16377.43,2504.65,24953.0,75001.39,https://gateway.ifionline.org/report_builder/Default3a.aspx?rpttype=afr&rpt=AFR_PrintFull_public&rptName=Annual%20Financial%20Report%20-%20Full%20Report&rpt_unit_in=2716&referrer=byunit,https://gateway.ifionline.org/report_builder/Default3a.aspx?rpttype=afr&rpt=cash_inv_combined&rptName=Cash%20and%20Investments&rpt_unit_in=2716&referrer=byunit,https://gateway.ifionline.org/report_builder/Default3a.aspx?rpttype=employComp&rpt=EmployComp&rptName=Employee%20Compensation&rpt_unit_in=2716&referrer=byunit,
Owen,Clay Township,60-003.00,Debbie Keith,Trustee,15000.0,2612,2679,2025,416775.9,177233.98,107081.36,66779.17,2697.98,33658.57,486928.52,https://gateway.ifionline.org/report_builder/Default3a.aspx?rpttype=afr&rpt=AFR_PrintFull_public&rptName=Annual%20Financial%20Report%20-%20Full%20Report&rpt_unit_in=2732&referrer=byunit,https://gateway.ifionline.org/report_builder/Default3a.aspx?rpttype=afr&rpt=cash_inv_combined&rptName=Cash%20and%20Investments&rpt_unit_in=2732&referrer=byunit,https://gateway.ifionline.org/report_builder/Default3a.aspx?rpttype=employComp&rpt=EmployComp&rptName=Employee%20Compensation&rpt_unit_in=2732&referrer=byunit,
Owen,Franklin Township,60-004.00,Leroy Gentry,Trustee,7000.0,1257,1293,2025,116740.63,65353.02,57916.19,52927.31,3520.08,0,124177.46,https://gateway.ifionline.org/report_builder/Default3a.aspx?rpttype=afr&rpt=AFR_PrintFull_public&rptName=Annual%20Financial%20Report%20-%20Full%20Report&rpt_unit_in=2733&referrer=byunit,https://gateway.ifionline.org/report_builder/Default3a.aspx?rpttype=afr&rpt=cash_inv_combined&rptName=Cash%20and%20Investments&rpt_unit_in=2733&referrer=byunit,https://gateway.ifionline.org/report_builder/Default3a.aspx?rpttype=employComp&rpt=EmployComp&rptName=Employee%20Compensation&rpt_unit_in=2733&referrer=byunit,
Owen,Harrison Township,60-005.00,Troy Lantz,Trustee,2500.0,431,442,2025,57912.63,29151.95,21449.33,16813.61,917.39,0,65615.25,https://gateway.ifionline.org/report_builder/Default3a.aspx?rpttype=afr&rpt=AFR_PrintFull_public&rptName=Annual%20Financial%20Report%20-%20Full%20Report&rpt_unit_in=2734&referrer=byunit,https://gateway.ifionline.org/report_builder/Default3a.aspx?rpttype=afr&rpt=cash_inv_combined&rptName=Cash%20and%20Investments&rpt_unit_in=2734&referrer=byunit,https://gateway.ifionline.org/report_builder/Default3a.aspx?rpttype=employComp&rpt=EmployComp&rptName=Employee%20Compensation&rpt_unit_in=2734&referrer=byunit,
Owen,Jackson Township,60-006.00,Brad Salsbury,Trustee,3900.0,1678,1738,2025,92594.94,21688.86,64304.5,53822.76,0,1014.96,49979.3,https://gateway.ifionline.org/report_builder/Default3a.aspx?rpttype=afr&rpt=AFR_PrintFull_public&rptName=Annual%20Financial%20Report%20-%20Full%20Report&rpt_unit_in=2735&referrer=byunit,https://gateway.ifionline.org/report_builder/Default3a.aspx?rpttype=afr&rpt=cash_inv_combined&rptName=Cash%20and%20Investments&rpt_unit_in=2735&referrer=byunit,https://gateway.ifionline.org/report_builder/Default3a.aspx?rpttype=employComp&rpt=EmployComp&rptName=Employee%20Compensation&rpt_unit_in=2735&referrer=byunit,
Owen,Jefferson Township,60-007.00,Daryl M Kasper,Township Trustee,6500.0,1002,1019,2025,171361.34,61380.96,82878.62,74399.02,7453.2,0,149863.68,https://gateway.ifionline.org/report_builder/Default3a.aspx?rpttype=afr&rpt=AFR_PrintFull_public&rptName=Annual%20Financial%20Report%20-%20Full%20Report&rpt_unit_in=2736&referrer=byunit,https://gateway.ifionline.org/report_builder/Default3a.aspx?rpttype=afr&rpt=cash_inv_combined&rptName=Cash%20and%20Investments&rpt_unit_in=2736&referrer=byunit,https://gateway.ifionline.org/report_builder/Default3a.aspx?rpttype=employComp&rpt=EmployComp&rptName=Employee%20Compensation&rpt_unit_in=2736&referrer=byunit,
Owen,Jennings Township,60-008.00,Susan E Nichols,Trustee,7000.0,784,813,2025,72492.71,40646.29,31938.47,27664.62,4273.85,0,81200.53,https://gateway.ifionline.org/report_builder/Default3a.aspx?rpttype=afr&rpt=AFR_PrintFull_public&rptName=Annual%20Financial%20Report%20-%20Full%20Report&rpt_unit_in=2737&referrer=byunit,https://gateway.ifionline.org/report_builder/Default3a.aspx?rpttype=afr&rpt=cash_inv_combined&rptName=Cash%20and%20Investments&rpt_unit_in=2737&referrer=byunit,https://gateway.ifionline.org/report_builder/Default3a.aspx?rpttype=employComp&rpt=EmployComp&rptName=Employee%20Compensation&rpt_unit_in=2737&referrer=byunit,
Owen,Lafayette Township,60-009.00,Judy A Sebastian,Trustee,5000.0,1188,1209,2025,68040.6,32445.53,26564.54,25513.19,600.0,0,73921.59,https://gateway.ifionline.org/report_builder/Default3a.aspx?rpttype=afr&rpt=AFR_PrintFull_public&rptName=Annual%20Financial%20Report%20-%20Full%20Report&rpt_unit_in=2738&referrer=byunit,https://gateway.ifionline.org/report_builder/Default3a.aspx?rpttype=afr&rpt=cash_inv_combined&rptName=Cash%20and%20Investments&rpt_unit_in=2738&referrer=byunit,https://gateway.ifionline.org/report_builder/Default3a.aspx?rpttype=employComp&rpt=EmployComp&rptName=Employee%20Compensation&rpt_unit_in=2738&referrer=byunit,
Owen,Marion Township,60-010.00,James Elliott,Trustee,5300.0,910,932,2025,124578.25,48606.7,39209.18,25842.07,2630.77,0,133975.77,https://gateway.ifionline.org/report_builder/Default3a.aspx?rpttype=afr&rpt=AFR_PrintFull_public&rptName=Annual%20Financial%20Report%20-%20Full%20Report&rpt_unit_in=2739&referrer=byunit,https://gateway.ifionline.org/report_builder/Default3a.aspx?rpttype=afr&rpt=cash_inv_combined&rptName=Cash%20and%20Investments&rpt_unit_in=2739&referrer=byunit,https://gateway.ifionline.org/report_builder/Default3a.aspx?rpttype=employComp&rpt=EmployComp&rptName=Employee%20Compensation&rpt_unit_in=2739&referrer=byunit,
Owen,Montgomery Township,60-011.00,M S Carpenter,Twsp trustee,6600.0,1185,1222,2025,42461.55,31190.87,26079.49,24425.08,1654.41,0,47572.93,https://gateway.ifionline.org/report_builder/Default3a.aspx?rpttype=afr&rpt=AFR_PrintFull_public&rptName=Annual%20Financial%20Report%20-%20Full%20Report&rpt_unit_in=2740&referrer=byunit,https://gateway.ifionline.org/report_builder/Default3a.aspx?rpttype=afr&rpt=cash_inv_combined&rptName=Cash%20and%20Investments&rpt_unit_in=2740&referrer=byunit,https://gateway.ifionline.org/report_builder/Default3a.aspx?rpttype=employComp&rpt=EmployComp&rptName=Employee%20Compensation&rpt_unit_in=2740&referrer=byunit,
Owen,Morgan Township,60-012.00,Dave Davies,Trustee,10000.0,1186,1228,2025,186624.67,64567.36,40441.93,39501.36,940.57,0,210750.1,https://gateway.ifionline.org/report_builder/Default3a.aspx?rpttype=afr&rpt=AFR_PrintFull_public&rptName=Annual%20Financial%20Report%20-%20Full%20Report&rpt_unit_in=2741&referrer=byunit,https://gateway.ifionline.org/report_builder/Default3a.aspx?rpttype=afr&rpt=cash_inv_combined&rptName=Cash%20and%20Investments&rpt_unit_in=2741&referrer=byunit,https://gateway.ifionline.org/report_builder/Default3a.aspx?rpttype=employComp&rpt=EmployComp&rptName=Employee%20Compensation&rpt_unit_in=2741&referrer=byunit,
Owen,Taylor Township,60-013.00,Mark Mccammon,TRUSTEE,5000.0,1040,1084,2025,15014.3,24552.83,23655.75,22250.75,1405.0,0,15911.38,https://gateway.ifionline.org/report_builder/Default3a.aspx?rpttype=afr&rpt=AFR_PrintFull_public&rptName=Annual%20Financial%20Report%20-%20Full%20Report&rpt_unit_in=2742&referrer=byunit,https://gateway.ifionline.org/report_builder/Default3a.aspx?rpttype=afr&rpt=cash_inv_combined&rptName=Cash%20and%20Investments&rpt_unit_in=2742&referrer=byunit,https://gateway.ifionline.org/report_builder/Default3a.aspx?rpttype=employComp&rpt=EmployComp&rptName=Employee%20Compensation&rpt_unit_in=2742&referrer=byunit,
Owen,Washington Township,60-014.00,Patty Edwards,Trustee,21000.0,6377,6498,2025,358562.4,118698.6,82396.14,45810.98,29176.67,0,394864.86,https://gateway.ifionline.org/report_builder/Default3a.aspx?rpttype=afr&rpt=AFR_PrintFull_public&rptName=Annual%20Financial%20Report%20-%20Full%20Report&rpt_unit_in=2743&referrer=byunit,https://gateway.ifionline.org/report_builder/Default3a.aspx?rpttype=afr&rpt=cash_inv_combined&rptName=Cash%20and%20Investments&rpt_unit_in=2743&referrer=byunit,https://gateway.ifionline.org/report_builder/Default3a.aspx?rpttype=employComp&rpt=EmployComp&rptName=Employee%20Compensation&rpt_unit_in=2743&referrer=byunit,
Owen,Wayne Township,60-015.00,Linda A Studer,Trustee,9000.0,1686,1729,2025,274552.24,47641.29,56763.06,29818.51,26944.55,0,265430.47,https://gateway.ifionline.org/report_builder/Default3a.aspx?rpttype=afr&rpt=AFR_PrintFull_public&rptName=Annual%20Financial%20Report%20-%20Full%20Report&rpt_unit_in=2744&referrer=byunit,https://gateway.ifionline.org/report_builder/Default3a.aspx?rpttype=afr&rpt=cash_inv_combined&rptName=Cash%20and%20Investments&rpt_unit_in=2744&referrer=byunit,https://gateway.ifionline.org/report_builder/Default3a.aspx?rpttype=employComp&rpt=EmployComp&rptName=Employee%20Compensation&rpt_unit_in=2744&referrer=byunit,
Parke,Adams Township,61-008.00,Sharon L Malone,TRUSTEE,21000.0,5103,5235,2025,853784.22,343140.65,1099708.94,240577.55,969.32,829916.01,97215.93,https://gateway.ifionline.org/report_builder/Default3a.aspx?rpttype=afr&rpt=AFR_PrintFull_public&rptName=Annual%20Financial%20Report%20-%20Full%20Report&rpt_unit_in=2755&referrer=byunit,https://gateway.ifionline.org/report_builder/Default3a.aspx?rpttype=afr&rpt=cash_inv_combined&rptName=Cash%20and%20Investments&rpt_unit_in=2755&referrer=byunit,https://gateway.ifionline.org/report_builder/Default3a.aspx?rpttype=employComp&rpt=EmployComp&rptName=Employee%20Compensation&rpt_unit_in=2755&referrer=byunit,
Parke,Florida Township,61-009.00,Karen L Rusk,Trustee,11799.96,2253,2324,2025,501119.91,185460.73,145649.3,118474.9,167.0,25000.0,540931.34,https://gateway.ifionline.org/report_builder/Default3a.aspx?rpttype=afr&rpt=AFR_PrintFull_public&rptName=Annual%20Financial%20Report%20-%20Full%20Report&rpt_unit_in=2756&referrer=byunit,https://gateway.ifionline.org/report_builder/Default3a.aspx?rpttype=afr&rpt=cash_inv_combined&rptName=Cash%20and%20Investments&rpt_unit_in=2756&referrer=byunit,https://gateway.ifionline.org/report_builder/Default3a.aspx?rpttype=employComp&rpt=EmployComp&rptName=Employee%20Compensation&rpt_unit_in=2756&referrer=byunit,
Parke,Greene Township,61-010.00,Jill A Helderman,Trustee,2250.0,412,433,2025,43318.74,23216.22,19907.66,19907.66,0,0,46627.3,https://gateway.ifionline.org/report_builder/Default3a.aspx?rpttype=afr&rpt=AFR_PrintFull_public&rptName=Annual%20Financial%20Report%20-%20Full%20Report&rpt_unit_in=2757&referrer=byunit,https://gateway.ifionline.org/report_builder/Default3a.aspx?rpttype=afr&rpt=cash_inv_combined&rptName=Cash%20and%20Investments&rpt_unit_in=2757&referrer=byunit,https://gateway.ifionline.org/report_builder/Default3a.aspx?rpttype=employComp&rpt=EmployComp&rptName=Employee%20Compensation&rpt_unit_in=2757&referrer=byunit,
Parke,Howard Township,61-011.00,Beverly A Cosby,Trustee,3000.0,371,381,2025,47368.4,11075.44,8482.73,7822.73,0,0,49961.11,https://gateway.ifionline.org/report_builder/Default3a.aspx?rpttype=afr&rpt=AFR_PrintFull_public&rptName=Annual%20Financial%20Report%20-%20Full%20Report&rpt_unit_in=2758&referrer=byunit,https://gateway.ifionline.org/report_builder/Default3a.aspx?rpttype=afr&rpt=cash_inv_combined&rptName=Cash%20and%20Investments&rpt_unit_in=2758&referrer=byunit,https://gateway.ifionline.org/report_builder/Default3a.aspx?rpttype=employComp&rpt=EmployComp&rptName=Employee%20Compensation&rpt_unit_in=2758&referrer=byunit,
Parke,Jackson Township,61-012.00,Richard Thompson,Trustee,3000.0,713,734,2025,154539.86,73405.15,62107.78,48239.71,1783.84,0,165837.23,https://gateway.ifionline.org/report_builder/Default3a.aspx?rpttype=afr&rpt=AFR_PrintFull_public&rptName=Annual%20Financial%20Report%20-%20Full%20Report&rpt_unit_in=2759&referrer=byunit,https://gateway.ifionline.org/report_builder/Default3a.aspx?rpttype=afr&rpt=cash_inv_combined&rptName=Cash%20and%20Investments&rpt_unit_in=2759&referrer=byunit,https://gateway.ifionline.org/report_builder/Default3a.aspx?rpttype=employComp&rpt=EmployComp&rptName=Employee%20Compensation&rpt_unit_in=2759&referrer=byunit,
Parke,Liberty Township,61-013.00,Tamra Smith,Trustee,6150.0,620,644,2025,59373.52,25864.11,19482.57,17874.37,1608.2,0,65755.06,https://gateway.ifionline.org/report_builder/Default3a.aspx?rpttype=afr&rpt=AFR_PrintFull_public&rptName=Annual%20Financial%20Report%20-%20Full%20Report&rpt_unit_in=2760&referrer=byunit,https://gateway.ifionline.org/report_builder/Default3a.aspx?rpttype=afr&rpt=cash_inv_combined&rptName=Cash%20and%20Investments&rpt_unit_in=2760&referrer=byunit,https://gateway.ifionline.org/report_builder/Default3a.aspx?rpttype=employComp&rpt=EmployComp&rptName=Employee%20Compensation&rpt_unit_in=2760&referrer=byunit,
Parke,Penn Township,61-014.00,Susan M Freed,Trustee,3600.0,746,764,2025,112633.63,16157.78,50189.34,48205.71,1200.0,0,78602.07,https://gateway.ifionline.org/report_builder/Default3a.aspx?rpttype=afr&rpt=AFR_PrintFull_public&rptName=Annual%20Financial%20Report%20-%20Full%20Report&rpt_unit_in=2761&referrer=byunit,https://gateway.ifionline.org/report_builder/Default3a.aspx?rpttype=afr&rpt=cash_inv_combined&rptName=Cash%20and%20Investments&rpt_unit_in=2761&referrer=byunit,https://gateway.ifionline.org/report_builder/Default3a.aspx?rpttype=employComp&rpt=EmployComp&rptName=Employee%20Compensation&rpt_unit_in=2761&referrer=byunit,
Parke,Raccoon Township,61-015.00,Kathy L Collom,Trustee,6000.0,680,701,2025,210451.71,84682.67,65384.52,65384.52,0,0,229749.86,https://gateway.ifionline.org/report_builder/Default3a.aspx?rpttype=afr&rpt=AFR_PrintFull_public&rptName=Annual%20Financial%20Report%20-%20Full%20Report&rpt_unit_in=2762&referrer=byunit,https://gateway.ifionline.org/report_builder/Default3a.aspx?rpttype=afr&rpt=cash_inv_combined&rptName=Cash%20and%20Investments&rpt_unit_in=2762&referrer=byunit,https://gateway.ifionline.org/report_builder/Default3a.aspx?rpttype=employComp&rpt=EmployComp&rptName=Employee%20Compensation&rpt_unit_in=2762&referrer=byunit,
Parke,Reserve Township,61-016.00,Ashley Monroe,Trustee,8365.68,1287,1301,2025,205784.68,89438.32,92231.63,88500.95,3126.15,0,202991.37,https://gateway.ifionline.org/report_builder/Default3a.aspx?rpttype=afr&rpt=AFR_PrintFull_public&rptName=Annual%20Financial%20Report%20-%20Full%20Report&rpt_unit_in=2763&referrer=byunit,https://gateway.ifionline.org/report_builder/Default3a.aspx?rpttype=afr&rpt=cash_inv_combined&rptName=Cash%20and%20Investments&rpt_unit_in=2763&referrer=byunit,https://gateway.ifionline.org/report_builder/Default3a.aspx?rpttype=employComp&rpt=EmployComp&rptName=Employee%20Compensation&rpt_unit_in=2763&referrer=byunit,
Parke,Sugar Creek Township,61-017.00,Rylan Carr,Trustee,1500.0,313,323,2025,88102.13,29344.21,43200.71,43200.71,0,0,74245.63,https://gateway.ifionline.org/report_builder/Default3a.aspx?rpttype=afr&rpt=AFR_PrintFull_public&rptName=Annual%20Financial%20Report%20-%20Full%20Report&rpt_unit_in=2764&referrer=byunit,https://gateway.ifionline.org/report_builder/Default3a.aspx?rpttype=afr&rpt=cash_inv_combined&rptName=Cash%20and%20Investments&rpt_unit_in=2764&referrer=byunit,https://gateway.ifionline.org/report_builder/Default3a.aspx?rpttype=employComp&rpt=EmployComp&rptName=Employee%20Compensation&rpt_unit_in=2764&referrer=byunit,
Parke,Union Township,61-018.00,Brent i Jeffries,Trustee,6464.0,1475,1532,2025,429372.87,279752.84,271699.84,103706.11,1138.0,68646.21,437425.87,https://gateway.ifionline.org/report_builder/Default3a.aspx?rpttype=afr&rpt=AFR_PrintFull_public&rptName=Annual%20Financial%20Report%20-%20Full%20Report&rpt_unit_in=2765&referrer=byunit,https://gateway.ifionline.org/report_builder/Default3a.aspx?rpttype=afr&rpt=cash_inv_combined&rptName=Cash%20and%20Investments&rpt_unit_in=2765&referrer=byunit,https://gateway.ifionline.org/report_builder/Default3a.aspx?rpttype=employComp&rpt=EmployComp&rptName=Employee%20Compensation&rpt_unit_in=2765&referrer=byunit,
Parke,Wabash Township,61-019.00,Kelsey Hoover,Trustee,3500.0,763,793,2025,58343.35,52812.67,43001.13,41975.49,609.53,0,68154.89,https://gateway.ifionline.org/report_builder/Default3a.aspx?rpttype=afr&rpt=AFR_PrintFull_public&rptName=Annual%20Financial%20Report%20-%20Full%20Report&rpt_unit_in=2766&referrer=byunit,https://gateway.ifionline.org/report_builder/Default3a.aspx?rpttype=afr&rpt=cash_inv_combined&rptName=Cash%20and%20Investments&rpt_unit_in=2766&referrer=byunit,https://gateway.ifionline.org/report_builder/Default3a.aspx?rpttype=employComp&rpt=EmployComp&rptName=Employee%20Compensation&rpt_unit_in=2766&referrer=byunit,
Parke,Washington Township,61-020.00,Clint Engle,Trustee,3400.0,1423,1477,2025,133757.52,56824.76,39818.46,25900.86,0,13917.6,150763.82,https://gateway.ifionline.org/report_builder/Default3a.aspx?rpttype=afr&rpt=AFR_PrintFull_public&rptName=Annual%20Financial%20Report%20-%20Full%20Report&rpt_unit_in=2767&referrer=byunit,https://gateway.ifionline.org/report_builder/Default3a.aspx?rpttype=afr&rpt=cash_inv_combined&rptName=Cash%20and%20Investments&rpt_unit_in=2767&referrer=byunit,https://gateway.ifionline.org/report_builder/Default3a.aspx?rpttype=employComp&rpt=EmployComp&rptName=Employee%20Compensation&rpt_unit_in=2767&referrer=byunit,"Multiple trustees on 2025 100R: Clint Engle (Trustee) $3,400.00; William Engle (Trustee) $300.00"
Perry,Anderson Township,62-011.00,Sarah K Kleaving,Trustee,4100.0,1566,1599,2025,35472.87,14905.81,13287.17,13237.03,50.14,0,37091.51,https://gateway.ifionline.org/report_builder/Default3a.aspx?rpttype=afr&rpt=AFR_PrintFull_public&rptName=Annual%20Financial%20Report%20-%20Full%20Report&rpt_unit_in=2785&referrer=byunit,https://gateway.ifionline.org/report_builder/Default3a.aspx?rpttype=afr&rpt=cash_inv_combined&rptName=Cash%20and%20Investments&rpt_unit_in=2785&referrer=byunit,https://gateway.ifionline.org/report_builder/Default3a.aspx?rpttype=employComp&rpt=EmployComp&rptName=Employee%20Compensation&rpt_unit_in=2785&referrer=byunit,
Perry,Clark Township,62-012.00,Ashley Seifrig,Clark Township Trustee,4740.0,1061,1087,2025,90627.81,12227.53,16554.47,15475.0,1079.47,0,86300.87,https://gateway.ifionline.org/report_builder/Default3a.aspx?rpttype=afr&rpt=AFR_PrintFull_public&rptName=Annual%20Financial%20Report%20-%20Full%20Report&rpt_unit_in=2786&referrer=byunit,https://gateway.ifionline.org/report_builder/Default3a.aspx?rpttype=afr&rpt=cash_inv_combined&rptName=Cash%20and%20Investments&rpt_unit_in=2786&referrer=byunit,https://gateway.ifionline.org/report_builder/Default3a.aspx?rpttype=employComp&rpt=EmployComp&rptName=Employee%20Compensation&rpt_unit_in=2786&referrer=byunit,
Perry,Leopold Township,62-013.00,Michelle Duncan,Trustee,3268.0,709,726,2024,46703.72,7507.47,20784.61,6134.61,0,0,33426.58,https://gateway.ifionline.org/report_builder/Default3a.aspx?rpttype=afr&rpt=AFR_PrintFull_public&rptName=Annual%20Financial%20Report%20-%20Full%20Report&rpt_unit_in=2787&referrer=byunit,https://gateway.ifionline.org/report_builder/Default3a.aspx?rpttype=afr&rpt=cash_inv_combined&rptName=Cash%20and%20Investments&rpt_unit_in=2787&referrer=byunit,https://gateway.ifionline.org/report_builder/Default3a.aspx?rpttype=employComp&rpt=EmployComp&rptName=Employee%20Compensation&rpt_unit_in=2787&referrer=byunit,No 2025 AFR on Gateway; financials are 2024
Perry,Oil Township,62-014.00,Janet Archibald,Trustee,3000.0,2570,2751,2025,45232.81,13219.72,3633.19,3633.19,0,0,54819.34,https://gateway.ifionline.org/report_builder/Default3a.aspx?rpttype=afr&rpt=AFR_PrintFull_public&rptName=Annual%20Financial%20Report%20-%20Full%20Report&rpt_unit_in=2788&referrer=byunit,https://gateway.ifionline.org/report_builder/Default3a.aspx?rpttype=afr&rpt=cash_inv_combined&rptName=Cash%20and%20Investments&rpt_unit_in=2788&referrer=byunit,https://gateway.ifionline.org/report_builder/Default3a.aspx?rpttype=employComp&rpt=EmployComp&rptName=Employee%20Compensation&rpt_unit_in=2788&referrer=byunit,
Perry,Tobin Township,62-015.00,Shirley A Garner,Trustee,4233.0,687,687,2025,67532.82,24837.61,17993.52,15889.46,1664.8,0,74376.91,https://gateway.ifionline.org/report_builder/Default3a.aspx?rpttype=afr&rpt=AFR_PrintFull_public&rptName=Annual%20Financial%20Report%20-%20Full%20Report&rpt_unit_in=2789&referrer=byunit,https://gateway.ifionline.org/report_builder/Default3a.aspx?rpttype=afr&rpt=cash_inv_combined&rptName=Cash%20and%20Investments&rpt_unit_in=2789&referrer=byunit,https://gateway.ifionline.org/report_builder/Default3a.aspx?rpttype=employComp&rpt=EmployComp&rptName=Employee%20Compensation&rpt_unit_in=2789&referrer=byunit,
Perry,Troy Township,62-016.00,Stephen S Owen,Trustee,19000.0,11971,11919,2025,573315.89,204958.98,185154.77,108020.68,63239.84,2100.0,593120.1,https://gateway.ifionline.org/report_builder/Default3a.aspx?rpttype=afr&rpt=AFR_PrintFull_public&rptName=Annual%20Financial%20Report%20-%20Full%20Report&rpt_unit_in=2790&referrer=byunit,https://gateway.ifionline.org/report_builder/Default3a.aspx?rpttype=afr&rpt=cash_inv_combined&rptName=Cash%20and%20Investments&rpt_unit_in=2790&referrer=byunit,https://gateway.ifionline.org/report_builder/Default3a.aspx?rpttype=employComp&rpt=EmployComp&rptName=Employee%20Compensation&rpt_unit_in=2790&referrer=byunit,
Perry,Union Township,62-017.00,Betty Labhart,Trustee,3810.0,611,620,2025,104645.38,32983.99,25449.64,24949.64,0,0,112179.73,https://gateway.ifionline.org/report_builder/Default3a.aspx?rpttype=afr&rpt=AFR_PrintFull_public&rptName=Annual%20Financial%20Report%20-%20Full%20Report&rpt_unit_in=2791&referrer=byunit,https://gateway.ifionline.org/report_builder/Default3a.aspx?rpttype=afr&rpt=cash_inv_combined&rptName=Cash%20and%20Investments&rpt_unit_in=2791&referrer=byunit,https://gateway.ifionline.org/report_builder/Default3a.aspx?rpttype=employComp&rpt=EmployComp&rptName=Employee%20Compensation&rpt_unit_in=2791&referrer=byunit,
Pike,Clay Township,63-004.00,John B Davidson,Trustee,6500.0,313,303,2025,57954.13,28236.73,24260.32,19023.07,555.93,0,61930.54,https://gateway.ifionline.org/report_builder/Default3a.aspx?rpttype=afr&rpt=AFR_PrintFull_public&rptName=Annual%20Financial%20Report%20-%20Full%20Report&rpt_unit_in=2806&referrer=byunit,https://gateway.ifionline.org/report_builder/Default3a.aspx?rpttype=afr&rpt=cash_inv_combined&rptName=Cash%20and%20Investments&rpt_unit_in=2806&referrer=byunit,https://gateway.ifionline.org/report_builder/Default3a.aspx?rpttype=employComp&rpt=EmployComp&rptName=Employee%20Compensation&rpt_unit_in=2806&referrer=byunit,
Pike,Jefferson Township,63-005.00,Danielle Houtsch,Trustee,8855.0,1786,1732,2025,38856.98,48777.9,44453.72,32261.65,8878.72,0,43181.16,https://gateway.ifionline.org/report_builder/Default3a.aspx?rpttype=afr&rpt=AFR_PrintFull_public&rptName=Annual%20Financial%20Report%20-%20Full%20Report&rpt_unit_in=2807&referrer=byunit,https://gateway.ifionline.org/report_builder/Default3a.aspx?rpttype=afr&rpt=cash_inv_combined&rptName=Cash%20and%20Investments&rpt_unit_in=2807&referrer=byunit,https://gateway.ifionline.org/report_builder/Default3a.aspx?rpttype=employComp&rpt=EmployComp&rptName=Employee%20Compensation&rpt_unit_in=2807&referrer=byunit,
Pike,Lockhart Township,63-006.00,Angela O'Neal,Trustee,9470.0,848,826,2025,137669.99,79068.22,68396.08,66522.08,735.0,0,148342.13,https://gateway.ifionline.org/report_builder/Default3a.aspx?rpttype=afr&rpt=AFR_PrintFull_public&rptName=Annual%20Financial%20Report%20-%20Full%20Report&rpt_unit_in=2808&referrer=byunit,https://gateway.ifionline.org/report_builder/Default3a.aspx?rpttype=afr&rpt=cash_inv_combined&rptName=Cash%20and%20Investments&rpt_unit_in=2808&referrer=byunit,https://gateway.ifionline.org/report_builder/Default3a.aspx?rpttype=employComp&rpt=EmployComp&rptName=Employee%20Compensation&rpt_unit_in=2808&referrer=byunit,
Pike,Logan Township,63-007.00,Shirley A Shafer,Trustee,6000.0,409,401,2025,71869.82,25529.36,24864.95,20311.22,995.13,0,72534.23,https://gateway.ifionline.org/report_builder/Default3a.aspx?rpttype=afr&rpt=AFR_PrintFull_public&rptName=Annual%20Financial%20Report%20-%20Full%20Report&rpt_unit_in=2809&referrer=byunit,https://gateway.ifionline.org/report_builder/Default3a.aspx?rpttype=afr&rpt=cash_inv_combined&rptName=Cash%20and%20Investments&rpt_unit_in=2809&referrer=byunit,https://gateway.ifionline.org/report_builder/Default3a.aspx?rpttype=employComp&rpt=EmployComp&rptName=Employee%20Compensation&rpt_unit_in=2809&referrer=byunit,
Pike,Madison Township,63-008.00,Carol S Sutton,Trustee,12000.0,362,351,2025,39303.13,26024.28,24166.83,19916.83,0,0,41160.58,https://gateway.ifionline.org/report_builder/Default3a.aspx?rpttype=afr&rpt=AFR_PrintFull_public&rptName=Annual%20Financial%20Report%20-%20Full%20Report&rpt_unit_in=2810&referrer=byunit,https://gateway.ifionline.org/report_builder/Default3a.aspx?rpttype=afr&rpt=cash_inv_combined&rptName=Cash%20and%20Investments&rpt_unit_in=2810&referrer=byunit,https://gateway.ifionline.org/report_builder/Default3a.aspx?rpttype=employComp&rpt=EmployComp&rptName=Employee%20Compensation&rpt_unit_in=2810&referrer=byunit,
Pike,Marion Township,63-009.00,Becky J Steinhart,Trustee,4100.0,689,687,2025,32475.53,21183.77,20325.29,15352.95,0,0,33334.01,https://gateway.ifionline.org/report_builder/Default3a.aspx?rpttype=afr&rpt=AFR_PrintFull_public&rptName=Annual%20Financial%20Report%20-%20Full%20Report&rpt_unit_in=2811&referrer=byunit,https://gateway.ifionline.org/report_builder/Default3a.aspx?rpttype=afr&rpt=cash_inv_combined&rptName=Cash%20and%20Investments&rpt_unit_in=2811&referrer=byunit,https://gateway.ifionline.org/report_builder/Default3a.aspx?rpttype=employComp&rpt=EmployComp&rptName=Employee%20Compensation&rpt_unit_in=2811&referrer=byunit,
Pike,Monroe Township,63-010.00,Larry Ferguson,Trustee,6718.0,639,621,2025,216825.3,57946.85,41600.45,38318.21,602.21,0,233171.7,https://gateway.ifionline.org/report_builder/Default3a.aspx?rpttype=afr&rpt=AFR_PrintFull_public&rptName=Annual%20Financial%20Report%20-%20Full%20Report&rpt_unit_in=2812&referrer=byunit,https://gateway.ifionline.org/report_builder/Default3a.aspx?rpttype=afr&rpt=cash_inv_combined&rptName=Cash%20and%20Investments&rpt_unit_in=2812&referrer=byunit,https://gateway.ifionline.org/report_builder/Default3a.aspx?rpttype=employComp&rpt=EmployComp&rptName=Employee%20Compensation&rpt_unit_in=2812&referrer=byunit,
Pike,Patoka Township,63-011.00,Joseph Melhiser,Township Trustee,6500.0,2829,2759,2025,122532.44,34044.81,39295.89,33799.8,5496.09,0,117281.36,https://gateway.ifionline.org/report_builder/Default3a.aspx?rpttype=afr&rpt=AFR_PrintFull_public&rptName=Annual%20Financial%20Report%20-%20Full%20Report&rpt_unit_in=2813&referrer=byunit,https://gateway.ifionline.org/report_builder/Default3a.aspx?rpttype=afr&rpt=cash_inv_combined&rptName=Cash%20and%20Investments&rpt_unit_in=2813&referrer=byunit,https://gateway.ifionline.org/report_builder/Default3a.aspx?rpttype=employComp&rpt=EmployComp&rptName=Employee%20Compensation&rpt_unit_in=2813&referrer=byunit,
Pike,Washington Township,63-012.00,Boyd Marie,Trustee,31320.0,4376,4323,2025,509763.65,134460.08,125061.34,110656.88,14404.46,0,519162.39,https://gateway.ifionline.org/report_builder/Default3a.aspx?rpttype=afr&rpt=AFR_PrintFull_public&rptName=Annual%20Financial%20Report%20-%20Full%20Report&rpt_unit_in=2814&referrer=byunit,https://gateway.ifionline.org/report_builder/Default3a.aspx?rpttype=afr&rpt=cash_inv_combined&rptName=Cash%20and%20Investments&rpt_unit_in=2814&referrer=byunit,https://gateway.ifionline.org/report_builder/Default3a.aspx?rpttype=employComp&rpt=EmployComp&rptName=Employee%20Compensation&rpt_unit_in=2814&referrer=byunit,
Porter,Boone Township,64-012.00,Amy Cunningham,Trustee,21874.96,6110,6149,2025,894843.73,356636.1,266989.09,150185.02,16846.69,86411.96,984490.74,https://gateway.ifionline.org/report_builder/Default3a.aspx?rpttype=afr&rpt=AFR_PrintFull_public&rptName=Annual%20Financial%20Report%20-%20Full%20Report&rpt_unit_in=2828&referrer=byunit,https://gateway.ifionline.org/report_builder/Default3a.aspx?rpttype=afr&rpt=cash_inv_combined&rptName=Cash%20and%20Investments&rpt_unit_in=2828&referrer=byunit,https://gateway.ifionline.org/report_builder/Default3a.aspx?rpttype=employComp&rpt=EmployComp&rptName=Employee%20Compensation&rpt_unit_in=2828&referrer=byunit,"Multiple trustees on 2025 100R: Amy Cunningham (Trustee) $21,874.96; Howard O'Connor (Board/Trustee) $4,805.47"
Porter,Center Township,64-013.00,Jesse Harper,Trustee,60000.0,46235,47315,2025,1983431.49,905931.63,1234454.7,504081.33,682607.97,17287.1,1654908.42,https://gateway.ifionline.org/report_builder/Default3a.aspx?rpttype=afr&rpt=AFR_PrintFull_public&rptName=Annual%20Financial%20Report%20-%20Full%20Report&rpt_unit_in=2829&referrer=byunit,https://gateway.ifionline.org/report_builder/Default3a.aspx?rpttype=afr&rpt=cash_inv_combined&rptName=Cash%20and%20Investments&rpt_unit_in=2829&referrer=byunit,https://gateway.ifionline.org/report_builder/Default3a.aspx?rpttype=employComp&rpt=EmployComp&rptName=Employee%20Compensation&rpt_unit_in=2829&referrer=byunit,
Porter,Jackson Township,64-014.00,Janice M Meyers,TRUSTEE,21500.0,5568,5601,2025,1720603.14,306012.62,255393.91,164310.54,4231.02,68633.36,1771221.85,https://gateway.ifionline.org/report_builder/Default3a.aspx?rpttype=afr&rpt=AFR_PrintFull_public&rptName=Annual%20Financial%20Report%20-%20Full%20Report&rpt_unit_in=2830&referrer=byunit,https://gateway.ifionline.org/report_builder/Default3a.aspx?rpttype=afr&rpt=cash_inv_combined&rptName=Cash%20and%20Investments&rpt_unit_in=2830&referrer=byunit,https://gateway.ifionline.org/report_builder/Default3a.aspx?rpttype=employComp&rpt=EmployComp&rptName=Employee%20Compensation&rpt_unit_in=2830&referrer=byunit,
Porter,Liberty Township,64-015.00,Matthew Keiser,Trustee,42000.0,10915,11151,2025,3050535.11,3729483.51,1581633.31,931853.34,22014.7,550000.0,5198385.31,https://gateway.ifionline.org/report_builder/Default3a.aspx?rpttype=afr&rpt=AFR_PrintFull_public&rptName=Annual%20Financial%20Report%20-%20Full%20Report&rpt_unit_in=2831&referrer=byunit,https://gateway.ifionline.org/report_builder/Default3a.aspx?rpttype=afr&rpt=cash_inv_combined&rptName=Cash%20and%20Investments&rpt_unit_in=2831&referrer=byunit,https://gateway.ifionline.org/report_builder/Default3a.aspx?rpttype=employComp&rpt=EmployComp&rptName=Employee%20Compensation&rpt_unit_in=2831&referrer=byunit,
Porter,Morgan Township,64-016.00,Rodney King,TRUSTEE,16000.0,4015,4036,2025,528518.13,275435.33,152585.65,97259.55,0,47442.1,651367.81,https://gateway.ifionline.org/report_builder/Default3a.aspx?rpttype=afr&rpt=AFR_PrintFull_public&rptName=Annual%20Financial%20Report%20-%20Full%20Report&rpt_unit_in=1017&referrer=byunit,https://gateway.ifionline.org/report_builder/Default3a.aspx?rpttype=afr&rpt=cash_inv_combined&rptName=Cash%20and%20Investments&rpt_unit_in=1017&referrer=byunit,https://gateway.ifionline.org/report_builder/Default3a.aspx?rpttype=employComp&rpt=EmployComp&rptName=Employee%20Compensation&rpt_unit_in=1017&referrer=byunit,
Porter,Pine Township,64-017.00,Nick Davey,Trustee,16600.0,2447,2447,2025,852034.0,236948.92,116112.3,76896.96,800.0,1775.0,972870.62,https://gateway.ifionline.org/report_builder/Default3a.aspx?rpttype=afr&rpt=AFR_PrintFull_public&rptName=Annual%20Financial%20Report%20-%20Full%20Report&rpt_unit_in=1018&referrer=byunit,https://gateway.ifionline.org/report_builder/Default3a.aspx?rpttype=afr&rpt=cash_inv_combined&rptName=Cash%20and%20Investments&rpt_unit_in=1018&referrer=byunit,https://gateway.ifionline.org/report_builder/Default3a.aspx?rpttype=employComp&rpt=EmployComp&rptName=Employee%20Compensation&rpt_unit_in=1018&referrer=byunit,
Porter,Pleasant Township,64-018.00,Karyl VanDyke,Trustee,44712.0,4476,4519,2025,758777.52,582857.74,586534.62,375040.93,4716.08,170566.3,755100.64,https://gateway.ifionline.org/report_builder/Default3a.aspx?rpttype=afr&rpt=AFR_PrintFull_public&rptName=Annual%20Financial%20Report%20-%20Full%20Report&rpt_unit_in=1019&referrer=byunit,https://gateway.ifionline.org/report_builder/Default3a.aspx?rpttype=afr&rpt=cash_inv_combined&rptName=Cash%20and%20Investments&rpt_unit_in=1019&referrer=byunit,https://gateway.ifionline.org/report_builder/Default3a.aspx?rpttype=employComp&rpt=EmployComp&rptName=Employee%20Compensation&rpt_unit_in=1019&referrer=byunit,
Porter,Portage Township,64-019.00,Brendan Clancy,Trustee,96000.0,47965,48733,2025,8543471.42,7021965.84,8986012.26,5502083.16,506676.33,2024180.82,6579425.0,https://gateway.ifionline.org/report_builder/Default3a.aspx?rpttype=afr&rpt=AFR_PrintFull_public&rptName=Annual%20Financial%20Report%20-%20Full%20Report&rpt_unit_in=1020&referrer=byunit,https://gateway.ifionline.org/report_builder/Default3a.aspx?rpttype=afr&rpt=cash_inv_combined&rptName=Cash%20and%20Investments&rpt_unit_in=1020&referrer=byunit,https://gateway.ifionline.org/report_builder/Default3a.aspx?rpttype=employComp&rpt=EmployComp&rptName=Employee%20Compensation&rpt_unit_in=1020&referrer=byunit,
Porter,Porter Township,64-020.00,Christian P Hendron,Trustee,9360.0,9628,9699,2025,1404364.57,679977.36,468581.54,315163.46,11922.93,88103.15,1615760.39,https://gateway.ifionline.org/report_builder/Default3a.aspx?rpttype=afr&rpt=AFR_PrintFull_public&rptName=Annual%20Financial%20Report%20-%20Full%20Report&rpt_unit_in=1021&referrer=byunit,https://gateway.ifionline.org/report_builder/Default3a.aspx?rpttype=afr&rpt=cash_inv_combined&rptName=Cash%20and%20Investments&rpt_unit_in=1021&referrer=byunit,https://gateway.ifionline.org/report_builder/Default3a.aspx?rpttype=employComp&rpt=EmployComp&rptName=Employee%20Compensation&rpt_unit_in=1021&referrer=byunit,
Porter,Union Township,64-021.00,George Topoll,Trustee,19693.8,9441,9494,2025,896567.57,679677.59,578227.87,538436.97,9790.9,0,998017.29,https://gateway.ifionline.org/report_builder/Default3a.aspx?rpttype=afr&rpt=AFR_PrintFull_public&rptName=Annual%20Financial%20Report%20-%20Full%20Report&rpt_unit_in=1022&referrer=byunit,https://gateway.ifionline.org/report_builder/Default3a.aspx?rpttype=afr&rpt=cash_inv_combined&rptName=Cash%20and%20Investments&rpt_unit_in=1022&referrer=byunit,https://gateway.ifionline.org/report_builder/Default3a.aspx?rpttype=employComp&rpt=EmployComp&rptName=Employee%20Compensation&rpt_unit_in=1022&referrer=byunit,
Porter,Washington Township,64-022.00,Scott J Gilbert,Trustee,17600.0,5795,5883,2025,694053.49,542513.3,337458.56,189080.84,15712.86,37402.0,899108.23,https://gateway.ifionline.org/report_builder/Default3a.aspx?rpttype=afr&rpt=AFR_PrintFull_public&rptName=Annual%20Financial%20Report%20-%20Full%20Report&rpt_unit_in=1023&referrer=byunit,https://gateway.ifionline.org/report_builder/Default3a.aspx?rpttype=afr&rpt=cash_inv_combined&rptName=Cash%20and%20Investments&rpt_unit_in=1023&referrer=byunit,https://gateway.ifionline.org/report_builder/Default3a.aspx?rpttype=employComp&rpt=EmployComp&rptName=Employee%20Compensation&rpt_unit_in=1023&referrer=byunit,
Porter,Westchester Township,64-023.00,Suzanne Philbrick,trustee,30000.0,20627,21022,2025,351465.95,213192.79,198786.27,138277.87,47944.45,12563.95,365872.47,https://gateway.ifionline.org/report_builder/Default3a.aspx?rpttype=afr&rpt=AFR_PrintFull_public&rptName=Annual%20Financial%20Report%20-%20Full%20Report&rpt_unit_in=1024&referrer=byunit,https://gateway.ifionline.org/report_builder/Default3a.aspx?rpttype=afr&rpt=cash_inv_combined&rptName=Cash%20and%20Investments&rpt_unit_in=1024&referrer=byunit,https://gateway.ifionline.org/report_builder/Default3a.aspx?rpttype=employComp&rpt=EmployComp&rptName=Employee%20Compensation&rpt_unit_in=1024&referrer=byunit,
Posey,Bethel Township,65-006.00,Diana Meyer,Trustee,6000.0,254,253,2025,144426.31,32283.41,18466.62,13267.12,0,0,158243.1,https://gateway.ifionline.org/report_builder/Default3a.aspx?rpttype=afr&rpt=AFR_PrintFull_public&rptName=Annual%20Financial%20Report%20-%20Full%20Report&rpt_unit_in=1063&referrer=byunit,https://gateway.ifionline.org/report_builder/Default3a.aspx?rpttype=afr&rpt=cash_inv_combined&rptName=Cash%20and%20Investments&rpt_unit_in=1063&referrer=byunit,https://gateway.ifionline.org/report_builder/Default3a.aspx?rpttype=employComp&rpt=EmployComp&rptName=Employee%20Compensation&rpt_unit_in=1063&referrer=byunit,
Posey,Black Township,65-007.00,Jessica L Wright,Trustee,49227.25,9005,8813,2025,2804278.37,1629046.61,1339914.46,853529.36,57783.36,0,3093410.52,https://gateway.ifionline.org/report_builder/Default3a.aspx?rpttype=afr&rpt=AFR_PrintFull_public&rptName=Annual%20Financial%20Report%20-%20Full%20Report&rpt_unit_in=1064&referrer=byunit,https://gateway.ifionline.org/report_builder/Default3a.aspx?rpttype=afr&rpt=cash_inv_combined&rptName=Cash%20and%20Investments&rpt_unit_in=1064&referrer=byunit,https://gateway.ifionline.org/report_builder/Default3a.aspx?rpttype=employComp&rpt=EmployComp&rptName=Employee%20Compensation&rpt_unit_in=1064&referrer=byunit,
Posey,Center Township,65-008.00,Virginia L Jung,Trustee,6345.0,1464,1453,2025,100653.63,33447.86,33052.85,13769.31,3710.15,0,101048.64,https://gateway.ifionline.org/report_builder/Default3a.aspx?rpttype=afr&rpt=AFR_PrintFull_public&rptName=Annual%20Financial%20Report%20-%20Full%20Report&rpt_unit_in=1065&referrer=byunit,https://gateway.ifionline.org/report_builder/Default3a.aspx?rpttype=afr&rpt=cash_inv_combined&rptName=Cash%20and%20Investments&rpt_unit_in=1065&referrer=byunit,https://gateway.ifionline.org/report_builder/Default3a.aspx?rpttype=employComp&rpt=EmployComp&rptName=Employee%20Compensation&rpt_unit_in=1065&referrer=byunit,
Posey,Harmony Township,65-009.00,James Scarafia,Trustee,5400.0,1232,1219,2025,176179.51,960998.34,272733.57,212733.57,0,60000.0,864444.28,https://gateway.ifionline.org/report_builder/Default3a.aspx?rpttype=afr&rpt=AFR_PrintFull_public&rptName=Annual%20Financial%20Report%20-%20Full%20Report&rpt_unit_in=1066&referrer=byunit,https://gateway.ifionline.org/report_builder/Default3a.aspx?rpttype=afr&rpt=cash_inv_combined&rptName=Cash%20and%20Investments&rpt_unit_in=1066&referrer=byunit,https://gateway.ifionline.org/report_builder/Default3a.aspx?rpttype=employComp&rpt=EmployComp&rptName=Employee%20Compensation&rpt_unit_in=1066&referrer=byunit,
Posey,Lynn Township,65-010.00,Donald Mercer,Trustee,12021.76,822,819,2025,274083.97,134380.68,83761.73,78253.31,4800.0,0,324702.92,https://gateway.ifionline.org/report_builder/Default3a.aspx?rpttype=afr&rpt=AFR_PrintFull_public&rptName=Annual%20Financial%20Report%20-%20Full%20Report&rpt_unit_in=1067&referrer=byunit,https://gateway.ifionline.org/report_builder/Default3a.aspx?rpttype=afr&rpt=cash_inv_combined&rptName=Cash%20and%20Investments&rpt_unit_in=1067&referrer=byunit,https://gateway.ifionline.org/report_builder/Default3a.aspx?rpttype=employComp&rpt=EmployComp&rptName=Employee%20Compensation&rpt_unit_in=1067&referrer=byunit,"Multiple trustees on 2025 100R: Donald Mercer (Trustee) $12,021.76; Janet Hoehn (Trustee) $3,237.24"
Posey,Marrs Township,65-011.00,Christina M Seifert,Trustee,28800.0,5394,5388,2025,812680.67,641174.85,351913.61,315789.72,16280.21,9974.85,1101941.91,https://gateway.ifionline.org/report_builder/Default3a.aspx?rpttype=afr&rpt=AFR_PrintFull_public&rptName=Annual%20Financial%20Report%20-%20Full%20Report&rpt_unit_in=1068&referrer=byunit,https://gateway.ifionline.org/report_builder/Default3a.aspx?rpttype=afr&rpt=cash_inv_combined&rptName=Cash%20and%20Investments&rpt_unit_in=1068&referrer=byunit,https://gateway.ifionline.org/report_builder/Default3a.aspx?rpttype=employComp&rpt=EmployComp&rptName=Employee%20Compensation&rpt_unit_in=1068&referrer=byunit,
Posey,Point Township,65-012.00,Robin Price,Trustee,4200.0,324,329,2025,94055.62,43729.51,53044.16,49251.5,1225.0,0,84740.97,https://gateway.ifionline.org/report_builder/Default3a.aspx?rpttype=afr&rpt=AFR_PrintFull_public&rptName=Annual%20Financial%20Report%20-%20Full%20Report&rpt_unit_in=1069&referrer=byunit,https://gateway.ifionline.org/report_builder/Default3a.aspx?rpttype=afr&rpt=cash_inv_combined&rptName=Cash%20and%20Investments&rpt_unit_in=1069&referrer=byunit,https://gateway.ifionline.org/report_builder/Default3a.aspx?rpttype=employComp&rpt=EmployComp&rptName=Employee%20Compensation&rpt_unit_in=1069&referrer=byunit,
Posey,Robb Township,65-013.00,Charles Carter,Trustee,6497.0,1743,1748,2025,396412.77,133489.42,80412.83,80412.83,0,0,449489.36,https://gateway.ifionline.org/report_builder/Default3a.aspx?rpttype=afr&rpt=AFR_PrintFull_public&rptName=Annual%20Financial%20Report%20-%20Full%20Report&rpt_unit_in=1070&referrer=byunit,https://gateway.ifionline.org/report_builder/Default3a.aspx?rpttype=afr&rpt=cash_inv_combined&rptName=Cash%20and%20Investments&rpt_unit_in=1070&referrer=byunit,https://gateway.ifionline.org/report_builder/Default3a.aspx?rpttype=employComp&rpt=EmployComp&rptName=Employee%20Compensation&rpt_unit_in=1070&referrer=byunit,
Posey,Robinson Township,65-014.00,Margaret Montgomery,TRUSTEE,15000.0,3887,3870,2025,576646.76,345052.59,342886.64,198767.36,5650.88,126312.0,578812.71,https://gateway.ifionline.org/report_builder/Default3a.aspx?rpttype=afr&rpt=AFR_PrintFull_public&rptName=Annual%20Financial%20Report%20-%20Full%20Report&rpt_unit_in=1071&referrer=byunit,https://gateway.ifionline.org/report_builder/Default3a.aspx?rpttype=afr&rpt=cash_inv_combined&rptName=Cash%20and%20Investments&rpt_unit_in=1071&referrer=byunit,https://gateway.ifionline.org/report_builder/Default3a.aspx?rpttype=employComp&rpt=EmployComp&rptName=Employee%20Compensation&rpt_unit_in=1071&referrer=byunit,
Posey,Smith Township,65-015.00,Robbie J Franklin,Trustee,7200.0,1102,1096,2025,368982.77,97784.42,58366.55,44395.36,12365.49,0,408400.64,https://gateway.ifionline.org/report_builder/Default3a.aspx?rpttype=afr&rpt=AFR_PrintFull_public&rptName=Annual%20Financial%20Report%20-%20Full%20Report&rpt_unit_in=1072&referrer=byunit,https://gateway.ifionline.org/report_builder/Default3a.aspx?rpttype=afr&rpt=cash_inv_combined&rptName=Cash%20and%20Investments&rpt_unit_in=1072&referrer=byunit,https://gateway.ifionline.org/report_builder/Default3a.aspx?rpttype=employComp&rpt=EmployComp&rptName=Employee%20Compensation&rpt_unit_in=1072&referrer=byunit,
Pulaski,Beaver Township,66-005.00,Kaila Stukofski,Trustee,7000.0,417,414,2025,92263.33,44531.38,42962.67,40715.9,0,0,93832.04,https://gateway.ifionline.org/report_builder/Default3a.aspx?rpttype=afr&rpt=AFR_PrintFull_public&rptName=Annual%20Financial%20Report%20-%20Full%20Report&rpt_unit_in=1089&referrer=byunit,https://gateway.ifionline.org/report_builder/Default3a.aspx?rpttype=afr&rpt=cash_inv_combined&rptName=Cash%20and%20Investments&rpt_unit_in=1089&referrer=byunit,https://gateway.ifionline.org/report_builder/Default3a.aspx?rpttype=employComp&rpt=EmployComp&rptName=Employee%20Compensation&rpt_unit_in=1089&referrer=byunit,
Pulaski,Cass Township,66-006.00,Vanessa Vandervort,TRUSTEE,3800.0,761,767,2025,189086.28,50816.02,37529.74,36173.65,0,0,202372.56,https://gateway.ifionline.org/report_builder/Default3a.aspx?rpttype=afr&rpt=AFR_PrintFull_public&rptName=Annual%20Financial%20Report%20-%20Full%20Report&rpt_unit_in=1090&referrer=byunit,https://gateway.ifionline.org/report_builder/Default3a.aspx?rpttype=afr&rpt=cash_inv_combined&rptName=Cash%20and%20Investments&rpt_unit_in=1090&referrer=byunit,https://gateway.ifionline.org/report_builder/Default3a.aspx?rpttype=employComp&rpt=EmployComp&rptName=Employee%20Compensation&rpt_unit_in=1090&referrer=byunit,
Pulaski,Franklin Township,66-007.00,Pamela Chumley,Trustee,5280.0,718,717,2025,77437.14,32804.5,28871.8,27245.16,1000.85,0,81369.84,https://gateway.ifionline.org/report_builder/Default3a.aspx?rpttype=afr&rpt=AFR_PrintFull_public&rptName=Annual%20Financial%20Report%20-%20Full%20Report&rpt_unit_in=1091&referrer=byunit,https://gateway.ifionline.org/report_builder/Default3a.aspx?rpttype=afr&rpt=cash_inv_combined&rptName=Cash%20and%20Investments&rpt_unit_in=1091&referrer=byunit,https://gateway.ifionline.org/report_builder/Default3a.aspx?rpttype=employComp&rpt=EmployComp&rptName=Employee%20Compensation&rpt_unit_in=1091&referrer=byunit,
Pulaski,Harrison Township,66-008.00,Betty L Stinemetz,Trustee,5520.0,597,597,2025,129340.5,55436.83,37668.09,35450.16,1500.0,0,147109.24,https://gateway.ifionline.org/report_builder/Default3a.aspx?rpttype=afr&rpt=AFR_PrintFull_public&rptName=Annual%20Financial%20Report%20-%20Full%20Report&rpt_unit_in=1092&referrer=byunit,https://gateway.ifionline.org/report_builder/Default3a.aspx?rpttype=afr&rpt=cash_inv_combined&rptName=Cash%20and%20Investments&rpt_unit_in=1092&referrer=byunit,https://gateway.ifionline.org/report_builder/Default3a.aspx?rpttype=employComp&rpt=EmployComp&rptName=Employee%20Compensation&rpt_unit_in=1092&referrer=byunit,
Pulaski,Indian Creek Township,66-009.00,Craig Allen,TRUSTEE,5500.0,609,605,2025,173264.61,39522.79,32209.57,21274.71,1800.0,0,180577.83,https://gateway.ifionline.org/report_builder/Default3a.aspx?rpttype=afr&rpt=AFR_PrintFull_public&rptName=Annual%20Financial%20Report%20-%20Full%20Report&rpt_unit_in=1093&referrer=byunit,https://gateway.ifionline.org/report_builder/Default3a.aspx?rpttype=afr&rpt=cash_inv_combined&rptName=Cash%20and%20Investments&rpt_unit_in=1093&referrer=byunit,https://gateway.ifionline.org/report_builder/Default3a.aspx?rpttype=employComp&rpt=EmployComp&rptName=Employee%20Compensation&rpt_unit_in=1093&referrer=byunit,
Pulaski,Jefferson Township,66-010.00,Betty Kruger,Trustee,4100.0,491,489,2025,180781.72,46939.85,39650.97,27009.1,2534.45,0,188070.6,https://gateway.ifionline.org/report_builder/Default3a.aspx?rpttype=afr&rpt=AFR_PrintFull_public&rptName=Annual%20Financial%20Report%20-%20Full%20Report&rpt_unit_in=1094&referrer=byunit,https://gateway.ifionline.org/report_builder/Default3a.aspx?rpttype=afr&rpt=cash_inv_combined&rptName=Cash%20and%20Investments&rpt_unit_in=1094&referrer=byunit,https://gateway.ifionline.org/report_builder/Default3a.aspx?rpttype=employComp&rpt=EmployComp&rptName=Employee%20Compensation&rpt_unit_in=1094&referrer=byunit,
Pulaski,Monroe Township,66-011.00,Kimberly Burke,TRUSTEE,15000.0,3865,3847,2025,476569.32,133015.29,104234.09,86638.22,14135.79,0,505350.52,https://gateway.ifionline.org/report_builder/Default3a.aspx?rpttype=afr&rpt=AFR_PrintFull_public&rptName=Annual%20Financial%20Report%20-%20Full%20Report&rpt_unit_in=1095&referrer=byunit,https://gateway.ifionline.org/report_builder/Default3a.aspx?rpttype=afr&rpt=cash_inv_combined&rptName=Cash%20and%20Investments&rpt_unit_in=1095&referrer=byunit,https://gateway.ifionline.org/report_builder/Default3a.aspx?rpttype=employComp&rpt=EmployComp&rptName=Employee%20Compensation&rpt_unit_in=1095&referrer=byunit,
Pulaski,Rich Grove Township,66-012.00,Deloris Locke,TRUSTEE,5800.0,845,845,2025,169091.87,56441.1,56210.89,45794.32,3966.57,0,169322.08,https://gateway.ifionline.org/report_builder/Default3a.aspx?rpttype=afr&rpt=AFR_PrintFull_public&rptName=Annual%20Financial%20Report%20-%20Full%20Report&rpt_unit_in=1096&referrer=byunit,https://gateway.ifionline.org/report_builder/Default3a.aspx?rpttype=afr&rpt=cash_inv_combined&rptName=Cash%20and%20Investments&rpt_unit_in=1096&referrer=byunit,https://gateway.ifionline.org/report_builder/Default3a.aspx?rpttype=employComp&rpt=EmployComp&rptName=Employee%20Compensation&rpt_unit_in=1096&referrer=byunit,
Pulaski,Salem Township,66-013.00,Michael L Gayer,Trustee,17850.0,1298,1272,2025,422134.73,179436.48,304741.31,298243.4,0,0,296829.9,https://gateway.ifionline.org/report_builder/Default3a.aspx?rpttype=afr&rpt=AFR_PrintFull_public&rptName=Annual%20Financial%20Report%20-%20Full%20Report&rpt_unit_in=1097&referrer=byunit,https://gateway.ifionline.org/report_builder/Default3a.aspx?rpttype=afr&rpt=cash_inv_combined&rptName=Cash%20and%20Investments&rpt_unit_in=1097&referrer=byunit,https://gateway.ifionline.org/report_builder/Default3a.aspx?rpttype=employComp&rpt=EmployComp&rptName=Employee%20Compensation&rpt_unit_in=1097&referrer=byunit,
Pulaski,Tippecanoe Township,66-014.00,Martie White,Trustee,8880.0,1019,1020,2025,161798.73,78300.0,60824.62,53339.23,5760.66,0,179274.11,https://gateway.ifionline.org/report_builder/Default3a.aspx?rpttype=afr&rpt=AFR_PrintFull_public&rptName=Annual%20Financial%20Report%20-%20Full%20Report&rpt_unit_in=1098&referrer=byunit,https://gateway.ifionline.org/report_builder/Default3a.aspx?rpttype=afr&rpt=cash_inv_combined&rptName=Cash%20and%20Investments&rpt_unit_in=1098&referrer=byunit,https://gateway.ifionline.org/report_builder/Default3a.aspx?rpttype=employComp&rpt=EmployComp&rptName=Employee%20Compensation&rpt_unit_in=1098&referrer=byunit,
Pulaski,Van Buren Township,66-015.00,Lenora K Hoover,Trustee,9500.0,839,838,2025,581796.27,176305.02,122239.57,99050.92,2056.83,19438.57,635861.72,https://gateway.ifionline.org/report_builder/Default3a.aspx?rpttype=afr&rpt=AFR_PrintFull_public&rptName=Annual%20Financial%20Report%20-%20Full%20Report&rpt_unit_in=1099&referrer=byunit,https://gateway.ifionline.org/report_builder/Default3a.aspx?rpttype=afr&rpt=cash_inv_combined&rptName=Cash%20and%20Investments&rpt_unit_in=1099&referrer=byunit,https://gateway.ifionline.org/report_builder/Default3a.aspx?rpttype=employComp&rpt=EmployComp&rptName=Employee%20Compensation&rpt_unit_in=1099&referrer=byunit,
Pulaski,White Post Township,66-016.00,Jasmine Bolen,Trustee,12500.0,1059,1052,2025,602559.2,205575.84,180240.49,152563.51,10908.35,8943.0,627894.55,https://gateway.ifionline.org/report_builder/Default3a.aspx?rpttype=afr&rpt=AFR_PrintFull_public&rptName=Annual%20Financial%20Report%20-%20Full%20Report&rpt_unit_in=1100&referrer=byunit,https://gateway.ifionline.org/report_builder/Default3a.aspx?rpttype=afr&rpt=cash_inv_combined&rptName=Cash%20and%20Investments&rpt_unit_in=1100&referrer=byunit,https://gateway.ifionline.org/report_builder/Default3a.aspx?rpttype=employComp&rpt=EmployComp&rptName=Employee%20Compensation&rpt_unit_in=1100&referrer=byunit,
Putnam,Clinton Township,67-006.00,Tina Sillery,Trustee,6500.0,1231,1292,2025,78353.22,31787.55,19827.77,14207.6,5620.17,0,90313.0,https://gateway.ifionline.org/report_builder/Default3a.aspx?rpttype=afr&rpt=AFR_PrintFull_public&rptName=Annual%20Financial%20Report%20-%20Full%20Report&rpt_unit_in=1117&referrer=byunit,https://gateway.ifionline.org/report_builder/Default3a.aspx?rpttype=afr&rpt=cash_inv_combined&rptName=Cash%20and%20Investments&rpt_unit_in=1117&referrer=byunit,https://gateway.ifionline.org/report_builder/Default3a.aspx?rpttype=employComp&rpt=EmployComp&rptName=Employee%20Compensation&rpt_unit_in=1117&referrer=byunit,
Putnam,Cloverdale Township,67-007.00,Dale Monnett,Trustee,6541.99,3908,4084,2025,557018.61,326027.15,271620.31,120642.19,11819.39,32135.72,611425.45,https://gateway.ifionline.org/report_builder/Default3a.aspx?rpttype=afr&rpt=AFR_PrintFull_public&rptName=Annual%20Financial%20Report%20-%20Full%20Report&rpt_unit_in=1118&referrer=byunit,https://gateway.ifionline.org/report_builder/Default3a.aspx?rpttype=afr&rpt=cash_inv_combined&rptName=Cash%20and%20Investments&rpt_unit_in=1118&referrer=byunit,https://gateway.ifionline.org/report_builder/Default3a.aspx?rpttype=employComp&rpt=EmployComp&rptName=Employee%20Compensation&rpt_unit_in=1118&referrer=byunit,"Multiple trustees on 2025 100R: Dale Monnett (Trustee) $6,541.99; Patrick R Mcfadden (Trustee) $3,058.04"
Putnam,Floyd Township,67-008.00,Marsha S Carrington,Trustee,9899.92,4117,4276,2025,119772.34,14068.04,27742.54,25887.78,1854.76,0,106097.84,https://gateway.ifionline.org/report_builder/Default3a.aspx?rpttype=afr&rpt=AFR_PrintFull_public&rptName=Annual%20Financial%20Report%20-%20Full%20Report&rpt_unit_in=1119&referrer=byunit,https://gateway.ifionline.org/report_builder/Default3a.aspx?rpttype=afr&rpt=cash_inv_combined&rptName=Cash%20and%20Investments&rpt_unit_in=1119&referrer=byunit,https://gateway.ifionline.org/report_builder/Default3a.aspx?rpttype=employComp&rpt=EmployComp&rptName=Employee%20Compensation&rpt_unit_in=1119&referrer=byunit,
Putnam,Franklin Township,67-009.00,Jess L Norton,Trustee,11924.92,1624,1679,2025,74093.8,39893.13,25117.58,17811.9,6370.65,0,88869.35,https://gateway.ifionline.org/report_builder/Default3a.aspx?rpttype=afr&rpt=AFR_PrintFull_public&rptName=Annual%20Financial%20Report%20-%20Full%20Report&rpt_unit_in=1120&referrer=byunit,https://gateway.ifionline.org/report_builder/Default3a.aspx?rpttype=afr&rpt=cash_inv_combined&rptName=Cash%20and%20Investments&rpt_unit_in=1120&referrer=byunit,https://gateway.ifionline.org/report_builder/Default3a.aspx?rpttype=employComp&rpt=EmployComp&rptName=Employee%20Compensation&rpt_unit_in=1120&referrer=byunit,
Putnam,Greencastle Township,67-010.00,Steve Butts,Township Trustee,13200.0,12600,12807,2025,1023274.12,371238.69,195640.95,51676.95,37924.0,0,1198871.86,https://gateway.ifionline.org/report_builder/Default3a.aspx?rpttype=afr&rpt=AFR_PrintFull_public&rptName=Annual%20Financial%20Report%20-%20Full%20Report&rpt_unit_in=1121&referrer=byunit,https://gateway.ifionline.org/report_builder/Default3a.aspx?rpttype=afr&rpt=cash_inv_combined&rptName=Cash%20and%20Investments&rpt_unit_in=1121&referrer=byunit,https://gateway.ifionline.org/report_builder/Default3a.aspx?rpttype=employComp&rpt=EmployComp&rptName=Employee%20Compensation&rpt_unit_in=1121&referrer=byunit,
Putnam,Jackson Township,67-011.00,John Harnishfeger,Trustee,7200.0,860,891,2025,45440.82,17791.18,20901.88,16700.73,1748.57,0,42330.12,https://gateway.ifionline.org/report_builder/Default3a.aspx?rpttype=afr&rpt=AFR_PrintFull_public&rptName=Annual%20Financial%20Report%20-%20Full%20Report&rpt_unit_in=1122&referrer=byunit,https://gateway.ifionline.org/report_builder/Default3a.aspx?rpttype=afr&rpt=cash_inv_combined&rptName=Cash%20and%20Investments&rpt_unit_in=1122&referrer=byunit,https://gateway.ifionline.org/report_builder/Default3a.aspx?rpttype=employComp&rpt=EmployComp&rptName=Employee%20Compensation&rpt_unit_in=1122&referrer=byunit,
Putnam,Jefferson Township,67-012.00,Allan T Burnett,Trustee,8500.0,1294,1349,2025,295684.0,157356.27,114273.61,107817.67,1502.69,0,338766.66,https://gateway.ifionline.org/report_builder/Default3a.aspx?rpttype=afr&rpt=AFR_PrintFull_public&rptName=Annual%20Financial%20Report%20-%20Full%20Report&rpt_unit_in=1123&referrer=byunit,https://gateway.ifionline.org/report_builder/Default3a.aspx?rpttype=afr&rpt=cash_inv_combined&rptName=Cash%20and%20Investments&rpt_unit_in=1123&referrer=byunit,https://gateway.ifionline.org/report_builder/Default3a.aspx?rpttype=employComp&rpt=EmployComp&rptName=Employee%20Compensation&rpt_unit_in=1123&referrer=byunit,
Putnam,Madison Township,67-013.00,Jeffrey Alexander,TRUSTEE,13800.0,1072,1104,2025,205512.93,95081.42,76718.99,62166.72,1351.92,11548.0,223875.36,https://gateway.ifionline.org/report_builder/Default3a.aspx?rpttype=afr&rpt=AFR_PrintFull_public&rptName=Annual%20Financial%20Report%20-%20Full%20Report&rpt_unit_in=1124&referrer=byunit,https://gateway.ifionline.org/report_builder/Default3a.aspx?rpttype=afr&rpt=cash_inv_combined&rptName=Cash%20and%20Investments&rpt_unit_in=1124&referrer=byunit,https://gateway.ifionline.org/report_builder/Default3a.aspx?rpttype=employComp&rpt=EmployComp&rptName=Employee%20Compensation&rpt_unit_in=1124&referrer=byunit,
Putnam,Marion Township,67-014.00,Greg Arnold,Trustee,6500.0,1922,1988,2025,239940.79,69326.87,60419.47,20905.68,4513.79,10000.0,248848.19,https://gateway.ifionline.org/report_builder/Default3a.aspx?rpttype=afr&rpt=AFR_PrintFull_public&rptName=Annual%20Financial%20Report%20-%20Full%20Report&rpt_unit_in=1125&referrer=byunit,https://gateway.ifionline.org/report_builder/Default3a.aspx?rpttype=afr&rpt=cash_inv_combined&rptName=Cash%20and%20Investments&rpt_unit_in=1125&referrer=byunit,https://gateway.ifionline.org/report_builder/Default3a.aspx?rpttype=employComp&rpt=EmployComp&rptName=Employee%20Compensation&rpt_unit_in=1125&referrer=byunit,
Putnam,Monroe Township,67-015.00,Jennifer McBride,Trustee,8800.0,1498,1548,2025,25119.93,29727.08,23660.45,20686.94,2973.51,0,31186.56,https://gateway.ifionline.org/report_builder/Default3a.aspx?rpttype=afr&rpt=AFR_PrintFull_public&rptName=Annual%20Financial%20Report%20-%20Full%20Report&rpt_unit_in=1126&referrer=byunit,https://gateway.ifionline.org/report_builder/Default3a.aspx?rpttype=afr&rpt=cash_inv_combined&rptName=Cash%20and%20Investments&rpt_unit_in=1126&referrer=byunit,https://gateway.ifionline.org/report_builder/Default3a.aspx?rpttype=employComp&rpt=EmployComp&rptName=Employee%20Compensation&rpt_unit_in=1126&referrer=byunit,
Putnam,Russell Township,67-016.00,Renee Wiatt,Township trustee,7000.0,733,756,2025,90698.24,76268.83,51173.84,47347.55,2566.67,0,115793.23,https://gateway.ifionline.org/report_builder/Default3a.aspx?rpttype=afr&rpt=AFR_PrintFull_public&rptName=Annual%20Financial%20Report%20-%20Full%20Report&rpt_unit_in=1127&referrer=byunit,https://gateway.ifionline.org/report_builder/Default3a.aspx?rpttype=afr&rpt=cash_inv_combined&rptName=Cash%20and%20Investments&rpt_unit_in=1127&referrer=byunit,https://gateway.ifionline.org/report_builder/Default3a.aspx?rpttype=employComp&rpt=EmployComp&rptName=Employee%20Compensation&rpt_unit_in=1127&referrer=byunit,
Putnam,Warren Township,67-017.00,Karen Heavin,Trustee,6500.0,3396,3531,2025,300291.22,77619.03,47768.89,13671.56,0,0,330141.36,https://gateway.ifionline.org/report_builder/Default3a.aspx?rpttype=afr&rpt=AFR_PrintFull_public&rptName=Annual%20Financial%20Report%20-%20Full%20Report&rpt_unit_in=1128&referrer=byunit,https://gateway.ifionline.org/report_builder/Default3a.aspx?rpttype=afr&rpt=cash_inv_combined&rptName=Cash%20and%20Investments&rpt_unit_in=1128&referrer=byunit,https://gateway.ifionline.org/report_builder/Default3a.aspx?rpttype=employComp&rpt=EmployComp&rptName=Employee%20Compensation&rpt_unit_in=1128&referrer=byunit,
Putnam,Washington Township,67-018.00,John McPherson,Township Trustee,10947.0,2480,2571,2025,406154.16,173259.39,187444.99,141657.73,4376.19,41411.07,391968.56,https://gateway.ifionline.org/report_builder/Default3a.aspx?rpttype=afr&rpt=AFR_PrintFull_public&rptName=Annual%20Financial%20Report%20-%20Full%20Report&rpt_unit_in=1129&referrer=byunit,https://gateway.ifionline.org/report_builder/Default3a.aspx?rpttype=afr&rpt=cash_inv_combined&rptName=Cash%20and%20Investments&rpt_unit_in=1129&referrer=byunit,https://gateway.ifionline.org/report_builder/Default3a.aspx?rpttype=employComp&rpt=EmployComp&rptName=Employee%20Compensation&rpt_unit_in=1129&referrer=byunit,
Randolph,Franklin Township,68-010.00,Deanna E Frantz,Trustee,8500.0,1114,1119,2025,189425.64,72056.89,44236.04,40815.65,3420.39,0,217246.49,https://gateway.ifionline.org/report_builder/Default3a.aspx?rpttype=afr&rpt=AFR_PrintFull_public&rptName=Annual%20Financial%20Report%20-%20Full%20Report&rpt_unit_in=1152&referrer=byunit,https://gateway.ifionline.org/report_builder/Default3a.aspx?rpttype=afr&rpt=cash_inv_combined&rptName=Cash%20and%20Investments&rpt_unit_in=1152&referrer=byunit,https://gateway.ifionline.org/report_builder/Default3a.aspx?rpttype=employComp&rpt=EmployComp&rptName=Employee%20Compensation&rpt_unit_in=1152&referrer=byunit,
Randolph,Green Township,68-011.00,Gina Garringer,Trustee,9200.0,994,1002,2025,71861.08,53288.66,50578.17,43921.41,1730.55,0,74571.57,https://gateway.ifionline.org/report_builder/Default3a.aspx?rpttype=afr&rpt=AFR_PrintFull_public&rptName=Annual%20Financial%20Report%20-%20Full%20Report&rpt_unit_in=1153&referrer=byunit,https://gateway.ifionline.org/report_builder/Default3a.aspx?rpttype=afr&rpt=cash_inv_combined&rptName=Cash%20and%20Investments&rpt_unit_in=1153&referrer=byunit,https://gateway.ifionline.org/report_builder/Default3a.aspx?rpttype=employComp&rpt=EmployComp&rptName=Employee%20Compensation&rpt_unit_in=1153&referrer=byunit,
Randolph,Greensfork Township,68-012.00,Jeffrey D Spencer,Trustee,7500.0,1056,1056,2025,120273.02,79409.53,63136.49,48114.27,5144.07,0,136546.06,https://gateway.ifionline.org/report_builder/Default3a.aspx?rpttype=afr&rpt=AFR_PrintFull_public&rptName=Annual%20Financial%20Report%20-%20Full%20Report&rpt_unit_in=1154&referrer=byunit,https://gateway.ifionline.org/report_builder/Default3a.aspx?rpttype=afr&rpt=cash_inv_combined&rptName=Cash%20and%20Investments&rpt_unit_in=1154&referrer=byunit,https://gateway.ifionline.org/report_builder/Default3a.aspx?rpttype=employComp&rpt=EmployComp&rptName=Employee%20Compensation&rpt_unit_in=1154&referrer=byunit,
Randolph,Jackson Township,68-013.00,Brad Osborne,Trustee,8500.0,548,544,2025,426508.92,93442.76,43920.75,41977.63,0,0,476030.93,https://gateway.ifionline.org/report_builder/Default3a.aspx?rpttype=afr&rpt=AFR_PrintFull_public&rptName=Annual%20Financial%20Report%20-%20Full%20Report&rpt_unit_in=1155&referrer=byunit,https://gateway.ifionline.org/report_builder/Default3a.aspx?rpttype=afr&rpt=cash_inv_combined&rptName=Cash%20and%20Investments&rpt_unit_in=1155&referrer=byunit,https://gateway.ifionline.org/report_builder/Default3a.aspx?rpttype=employComp&rpt=EmployComp&rptName=Employee%20Compensation&rpt_unit_in=1155&referrer=byunit,
Randolph,Monroe Township,68-014.00,Virginia Main,Township Trustee,10000.0,3468,3455,2025,409976.34,152978.05,90674.75,74426.19,16248.56,0,472279.64,https://gateway.ifionline.org/report_builder/Default3a.aspx?rpttype=afr&rpt=AFR_PrintFull_public&rptName=Annual%20Financial%20Report%20-%20Full%20Report&rpt_unit_in=1156&referrer=byunit,https://gateway.ifionline.org/report_builder/Default3a.aspx?rpttype=afr&rpt=cash_inv_combined&rptName=Cash%20and%20Investments&rpt_unit_in=1156&referrer=byunit,https://gateway.ifionline.org/report_builder/Default3a.aspx?rpttype=employComp&rpt=EmployComp&rptName=Employee%20Compensation&rpt_unit_in=1156&referrer=byunit,
Randolph,Stoney Creek Township,68-015.00,,,,869,872,2024,643082.45,69288.99,30515.09,12557.2,1000.0,0,681856.35,https://gateway.ifionline.org/report_builder/Default3a.aspx?rpttype=afr&rpt=AFR_PrintFull_public&rptName=Annual%20Financial%20Report%20-%20Full%20Report&rpt_unit_in=1157&referrer=byunit,https://gateway.ifionline.org/report_builder/Default3a.aspx?rpttype=afr&rpt=cash_inv_combined&rptName=Cash%20and%20Investments&rpt_unit_in=1157&referrer=byunit,https://gateway.ifionline.org/report_builder/Default3a.aspx?rpttype=employComp&rpt=EmployComp&rptName=Employee%20Compensation&rpt_unit_in=1157&referrer=byunit,No 2025 AFR on Gateway; financials are 2024 | Not found in 2025 100R employee compensation
Randolph,Union Township,68-016.00,Greg T Fisher,Trustee,10500.0,1954,1948,2025,518155.76,216985.87,229365.81,112918.91,10502.23,104656.26,505775.82,https://gateway.ifionline.org/report_builder/Default3a.aspx?rpttype=afr&rpt=AFR_PrintFull_public&rptName=Annual%20Financial%20Report%20-%20Full%20Report&rpt_unit_in=1158&referrer=byunit,https://gateway.ifionline.org/report_builder/Default3a.aspx?rpttype=afr&rpt=cash_inv_combined&rptName=Cash%20and%20Investments&rpt_unit_in=1158&referrer=byunit,https://gateway.ifionline.org/report_builder/Default3a.aspx?rpttype=employComp&rpt=EmployComp&rptName=Employee%20Compensation&rpt_unit_in=1158&referrer=byunit,
Randolph,Ward Township,68-017.00,Teresa D Pearson-Leeka,Trustee,6200.0,1040,1033,2025,117361.68,56136.94,45660.92,45532.79,0,0,127837.7,https://gateway.ifionline.org/report_builder/Default3a.aspx?rpttype=afr&rpt=AFR_PrintFull_public&rptName=Annual%20Financial%20Report%20-%20Full%20Report&rpt_unit_in=1159&referrer=byunit,https://gateway.ifionline.org/report_builder/Default3a.aspx?rpttype=afr&rpt=cash_inv_combined&rptName=Cash%20and%20Investments&rpt_unit_in=1159&referrer=byunit,https://gateway.ifionline.org/report_builder/Default3a.aspx?rpttype=employComp&rpt=EmployComp&rptName=Employee%20Compensation&rpt_unit_in=1159&referrer=byunit,
Randolph,Washington Township,68-018.00,Shannon Retter,TRUSTEE,12000.0,1896,1882,2025,242916.52,110482.45,76527.24,56740.15,15452.54,0,276871.73,https://gateway.ifionline.org/report_builder/Default3a.aspx?rpttype=afr&rpt=AFR_PrintFull_public&rptName=Annual%20Financial%20Report%20-%20Full%20Report&rpt_unit_in=1160&referrer=byunit,https://gateway.ifionline.org/report_builder/Default3a.aspx?rpttype=afr&rpt=cash_inv_combined&rptName=Cash%20and%20Investments&rpt_unit_in=1160&referrer=byunit,https://gateway.ifionline.org/report_builder/Default3a.aspx?rpttype=employComp&rpt=EmployComp&rptName=Employee%20Compensation&rpt_unit_in=1160&referrer=byunit,
Randolph,Wayne Township,68-019.00,Heather S Michael,Trustee,11400.0,4370,4358,2025,122538.0,96424.03,77012.31,63758.31,13254.0,0,141949.72,https://gateway.ifionline.org/report_builder/Default3a.aspx?rpttype=afr&rpt=AFR_PrintFull_public&rptName=Annual%20Financial%20Report%20-%20Full%20Report&rpt_unit_in=1161&referrer=byunit,https://gateway.ifionline.org/report_builder/Default3a.aspx?rpttype=afr&rpt=cash_inv_combined&rptName=Cash%20and%20Investments&rpt_unit_in=1161&referrer=byunit,https://gateway.ifionline.org/report_builder/Default3a.aspx?rpttype=employComp&rpt=EmployComp&rptName=Employee%20Compensation&rpt_unit_in=1161&referrer=byunit,
Randolph,White River Township,68-020.00,Diane M Bosworth,Township Trustee,1800.0,7194,7169,2025,503198.05,618942.56,544341.45,229423.16,82193.84,106078.66,577799.16,https://gateway.ifionline.org/report_builder/Default3a.aspx?rpttype=afr&rpt=AFR_PrintFull_public&rptName=Annual%20Financial%20Report%20-%20Full%20Report&rpt_unit_in=1162&referrer=byunit,https://gateway.ifionline.org/report_builder/Default3a.aspx?rpttype=afr&rpt=cash_inv_combined&rptName=Cash%20and%20Investments&rpt_unit_in=1162&referrer=byunit,https://gateway.ifionline.org/report_builder/Default3a.aspx?rpttype=employComp&rpt=EmployComp&rptName=Employee%20Compensation&rpt_unit_in=1162&referrer=byunit,
Ripley,Adams Township,69-008.00,Alison Knue,Trustee,11000.0,5156,5241,2025,264177.83,129983.76,84623.83,77740.2,3822.2,0,309537.76,https://gateway.ifionline.org/report_builder/Default3a.aspx?rpttype=afr&rpt=AFR_PrintFull_public&rptName=Annual%20Financial%20Report%20-%20Full%20Report&rpt_unit_in=1187&referrer=byunit,https://gateway.ifionline.org/report_builder/Default3a.aspx?rpttype=afr&rpt=cash_inv_combined&rptName=Cash%20and%20Investments&rpt_unit_in=1187&referrer=byunit,https://gateway.ifionline.org/report_builder/Default3a.aspx?rpttype=employComp&rpt=EmployComp&rptName=Employee%20Compensation&rpt_unit_in=1187&referrer=byunit,
Ripley,Brown Township,69-009.00,Danielle McGee,Trustee,9700.0,1728,1746,2025,94909.38,64811.44,54447.68,18748.03,2699.65,0,105273.14,https://gateway.ifionline.org/report_builder/Default3a.aspx?rpttype=afr&rpt=AFR_PrintFull_public&rptName=Annual%20Financial%20Report%20-%20Full%20Report&rpt_unit_in=1188&referrer=byunit,https://gateway.ifionline.org/report_builder/Default3a.aspx?rpttype=afr&rpt=cash_inv_combined&rptName=Cash%20and%20Investments&rpt_unit_in=1188&referrer=byunit,https://gateway.ifionline.org/report_builder/Default3a.aspx?rpttype=employComp&rpt=EmployComp&rptName=Employee%20Compensation&rpt_unit_in=1188&referrer=byunit,
Ripley,Center Township,69-010.00,Brenda Warren,Trustee,11928.0,2575,2603,2025,71228.92,209698.07,196156.82,159924.16,36232.66,0,84770.17,https://gateway.ifionline.org/report_builder/Default3a.aspx?rpttype=afr&rpt=AFR_PrintFull_public&rptName=Annual%20Financial%20Report%20-%20Full%20Report&rpt_unit_in=1189&referrer=byunit,https://gateway.ifionline.org/report_builder/Default3a.aspx?rpttype=afr&rpt=cash_inv_combined&rptName=Cash%20and%20Investments&rpt_unit_in=1189&referrer=byunit,https://gateway.ifionline.org/report_builder/Default3a.aspx?rpttype=employComp&rpt=EmployComp&rptName=Employee%20Compensation&rpt_unit_in=1189&referrer=byunit,
Ripley,Delaware Township,69-011.00,Paul Hardy,Trustee,9000.0,1518,1548,2025,203386.02,73360.04,49280.69,42651.89,6628.8,0,227465.37,https://gateway.ifionline.org/report_builder/Default3a.aspx?rpttype=afr&rpt=AFR_PrintFull_public&rptName=Annual%20Financial%20Report%20-%20Full%20Report&rpt_unit_in=1190&referrer=byunit,https://gateway.ifionline.org/report_builder/Default3a.aspx?rpttype=afr&rpt=cash_inv_combined&rptName=Cash%20and%20Investments&rpt_unit_in=1190&referrer=byunit,https://gateway.ifionline.org/report_builder/Default3a.aspx?rpttype=employComp&rpt=EmployComp&rptName=Employee%20Compensation&rpt_unit_in=1190&referrer=byunit,
Ripley,Franklin Township,69-012.00,Melissa M Baker,Trustee,10000.0,3632,3675,2025,36970.87,78798.59,74967.4,61545.85,11153.34,0,40802.06,https://gateway.ifionline.org/report_builder/Default3a.aspx?rpttype=afr&rpt=AFR_PrintFull_public&rptName=Annual%20Financial%20Report%20-%20Full%20Report&rpt_unit_in=1191&referrer=byunit,https://gateway.ifionline.org/report_builder/Default3a.aspx?rpttype=afr&rpt=cash_inv_combined&rptName=Cash%20and%20Investments&rpt_unit_in=1191&referrer=byunit,https://gateway.ifionline.org/report_builder/Default3a.aspx?rpttype=employComp&rpt=EmployComp&rptName=Employee%20Compensation&rpt_unit_in=1191&referrer=byunit,
Ripley,Jackson Township,69-013.00,Annette Pindell,Trustee,11000.0,940,947,2025,106412.89,30653.02,26950.07,13923.0,8223.62,0,110115.84,https://gateway.ifionline.org/report_builder/Default3a.aspx?rpttype=afr&rpt=AFR_PrintFull_public&rptName=Annual%20Financial%20Report%20-%20Full%20Report&rpt_unit_in=1192&referrer=byunit,https://gateway.ifionline.org/report_builder/Default3a.aspx?rpttype=afr&rpt=cash_inv_combined&rptName=Cash%20and%20Investments&rpt_unit_in=1192&referrer=byunit,https://gateway.ifionline.org/report_builder/Default3a.aspx?rpttype=employComp&rpt=EmployComp&rptName=Employee%20Compensation&rpt_unit_in=1192&referrer=byunit,
Ripley,Johnson Township,69-014.00,Tara Diem,Trustee,10200.0,3738,3787,2025,233363.56,117337.22,89245.45,88089.17,1156.28,0,261455.33,https://gateway.ifionline.org/report_builder/Default3a.aspx?rpttype=afr&rpt=AFR_PrintFull_public&rptName=Annual%20Financial%20Report%20-%20Full%20Report&rpt_unit_in=1193&referrer=byunit,https://gateway.ifionline.org/report_builder/Default3a.aspx?rpttype=afr&rpt=cash_inv_combined&rptName=Cash%20and%20Investments&rpt_unit_in=1193&referrer=byunit,https://gateway.ifionline.org/report_builder/Default3a.aspx?rpttype=employComp&rpt=EmployComp&rptName=Employee%20Compensation&rpt_unit_in=1193&referrer=byunit,
Ripley,Laughery Township,69-015.00,Robert J Mattucci,Trustee,15600.0,5065,5160,2025,142666.78,93110.94,85876.31,41701.0,14543.71,0,149901.41,https://gateway.ifionline.org/report_builder/Default3a.aspx?rpttype=afr&rpt=AFR_PrintFull_public&rptName=Annual%20Financial%20Report%20-%20Full%20Report&rpt_unit_in=1194&referrer=byunit,https://gateway.ifionline.org/report_builder/Default3a.aspx?rpttype=afr&rpt=cash_inv_combined&rptName=Cash%20and%20Investments&rpt_unit_in=1194&referrer=byunit,https://gateway.ifionline.org/report_builder/Default3a.aspx?rpttype=employComp&rpt=EmployComp&rptName=Employee%20Compensation&rpt_unit_in=1194&referrer=byunit,
Ripley,Otter Creek Township,69-016.00,,,,1347,1384,2024,40520.63,54128.56,55678.16,46904.48,8773.68,0,38971.03,https://gateway.ifionline.org/report_builder/Default3a.aspx?rpttype=afr&rpt=AFR_PrintFull_public&rptName=Annual%20Financial%20Report%20-%20Full%20Report&rpt_unit_in=1195&referrer=byunit,https://gateway.ifionline.org/report_builder/Default3a.aspx?rpttype=afr&rpt=cash_inv_combined&rptName=Cash%20and%20Investments&rpt_unit_in=1195&referrer=byunit,https://gateway.ifionline.org/report_builder/Default3a.aspx?rpttype=employComp&rpt=EmployComp&rptName=Employee%20Compensation&rpt_unit_in=1195&referrer=byunit,No 2025 AFR on Gateway; financials are 2024 | Not found in 2025 100R employee compensation
Ripley,Shelby Township,69-017.00,Vicki Taylor,Trustee,9000.0,983,1001,2025,18366.44,47561.8,47522.32,43832.4,3689.92,0,18405.92,https://gateway.ifionline.org/report_builder/Default3a.aspx?rpttype=afr&rpt=AFR_PrintFull_public&rptName=Annual%20Financial%20Report%20-%20Full%20Report&rpt_unit_in=1196&referrer=byunit,https://gateway.ifionline.org/report_builder/Default3a.aspx?rpttype=afr&rpt=cash_inv_combined&rptName=Cash%20and%20Investments&rpt_unit_in=1196&referrer=byunit,https://gateway.ifionline.org/report_builder/Default3a.aspx?rpttype=employComp&rpt=EmployComp&rptName=Employee%20Compensation&rpt_unit_in=1196&referrer=byunit,
Ripley,Washington Township,69-018.00,Jeffery J Poole,Trustee,11562.0,2309,2342,2025,273506.31,83020.13,59705.95,49414.78,7390.0,0,296820.49,https://gateway.ifionline.org/report_builder/Default3a.aspx?rpttype=afr&rpt=AFR_PrintFull_public&rptName=Annual%20Financial%20Report%20-%20Full%20Report&rpt_unit_in=1197&referrer=byunit,https://gateway.ifionline.org/report_builder/Default3a.aspx?rpttype=afr&rpt=cash_inv_combined&rptName=Cash%20and%20Investments&rpt_unit_in=1197&referrer=byunit,https://gateway.ifionline.org/report_builder/Default3a.aspx?rpttype=employComp&rpt=EmployComp&rptName=Employee%20Compensation&rpt_unit_in=1197&referrer=byunit,
Rush,Anderson Township,70-004.00,Karen S Jenkins,TRUSTEE,12000.0,1228,1227,2025,217884.84,212303.94,213587.71,148913.52,2886.89,46252.55,216601.07,https://gateway.ifionline.org/report_builder/Default3a.aspx?rpttype=afr&rpt=AFR_PrintFull_public&rptName=Annual%20Financial%20Report%20-%20Full%20Report&rpt_unit_in=1215&referrer=byunit,https://gateway.ifionline.org/report_builder/Default3a.aspx?rpttype=afr&rpt=cash_inv_combined&rptName=Cash%20and%20Investments&rpt_unit_in=1215&referrer=byunit,https://gateway.ifionline.org/report_builder/Default3a.aspx?rpttype=employComp&rpt=EmployComp&rptName=Employee%20Compensation&rpt_unit_in=1215&referrer=byunit,
Rush,Center Township,70-005.00,Catherine J Pratt,Township Trustee,4155.76,764,763,2025,157811.15,70525.64,58054.52,55291.75,2762.77,0,170282.27,https://gateway.ifionline.org/report_builder/Default3a.aspx?rpttype=afr&rpt=AFR_PrintFull_public&rptName=Annual%20Financial%20Report%20-%20Full%20Report&rpt_unit_in=1216&referrer=byunit,https://gateway.ifionline.org/report_builder/Default3a.aspx?rpttype=afr&rpt=cash_inv_combined&rptName=Cash%20and%20Investments&rpt_unit_in=1216&referrer=byunit,https://gateway.ifionline.org/report_builder/Default3a.aspx?rpttype=employComp&rpt=EmployComp&rptName=Employee%20Compensation&rpt_unit_in=1216&referrer=byunit,
Rush,Jackson Township,70-006.00,Donna Wall,Trustee,3700.0,340,340,2025,233615.6,84244.73,62507.23,40619.96,0,19529.18,255353.1,https://gateway.ifionline.org/report_builder/Default3a.aspx?rpttype=afr&rpt=AFR_PrintFull_public&rptName=Annual%20Financial%20Report%20-%20Full%20Report&rpt_unit_in=1217&referrer=byunit,https://gateway.ifionline.org/report_builder/Default3a.aspx?rpttype=afr&rpt=cash_inv_combined&rptName=Cash%20and%20Investments&rpt_unit_in=1217&referrer=byunit,https://gateway.ifionline.org/report_builder/Default3a.aspx?rpttype=employComp&rpt=EmployComp&rptName=Employee%20Compensation&rpt_unit_in=1217&referrer=byunit,
Rush,Noble Township,70-007.00,Jeff Browning,Trustee,3150.0,574,571,2025,89687.68,30834.08,15247.66,10537.7,1387.46,2900.0,105274.1,https://gateway.ifionline.org/report_builder/Default3a.aspx?rpttype=afr&rpt=AFR_PrintFull_public&rptName=Annual%20Financial%20Report%20-%20Full%20Report&rpt_unit_in=1218&referrer=byunit,https://gateway.ifionline.org/report_builder/Default3a.aspx?rpttype=afr&rpt=cash_inv_combined&rptName=Cash%20and%20Investments&rpt_unit_in=1218&referrer=byunit,https://gateway.ifionline.org/report_builder/Default3a.aspx?rpttype=employComp&rpt=EmployComp&rptName=Employee%20Compensation&rpt_unit_in=1218&referrer=byunit,
Rush,Orange Township,70-008.00,Barbara Richey,Trustee,3200.0,790,790,2025,16634.55,17081.11,14694.07,11404.27,300.0,0,19021.59,https://gateway.ifionline.org/report_builder/Default3a.aspx?rpttype=afr&rpt=AFR_PrintFull_public&rptName=Annual%20Financial%20Report%20-%20Full%20Report&rpt_unit_in=1219&referrer=byunit,https://gateway.ifionline.org/report_builder/Default3a.aspx?rpttype=afr&rpt=cash_inv_combined&rptName=Cash%20and%20Investments&rpt_unit_in=1219&referrer=byunit,https://gateway.ifionline.org/report_builder/Default3a.aspx?rpttype=employComp&rpt=EmployComp&rptName=Employee%20Compensation&rpt_unit_in=1219&referrer=byunit,
Rush,Posey Township,70-009.00,Monty D McMahan,Trustee,6700.0,1047,1045,2025,249550.86,153153.13,113711.87,106900.21,6811.66,0,288992.12,https://gateway.ifionline.org/report_builder/Default3a.aspx?rpttype=afr&rpt=AFR_PrintFull_public&rptName=Annual%20Financial%20Report%20-%20Full%20Report&rpt_unit_in=1220&referrer=byunit,https://gateway.ifionline.org/report_builder/Default3a.aspx?rpttype=afr&rpt=cash_inv_combined&rptName=Cash%20and%20Investments&rpt_unit_in=1220&referrer=byunit,https://gateway.ifionline.org/report_builder/Default3a.aspx?rpttype=employComp&rpt=EmployComp&rptName=Employee%20Compensation&rpt_unit_in=1220&referrer=byunit,
Rush,Richland Township,70-010.00,Craig Angle,Trustee,4500.0,326,326,2025,47183.3,32341.96,30568.65,25747.22,3496.08,0,48956.61,https://gateway.ifionline.org/report_builder/Default3a.aspx?rpttype=afr&rpt=AFR_PrintFull_public&rptName=Annual%20Financial%20Report%20-%20Full%20Report&rpt_unit_in=1221&referrer=byunit,https://gateway.ifionline.org/report_builder/Default3a.aspx?rpttype=afr&rpt=cash_inv_combined&rptName=Cash%20and%20Investments&rpt_unit_in=1221&referrer=byunit,https://gateway.ifionline.org/report_builder/Default3a.aspx?rpttype=employComp&rpt=EmployComp&rptName=Employee%20Compensation&rpt_unit_in=1221&referrer=byunit,
Rush,Ripley Township,70-011.00,Andrew E Ingersoll,Trustee,12500.0,2061,2064,2025,296008.6,198524.1,201934.73,134448.31,6895.7,56603.47,292597.97,https://gateway.ifionline.org/report_builder/Default3a.aspx?rpttype=afr&rpt=AFR_PrintFull_public&rptName=Annual%20Financial%20Report%20-%20Full%20Report&rpt_unit_in=1222&referrer=byunit,https://gateway.ifionline.org/report_builder/Default3a.aspx?rpttype=afr&rpt=cash_inv_combined&rptName=Cash%20and%20Investments&rpt_unit_in=1222&referrer=byunit,https://gateway.ifionline.org/report_builder/Default3a.aspx?rpttype=employComp&rpt=EmployComp&rptName=Employee%20Compensation&rpt_unit_in=1222&referrer=byunit,
Rush,Rushville Township,70-012.00,Warren B Buhler,trustee,12000.0,7659,7672,2025,448504.07,197397.57,261283.44,70387.16,35920.73,154347.55,384618.2,https://gateway.ifionline.org/report_builder/Default3a.aspx?rpttype=afr&rpt=AFR_PrintFull_public&rptName=Annual%20Financial%20Report%20-%20Full%20Report&rpt_unit_in=1223&referrer=byunit,https://gateway.ifionline.org/report_builder/Default3a.aspx?rpttype=afr&rpt=cash_inv_combined&rptName=Cash%20and%20Investments&rpt_unit_in=1223&referrer=byunit,https://gateway.ifionline.org/report_builder/Default3a.aspx?rpttype=employComp&rpt=EmployComp&rptName=Employee%20Compensation&rpt_unit_in=1223&referrer=byunit,
Rush,Union Township,70-013.00,Carolyn J Keith,Trustee,3750.0,723,722,2025,76201.78,40307.31,33522.79,14780.46,0,0,82986.3,https://gateway.ifionline.org/report_builder/Default3a.aspx?rpttype=afr&rpt=AFR_PrintFull_public&rptName=Annual%20Financial%20Report%20-%20Full%20Report&rpt_unit_in=1224&referrer=byunit,https://gateway.ifionline.org/report_builder/Default3a.aspx?rpttype=afr&rpt=cash_inv_combined&rptName=Cash%20and%20Investments&rpt_unit_in=1224&referrer=byunit,https://gateway.ifionline.org/report_builder/Default3a.aspx?rpttype=employComp&rpt=EmployComp&rptName=Employee%20Compensation&rpt_unit_in=1224&referrer=byunit,
Rush,Walker Township,70-014.00,Michael Mahan,Trustee,4500.0,837,845,2025,73800.53,31629.39,19912.26,17875.73,1133.83,0,85517.66,https://gateway.ifionline.org/report_builder/Default3a.aspx?rpttype=afr&rpt=AFR_PrintFull_public&rptName=Annual%20Financial%20Report%20-%20Full%20Report&rpt_unit_in=1225&referrer=byunit,https://gateway.ifionline.org/report_builder/Default3a.aspx?rpttype=afr&rpt=cash_inv_combined&rptName=Cash%20and%20Investments&rpt_unit_in=1225&referrer=byunit,https://gateway.ifionline.org/report_builder/Default3a.aspx?rpttype=employComp&rpt=EmployComp&rptName=Employee%20Compensation&rpt_unit_in=1225&referrer=byunit,
Rush,Washington Township,70-015.00,Eric H Elwell,trustee,5370.0,401,402,2025,134033.47,85400.91,77921.52,11314.51,1442.01,0,141512.86,https://gateway.ifionline.org/report_builder/Default3a.aspx?rpttype=afr&rpt=AFR_PrintFull_public&rptName=Annual%20Financial%20Report%20-%20Full%20Report&rpt_unit_in=1226&referrer=byunit,https://gateway.ifionline.org/report_builder/Default3a.aspx?rpttype=afr&rpt=cash_inv_combined&rptName=Cash%20and%20Investments&rpt_unit_in=1226&referrer=byunit,https://gateway.ifionline.org/report_builder/Default3a.aspx?rpttype=employComp&rpt=EmployComp&rptName=Employee%20Compensation&rpt_unit_in=1226&referrer=byunit,
Scott,Finley Township,72-003.00,Rachael N Hardin,Trustee/clerk,13146.96,1490,1513,2025,161101.7,59375.41,42201.27,38800.62,0,0,178275.84,https://gateway.ifionline.org/report_builder/Default3a.aspx?rpttype=afr&rpt=AFR_PrintFull_public&rptName=Annual%20Financial%20Report%20-%20Full%20Report&rpt_unit_in=1280&referrer=byunit,https://gateway.ifionline.org/report_builder/Default3a.aspx?rpttype=afr&rpt=cash_inv_combined&rptName=Cash%20and%20Investments&rpt_unit_in=1280&referrer=byunit,https://gateway.ifionline.org/report_builder/Default3a.aspx?rpttype=employComp&rpt=EmployComp&rptName=Employee%20Compensation&rpt_unit_in=1280&referrer=byunit,
Scott,Jennings Township,72-004.00,Steve Sadler,Trustee,39525.0,6452,6716,2025,601591.76,247367.37,294178.51,171112.31,48066.2,75000.0,554780.62,https://gateway.ifionline.org/report_builder/Default3a.aspx?rpttype=afr&rpt=AFR_PrintFull_public&rptName=Annual%20Financial%20Report%20-%20Full%20Report&rpt_unit_in=1281&referrer=byunit,https://gateway.ifionline.org/report_builder/Default3a.aspx?rpttype=afr&rpt=cash_inv_combined&rptName=Cash%20and%20Investments&rpt_unit_in=1281&referrer=byunit,https://gateway.ifionline.org/report_builder/Default3a.aspx?rpttype=employComp&rpt=EmployComp&rptName=Employee%20Compensation&rpt_unit_in=1281&referrer=byunit,
Scott,Johnson Township,72-005.00,Robbie Combs,Trustee,18000.0,2412,2470,2025,226568.37,125060.8,116214.87,89942.73,26000.0,0,235414.3,https://gateway.ifionline.org/report_builder/Default3a.aspx?rpttype=afr&rpt=AFR_PrintFull_public&rptName=Annual%20Financial%20Report%20-%20Full%20Report&rpt_unit_in=1282&referrer=byunit,https://gateway.ifionline.org/report_builder/Default3a.aspx?rpttype=afr&rpt=cash_inv_combined&rptName=Cash%20and%20Investments&rpt_unit_in=1282&referrer=byunit,https://gateway.ifionline.org/report_builder/Default3a.aspx?rpttype=employComp&rpt=EmployComp&rptName=Employee%20Compensation&rpt_unit_in=1282&referrer=byunit,
Scott,Lexington Township,72-006.00,Deborah Stroud-Hubbard,Trustee,8160.0,3388,3505,2025,142812.46,103946.16,76770.69,76770.69,0,0,169987.93,https://gateway.ifionline.org/report_builder/Default3a.aspx?rpttype=afr&rpt=AFR_PrintFull_public&rptName=Annual%20Financial%20Report%20-%20Full%20Report&rpt_unit_in=1283&referrer=byunit,https://gateway.ifionline.org/report_builder/Default3a.aspx?rpttype=afr&rpt=cash_inv_combined&rptName=Cash%20and%20Investments&rpt_unit_in=1283&referrer=byunit,https://gateway.ifionline.org/report_builder/Default3a.aspx?rpttype=employComp&rpt=EmployComp&rptName=Employee%20Compensation&rpt_unit_in=1283&referrer=byunit,"Multiple trustees on 2025 100R: Deborah Stroud-Hubbard (Trustee) $8,160.00; Rusty Hubbard (Trustee) $4,080.00"
Scott,Vienna Township,72-007.00,Scott Zellers,Trustee,27165.0,10645,10849,2025,332196.8,285619.46,230071.16,180419.94,34435.2,0,387745.1,https://gateway.ifionline.org/report_builder/Default3a.aspx?rpttype=afr&rpt=AFR_PrintFull_public&rptName=Annual%20Financial%20Report%20-%20Full%20Report&rpt_unit_in=1284&referrer=byunit,https://gateway.ifionline.org/report_builder/Default3a.aspx?rpttype=afr&rpt=cash_inv_combined&rptName=Cash%20and%20Investments&rpt_unit_in=1284&referrer=byunit,https://gateway.ifionline.org/report_builder/Default3a.aspx?rpttype=employComp&rpt=EmployComp&rptName=Employee%20Compensation&rpt_unit_in=1284&referrer=byunit,
Shelby,Addison Township,73-003.00,James E Garrett,Trustee,15700.0,21465,22506,2025,281808.47,204575.18,164499.38,133930.44,19213.55,0,321884.27,https://gateway.ifionline.org/report_builder/Default3a.aspx?rpttype=afr&rpt=AFR_PrintFull_public&rptName=Annual%20Financial%20Report%20-%20Full%20Report&rpt_unit_in=1297&referrer=byunit,https://gateway.ifionline.org/report_builder/Default3a.aspx?rpttype=afr&rpt=cash_inv_combined&rptName=Cash%20and%20Investments&rpt_unit_in=1297&referrer=byunit,https://gateway.ifionline.org/report_builder/Default3a.aspx?rpttype=employComp&rpt=EmployComp&rptName=Employee%20Compensation&rpt_unit_in=1297&referrer=byunit,
Shelby,Brandywine Township,73-004.00,Alissa Glackman,Trustee,13000.0,1898,1877,2025,798587.86,112876.04,369211.98,48343.14,2164.49,0,542251.92,https://gateway.ifionline.org/report_builder/Default3a.aspx?rpttype=afr&rpt=AFR_PrintFull_public&rptName=Annual%20Financial%20Report%20-%20Full%20Report&rpt_unit_in=1298&referrer=byunit,https://gateway.ifionline.org/report_builder/Default3a.aspx?rpttype=afr&rpt=cash_inv_combined&rptName=Cash%20and%20Investments&rpt_unit_in=1298&referrer=byunit,https://gateway.ifionline.org/report_builder/Default3a.aspx?rpttype=employComp&rpt=EmployComp&rptName=Employee%20Compensation&rpt_unit_in=1298&referrer=byunit,
Shelby,Hanover Township,73-005.00,Charles KIle,Trustee,21741.96,2219,2183,2025,727125.84,192167.79,98149.75,90330.34,5530.75,0,821143.88,https://gateway.ifionline.org/report_builder/Default3a.aspx?rpttype=afr&rpt=AFR_PrintFull_public&rptName=Annual%20Financial%20Report%20-%20Full%20Report&rpt_unit_in=1299&referrer=byunit,https://gateway.ifionline.org/report_builder/Default3a.aspx?rpttype=afr&rpt=cash_inv_combined&rptName=Cash%20and%20Investments&rpt_unit_in=1299&referrer=byunit,https://gateway.ifionline.org/report_builder/Default3a.aspx?rpttype=employComp&rpt=EmployComp&rptName=Employee%20Compensation&rpt_unit_in=1299&referrer=byunit,
Shelby,Hendricks Township,73-006.00,Eric Smith,Trustee,11815.87,1211,1195,2025,73041.78,57758.23,51800.19,50971.51,500.0,0,78999.82,https://gateway.ifionline.org/report_builder/Default3a.aspx?rpttype=afr&rpt=AFR_PrintFull_public&rptName=Annual%20Financial%20Report%20-%20Full%20Report&rpt_unit_in=1300&referrer=byunit,https://gateway.ifionline.org/report_builder/Default3a.aspx?rpttype=afr&rpt=cash_inv_combined&rptName=Cash%20and%20Investments&rpt_unit_in=1300&referrer=byunit,https://gateway.ifionline.org/report_builder/Default3a.aspx?rpttype=employComp&rpt=EmployComp&rptName=Employee%20Compensation&rpt_unit_in=1300&referrer=byunit,"Multiple trustees on 2025 100R: Eric Smith (Trustee) $11,815.87; Amanda Tennell (Trustee) $1,074.17"
Shelby,Jackson Township,73-007.00,Janice Pile,Trustee,12499.92,1997,1989,2025,334655.65,136818.89,43924.34,42280.43,687.67,0,427550.2,https://gateway.ifionline.org/report_builder/Default3a.aspx?rpttype=afr&rpt=AFR_PrintFull_public&rptName=Annual%20Financial%20Report%20-%20Full%20Report&rpt_unit_in=1301&referrer=byunit,https://gateway.ifionline.org/report_builder/Default3a.aspx?rpttype=afr&rpt=cash_inv_combined&rptName=Cash%20and%20Investments&rpt_unit_in=1301&referrer=byunit,https://gateway.ifionline.org/report_builder/Default3a.aspx?rpttype=employComp&rpt=EmployComp&rptName=Employee%20Compensation&rpt_unit_in=1301&referrer=byunit,
Shelby,Liberty Township,73-008.00,Ryan Haehl,Trustee,8000.0,1765,1734,2025,146781.92,108981.56,40768.67,38689.15,1130.9,0,214994.81,https://gateway.ifionline.org/report_builder/Default3a.aspx?rpttype=afr&rpt=AFR_PrintFull_public&rptName=Annual%20Financial%20Report%20-%20Full%20Report&rpt_unit_in=1302&referrer=byunit,https://gateway.ifionline.org/report_builder/Default3a.aspx?rpttype=afr&rpt=cash_inv_combined&rptName=Cash%20and%20Investments&rpt_unit_in=1302&referrer=byunit,https://gateway.ifionline.org/report_builder/Default3a.aspx?rpttype=employComp&rpt=EmployComp&rptName=Employee%20Compensation&rpt_unit_in=1302&referrer=byunit,
Shelby,Marion Township,73-009.00,Amy G McQueen,Trustee,12600.0,1928,1930,2025,354555.5,99753.06,65156.88,60007.41,2247.82,0,389151.68,https://gateway.ifionline.org/report_builder/Default3a.aspx?rpttype=afr&rpt=AFR_PrintFull_public&rptName=Annual%20Financial%20Report%20-%20Full%20Report&rpt_unit_in=1303&referrer=byunit,https://gateway.ifionline.org/report_builder/Default3a.aspx?rpttype=afr&rpt=cash_inv_combined&rptName=Cash%20and%20Investments&rpt_unit_in=1303&referrer=byunit,https://gateway.ifionline.org/report_builder/Default3a.aspx?rpttype=employComp&rpt=EmployComp&rptName=Employee%20Compensation&rpt_unit_in=1303&referrer=byunit,
Shelby,Moral Township,73-010.00,Lyle Lepper,Trustee,29314.92,4628,4593,2025,1042857.9,423422.48,430586.84,280874.01,5887.92,136006.04,1035693.54,https://gateway.ifionline.org/report_builder/Default3a.aspx?rpttype=afr&rpt=AFR_PrintFull_public&rptName=Annual%20Financial%20Report%20-%20Full%20Report&rpt_unit_in=1304&referrer=byunit,https://gateway.ifionline.org/report_builder/Default3a.aspx?rpttype=afr&rpt=cash_inv_combined&rptName=Cash%20and%20Investments&rpt_unit_in=1304&referrer=byunit,https://gateway.ifionline.org/report_builder/Default3a.aspx?rpttype=employComp&rpt=EmployComp&rptName=Employee%20Compensation&rpt_unit_in=1304&referrer=byunit,
Shelby,Noble Township,73-011.00,Nicole R Lemmons,Trustee,7399.21,1422,1415,2025,184996.34,74013.0,70356.84,66894.15,2444.65,0,188652.5,https://gateway.ifionline.org/report_builder/Default3a.aspx?rpttype=afr&rpt=AFR_PrintFull_public&rptName=Annual%20Financial%20Report%20-%20Full%20Report&rpt_unit_in=1305&referrer=byunit,https://gateway.ifionline.org/report_builder/Default3a.aspx?rpttype=afr&rpt=cash_inv_combined&rptName=Cash%20and%20Investments&rpt_unit_in=1305&referrer=byunit,https://gateway.ifionline.org/report_builder/Default3a.aspx?rpttype=employComp&rpt=EmployComp&rptName=Employee%20Compensation&rpt_unit_in=1305&referrer=byunit,
Shelby,Shelby Township,73-012.00,James Montgomery,Trustee,12525.0,1882,1873,2025,641229.69,173218.36,141898.17,124644.39,12187.58,0,672549.88,https://gateway.ifionline.org/report_builder/Default3a.aspx?rpttype=afr&rpt=AFR_PrintFull_public&rptName=Annual%20Financial%20Report%20-%20Full%20Report&rpt_unit_in=1306&referrer=byunit,https://gateway.ifionline.org/report_builder/Default3a.aspx?rpttype=afr&rpt=cash_inv_combined&rptName=Cash%20and%20Investments&rpt_unit_in=1306&referrer=byunit,https://gateway.ifionline.org/report_builder/Default3a.aspx?rpttype=employComp&rpt=EmployComp&rptName=Employee%20Compensation&rpt_unit_in=1306&referrer=byunit,
Shelby,Sugar Creek Township,73-013.00,Angelia Carson,Sugar Creek Township Trustee,10600.0,1072,1059,2025,205402.39,48344.62,123985.41,119626.73,2300.0,0,129761.6,https://gateway.ifionline.org/report_builder/Default3a.aspx?rpttype=afr&rpt=AFR_PrintFull_public&rptName=Annual%20Financial%20Report%20-%20Full%20Report&rpt_unit_in=1307&referrer=byunit,https://gateway.ifionline.org/report_builder/Default3a.aspx?rpttype=afr&rpt=cash_inv_combined&rptName=Cash%20and%20Investments&rpt_unit_in=1307&referrer=byunit,https://gateway.ifionline.org/report_builder/Default3a.aspx?rpttype=employComp&rpt=EmployComp&rptName=Employee%20Compensation&rpt_unit_in=1307&referrer=byunit,
Shelby,Union Township,73-014.00,Michael G Theobald,Trustee,12999.96,929,919,2025,189016.84,71351.4,56178.51,53424.95,549.16,0,204189.73,https://gateway.ifionline.org/report_builder/Default3a.aspx?rpttype=afr&rpt=AFR_PrintFull_public&rptName=Annual%20Financial%20Report%20-%20Full%20Report&rpt_unit_in=1308&referrer=byunit,https://gateway.ifionline.org/report_builder/Default3a.aspx?rpttype=afr&rpt=cash_inv_combined&rptName=Cash%20and%20Investments&rpt_unit_in=1308&referrer=byunit,https://gateway.ifionline.org/report_builder/Default3a.aspx?rpttype=employComp&rpt=EmployComp&rptName=Employee%20Compensation&rpt_unit_in=1308&referrer=byunit,
Shelby,Van Buren Township,73-015.00,Kimberly Koehl,trustee,8400.0,1453,1436,2025,138452.23,148816.25,123375.76,121217.85,0,0,163892.72,https://gateway.ifionline.org/report_builder/Default3a.aspx?rpttype=afr&rpt=AFR_PrintFull_public&rptName=Annual%20Financial%20Report%20-%20Full%20Report&rpt_unit_in=1309&referrer=byunit,https://gateway.ifionline.org/report_builder/Default3a.aspx?rpttype=afr&rpt=cash_inv_combined&rptName=Cash%20and%20Investments&rpt_unit_in=1309&referrer=byunit,https://gateway.ifionline.org/report_builder/Default3a.aspx?rpttype=employComp&rpt=EmployComp&rptName=Employee%20Compensation&rpt_unit_in=1309&referrer=byunit,
Shelby,Washington Township,73-016.00,Gabriel P Babinec,Trustee,11100.0,1184,1173,2025,153226.43,70443.57,35534.28,35063.39,325.0,0,188135.72,https://gateway.ifionline.org/report_builder/Default3a.aspx?rpttype=afr&rpt=AFR_PrintFull_public&rptName=Annual%20Financial%20Report%20-%20Full%20Report&rpt_unit_in=1310&referrer=byunit,https://gateway.ifionline.org/report_builder/Default3a.aspx?rpttype=afr&rpt=cash_inv_combined&rptName=Cash%20and%20Investments&rpt_unit_in=1310&referrer=byunit,https://gateway.ifionline.org/report_builder/Default3a.aspx?rpttype=employComp&rpt=EmployComp&rptName=Employee%20Compensation&rpt_unit_in=1310&referrer=byunit,
Spencer,Carter Township,74-007.00,Angie Schmidt,Trustee,10800.0,3231,3236,2025,110339.89,49933.93,34333.54,19631.6,10050.65,0,125940.28,https://gateway.ifionline.org/report_builder/Default3a.aspx?rpttype=afr&rpt=AFR_PrintFull_public&rptName=Annual%20Financial%20Report%20-%20Full%20Report&rpt_unit_in=1328&referrer=byunit,https://gateway.ifionline.org/report_builder/Default3a.aspx?rpttype=afr&rpt=cash_inv_combined&rptName=Cash%20and%20Investments&rpt_unit_in=1328&referrer=byunit,https://gateway.ifionline.org/report_builder/Default3a.aspx?rpttype=employComp&rpt=EmployComp&rptName=Employee%20Compensation&rpt_unit_in=1328&referrer=byunit,
Spencer,Clay Township,74-008.00,Debra Kroeger,Trustee,14000.0,2862,2920,2025,61831.76,56055.54,50609.14,44697.81,5375.33,0,67278.16,https://gateway.ifionline.org/report_builder/Default3a.aspx?rpttype=afr&rpt=AFR_PrintFull_public&rptName=Annual%20Financial%20Report%20-%20Full%20Report&rpt_unit_in=1329&referrer=byunit,https://gateway.ifionline.org/report_builder/Default3a.aspx?rpttype=afr&rpt=cash_inv_combined&rptName=Cash%20and%20Investments&rpt_unit_in=1329&referrer=byunit,https://gateway.ifionline.org/report_builder/Default3a.aspx?rpttype=employComp&rpt=EmployComp&rptName=Employee%20Compensation&rpt_unit_in=1329&referrer=byunit,
Spencer,Grass Township,74-009.00,LeGeanne Thomas,Trustee,13000.0,1110,1120,2025,627825.66,185776.32,191180.04,169368.91,0,161.0,622421.94,https://gateway.ifionline.org/report_builder/Default3a.aspx?rpttype=afr&rpt=AFR_PrintFull_public&rptName=Annual%20Financial%20Report%20-%20Full%20Report&rpt_unit_in=1330&referrer=byunit,https://gateway.ifionline.org/report_builder/Default3a.aspx?rpttype=afr&rpt=cash_inv_combined&rptName=Cash%20and%20Investments&rpt_unit_in=1330&referrer=byunit,https://gateway.ifionline.org/report_builder/Default3a.aspx?rpttype=employComp&rpt=EmployComp&rptName=Employee%20Compensation&rpt_unit_in=1330&referrer=byunit,
Spencer,Hammond Township,74-010.00,Betty J Lynam,Trustee,12000.0,1623,1645,2025,253453.38,84039.3,85435.27,35244.29,9903.74,36610.0,252057.41,https://gateway.ifionline.org/report_builder/Default3a.aspx?rpttype=afr&rpt=AFR_PrintFull_public&rptName=Annual%20Financial%20Report%20-%20Full%20Report&rpt_unit_in=1331&referrer=byunit,https://gateway.ifionline.org/report_builder/Default3a.aspx?rpttype=afr&rpt=cash_inv_combined&rptName=Cash%20and%20Investments&rpt_unit_in=1331&referrer=byunit,https://gateway.ifionline.org/report_builder/Default3a.aspx?rpttype=employComp&rpt=EmployComp&rptName=Employee%20Compensation&rpt_unit_in=1331&referrer=byunit,
Spencer,Harrison Township,74-011.00,Tracey Gelarden,TRUSTEE,7200.0,1919,1940,2025,315250.16,49200.37,31172.06,26706.0,3708.45,0,333278.47,https://gateway.ifionline.org/report_builder/Default3a.aspx?rpttype=afr&rpt=AFR_PrintFull_public&rptName=Annual%20Financial%20Report%20-%20Full%20Report&rpt_unit_in=1332&referrer=byunit,https://gateway.ifionline.org/report_builder/Default3a.aspx?rpttype=afr&rpt=cash_inv_combined&rptName=Cash%20and%20Investments&rpt_unit_in=1332&referrer=byunit,https://gateway.ifionline.org/report_builder/Default3a.aspx?rpttype=employComp&rpt=EmployComp&rptName=Employee%20Compensation&rpt_unit_in=1332&referrer=byunit,
Spencer,Huff Township,74-012.00,Richard Woznicki,Trustee,5600.0,1034,1046,2025,61836.9,31403.78,23724.05,11180.91,859.0,0,69516.63,https://gateway.ifionline.org/report_builder/Default3a.aspx?rpttype=afr&rpt=AFR_PrintFull_public&rptName=Annual%20Financial%20Report%20-%20Full%20Report&rpt_unit_in=1333&referrer=byunit,https://gateway.ifionline.org/report_builder/Default3a.aspx?rpttype=afr&rpt=cash_inv_combined&rptName=Cash%20and%20Investments&rpt_unit_in=1333&referrer=byunit,https://gateway.ifionline.org/report_builder/Default3a.aspx?rpttype=employComp&rpt=EmployComp&rptName=Employee%20Compensation&rpt_unit_in=1333&referrer=byunit,
Spencer,Jackson Township,74-013.00,Julie Walls,TRUSTEE,5200.0,813,834,2025,148361.31,56292.99,37269.38,24339.78,3929.6,9000.0,167384.92,https://gateway.ifionline.org/report_builder/Default3a.aspx?rpttype=afr&rpt=AFR_PrintFull_public&rptName=Annual%20Financial%20Report%20-%20Full%20Report&rpt_unit_in=1334&referrer=byunit,https://gateway.ifionline.org/report_builder/Default3a.aspx?rpttype=afr&rpt=cash_inv_combined&rptName=Cash%20and%20Investments&rpt_unit_in=1334&referrer=byunit,https://gateway.ifionline.org/report_builder/Default3a.aspx?rpttype=employComp&rpt=EmployComp&rptName=Employee%20Compensation&rpt_unit_in=1334&referrer=byunit,
Spencer,Luce Township,74-014.00,Jeremy Gorman,Trustee,24804.0,2377,2434,2025,828249.57,519906.96,415903.0,274454.26,16152.22,111354.31,932253.53,https://gateway.ifionline.org/report_builder/Default3a.aspx?rpttype=afr&rpt=AFR_PrintFull_public&rptName=Annual%20Financial%20Report%20-%20Full%20Report&rpt_unit_in=1335&referrer=byunit,https://gateway.ifionline.org/report_builder/Default3a.aspx?rpttype=afr&rpt=cash_inv_combined&rptName=Cash%20and%20Investments&rpt_unit_in=1335&referrer=byunit,https://gateway.ifionline.org/report_builder/Default3a.aspx?rpttype=employComp&rpt=EmployComp&rptName=Employee%20Compensation&rpt_unit_in=1335&referrer=byunit,
Spencer,Ohio Township,74-015.00,Jon E Hargis,TRUSTEE,16223.0,4840,4886,2025,1062242.86,1173369.7,1014317.98,421183.21,27211.12,61870.14,1221294.58,https://gateway.ifionline.org/report_builder/Default3a.aspx?rpttype=afr&rpt=AFR_PrintFull_public&rptName=Annual%20Financial%20Report%20-%20Full%20Report&rpt_unit_in=1336&referrer=byunit,https://gateway.ifionline.org/report_builder/Default3a.aspx?rpttype=afr&rpt=cash_inv_combined&rptName=Cash%20and%20Investments&rpt_unit_in=1336&referrer=byunit,https://gateway.ifionline.org/report_builder/Default3a.aspx?rpttype=employComp&rpt=EmployComp&rptName=Employee%20Compensation&rpt_unit_in=1336&referrer=byunit,
St. Joseph,Centre Township,71-021.00,Judith Galloway,Trustee,44999.93,14400,14444,2025,2728518.56,5631807.26,6258130.8,2018890.38,12841.05,424917.34,2102195.02,https://gateway.ifionline.org/report_builder/Default3a.aspx?rpttype=afr&rpt=AFR_PrintFull_public&rptName=Annual%20Financial%20Report%20-%20Full%20Report&rpt_unit_in=1239&referrer=byunit,https://gateway.ifionline.org/report_builder/Default3a.aspx?rpttype=afr&rpt=cash_inv_combined&rptName=Cash%20and%20Investments&rpt_unit_in=1239&referrer=byunit,https://gateway.ifionline.org/report_builder/Default3a.aspx?rpttype=employComp&rpt=EmployComp&rptName=Employee%20Compensation&rpt_unit_in=1239&referrer=byunit,
St. Joseph,Clay Township,71-022.00,Sean Obrien,Trustee,34999.9,34189,34221,2025,18180683.01,18215999.42,18576986.02,11729866.8,29477.82,3543070.9,17819696.41,https://gateway.ifionline.org/report_builder/Default3a.aspx?rpttype=afr&rpt=AFR_PrintFull_public&rptName=Annual%20Financial%20Report%20-%20Full%20Report&rpt_unit_in=1240&referrer=byunit,https://gateway.ifionline.org/report_builder/Default3a.aspx?rpttype=afr&rpt=cash_inv_combined&rptName=Cash%20and%20Investments&rpt_unit_in=1240&referrer=byunit,https://gateway.ifionline.org/report_builder/Default3a.aspx?rpttype=employComp&rpt=EmployComp&rptName=Employee%20Compensation&rpt_unit_in=1240&referrer=byunit,
St. Joseph,German Township,71-023.00,Jennifer Robinson,Trustee,19100.0,10001,10030,2025,1053689.4,283163.6,476033.59,162699.75,34026.22,66470.0,860819.41,https://gateway.ifionline.org/report_builder/Default3a.aspx?rpttype=afr&rpt=AFR_PrintFull_public&rptName=Annual%20Financial%20Report%20-%20Full%20Report&rpt_unit_in=1241&referrer=byunit,https://gateway.ifionline.org/report_builder/Default3a.aspx?rpttype=afr&rpt=cash_inv_combined&rptName=Cash%20and%20Investments&rpt_unit_in=1241&referrer=byunit,https://gateway.ifionline.org/report_builder/Default3a.aspx?rpttype=employComp&rpt=EmployComp&rptName=Employee%20Compensation&rpt_unit_in=1241&referrer=byunit,
St. Joseph,Greene Township,71-024.00,Breanne Goodsell,Trustee,22000.0,2948,2947,2025,994744.33,127812.31,69291.9,65428.16,1501.06,0,1053264.74,https://gateway.ifionline.org/report_builder/Default3a.aspx?rpttype=afr&rpt=AFR_PrintFull_public&rptName=Annual%20Financial%20Report%20-%20Full%20Report&rpt_unit_in=1242&referrer=byunit,https://gateway.ifionline.org/report_builder/Default3a.aspx?rpttype=afr&rpt=cash_inv_combined&rptName=Cash%20and%20Investments&rpt_unit_in=1242&referrer=byunit,https://gateway.ifionline.org/report_builder/Default3a.aspx?rpttype=employComp&rpt=EmployComp&rptName=Employee%20Compensation&rpt_unit_in=1242&referrer=byunit,
St. Joseph,Harris Township,71-025.00,Kenneth Lindsay,Trustee,43998.0,24495,24560,2025,1462778.46,2789171.23,1153450.08,178673.99,4824.34,342285.45,3098499.61,https://gateway.ifionline.org/report_builder/Default3a.aspx?rpttype=afr&rpt=AFR_PrintFull_public&rptName=Annual%20Financial%20Report%20-%20Full%20Report&rpt_unit_in=1243&referrer=byunit,https://gateway.ifionline.org/report_builder/Default3a.aspx?rpttype=afr&rpt=cash_inv_combined&rptName=Cash%20and%20Investments&rpt_unit_in=1243&referrer=byunit,https://gateway.ifionline.org/report_builder/Default3a.aspx?rpttype=employComp&rpt=EmployComp&rptName=Employee%20Compensation&rpt_unit_in=1243&referrer=byunit,
St. Joseph,Liberty Township,71-026.00,Emily F Dittmar,Trustee,62907.21,3405,3400,2025,3832875.1,2018619.19,1323433.29,1214166.84,4370.27,52796.42,4528061.0,https://gateway.ifionline.org/report_builder/Default3a.aspx?rpttype=afr&rpt=AFR_PrintFull_public&rptName=Annual%20Financial%20Report%20-%20Full%20Report&rpt_unit_in=1244&referrer=byunit,https://gateway.ifionline.org/report_builder/Default3a.aspx?rpttype=afr&rpt=cash_inv_combined&rptName=Cash%20and%20Investments&rpt_unit_in=1244&referrer=byunit,https://gateway.ifionline.org/report_builder/Default3a.aspx?rpttype=employComp&rpt=EmployComp&rptName=Employee%20Compensation&rpt_unit_in=1244&referrer=byunit,
St. Joseph,Lincoln Township,71-027.00,Charles Kulp,Trustee,19919.9,2873,2847,2025,222812.95,124296.04,191559.83,77183.3,12126.13,94471.33,155549.16,https://gateway.ifionline.org/report_builder/Default3a.aspx?rpttype=afr&rpt=AFR_PrintFull_public&rptName=Annual%20Financial%20Report%20-%20Full%20Report&rpt_unit_in=1245&referrer=byunit,https://gateway.ifionline.org/report_builder/Default3a.aspx?rpttype=afr&rpt=cash_inv_combined&rptName=Cash%20and%20Investments&rpt_unit_in=1245&referrer=byunit,https://gateway.ifionline.org/report_builder/Default3a.aspx?rpttype=employComp&rpt=EmployComp&rptName=Employee%20Compensation&rpt_unit_in=1245&referrer=byunit,
St. Joseph,Madison Township,71-028.00,Scott Laidig,Trustee,14000.0,1794,1788,2025,587209.89,390792.48,566692.39,274334.31,0,281406.6,411309.98,https://gateway.ifionline.org/report_builder/Default3a.aspx?rpttype=afr&rpt=AFR_PrintFull_public&rptName=Annual%20Financial%20Report%20-%20Full%20Report&rpt_unit_in=1246&referrer=byunit,https://gateway.ifionline.org/report_builder/Default3a.aspx?rpttype=afr&rpt=cash_inv_combined&rptName=Cash%20and%20Investments&rpt_unit_in=1246&referrer=byunit,https://gateway.ifionline.org/report_builder/Default3a.aspx?rpttype=employComp&rpt=EmployComp&rptName=Employee%20Compensation&rpt_unit_in=1246&referrer=byunit,
St. Joseph,Olive Township,71-029.00,Will Miller,Trustee,24999.96,4354,4337,2025,2335353.1,4895332.78,5020655.44,4189088.27,0,216908.06,2210030.44,https://gateway.ifionline.org/report_builder/Default3a.aspx?rpttype=afr&rpt=AFR_PrintFull_public&rptName=Annual%20Financial%20Report%20-%20Full%20Report&rpt_unit_in=1247&referrer=byunit,https://gateway.ifionline.org/report_builder/Default3a.aspx?rpttype=afr&rpt=cash_inv_combined&rptName=Cash%20and%20Investments&rpt_unit_in=1247&referrer=byunit,https://gateway.ifionline.org/report_builder/Default3a.aspx?rpttype=employComp&rpt=EmployComp&rptName=Employee%20Compensation&rpt_unit_in=1247&referrer=byunit,
St. Joseph,Penn Township,71-030.00,Doris Portolese,Trustee,56548.96,68655,68726,2025,10365532.97,7769561.74,6976858.73,5813786.84,65913.99,64522.0,11158235.98,https://gateway.ifionline.org/report_builder/Default3a.aspx?rpttype=afr&rpt=AFR_PrintFull_public&rptName=Annual%20Financial%20Report%20-%20Full%20Report&rpt_unit_in=1248&referrer=byunit,https://gateway.ifionline.org/report_builder/Default3a.aspx?rpttype=afr&rpt=cash_inv_combined&rptName=Cash%20and%20Investments&rpt_unit_in=1248&referrer=byunit,https://gateway.ifionline.org/report_builder/Default3a.aspx?rpttype=employComp&rpt=EmployComp&rptName=Employee%20Compensation&rpt_unit_in=1248&referrer=byunit,
St. Joseph,Portage Township,71-031.00,Jason Critchlow,Trustee,84999.98,94534,94293,2025,905433.13,14302931.72,11557060.52,8312130.12,331095.54,1452640.4,3651304.33,https://gateway.ifionline.org/report_builder/Default3a.aspx?rpttype=afr&rpt=AFR_PrintFull_public&rptName=Annual%20Financial%20Report%20-%20Full%20Report&rpt_unit_in=1249&referrer=byunit,https://gateway.ifionline.org/report_builder/Default3a.aspx?rpttype=afr&rpt=cash_inv_combined&rptName=Cash%20and%20Investments&rpt_unit_in=1249&referrer=byunit,https://gateway.ifionline.org/report_builder/Default3a.aspx?rpttype=employComp&rpt=EmployComp&rptName=Employee%20Compensation&rpt_unit_in=1249&referrer=byunit,
St. Joseph,Union Township,71-032.00,Kelly Carrico,Trustee,40000.0,3484,3481,2025,1453605.86,2570678.93,1527309.18,1150558.52,14876.98,166523.62,2496975.61,https://gateway.ifionline.org/report_builder/Default3a.aspx?rpttype=afr&rpt=AFR_PrintFull_public&rptName=Annual%20Financial%20Report%20-%20Full%20Report&rpt_unit_in=1250&referrer=byunit,https://gateway.ifionline.org/report_builder/Default3a.aspx?rpttype=afr&rpt=cash_inv_combined&rptName=Cash%20and%20Investments&rpt_unit_in=1250&referrer=byunit,https://gateway.ifionline.org/report_builder/Default3a.aspx?rpttype=employComp&rpt=EmployComp&rptName=Employee%20Compensation&rpt_unit_in=1250&referrer=byunit,
St. Joseph,Warren Township,71-033.00,Robert Kruszynski,Trustee,22916.63,7778,7787,2025,840304.08,1562875.99,1718453.81,408287.13,0,954000.0,684726.26,https://gateway.ifionline.org/report_builder/Default3a.aspx?rpttype=afr&rpt=AFR_PrintFull_public&rptName=Annual%20Financial%20Report%20-%20Full%20Report&rpt_unit_in=1251&referrer=byunit,https://gateway.ifionline.org/report_builder/Default3a.aspx?rpttype=afr&rpt=cash_inv_combined&rptName=Cash%20and%20Investments&rpt_unit_in=1251&referrer=byunit,https://gateway.ifionline.org/report_builder/Default3a.aspx?rpttype=employComp&rpt=EmployComp&rptName=Employee%20Compensation&rpt_unit_in=1251&referrer=byunit,
Starke,California Township,75-004.00,Sheri L Bartoli,Trustee,15400.0,2137,2156,2025,2586130.83,736266.85,492087.46,284211.75,7389.96,187403.43,2830310.22,https://gateway.ifionline.org/report_builder/Default3a.aspx?rpttype=afr&rpt=AFR_PrintFull_public&rptName=Annual%20Financial%20Report%20-%20Full%20Report&rpt_unit_in=1352&referrer=byunit,https://gateway.ifionline.org/report_builder/Default3a.aspx?rpttype=afr&rpt=cash_inv_combined&rptName=Cash%20and%20Investments&rpt_unit_in=1352&referrer=byunit,https://gateway.ifionline.org/report_builder/Default3a.aspx?rpttype=employComp&rpt=EmployComp&rptName=Employee%20Compensation&rpt_unit_in=1352&referrer=byunit,
Starke,Center Township,75-005.00,Aaron Anderson,Trustee,11340.0,6141,6114,2025,196414.49,199548.33,115660.96,74380.24,1157.8,0,280301.86,https://gateway.ifionline.org/report_builder/Default3a.aspx?rpttype=afr&rpt=AFR_PrintFull_public&rptName=Annual%20Financial%20Report%20-%20Full%20Report&rpt_unit_in=1353&referrer=byunit,https://gateway.ifionline.org/report_builder/Default3a.aspx?rpttype=afr&rpt=cash_inv_combined&rptName=Cash%20and%20Investments&rpt_unit_in=1353&referrer=byunit,https://gateway.ifionline.org/report_builder/Default3a.aspx?rpttype=employComp&rpt=EmployComp&rptName=Employee%20Compensation&rpt_unit_in=1353&referrer=byunit,
Starke,Davis Township,75-006.00,Tiffany Nagai,Trustee,7000.0,981,986,2025,74358.63,120050.6,109592.34,47056.84,0,0,84816.89,https://gateway.ifionline.org/report_builder/Default3a.aspx?rpttype=afr&rpt=AFR_PrintFull_public&rptName=Annual%20Financial%20Report%20-%20Full%20Report&rpt_unit_in=1354&referrer=byunit,https://gateway.ifionline.org/report_builder/Default3a.aspx?rpttype=afr&rpt=cash_inv_combined&rptName=Cash%20and%20Investments&rpt_unit_in=1354&referrer=byunit,https://gateway.ifionline.org/report_builder/Default3a.aspx?rpttype=employComp&rpt=EmployComp&rptName=Employee%20Compensation&rpt_unit_in=1354&referrer=byunit,
Starke,Jackson Township,75-007.00,Robert Schmidt,Trustee,4200.0,538,537,2025,86437.73,35736.43,34315.81,32657.38,0,0,87858.35,https://gateway.ifionline.org/report_builder/Default3a.aspx?rpttype=afr&rpt=AFR_PrintFull_public&rptName=Annual%20Financial%20Report%20-%20Full%20Report&rpt_unit_in=1355&referrer=byunit,https://gateway.ifionline.org/report_builder/Default3a.aspx?rpttype=afr&rpt=cash_inv_combined&rptName=Cash%20and%20Investments&rpt_unit_in=1355&referrer=byunit,https://gateway.ifionline.org/report_builder/Default3a.aspx?rpttype=employComp&rpt=EmployComp&rptName=Employee%20Compensation&rpt_unit_in=1355&referrer=byunit,
Starke,North Bend Township,75-008.00,Lynn Vesely,Trustee,17832.0,1502,1511,2025,434273.25,146796.99,130996.44,122733.19,8143.25,0,450073.8,https://gateway.ifionline.org/report_builder/Default3a.aspx?rpttype=afr&rpt=AFR_PrintFull_public&rptName=Annual%20Financial%20Report%20-%20Full%20Report&rpt_unit_in=1356&referrer=byunit,https://gateway.ifionline.org/report_builder/Default3a.aspx?rpttype=afr&rpt=cash_inv_combined&rptName=Cash%20and%20Investments&rpt_unit_in=1356&referrer=byunit,https://gateway.ifionline.org/report_builder/Default3a.aspx?rpttype=employComp&rpt=EmployComp&rptName=Employee%20Compensation&rpt_unit_in=1356&referrer=byunit,
Starke,Oregon Township,75-009.00,Mark Allen,TRUSTEE,13500.0,3260,3282,2025,521374.0,302961.35,233727.16,169492.78,0,60772.99,590608.19,https://gateway.ifionline.org/report_builder/Default3a.aspx?rpttype=afr&rpt=AFR_PrintFull_public&rptName=Annual%20Financial%20Report%20-%20Full%20Report&rpt_unit_in=1357&referrer=byunit,https://gateway.ifionline.org/report_builder/Default3a.aspx?rpttype=afr&rpt=cash_inv_combined&rptName=Cash%20and%20Investments&rpt_unit_in=1357&referrer=byunit,https://gateway.ifionline.org/report_builder/Default3a.aspx?rpttype=employComp&rpt=EmployComp&rptName=Employee%20Compensation&rpt_unit_in=1357&referrer=byunit,
Starke,Railroad Township,75-010.00,Katherine Chaffins,Trustee,16000.0,1215,1219,2025,574607.6,446460.83,227198.25,218524.67,2620.48,0,793870.18,https://gateway.ifionline.org/report_builder/Default3a.aspx?rpttype=afr&rpt=AFR_PrintFull_public&rptName=Annual%20Financial%20Report%20-%20Full%20Report&rpt_unit_in=1358&referrer=byunit,https://gateway.ifionline.org/report_builder/Default3a.aspx?rpttype=afr&rpt=cash_inv_combined&rptName=Cash%20and%20Investments&rpt_unit_in=1358&referrer=byunit,https://gateway.ifionline.org/report_builder/Default3a.aspx?rpttype=employComp&rpt=EmployComp&rptName=Employee%20Compensation&rpt_unit_in=1358&referrer=byunit,
Starke,Washington Township,75-011.00,", Cathy Benko",TRUSTEE,13500.0,2987,3017,2025,289990.82,329080.11,326084.75,68513.29,5937.85,0,292986.18,https://gateway.ifionline.org/report_builder/Default3a.aspx?rpttype=afr&rpt=AFR_PrintFull_public&rptName=Annual%20Financial%20Report%20-%20Full%20Report&rpt_unit_in=1359&referrer=byunit,https://gateway.ifionline.org/report_builder/Default3a.aspx?rpttype=afr&rpt=cash_inv_combined&rptName=Cash%20and%20Investments&rpt_unit_in=1359&referrer=byunit,https://gateway.ifionline.org/report_builder/Default3a.aspx?rpttype=employComp&rpt=EmployComp&rptName=Employee%20Compensation&rpt_unit_in=1359&referrer=byunit,
Starke,Wayne Township,75-012.00,Donna Woods,TRUSTEE,17000.0,4620,4603,2025,498592.26,60072.16,77263.41,60623.89,6377.83,0,481401.01,https://gateway.ifionline.org/report_builder/Default3a.aspx?rpttype=afr&rpt=AFR_PrintFull_public&rptName=Annual%20Financial%20Report%20-%20Full%20Report&rpt_unit_in=1360&referrer=byunit,https://gateway.ifionline.org/report_builder/Default3a.aspx?rpttype=afr&rpt=cash_inv_combined&rptName=Cash%20and%20Investments&rpt_unit_in=1360&referrer=byunit,https://gateway.ifionline.org/report_builder/Default3a.aspx?rpttype=employComp&rpt=EmployComp&rptName=Employee%20Compensation&rpt_unit_in=1360&referrer=byunit,
Steuben,Clear Lake Township,76-008.00,Leona Sattison,Trustee,17408.0,811,830,2025,263764.73,64670.38,103002.37,92347.64,9120.61,0,225432.74,https://gateway.ifionline.org/report_builder/Default3a.aspx?rpttype=afr&rpt=AFR_PrintFull_public&rptName=Annual%20Financial%20Report%20-%20Full%20Report&rpt_unit_in=1375&referrer=byunit,https://gateway.ifionline.org/report_builder/Default3a.aspx?rpttype=afr&rpt=cash_inv_combined&rptName=Cash%20and%20Investments&rpt_unit_in=1375&referrer=byunit,https://gateway.ifionline.org/report_builder/Default3a.aspx?rpttype=employComp&rpt=EmployComp&rptName=Employee%20Compensation&rpt_unit_in=1375&referrer=byunit,
Steuben,Fremont Township,76-009.00,Rodney Peterson,TRUSTEE,8000.0,2903,2930,2025,158034.21,83442.09,79261.05,71069.68,8191.37,0,162215.25,https://gateway.ifionline.org/report_builder/Default3a.aspx?rpttype=afr&rpt=AFR_PrintFull_public&rptName=Annual%20Financial%20Report%20-%20Full%20Report&rpt_unit_in=1376&referrer=byunit,https://gateway.ifionline.org/report_builder/Default3a.aspx?rpttype=afr&rpt=cash_inv_combined&rptName=Cash%20and%20Investments&rpt_unit_in=1376&referrer=byunit,https://gateway.ifionline.org/report_builder/Default3a.aspx?rpttype=employComp&rpt=EmployComp&rptName=Employee%20Compensation&rpt_unit_in=1376&referrer=byunit,
Steuben,Jackson Township,76-010.00,Cory Garman,TRUSTEE,7200.0,1687,1717,2025,292671.46,99460.08,96596.49,90205.18,1508.98,0,295535.05,https://gateway.ifionline.org/report_builder/Default3a.aspx?rpttype=afr&rpt=AFR_PrintFull_public&rptName=Annual%20Financial%20Report%20-%20Full%20Report&rpt_unit_in=1377&referrer=byunit,https://gateway.ifionline.org/report_builder/Default3a.aspx?rpttype=afr&rpt=cash_inv_combined&rptName=Cash%20and%20Investments&rpt_unit_in=1377&referrer=byunit,https://gateway.ifionline.org/report_builder/Default3a.aspx?rpttype=employComp&rpt=EmployComp&rptName=Employee%20Compensation&rpt_unit_in=1377&referrer=byunit,
Steuben,Jamestown Township,76-011.00,Angela Corcimiglia,Trustee,24000.0,3208,3263,2025,1330797.14,640137.93,595320.13,478470.39,18363.6,0,1375614.94,https://gateway.ifionline.org/report_builder/Default3a.aspx?rpttype=afr&rpt=AFR_PrintFull_public&rptName=Annual%20Financial%20Report%20-%20Full%20Report&rpt_unit_in=1378&referrer=byunit,https://gateway.ifionline.org/report_builder/Default3a.aspx?rpttype=afr&rpt=cash_inv_combined&rptName=Cash%20and%20Investments&rpt_unit_in=1378&referrer=byunit,https://gateway.ifionline.org/report_builder/Default3a.aspx?rpttype=employComp&rpt=EmployComp&rptName=Employee%20Compensation&rpt_unit_in=1378&referrer=byunit,
Steuben,Millgrove Township,76-012.00,Charles M Clark,Trustee,15000.0,1584,1601,2025,262890.18,312207.98,165656.63,128753.66,1902.97,35000.0,409441.53,https://gateway.ifionline.org/report_builder/Default3a.aspx?rpttype=afr&rpt=AFR_PrintFull_public&rptName=Annual%20Financial%20Report%20-%20Full%20Report&rpt_unit_in=1379&referrer=byunit,https://gateway.ifionline.org/report_builder/Default3a.aspx?rpttype=afr&rpt=cash_inv_combined&rptName=Cash%20and%20Investments&rpt_unit_in=1379&referrer=byunit,https://gateway.ifionline.org/report_builder/Default3a.aspx?rpttype=employComp&rpt=EmployComp&rptName=Employee%20Compensation&rpt_unit_in=1379&referrer=byunit,
Steuben,Otsego Township,76-013.00,Diana Kim Kepler,Trustee,7800.0,2470,2501,2025,730000.16,213622.54,99285.57,99285.57,0,0,844337.13,https://gateway.ifionline.org/report_builder/Default3a.aspx?rpttype=afr&rpt=AFR_PrintFull_public&rptName=Annual%20Financial%20Report%20-%20Full%20Report&rpt_unit_in=1380&referrer=byunit,https://gateway.ifionline.org/report_builder/Default3a.aspx?rpttype=afr&rpt=cash_inv_combined&rptName=Cash%20and%20Investments&rpt_unit_in=1380&referrer=byunit,https://gateway.ifionline.org/report_builder/Default3a.aspx?rpttype=employComp&rpt=EmployComp&rptName=Employee%20Compensation&rpt_unit_in=1380&referrer=byunit,
Steuben,Pleasant Township,76-014.00,Lesli A Hall,Trustee,31000.08,14466,14561,2025,2313979.74,1521049.06,1659736.7,1284255.82,224742.18,53064.88,2175292.1,https://gateway.ifionline.org/report_builder/Default3a.aspx?rpttype=afr&rpt=AFR_PrintFull_public&rptName=Annual%20Financial%20Report%20-%20Full%20Report&rpt_unit_in=1381&referrer=byunit,https://gateway.ifionline.org/report_builder/Default3a.aspx?rpttype=afr&rpt=cash_inv_combined&rptName=Cash%20and%20Investments&rpt_unit_in=1381&referrer=byunit,https://gateway.ifionline.org/report_builder/Default3a.aspx?rpttype=employComp&rpt=EmployComp&rptName=Employee%20Compensation&rpt_unit_in=1381&referrer=byunit,
Steuben,Richland Township,76-015.00,Barbara Cleverly,Trustee,4647.0,404,405,2025,244127.68,77066.16,71540.47,60908.97,500.0,10000.0,249653.37,https://gateway.ifionline.org/report_builder/Default3a.aspx?rpttype=afr&rpt=AFR_PrintFull_public&rptName=Annual%20Financial%20Report%20-%20Full%20Report&rpt_unit_in=1382&referrer=byunit,https://gateway.ifionline.org/report_builder/Default3a.aspx?rpttype=afr&rpt=cash_inv_combined&rptName=Cash%20and%20Investments&rpt_unit_in=1382&referrer=byunit,https://gateway.ifionline.org/report_builder/Default3a.aspx?rpttype=employComp&rpt=EmployComp&rptName=Employee%20Compensation&rpt_unit_in=1382&referrer=byunit,"Multiple trustees on 2025 100R: Barbara Cleverly (Trustee) $4,647.00; Shannon King (Board Member and Trustee) $3,673.12"
Steuben,Salem Township,76-016.00,Marcia L Helmuth,Trustee,16000.0,2137,2157,2025,277505.92,171144.79,126109.27,123193.7,2915.57,0,322541.44,https://gateway.ifionline.org/report_builder/Default3a.aspx?rpttype=afr&rpt=AFR_PrintFull_public&rptName=Annual%20Financial%20Report%20-%20Full%20Report&rpt_unit_in=1383&referrer=byunit,https://gateway.ifionline.org/report_builder/Default3a.aspx?rpttype=afr&rpt=cash_inv_combined&rptName=Cash%20and%20Investments&rpt_unit_in=1383&referrer=byunit,https://gateway.ifionline.org/report_builder/Default3a.aspx?rpttype=employComp&rpt=EmployComp&rptName=Employee%20Compensation&rpt_unit_in=1383&referrer=byunit,
Steuben,Scott Township,76-017.00,Thane Knox,Trustee,3800.0,1182,1198,2025,101248.84,43025.45,40513.07,32928.37,4173.53,0,103761.22,https://gateway.ifionline.org/report_builder/Default3a.aspx?rpttype=afr&rpt=AFR_PrintFull_public&rptName=Annual%20Financial%20Report%20-%20Full%20Report&rpt_unit_in=1384&referrer=byunit,https://gateway.ifionline.org/report_builder/Default3a.aspx?rpttype=afr&rpt=cash_inv_combined&rptName=Cash%20and%20Investments&rpt_unit_in=1384&referrer=byunit,https://gateway.ifionline.org/report_builder/Default3a.aspx?rpttype=employComp&rpt=EmployComp&rptName=Employee%20Compensation&rpt_unit_in=1384&referrer=byunit,
Steuben,Steuben Township,76-018.00,Ralph R Kugler,TRUSTEE,7560.0,2896,2937,2025,422488.21,170361.79,138097.64,120031.61,9478.17,4028.86,454752.36,https://gateway.ifionline.org/report_builder/Default3a.aspx?rpttype=afr&rpt=AFR_PrintFull_public&rptName=Annual%20Financial%20Report%20-%20Full%20Report&rpt_unit_in=1385&referrer=byunit,https://gateway.ifionline.org/report_builder/Default3a.aspx?rpttype=afr&rpt=cash_inv_combined&rptName=Cash%20and%20Investments&rpt_unit_in=1385&referrer=byunit,https://gateway.ifionline.org/report_builder/Default3a.aspx?rpttype=employComp&rpt=EmployComp&rptName=Employee%20Compensation&rpt_unit_in=1385&referrer=byunit,
Steuben,York Township,76-019.00,Linda Bidlack,Trustee,5541.0,692,699,2025,130806.65,45671.59,35418.08,32824.12,1316.38,0,141060.16,https://gateway.ifionline.org/report_builder/Default3a.aspx?rpttype=afr&rpt=AFR_PrintFull_public&rptName=Annual%20Financial%20Report%20-%20Full%20Report&rpt_unit_in=1386&referrer=byunit,https://gateway.ifionline.org/report_builder/Default3a.aspx?rpttype=afr&rpt=cash_inv_combined&rptName=Cash%20and%20Investments&rpt_unit_in=1386&referrer=byunit,https://gateway.ifionline.org/report_builder/Default3a.aspx?rpttype=employComp&rpt=EmployComp&rptName=Employee%20Compensation&rpt_unit_in=1386&referrer=byunit,
Sullivan,Cass Township,77-008.00,Todd Talpas,Trustee,13200.0,1849,1857,2025,172082.05,326760.88,319482.64,223415.53,7088.13,0,179360.29,https://gateway.ifionline.org/report_builder/Default3a.aspx?rpttype=afr&rpt=AFR_PrintFull_public&rptName=Annual%20Financial%20Report%20-%20Full%20Report&rpt_unit_in=1406&referrer=byunit,https://gateway.ifionline.org/report_builder/Default3a.aspx?rpttype=afr&rpt=cash_inv_combined&rptName=Cash%20and%20Investments&rpt_unit_in=1406&referrer=byunit,https://gateway.ifionline.org/report_builder/Default3a.aspx?rpttype=employComp&rpt=EmployComp&rptName=Employee%20Compensation&rpt_unit_in=1406&referrer=byunit,
Sullivan,Curry Township,77-009.00,Brenda S Howard,Trustee,23350.0,3417,3431,2025,595372.84,639832.21,587377.42,263034.86,23360.82,30261.41,647827.63,https://gateway.ifionline.org/report_builder/Default3a.aspx?rpttype=afr&rpt=AFR_PrintFull_public&rptName=Annual%20Financial%20Report%20-%20Full%20Report&rpt_unit_in=1407&referrer=byunit,https://gateway.ifionline.org/report_builder/Default3a.aspx?rpttype=afr&rpt=cash_inv_combined&rptName=Cash%20and%20Investments&rpt_unit_in=1407&referrer=byunit,https://gateway.ifionline.org/report_builder/Default3a.aspx?rpttype=employComp&rpt=EmployComp&rptName=Employee%20Compensation&rpt_unit_in=1407&referrer=byunit,
Sullivan,Fairbanks Township,77-010.00,Cathy Halberstadt,Trustee,13260.0,711,723,2025,260688.43,127758.22,91847.53,81624.19,80.0,5347.98,296599.12,https://gateway.ifionline.org/report_builder/Default3a.aspx?rpttype=afr&rpt=AFR_PrintFull_public&rptName=Annual%20Financial%20Report%20-%20Full%20Report&rpt_unit_in=1408&referrer=byunit,https://gateway.ifionline.org/report_builder/Default3a.aspx?rpttype=afr&rpt=cash_inv_combined&rptName=Cash%20and%20Investments&rpt_unit_in=1408&referrer=byunit,https://gateway.ifionline.org/report_builder/Default3a.aspx?rpttype=employComp&rpt=EmployComp&rptName=Employee%20Compensation&rpt_unit_in=1408&referrer=byunit,
Sullivan,Gill Township,77-011.00,Linda Land,Trustee,15000.0,793,800,2025,304082.94,119856.01,135649.21,84807.87,0,50412.34,288289.74,https://gateway.ifionline.org/report_builder/Default3a.aspx?rpttype=afr&rpt=AFR_PrintFull_public&rptName=Annual%20Financial%20Report%20-%20Full%20Report&rpt_unit_in=1409&referrer=byunit,https://gateway.ifionline.org/report_builder/Default3a.aspx?rpttype=afr&rpt=cash_inv_combined&rptName=Cash%20and%20Investments&rpt_unit_in=1409&referrer=byunit,https://gateway.ifionline.org/report_builder/Default3a.aspx?rpttype=employComp&rpt=EmployComp&rptName=Employee%20Compensation&rpt_unit_in=1409&referrer=byunit,
Sullivan,Haddon Township,77-012.00,Brittany Souders,TRUSTEE,12000.0,3751,3759,2025,364818.18,155635.86,172348.4,154847.64,9787.56,0,348105.64,https://gateway.ifionline.org/report_builder/Default3a.aspx?rpttype=afr&rpt=AFR_PrintFull_public&rptName=Annual%20Financial%20Report%20-%20Full%20Report&rpt_unit_in=1410&referrer=byunit,https://gateway.ifionline.org/report_builder/Default3a.aspx?rpttype=afr&rpt=cash_inv_combined&rptName=Cash%20and%20Investments&rpt_unit_in=1410&referrer=byunit,https://gateway.ifionline.org/report_builder/Default3a.aspx?rpttype=employComp&rpt=EmployComp&rptName=Employee%20Compensation&rpt_unit_in=1410&referrer=byunit,
Sullivan,Hamilton Township,77-013.00,Dee A Fulford,Trustee,16800.0,7136,7086,2025,431063.54,260029.55,182633.81,122779.82,32156.0,23873.0,508459.28,https://gateway.ifionline.org/report_builder/Default3a.aspx?rpttype=afr&rpt=AFR_PrintFull_public&rptName=Annual%20Financial%20Report%20-%20Full%20Report&rpt_unit_in=1411&referrer=byunit,https://gateway.ifionline.org/report_builder/Default3a.aspx?rpttype=afr&rpt=cash_inv_combined&rptName=Cash%20and%20Investments&rpt_unit_in=1411&referrer=byunit,https://gateway.ifionline.org/report_builder/Default3a.aspx?rpttype=employComp&rpt=EmployComp&rptName=Employee%20Compensation&rpt_unit_in=1411&referrer=byunit,
Sullivan,Jackson Township,77-014.00,Tony Samm,trustee,16000.0,1721,1731,2025,296665.12,99478.71,70873.4,59434.58,4175.87,0,325270.43,https://gateway.ifionline.org/report_builder/Default3a.aspx?rpttype=afr&rpt=AFR_PrintFull_public&rptName=Annual%20Financial%20Report%20-%20Full%20Report&rpt_unit_in=1412&referrer=byunit,https://gateway.ifionline.org/report_builder/Default3a.aspx?rpttype=afr&rpt=cash_inv_combined&rptName=Cash%20and%20Investments&rpt_unit_in=1412&referrer=byunit,https://gateway.ifionline.org/report_builder/Default3a.aspx?rpttype=employComp&rpt=EmployComp&rptName=Employee%20Compensation&rpt_unit_in=1412&referrer=byunit,
Sullivan,Jefferson Township,77-015.00,Lonnie Todd,Trustee,11500.0,364,364,2025,157357.66,68118.1,53675.52,44551.63,200.0,0,171800.24,https://gateway.ifionline.org/report_builder/Default3a.aspx?rpttype=afr&rpt=AFR_PrintFull_public&rptName=Annual%20Financial%20Report%20-%20Full%20Report&rpt_unit_in=1413&referrer=byunit,https://gateway.ifionline.org/report_builder/Default3a.aspx?rpttype=afr&rpt=cash_inv_combined&rptName=Cash%20and%20Investments&rpt_unit_in=1413&referrer=byunit,https://gateway.ifionline.org/report_builder/Default3a.aspx?rpttype=employComp&rpt=EmployComp&rptName=Employee%20Compensation&rpt_unit_in=1413&referrer=byunit,
Sullivan,Turman Township,77-016.00,Travis McKinney,Trustee,10000.0,1077,1080,2025,327137.13,134186.64,164787.46,71252.97,307.0,9000.0,296536.31,https://gateway.ifionline.org/report_builder/Default3a.aspx?rpttype=afr&rpt=AFR_PrintFull_public&rptName=Annual%20Financial%20Report%20-%20Full%20Report&rpt_unit_in=1414&referrer=byunit,https://gateway.ifionline.org/report_builder/Default3a.aspx?rpttype=afr&rpt=cash_inv_combined&rptName=Cash%20and%20Investments&rpt_unit_in=1414&referrer=byunit,https://gateway.ifionline.org/report_builder/Default3a.aspx?rpttype=employComp&rpt=EmployComp&rptName=Employee%20Compensation&rpt_unit_in=1414&referrer=byunit,
Switzerland,Cotton Township,78-003.00,Kelly Purvis,Township Trustee,16200.0,1799,1856,2025,56491.74,70308.39,68740.48,68090.48,650.0,0,58059.65,https://gateway.ifionline.org/report_builder/Default3a.aspx?rpttype=afr&rpt=AFR_PrintFull_public&rptName=Annual%20Financial%20Report%20-%20Full%20Report&rpt_unit_in=1431&referrer=byunit,https://gateway.ifionline.org/report_builder/Default3a.aspx?rpttype=afr&rpt=cash_inv_combined&rptName=Cash%20and%20Investments&rpt_unit_in=1431&referrer=byunit,https://gateway.ifionline.org/report_builder/Default3a.aspx?rpttype=employComp&rpt=EmployComp&rptName=Employee%20Compensation&rpt_unit_in=1431&referrer=byunit,
Switzerland,Craig Township,78-004.00,Travis Miller,Township Trustee,16752.0,738,759,2025,115318.81,62867.4,63590.96,62753.11,837.85,0,114595.25,https://gateway.ifionline.org/report_builder/Default3a.aspx?rpttype=afr&rpt=AFR_PrintFull_public&rptName=Annual%20Financial%20Report%20-%20Full%20Report&rpt_unit_in=1432&referrer=byunit,https://gateway.ifionline.org/report_builder/Default3a.aspx?rpttype=afr&rpt=cash_inv_combined&rptName=Cash%20and%20Investments&rpt_unit_in=1432&referrer=byunit,https://gateway.ifionline.org/report_builder/Default3a.aspx?rpttype=employComp&rpt=EmployComp&rptName=Employee%20Compensation&rpt_unit_in=1432&referrer=byunit,
Switzerland,Jefferson Township,78-005.00,Wade Hughes,Township Trustee,23016.0,3246,3303,2025,306753.49,116233.46,95692.36,68168.57,27523.79,0,327294.59,https://gateway.ifionline.org/report_builder/Default3a.aspx?rpttype=afr&rpt=AFR_PrintFull_public&rptName=Annual%20Financial%20Report%20-%20Full%20Report&rpt_unit_in=1433&referrer=byunit,https://gateway.ifionline.org/report_builder/Default3a.aspx?rpttype=afr&rpt=cash_inv_combined&rptName=Cash%20and%20Investments&rpt_unit_in=1433&referrer=byunit,https://gateway.ifionline.org/report_builder/Default3a.aspx?rpttype=employComp&rpt=EmployComp&rptName=Employee%20Compensation&rpt_unit_in=1433&referrer=byunit,
Switzerland,Pleasant Township,78-006.00,Karen Hall,Township Trustee,14139.0,1343,1375,2025,132615.49,72446.74,55510.73,51197.48,3113.25,0,149551.5,https://gateway.ifionline.org/report_builder/Default3a.aspx?rpttype=afr&rpt=AFR_PrintFull_public&rptName=Annual%20Financial%20Report%20-%20Full%20Report&rpt_unit_in=1434&referrer=byunit,https://gateway.ifionline.org/report_builder/Default3a.aspx?rpttype=afr&rpt=cash_inv_combined&rptName=Cash%20and%20Investments&rpt_unit_in=1434&referrer=byunit,https://gateway.ifionline.org/report_builder/Default3a.aspx?rpttype=employComp&rpt=EmployComp&rptName=Employee%20Compensation&rpt_unit_in=1434&referrer=byunit,
Switzerland,Posey Township,78-007.00,Joseph Rider,Township Trustee,17325.0,1550,1616,2025,160656.45,65046.87,62114.08,58869.21,1958.03,566.84,163589.24,https://gateway.ifionline.org/report_builder/Default3a.aspx?rpttype=afr&rpt=AFR_PrintFull_public&rptName=Annual%20Financial%20Report%20-%20Full%20Report&rpt_unit_in=1435&referrer=byunit,https://gateway.ifionline.org/report_builder/Default3a.aspx?rpttype=afr&rpt=cash_inv_combined&rptName=Cash%20and%20Investments&rpt_unit_in=1435&referrer=byunit,https://gateway.ifionline.org/report_builder/Default3a.aspx?rpttype=employComp&rpt=EmployComp&rptName=Employee%20Compensation&rpt_unit_in=1435&referrer=byunit,
Switzerland,York Township,78-008.00,Erin Deck,Township Trustee,29880.0,1076,1128,2025,234416.96,107681.39,81025.4,73459.95,7565.45,0,261072.95,https://gateway.ifionline.org/report_builder/Default3a.aspx?rpttype=afr&rpt=AFR_PrintFull_public&rptName=Annual%20Financial%20Report%20-%20Full%20Report&rpt_unit_in=1436&referrer=byunit,https://gateway.ifionline.org/report_builder/Default3a.aspx?rpttype=afr&rpt=cash_inv_combined&rptName=Cash%20and%20Investments&rpt_unit_in=1436&referrer=byunit,https://gateway.ifionline.org/report_builder/Default3a.aspx?rpttype=employComp&rpt=EmployComp&rptName=Employee%20Compensation&rpt_unit_in=1436&referrer=byunit,
Tippecanoe,Fairfield Township,79-010.00,Monica Casanova,Trustee,62920.0,53170,53541,2025,2646368.17,1348019.68,1472301.86,832647.75,317730.51,79212.56,2522085.99,https://gateway.ifionline.org/report_builder/Default3a.aspx?rpttype=afr&rpt=AFR_PrintFull_public&rptName=Annual%20Financial%20Report%20-%20Full%20Report&rpt_unit_in=1444&referrer=byunit,https://gateway.ifionline.org/report_builder/Default3a.aspx?rpttype=afr&rpt=cash_inv_combined&rptName=Cash%20and%20Investments&rpt_unit_in=1444&referrer=byunit,https://gateway.ifionline.org/report_builder/Default3a.aspx?rpttype=employComp&rpt=EmployComp&rptName=Employee%20Compensation&rpt_unit_in=1444&referrer=byunit,
Tippecanoe,Jackson Township,79-011.00,Sharon L Corwin,Trustee,13920.0,485,500,2025,294504.99,200950.57,175871.46,128849.51,0,40000.0,319584.1,https://gateway.ifionline.org/report_builder/Default3a.aspx?rpttype=afr&rpt=AFR_PrintFull_public&rptName=Annual%20Financial%20Report%20-%20Full%20Report&rpt_unit_in=1445&referrer=byunit,https://gateway.ifionline.org/report_builder/Default3a.aspx?rpttype=afr&rpt=cash_inv_combined&rptName=Cash%20and%20Investments&rpt_unit_in=1445&referrer=byunit,https://gateway.ifionline.org/report_builder/Default3a.aspx?rpttype=employComp&rpt=EmployComp&rptName=Employee%20Compensation&rpt_unit_in=1445&referrer=byunit,
Tippecanoe,Lauramie Township,79-012.00,Lynn Beck,Trustee,26000.04,2542,2634,2025,866476.43,276726.87,168437.94,155680.31,2293.08,0,974765.36,https://gateway.ifionline.org/report_builder/Default3a.aspx?rpttype=afr&rpt=AFR_PrintFull_public&rptName=Annual%20Financial%20Report%20-%20Full%20Report&rpt_unit_in=1446&referrer=byunit,https://gateway.ifionline.org/report_builder/Default3a.aspx?rpttype=afr&rpt=cash_inv_combined&rptName=Cash%20and%20Investments&rpt_unit_in=1446&referrer=byunit,https://gateway.ifionline.org/report_builder/Default3a.aspx?rpttype=employComp&rpt=EmployComp&rptName=Employee%20Compensation&rpt_unit_in=1446&referrer=byunit,
Tippecanoe,Perry Township,79-013.00,Frank Cederquist,Trustee,14000.0,9073,9376,2025,959267.19,599103.8,260682.75,83404.47,2824.0,5000.0,1297688.24,https://gateway.ifionline.org/report_builder/Default3a.aspx?rpttype=afr&rpt=AFR_PrintFull_public&rptName=Annual%20Financial%20Report%20-%20Full%20Report&rpt_unit_in=1447&referrer=byunit,https://gateway.ifionline.org/report_builder/Default3a.aspx?rpttype=afr&rpt=cash_inv_combined&rptName=Cash%20and%20Investments&rpt_unit_in=1447&referrer=byunit,https://gateway.ifionline.org/report_builder/Default3a.aspx?rpttype=employComp&rpt=EmployComp&rptName=Employee%20Compensation&rpt_unit_in=1447&referrer=byunit,
Tippecanoe,Randolph Township,79-014.00,Tracie J Benjamin,Trustee,16800.0,969,998,2025,586415.92,351388.62,428235.0,155279.32,2164.56,263154.96,509569.54,https://gateway.ifionline.org/report_builder/Default3a.aspx?rpttype=afr&rpt=AFR_PrintFull_public&rptName=Annual%20Financial%20Report%20-%20Full%20Report&rpt_unit_in=1448&referrer=byunit,https://gateway.ifionline.org/report_builder/Default3a.aspx?rpttype=afr&rpt=cash_inv_combined&rptName=Cash%20and%20Investments&rpt_unit_in=1448&referrer=byunit,https://gateway.ifionline.org/report_builder/Default3a.aspx?rpttype=employComp&rpt=EmployComp&rptName=Employee%20Compensation&rpt_unit_in=1448&referrer=byunit,
Tippecanoe,Sheffield Township,79-015.00,Pamela J Crum,Trustee,23376.0,3883,4013,2025,829014.6,496139.63,246708.26,216861.96,2725.0,17577.28,1078445.97,https://gateway.ifionline.org/report_builder/Default3a.aspx?rpttype=afr&rpt=AFR_PrintFull_public&rptName=Annual%20Financial%20Report%20-%20Full%20Report&rpt_unit_in=1449&referrer=byunit,https://gateway.ifionline.org/report_builder/Default3a.aspx?rpttype=afr&rpt=cash_inv_combined&rptName=Cash%20and%20Investments&rpt_unit_in=1449&referrer=byunit,https://gateway.ifionline.org/report_builder/Default3a.aspx?rpttype=employComp&rpt=EmployComp&rptName=Employee%20Compensation&rpt_unit_in=1449&referrer=byunit,
Tippecanoe,Shelby Township,79-016.00,Jerry L Rooze,Trustee,14931.0,2485,2533,2025,1333456.87,682776.19,704749.35,296907.46,2041.75,400575.0,1311483.71,https://gateway.ifionline.org/report_builder/Default3a.aspx?rpttype=afr&rpt=AFR_PrintFull_public&rptName=Annual%20Financial%20Report%20-%20Full%20Report&rpt_unit_in=1450&referrer=byunit,https://gateway.ifionline.org/report_builder/Default3a.aspx?rpttype=afr&rpt=cash_inv_combined&rptName=Cash%20and%20Investments&rpt_unit_in=1450&referrer=byunit,https://gateway.ifionline.org/report_builder/Default3a.aspx?rpttype=employComp&rpt=EmployComp&rptName=Employee%20Compensation&rpt_unit_in=1450&referrer=byunit,
Tippecanoe,Tippecanoe Township,79-017.00,Bill Jones,Trustee,36750.0,9539,9877,2025,949830.58,834014.24,568207.58,327308.45,26492.06,175633.98,1215637.24,https://gateway.ifionline.org/report_builder/Default3a.aspx?rpttype=afr&rpt=AFR_PrintFull_public&rptName=Annual%20Financial%20Report%20-%20Full%20Report&rpt_unit_in=1451&referrer=byunit,https://gateway.ifionline.org/report_builder/Default3a.aspx?rpttype=afr&rpt=cash_inv_combined&rptName=Cash%20and%20Investments&rpt_unit_in=1451&referrer=byunit,https://gateway.ifionline.org/report_builder/Default3a.aspx?rpttype=employComp&rpt=EmployComp&rptName=Employee%20Compensation&rpt_unit_in=1451&referrer=byunit,
Tippecanoe,Union Township,79-018.00,Jo Ritchie,Trustee,17809.0,1762,1841,2025,331354.07,90159.35,43727.85,37325.34,2153.88,0,377785.57,https://gateway.ifionline.org/report_builder/Default3a.aspx?rpttype=afr&rpt=AFR_PrintFull_public&rptName=Annual%20Financial%20Report%20-%20Full%20Report&rpt_unit_in=1452&referrer=byunit,https://gateway.ifionline.org/report_builder/Default3a.aspx?rpttype=afr&rpt=cash_inv_combined&rptName=Cash%20and%20Investments&rpt_unit_in=1452&referrer=byunit,https://gateway.ifionline.org/report_builder/Default3a.aspx?rpttype=employComp&rpt=EmployComp&rptName=Employee%20Compensation&rpt_unit_in=1452&referrer=byunit,
Tippecanoe,Wabash Township,79-019.00,Angel J Valentin Rodriguez,Trustee,43264.0,64104,66098,2025,1755848.43,3630798.74,3678966.08,2622429.39,79500.0,718046.03,1707681.09,https://gateway.ifionline.org/report_builder/Default3a.aspx?rpttype=afr&rpt=AFR_PrintFull_public&rptName=Annual%20Financial%20Report%20-%20Full%20Report&rpt_unit_in=1453&referrer=byunit,https://gateway.ifionline.org/report_builder/Default3a.aspx?rpttype=afr&rpt=cash_inv_combined&rptName=Cash%20and%20Investments&rpt_unit_in=1453&referrer=byunit,https://gateway.ifionline.org/report_builder/Default3a.aspx?rpttype=employComp&rpt=EmployComp&rptName=Employee%20Compensation&rpt_unit_in=1453&referrer=byunit,
Tippecanoe,Washington Township,79-020.00,Barbara B Knochel,Trustee,16200.0,2429,2517,2025,1292069.57,549736.51,226536.45,219718.94,0,0,1615269.63,https://gateway.ifionline.org/report_builder/Default3a.aspx?rpttype=afr&rpt=AFR_PrintFull_public&rptName=Annual%20Financial%20Report%20-%20Full%20Report&rpt_unit_in=1454&referrer=byunit,https://gateway.ifionline.org/report_builder/Default3a.aspx?rpttype=afr&rpt=cash_inv_combined&rptName=Cash%20and%20Investments&rpt_unit_in=1454&referrer=byunit,https://gateway.ifionline.org/report_builder/Default3a.aspx?rpttype=employComp&rpt=EmployComp&rptName=Employee%20Compensation&rpt_unit_in=1454&referrer=byunit,
Tippecanoe,Wayne Township,79-021.00,Norman T Hayman,Trustee,16632.0,1682,1737,2025,269020.73,301129.33,139804.1,99509.15,2186.68,30662.6,430345.96,https://gateway.ifionline.org/report_builder/Default3a.aspx?rpttype=afr&rpt=AFR_PrintFull_public&rptName=Annual%20Financial%20Report%20-%20Full%20Report&rpt_unit_in=1455&referrer=byunit,https://gateway.ifionline.org/report_builder/Default3a.aspx?rpttype=afr&rpt=cash_inv_combined&rptName=Cash%20and%20Investments&rpt_unit_in=1455&referrer=byunit,https://gateway.ifionline.org/report_builder/Default3a.aspx?rpttype=employComp&rpt=EmployComp&rptName=Employee%20Compensation&rpt_unit_in=1455&referrer=byunit,
Tippecanoe,Wea Township,79-022.00,James Slaven,Trustee,44385.22,34132,34791,2025,2654952.27,3116038.03,2618845.93,1698246.5,47883.91,441865.98,3152144.37,https://gateway.ifionline.org/report_builder/Default3a.aspx?rpttype=afr&rpt=AFR_PrintFull_public&rptName=Annual%20Financial%20Report%20-%20Full%20Report&rpt_unit_in=1456&referrer=byunit,https://gateway.ifionline.org/report_builder/Default3a.aspx?rpttype=afr&rpt=cash_inv_combined&rptName=Cash%20and%20Investments&rpt_unit_in=1456&referrer=byunit,https://gateway.ifionline.org/report_builder/Default3a.aspx?rpttype=employComp&rpt=EmployComp&rptName=Employee%20Compensation&rpt_unit_in=1456&referrer=byunit,
Tipton,Cicero Township,80-005.00,Amber McLearran,Trustee,23600.04,8063,8043,2025,778404.09,883409.03,862922.26,455136.73,24446.02,145945.64,798890.86,https://gateway.ifionline.org/report_builder/Default3a.aspx?rpttype=afr&rpt=AFR_PrintFull_public&rptName=Annual%20Financial%20Report%20-%20Full%20Report&rpt_unit_in=1482&referrer=byunit,https://gateway.ifionline.org/report_builder/Default3a.aspx?rpttype=afr&rpt=cash_inv_combined&rptName=Cash%20and%20Investments&rpt_unit_in=1482&referrer=byunit,https://gateway.ifionline.org/report_builder/Default3a.aspx?rpttype=employComp&rpt=EmployComp&rptName=Employee%20Compensation&rpt_unit_in=1482&referrer=byunit,
Tipton,Jefferson Township,80-006.00,Larson L Jerry,Trustee,8000.0,1357,1353,2025,364963.27,186993.78,94156.39,74922.62,1456.18,17777.59,457800.66,https://gateway.ifionline.org/report_builder/Default3a.aspx?rpttype=afr&rpt=AFR_PrintFull_public&rptName=Annual%20Financial%20Report%20-%20Full%20Report&rpt_unit_in=1483&referrer=byunit,https://gateway.ifionline.org/report_builder/Default3a.aspx?rpttype=afr&rpt=cash_inv_combined&rptName=Cash%20and%20Investments&rpt_unit_in=1483&referrer=byunit,https://gateway.ifionline.org/report_builder/Default3a.aspx?rpttype=employComp&rpt=EmployComp&rptName=Employee%20Compensation&rpt_unit_in=1483&referrer=byunit,
Tipton,Liberty Township,80-007.00,Paul Kingery,Trustee,9500.0,2313,2304,2025,958630.63,304833.89,168045.84,151662.5,4319.64,10000.0,1095418.68,https://gateway.ifionline.org/report_builder/Default3a.aspx?rpttype=afr&rpt=AFR_PrintFull_public&rptName=Annual%20Financial%20Report%20-%20Full%20Report&rpt_unit_in=1484&referrer=byunit,https://gateway.ifionline.org/report_builder/Default3a.aspx?rpttype=afr&rpt=cash_inv_combined&rptName=Cash%20and%20Investments&rpt_unit_in=1484&referrer=byunit,https://gateway.ifionline.org/report_builder/Default3a.aspx?rpttype=employComp&rpt=EmployComp&rptName=Employee%20Compensation&rpt_unit_in=1484&referrer=byunit,
Tipton,Madison Township,80-008.00,Charles Bell,Trustee,20000.0,1280,1284,2025,329782.71,0.0,235577.3,235577.3,0,0,94205.41,https://gateway.ifionline.org/report_builder/Default3a.aspx?rpttype=afr&rpt=AFR_PrintFull_public&rptName=Annual%20Financial%20Report%20-%20Full%20Report&rpt_unit_in=1485&referrer=byunit,https://gateway.ifionline.org/report_builder/Default3a.aspx?rpttype=afr&rpt=cash_inv_combined&rptName=Cash%20and%20Investments&rpt_unit_in=1485&referrer=byunit,https://gateway.ifionline.org/report_builder/Default3a.aspx?rpttype=employComp&rpt=EmployComp&rptName=Employee%20Compensation&rpt_unit_in=1485&referrer=byunit,
Tipton,Prairie Township,80-009.00,Gary Stroup,Trustee,2000.0,1080,1084,2025,475948.27,136341.44,55330.66,54932.86,0,0,556959.05,https://gateway.ifionline.org/report_builder/Default3a.aspx?rpttype=afr&rpt=AFR_PrintFull_public&rptName=Annual%20Financial%20Report%20-%20Full%20Report&rpt_unit_in=1486&referrer=byunit,https://gateway.ifionline.org/report_builder/Default3a.aspx?rpttype=afr&rpt=cash_inv_combined&rptName=Cash%20and%20Investments&rpt_unit_in=1486&referrer=byunit,https://gateway.ifionline.org/report_builder/Default3a.aspx?rpttype=employComp&rpt=EmployComp&rptName=Employee%20Compensation&rpt_unit_in=1486&referrer=byunit,
Tipton,Wildcat Township,80-010.00,Judith Coker,Trustee,11375.0,1261,1251,2025,737890.77,279152.5,206075.3,146670.58,15464.72,43940.0,810967.97,https://gateway.ifionline.org/report_builder/Default3a.aspx?rpttype=afr&rpt=AFR_PrintFull_public&rptName=Annual%20Financial%20Report%20-%20Full%20Report&rpt_unit_in=1487&referrer=byunit,https://gateway.ifionline.org/report_builder/Default3a.aspx?rpttype=afr&rpt=cash_inv_combined&rptName=Cash%20and%20Investments&rpt_unit_in=1487&referrer=byunit,https://gateway.ifionline.org/report_builder/Default3a.aspx?rpttype=employComp&rpt=EmployComp&rptName=Employee%20Compensation&rpt_unit_in=1487&referrer=byunit,"Multiple trustees on 2025 100R: Judith Coker (Trustee) $11,375.00; Amanda Tolle (Trustee) $1,625.00"
Union,Brownsville Township,81-003.00,Fred Lunsford,Township Trustee,2400.0,729,705,2025,100976.66,38711.56,27669.73,26119.38,747.51,0,112018.49,https://gateway.ifionline.org/report_builder/Default3a.aspx?rpttype=afr&rpt=AFR_PrintFull_public&rptName=Annual%20Financial%20Report%20-%20Full%20Report&rpt_unit_in=1499&referrer=byunit,https://gateway.ifionline.org/report_builder/Default3a.aspx?rpttype=afr&rpt=cash_inv_combined&rptName=Cash%20and%20Investments&rpt_unit_in=1499&referrer=byunit,https://gateway.ifionline.org/report_builder/Default3a.aspx?rpttype=employComp&rpt=EmployComp&rptName=Employee%20Compensation&rpt_unit_in=1499&referrer=byunit,
Union,Center Township,81-004.00,Matt Reuss,TRUSTEE,5000.0,2915,2811,2025,129718.11,80069.19,42470.4,38378.47,754.55,0,167316.9,https://gateway.ifionline.org/report_builder/Default3a.aspx?rpttype=afr&rpt=AFR_PrintFull_public&rptName=Annual%20Financial%20Report%20-%20Full%20Report&rpt_unit_in=1500&referrer=byunit,https://gateway.ifionline.org/report_builder/Default3a.aspx?rpttype=afr&rpt=cash_inv_combined&rptName=Cash%20and%20Investments&rpt_unit_in=1500&referrer=byunit,https://gateway.ifionline.org/report_builder/Default3a.aspx?rpttype=employComp&rpt=EmployComp&rptName=Employee%20Compensation&rpt_unit_in=1500&referrer=byunit,
Union,Harmony Township,81-005.00,Robert Neeley,Trustee,8800.0,517,511,2025,104546.26,49172.08,44247.11,35960.3,0,0,109471.23,https://gateway.ifionline.org/report_builder/Default3a.aspx?rpttype=afr&rpt=AFR_PrintFull_public&rptName=Annual%20Financial%20Report%20-%20Full%20Report&rpt_unit_in=1501&referrer=byunit,https://gateway.ifionline.org/report_builder/Default3a.aspx?rpttype=afr&rpt=cash_inv_combined&rptName=Cash%20and%20Investments&rpt_unit_in=1501&referrer=byunit,https://gateway.ifionline.org/report_builder/Default3a.aspx?rpttype=employComp&rpt=EmployComp&rptName=Employee%20Compensation&rpt_unit_in=1501&referrer=byunit,
Union,Harrison Township,81-006.00,Richard D Hill,Trustee,3500.0,414,400,2025,107072.66,40869.67,29110.6,28402.97,0,0,118831.73,https://gateway.ifionline.org/report_builder/Default3a.aspx?rpttype=afr&rpt=AFR_PrintFull_public&rptName=Annual%20Financial%20Report%20-%20Full%20Report&rpt_unit_in=1502&referrer=byunit,https://gateway.ifionline.org/report_builder/Default3a.aspx?rpttype=afr&rpt=cash_inv_combined&rptName=Cash%20and%20Investments&rpt_unit_in=1502&referrer=byunit,https://gateway.ifionline.org/report_builder/Default3a.aspx?rpttype=employComp&rpt=EmployComp&rptName=Employee%20Compensation&rpt_unit_in=1502&referrer=byunit,
Union,Liberty Township,81-007.00,William H Baumbauer,TRUSTEE,5500.0,1046,1010,2025,200920.93,51279.97,32106.88,30180.24,1146.34,0,220094.02,https://gateway.ifionline.org/report_builder/Default3a.aspx?rpttype=afr&rpt=AFR_PrintFull_public&rptName=Annual%20Financial%20Report%20-%20Full%20Report&rpt_unit_in=1503&referrer=byunit,https://gateway.ifionline.org/report_builder/Default3a.aspx?rpttype=afr&rpt=cash_inv_combined&rptName=Cash%20and%20Investments&rpt_unit_in=1503&referrer=byunit,https://gateway.ifionline.org/report_builder/Default3a.aspx?rpttype=employComp&rpt=EmployComp&rptName=Employee%20Compensation&rpt_unit_in=1503&referrer=byunit,
Union,Union Township,81-008.00,Mark A Rosenberger,Township Trustee,4800.0,1469,1426,2025,61148.28,34649.29,30592.61,25047.61,900.0,0,65204.96,https://gateway.ifionline.org/report_builder/Default3a.aspx?rpttype=afr&rpt=AFR_PrintFull_public&rptName=Annual%20Financial%20Report%20-%20Full%20Report&rpt_unit_in=1504&referrer=byunit,https://gateway.ifionline.org/report_builder/Default3a.aspx?rpttype=afr&rpt=cash_inv_combined&rptName=Cash%20and%20Investments&rpt_unit_in=1504&referrer=byunit,https://gateway.ifionline.org/report_builder/Default3a.aspx?rpttype=employComp&rpt=EmployComp&rptName=Employee%20Compensation&rpt_unit_in=1504&referrer=byunit,
Vanderburgh,Armstrong Township,82-003.00,Nicholas Wildeman,Trustee,11554.92,1565,1634,2025,452195.2,112310.76,19231.72,19231.72,0,0,545274.24,https://gateway.ifionline.org/report_builder/Default3a.aspx?rpttype=afr&rpt=AFR_PrintFull_public&rptName=Annual%20Financial%20Report%20-%20Full%20Report&rpt_unit_in=1512&referrer=byunit,https://gateway.ifionline.org/report_builder/Default3a.aspx?rpttype=afr&rpt=cash_inv_combined&rptName=Cash%20and%20Investments&rpt_unit_in=1512&referrer=byunit,https://gateway.ifionline.org/report_builder/Default3a.aspx?rpttype=employComp&rpt=EmployComp&rptName=Employee%20Compensation&rpt_unit_in=1512&referrer=byunit,
Vanderburgh,Center Township,82-004.00,Gary l Burdsall,Trustee,65936.22,40620,41874,2025,3047953.7,3552759.84,2455265.98,2194629.83,143069.91,34791.11,4145447.56,https://gateway.ifionline.org/report_builder/Default3a.aspx?rpttype=afr&rpt=AFR_PrintFull_public&rptName=Annual%20Financial%20Report%20-%20Full%20Report&rpt_unit_in=1513&referrer=byunit,https://gateway.ifionline.org/report_builder/Default3a.aspx?rpttype=afr&rpt=cash_inv_combined&rptName=Cash%20and%20Investments&rpt_unit_in=1513&referrer=byunit,https://gateway.ifionline.org/report_builder/Default3a.aspx?rpttype=employComp&rpt=EmployComp&rptName=Employee%20Compensation&rpt_unit_in=1513&referrer=byunit,
Vanderburgh,German Township,82-005.00,Beverly White-Rowley,Trustee,22706.46,7160,7491,2025,373339.01,309564.73,233181.05,203784.24,9241.45,0,449722.69,https://gateway.ifionline.org/report_builder/Default3a.aspx?rpttype=afr&rpt=AFR_PrintFull_public&rptName=Annual%20Financial%20Report%20-%20Full%20Report&rpt_unit_in=1514&referrer=byunit,https://gateway.ifionline.org/report_builder/Default3a.aspx?rpttype=afr&rpt=cash_inv_combined&rptName=Cash%20and%20Investments&rpt_unit_in=1514&referrer=byunit,https://gateway.ifionline.org/report_builder/Default3a.aspx?rpttype=employComp&rpt=EmployComp&rptName=Employee%20Compensation&rpt_unit_in=1514&referrer=byunit,
Vanderburgh,Knight Township,82-006.00,Kathryn M Martin,Trustee,62058.0,68682,68332,2025,1064167.62,1053229.73,975507.3,598218.51,249285.87,78465.0,1141890.05,https://gateway.ifionline.org/report_builder/Default3a.aspx?rpttype=afr&rpt=AFR_PrintFull_public&rptName=Annual%20Financial%20Report%20-%20Full%20Report&rpt_unit_in=1516&referrer=byunit,https://gateway.ifionline.org/report_builder/Default3a.aspx?rpttype=afr&rpt=cash_inv_combined&rptName=Cash%20and%20Investments&rpt_unit_in=1516&referrer=byunit,https://gateway.ifionline.org/report_builder/Default3a.aspx?rpttype=employComp&rpt=EmployComp&rptName=Employee%20Compensation&rpt_unit_in=1516&referrer=byunit,
Vanderburgh,Perry Township,82-007.00,Gerald R Riney,TRUSTEE,48290.06,24277,24679,2025,2210340.84,2486441.22,2370256.44,685202.71,21871.56,185000.0,2326525.62,https://gateway.ifionline.org/report_builder/Default3a.aspx?rpttype=afr&rpt=AFR_PrintFull_public&rptName=Annual%20Financial%20Report%20-%20Full%20Report&rpt_unit_in=1515&referrer=byunit,https://gateway.ifionline.org/report_builder/Default3a.aspx?rpttype=afr&rpt=cash_inv_combined&rptName=Cash%20and%20Investments&rpt_unit_in=1515&referrer=byunit,https://gateway.ifionline.org/report_builder/Default3a.aspx?rpttype=employComp&rpt=EmployComp&rptName=Employee%20Compensation&rpt_unit_in=1515&referrer=byunit,
Vanderburgh,Pigeon Township,82-008.00,Ruby J McGlown,Trustee,67828.0,27340,26995,2025,3537578.74,1564543.92,1268651.79,685546.26,495084.95,0,3833470.87,https://gateway.ifionline.org/report_builder/Default3a.aspx?rpttype=afr&rpt=AFR_PrintFull_public&rptName=Annual%20Financial%20Report%20-%20Full%20Report&rpt_unit_in=1517&referrer=byunit,https://gateway.ifionline.org/report_builder/Default3a.aspx?rpttype=afr&rpt=cash_inv_combined&rptName=Cash%20and%20Investments&rpt_unit_in=1517&referrer=byunit,https://gateway.ifionline.org/report_builder/Default3a.aspx?rpttype=employComp&rpt=EmployComp&rptName=Employee%20Compensation&rpt_unit_in=1517&referrer=byunit,
Vanderburgh,Scott Township,82-009.00,Keith Kahre,TRUSTEE,43308.47,10247,10740,2025,995936.68,9259407.34,7111443.47,5549961.64,7745.06,635837.9,3143900.55,https://gateway.ifionline.org/report_builder/Default3a.aspx?rpttype=afr&rpt=AFR_PrintFull_public&rptName=Annual%20Financial%20Report%20-%20Full%20Report&rpt_unit_in=1518&referrer=byunit,https://gateway.ifionline.org/report_builder/Default3a.aspx?rpttype=afr&rpt=cash_inv_combined&rptName=Cash%20and%20Investments&rpt_unit_in=1518&referrer=byunit,https://gateway.ifionline.org/report_builder/Default3a.aspx?rpttype=employComp&rpt=EmployComp&rptName=Employee%20Compensation&rpt_unit_in=1518&referrer=byunit,
Vanderburgh,Union Township,82-010.00,Joseph Steinkamp,Trustee,7700.0,241,250,2025,488351.96,180777.96,162631.71,47966.03,0,25664.28,506498.21,https://gateway.ifionline.org/report_builder/Default3a.aspx?rpttype=afr&rpt=AFR_PrintFull_public&rptName=Annual%20Financial%20Report%20-%20Full%20Report&rpt_unit_in=1519&referrer=byunit,https://gateway.ifionline.org/report_builder/Default3a.aspx?rpttype=afr&rpt=cash_inv_combined&rptName=Cash%20and%20Investments&rpt_unit_in=1519&referrer=byunit,https://gateway.ifionline.org/report_builder/Default3a.aspx?rpttype=employComp&rpt=EmployComp&rptName=Employee%20Compensation&rpt_unit_in=1519&referrer=byunit,
Vermillion,Clinton Township,83-010.00,Victoria Ellis,Trustee,41597.84,8921,8925,2025,840409.65,680816.13,574146.76,487775.84,11489.05,20963.0,947079.02,https://gateway.ifionline.org/report_builder/Default3a.aspx?rpttype=afr&rpt=AFR_PrintFull_public&rptName=Annual%20Financial%20Report%20-%20Full%20Report&rpt_unit_in=1533&referrer=byunit,https://gateway.ifionline.org/report_builder/Default3a.aspx?rpttype=afr&rpt=cash_inv_combined&rptName=Cash%20and%20Investments&rpt_unit_in=1533&referrer=byunit,https://gateway.ifionline.org/report_builder/Default3a.aspx?rpttype=employComp&rpt=EmployComp&rptName=Employee%20Compensation&rpt_unit_in=1533&referrer=byunit,
Vermillion,Eugene Township,83-011.00,Kimberley Wickens,Trustee,23100.0,1710,1712,2025,547906.69,199868.84,192715.05,111084.16,7032.1,65520.47,555060.48,https://gateway.ifionline.org/report_builder/Default3a.aspx?rpttype=afr&rpt=AFR_PrintFull_public&rptName=Annual%20Financial%20Report%20-%20Full%20Report&rpt_unit_in=1534&referrer=byunit,https://gateway.ifionline.org/report_builder/Default3a.aspx?rpttype=afr&rpt=cash_inv_combined&rptName=Cash%20and%20Investments&rpt_unit_in=1534&referrer=byunit,https://gateway.ifionline.org/report_builder/Default3a.aspx?rpttype=employComp&rpt=EmployComp&rptName=Employee%20Compensation&rpt_unit_in=1534&referrer=byunit,
Vermillion,Helt Township,83-012.00,Kevin L Wickens,TRUSTEE,18399.0,2453,2483,2025,1377788.09,867219.98,534578.05,373785.96,5014.54,7673.83,1710430.02,https://gateway.ifionline.org/report_builder/Default3a.aspx?rpttype=afr&rpt=AFR_PrintFull_public&rptName=Annual%20Financial%20Report%20-%20Full%20Report&rpt_unit_in=1535&referrer=byunit,https://gateway.ifionline.org/report_builder/Default3a.aspx?rpttype=afr&rpt=cash_inv_combined&rptName=Cash%20and%20Investments&rpt_unit_in=1535&referrer=byunit,https://gateway.ifionline.org/report_builder/Default3a.aspx?rpttype=employComp&rpt=EmployComp&rptName=Employee%20Compensation&rpt_unit_in=1535&referrer=byunit,
Vermillion,Highland Township,83-013.00,Uhey sigrid,Trustee,6800.0,1496,1511,2025,243438.66,150370.43,171049.31,25141.48,0,0,222759.78,https://gateway.ifionline.org/report_builder/Default3a.aspx?rpttype=afr&rpt=AFR_PrintFull_public&rptName=Annual%20Financial%20Report%20-%20Full%20Report&rpt_unit_in=1536&referrer=byunit,https://gateway.ifionline.org/report_builder/Default3a.aspx?rpttype=afr&rpt=cash_inv_combined&rptName=Cash%20and%20Investments&rpt_unit_in=1536&referrer=byunit,https://gateway.ifionline.org/report_builder/Default3a.aspx?rpttype=employComp&rpt=EmployComp&rptName=Employee%20Compensation&rpt_unit_in=1536&referrer=byunit,
Vermillion,Vermillion Township,83-014.00,Phyllia Orman,Trustee,15000.0,856,857,2025,679083.03,101412.22,51814.18,43913.94,7900.24,0,728681.07,https://gateway.ifionline.org/report_builder/Default3a.aspx?rpttype=afr&rpt=AFR_PrintFull_public&rptName=Annual%20Financial%20Report%20-%20Full%20Report&rpt_unit_in=1537&referrer=byunit,https://gateway.ifionline.org/report_builder/Default3a.aspx?rpttype=afr&rpt=cash_inv_combined&rptName=Cash%20and%20Investments&rpt_unit_in=1537&referrer=byunit,https://gateway.ifionline.org/report_builder/Default3a.aspx?rpttype=employComp&rpt=EmployComp&rptName=Employee%20Compensation&rpt_unit_in=1537&referrer=byunit,
Vigo,Fayette Township,84-005.00,Paul Allsup,TRUSTEE,21000.0,2736,2735,2024,413367.37,181076.02,113772.71,71622.63,1375.05,0,480670.68,https://gateway.ifionline.org/report_builder/Default3a.aspx?rpttype=afr&rpt=AFR_PrintFull_public&rptName=Annual%20Financial%20Report%20-%20Full%20Report&rpt_unit_in=1552&referrer=byunit,https://gateway.ifionline.org/report_builder/Default3a.aspx?rpttype=afr&rpt=cash_inv_combined&rptName=Cash%20and%20Investments&rpt_unit_in=1552&referrer=byunit,https://gateway.ifionline.org/report_builder/Default3a.aspx?rpttype=employComp&rpt=EmployComp&rptName=Employee%20Compensation&rpt_unit_in=1552&referrer=byunit,No 2025 AFR on Gateway; financials are 2024
Vigo,Harrison Township,84-006.00,Stacee M Todd,Trustee,70237.0,48975,49277,2025,929032.83,1471875.02,1354678.49,571810.18,150244.52,16853.95,1046229.36,https://gateway.ifionline.org/report_builder/Default3a.aspx?rpttype=afr&rpt=AFR_PrintFull_public&rptName=Annual%20Financial%20Report%20-%20Full%20Report&rpt_unit_in=1553&referrer=byunit,https://gateway.ifionline.org/report_builder/Default3a.aspx?rpttype=afr&rpt=cash_inv_combined&rptName=Cash%20and%20Investments&rpt_unit_in=1553&referrer=byunit,https://gateway.ifionline.org/report_builder/Default3a.aspx?rpttype=employComp&rpt=EmployComp&rptName=Employee%20Compensation&rpt_unit_in=1553&referrer=byunit,
Vigo,Honey Creek Township,84-007.00,Laureen Hoffman,Trustee,18000.0,17373,17354,2025,149763.53,83007.52,97206.73,37899.1,37146.16,0,135564.32,https://gateway.ifionline.org/report_builder/Default3a.aspx?rpttype=afr&rpt=AFR_PrintFull_public&rptName=Annual%20Financial%20Report%20-%20Full%20Report&rpt_unit_in=1554&referrer=byunit,https://gateway.ifionline.org/report_builder/Default3a.aspx?rpttype=afr&rpt=cash_inv_combined&rptName=Cash%20and%20Investments&rpt_unit_in=1554&referrer=byunit,https://gateway.ifionline.org/report_builder/Default3a.aspx?rpttype=employComp&rpt=EmployComp&rptName=Employee%20Compensation&rpt_unit_in=1554&referrer=byunit,
Vigo,Linton Township,84-008.00,Traci M McNeil,Trustee,7762.8,1257,1254,2025,151223.7,144793.37,69170.69,67073.81,0,0,226846.38,https://gateway.ifionline.org/report_builder/Default3a.aspx?rpttype=afr&rpt=AFR_PrintFull_public&rptName=Annual%20Financial%20Report%20-%20Full%20Report&rpt_unit_in=1555&referrer=byunit,https://gateway.ifionline.org/report_builder/Default3a.aspx?rpttype=afr&rpt=cash_inv_combined&rptName=Cash%20and%20Investments&rpt_unit_in=1555&referrer=byunit,https://gateway.ifionline.org/report_builder/Default3a.aspx?rpttype=employComp&rpt=EmployComp&rptName=Employee%20Compensation&rpt_unit_in=1555&referrer=byunit,
Vigo,Lost Creek Township,84-009.00,Rick D Long,Trustee,38520.0,11246,11305,2025,165819.7,202639.6,184576.55,137496.73,4677.0,5254.22,183882.75,https://gateway.ifionline.org/report_builder/Default3a.aspx?rpttype=afr&rpt=AFR_PrintFull_public&rptName=Annual%20Financial%20Report%20-%20Full%20Report&rpt_unit_in=1556&referrer=byunit,https://gateway.ifionline.org/report_builder/Default3a.aspx?rpttype=afr&rpt=cash_inv_combined&rptName=Cash%20and%20Investments&rpt_unit_in=1556&referrer=byunit,https://gateway.ifionline.org/report_builder/Default3a.aspx?rpttype=employComp&rpt=EmployComp&rptName=Employee%20Compensation&rpt_unit_in=1556&referrer=byunit,
Vigo,Nevins Township,84-010.00,John M Hanley,Trustee,10000.0,1829,1825,2025,26819.54,88827.44,57925.77,44084.56,0,6000.0,57721.21,https://gateway.ifionline.org/report_builder/Default3a.aspx?rpttype=afr&rpt=AFR_PrintFull_public&rptName=Annual%20Financial%20Report%20-%20Full%20Report&rpt_unit_in=1557&referrer=byunit,https://gateway.ifionline.org/report_builder/Default3a.aspx?rpttype=afr&rpt=cash_inv_combined&rptName=Cash%20and%20Investments&rpt_unit_in=1557&referrer=byunit,https://gateway.ifionline.org/report_builder/Default3a.aspx?rpttype=employComp&rpt=EmployComp&rptName=Employee%20Compensation&rpt_unit_in=1557&referrer=byunit,
Vigo,Otter Creek Township,84-011.00,Robert D Salmon,Trustee,41872.92,9010,9001,2025,637727.14,907815.87,863353.95,358162.81,22567.04,457072.29,682189.06,https://gateway.ifionline.org/report_builder/Default3a.aspx?rpttype=afr&rpt=AFR_PrintFull_public&rptName=Annual%20Financial%20Report%20-%20Full%20Report&rpt_unit_in=1558&referrer=byunit,https://gateway.ifionline.org/report_builder/Default3a.aspx?rpttype=afr&rpt=cash_inv_combined&rptName=Cash%20and%20Investments&rpt_unit_in=1558&referrer=byunit,https://gateway.ifionline.org/report_builder/Default3a.aspx?rpttype=employComp&rpt=EmployComp&rptName=Employee%20Compensation&rpt_unit_in=1558&referrer=byunit,
Vigo,Pierson Township,84-012.00,David W Brown,Trustee,11000.0,1234,1229,2025,475591.33,397545.77,324714.87,320979.85,0,0,548422.23,https://gateway.ifionline.org/report_builder/Default3a.aspx?rpttype=afr&rpt=AFR_PrintFull_public&rptName=Annual%20Financial%20Report%20-%20Full%20Report&rpt_unit_in=1559&referrer=byunit,https://gateway.ifionline.org/report_builder/Default3a.aspx?rpttype=afr&rpt=cash_inv_combined&rptName=Cash%20and%20Investments&rpt_unit_in=1559&referrer=byunit,https://gateway.ifionline.org/report_builder/Default3a.aspx?rpttype=employComp&rpt=EmployComp&rptName=Employee%20Compensation&rpt_unit_in=1559&referrer=byunit,
Vigo,Prairie Creek Township,84-013.00,,,,1062,1059,2024,39519.25,1875.0,25454.97,25454.97,0,0,15939.28,https://gateway.ifionline.org/report_builder/Default3a.aspx?rpttype=afr&rpt=AFR_PrintFull_public&rptName=Annual%20Financial%20Report%20-%20Full%20Report&rpt_unit_in=1560&referrer=byunit,https://gateway.ifionline.org/report_builder/Default3a.aspx?rpttype=afr&rpt=cash_inv_combined&rptName=Cash%20and%20Investments&rpt_unit_in=1560&referrer=byunit,https://gateway.ifionline.org/report_builder/Default3a.aspx?rpttype=employComp&rpt=EmployComp&rptName=Employee%20Compensation&rpt_unit_in=1560&referrer=byunit,No 2025 AFR on Gateway; financials are 2024 | No trustee listed on 2025 100R
Vigo,Prairieton Township,84-014.00,Judith e Dillion,TRUSTEE,7000.0,1121,1122,2025,137946.07,29412.72,16501.36,15626.57,800.0,0,150857.43,https://gateway.ifionline.org/report_builder/Default3a.aspx?rpttype=afr&rpt=AFR_PrintFull_public&rptName=Annual%20Financial%20Report%20-%20Full%20Report&rpt_unit_in=1561&referrer=byunit,https://gateway.ifionline.org/report_builder/Default3a.aspx?rpttype=afr&rpt=cash_inv_combined&rptName=Cash%20and%20Investments&rpt_unit_in=1561&referrer=byunit,https://gateway.ifionline.org/report_builder/Default3a.aspx?rpttype=employComp&rpt=EmployComp&rptName=Employee%20Compensation&rpt_unit_in=1561&referrer=byunit,
Vigo,Riley Township,84-015.00,Jeanie R Williams,Riley Township Trustee,12000.0,3166,3174,2025,72581.74,45332.27,31008.6,21664.64,3887.44,0,86905.41,https://gateway.ifionline.org/report_builder/Default3a.aspx?rpttype=afr&rpt=AFR_PrintFull_public&rptName=Annual%20Financial%20Report%20-%20Full%20Report&rpt_unit_in=1562&referrer=byunit,https://gateway.ifionline.org/report_builder/Default3a.aspx?rpttype=afr&rpt=cash_inv_combined&rptName=Cash%20and%20Investments&rpt_unit_in=1562&referrer=byunit,https://gateway.ifionline.org/report_builder/Default3a.aspx?rpttype=employComp&rpt=EmployComp&rptName=Employee%20Compensation&rpt_unit_in=1562&referrer=byunit,
Vigo,Sugar Creek Township,84-016.00,James Chrisman,Trustee,34831.14,7159,7177,2025,1011711.71,471193.52,427453.13,282867.66,68446.79,2145.0,1055452.1,https://gateway.ifionline.org/report_builder/Default3a.aspx?rpttype=afr&rpt=AFR_PrintFull_public&rptName=Annual%20Financial%20Report%20-%20Full%20Report&rpt_unit_in=1563&referrer=byunit,https://gateway.ifionline.org/report_builder/Default3a.aspx?rpttype=afr&rpt=cash_inv_combined&rptName=Cash%20and%20Investments&rpt_unit_in=1563&referrer=byunit,https://gateway.ifionline.org/report_builder/Default3a.aspx?rpttype=employComp&rpt=EmployComp&rptName=Employee%20Compensation&rpt_unit_in=1563&referrer=byunit,"Multiple trustees on 2025 100R: James Chrisman (Trustee) $34,831.14; Darrick Scott (Board Member/Trustee) $13,423.14"
Wabash,Chester Township,85-006.00,Becca Melton,trustee,19800.0,7017,6958,2025,1376962.64,539086.83,393441.54,339789.49,24206.07,0,1522607.93,https://gateway.ifionline.org/report_builder/Default3a.aspx?rpttype=afr&rpt=AFR_PrintFull_public&rptName=Annual%20Financial%20Report%20-%20Full%20Report&rpt_unit_in=1587&referrer=byunit,https://gateway.ifionline.org/report_builder/Default3a.aspx?rpttype=afr&rpt=cash_inv_combined&rptName=Cash%20and%20Investments&rpt_unit_in=1587&referrer=byunit,https://gateway.ifionline.org/report_builder/Default3a.aspx?rpttype=employComp&rpt=EmployComp&rptName=Employee%20Compensation&rpt_unit_in=1587&referrer=byunit,
Wabash,Lagro Township,85-007.00,Andrew DeLong,Trustee,18000.0,2727,2736,2025,1976127.3,787396.21,797543.43,489405.43,11163.19,274578.71,1965980.08,https://gateway.ifionline.org/report_builder/Default3a.aspx?rpttype=afr&rpt=AFR_PrintFull_public&rptName=Annual%20Financial%20Report%20-%20Full%20Report&rpt_unit_in=1588&referrer=byunit,https://gateway.ifionline.org/report_builder/Default3a.aspx?rpttype=afr&rpt=cash_inv_combined&rptName=Cash%20and%20Investments&rpt_unit_in=1588&referrer=byunit,https://gateway.ifionline.org/report_builder/Default3a.aspx?rpttype=employComp&rpt=EmployComp&rptName=Employee%20Compensation&rpt_unit_in=1588&referrer=byunit,
Wabash,Liberty Township,85-008.00,Debra J Dale,Trustee,8160.0,2219,2248,2025,795217.23,191157.04,122465.41,100914.54,0,15000.0,863908.86,https://gateway.ifionline.org/report_builder/Default3a.aspx?rpttype=afr&rpt=AFR_PrintFull_public&rptName=Annual%20Financial%20Report%20-%20Full%20Report&rpt_unit_in=1589&referrer=byunit,https://gateway.ifionline.org/report_builder/Default3a.aspx?rpttype=afr&rpt=cash_inv_combined&rptName=Cash%20and%20Investments&rpt_unit_in=1589&referrer=byunit,https://gateway.ifionline.org/report_builder/Default3a.aspx?rpttype=employComp&rpt=EmployComp&rptName=Employee%20Compensation&rpt_unit_in=1589&referrer=byunit,
Wabash,Noble Township,85-009.00,Lori Harnish,Trustee,28152.0,13885,13633,2025,2985935.01,713665.32,350645.05,247681.13,17140.69,66450.56,3348955.28,https://gateway.ifionline.org/report_builder/Default3a.aspx?rpttype=afr&rpt=AFR_PrintFull_public&rptName=Annual%20Financial%20Report%20-%20Full%20Report&rpt_unit_in=1590&referrer=byunit,https://gateway.ifionline.org/report_builder/Default3a.aspx?rpttype=afr&rpt=cash_inv_combined&rptName=Cash%20and%20Investments&rpt_unit_in=1590&referrer=byunit,https://gateway.ifionline.org/report_builder/Default3a.aspx?rpttype=employComp&rpt=EmployComp&rptName=Employee%20Compensation&rpt_unit_in=1590&referrer=byunit,
Wabash,Paw Paw Township,85-010.00,Ashley E Cordes,Trustee,8200.0,1557,1553,2025,675389.75,168526.58,88988.24,88582.79,0,0,754928.09,https://gateway.ifionline.org/report_builder/Default3a.aspx?rpttype=afr&rpt=AFR_PrintFull_public&rptName=Annual%20Financial%20Report%20-%20Full%20Report&rpt_unit_in=1591&referrer=byunit,https://gateway.ifionline.org/report_builder/Default3a.aspx?rpttype=afr&rpt=cash_inv_combined&rptName=Cash%20and%20Investments&rpt_unit_in=1591&referrer=byunit,https://gateway.ifionline.org/report_builder/Default3a.aspx?rpttype=employComp&rpt=EmployComp&rptName=Employee%20Compensation&rpt_unit_in=1591&referrer=byunit,
Wabash,Pleasant Township,85-011.00,Rebecca Warmuth,TOWNSHIP TRUSTEE,18078.0,2375,2387,2025,696502.97,324116.15,217984.69,176424.05,10778.99,24286.96,802634.43,https://gateway.ifionline.org/report_builder/Default3a.aspx?rpttype=afr&rpt=AFR_PrintFull_public&rptName=Annual%20Financial%20Report%20-%20Full%20Report&rpt_unit_in=1592&referrer=byunit,https://gateway.ifionline.org/report_builder/Default3a.aspx?rpttype=afr&rpt=cash_inv_combined&rptName=Cash%20and%20Investments&rpt_unit_in=1592&referrer=byunit,https://gateway.ifionline.org/report_builder/Default3a.aspx?rpttype=employComp&rpt=EmployComp&rptName=Employee%20Compensation&rpt_unit_in=1592&referrer=byunit,
Wabash,Waltz Township,85-012.00,Michael A Ruse,Trustee,6903.0,1198,1198,2025,195497.13,52901.73,39687.22,32005.87,590.0,0,208711.64,https://gateway.ifionline.org/report_builder/Default3a.aspx?rpttype=afr&rpt=AFR_PrintFull_public&rptName=Annual%20Financial%20Report%20-%20Full%20Report&rpt_unit_in=1593&referrer=byunit,https://gateway.ifionline.org/report_builder/Default3a.aspx?rpttype=afr&rpt=cash_inv_combined&rptName=Cash%20and%20Investments&rpt_unit_in=1593&referrer=byunit,https://gateway.ifionline.org/report_builder/Default3a.aspx?rpttype=employComp&rpt=EmployComp&rptName=Employee%20Compensation&rpt_unit_in=1593&referrer=byunit,
Warren,Adams Township,86-007.00,Jerry McCoskey,Trustee,8930.0,517,521,2025,45340.27,48436.88,30232.04,27254.45,900.0,0,63545.11,https://gateway.ifionline.org/report_builder/Default3a.aspx?rpttype=afr&rpt=AFR_PrintFull_public&rptName=Annual%20Financial%20Report%20-%20Full%20Report&rpt_unit_in=1608&referrer=byunit,https://gateway.ifionline.org/report_builder/Default3a.aspx?rpttype=afr&rpt=cash_inv_combined&rptName=Cash%20and%20Investments&rpt_unit_in=1608&referrer=byunit,https://gateway.ifionline.org/report_builder/Default3a.aspx?rpttype=employComp&rpt=EmployComp&rptName=Employee%20Compensation&rpt_unit_in=1608&referrer=byunit,
Warren,Jordan Township,86-008.00,Joseph Silver,TOWNSHIP TRUSTEE,3324.6,229,229,2025,137523.37,22312.7,16760.93,13066.6,3143.53,0,143075.14,https://gateway.ifionline.org/report_builder/Default3a.aspx?rpttype=afr&rpt=AFR_PrintFull_public&rptName=Annual%20Financial%20Report%20-%20Full%20Report&rpt_unit_in=1609&referrer=byunit,https://gateway.ifionline.org/report_builder/Default3a.aspx?rpttype=afr&rpt=cash_inv_combined&rptName=Cash%20and%20Investments&rpt_unit_in=1609&referrer=byunit,https://gateway.ifionline.org/report_builder/Default3a.aspx?rpttype=employComp&rpt=EmployComp&rptName=Employee%20Compensation&rpt_unit_in=1609&referrer=byunit,
Warren,Kent Township,86-009.00,Kerri Thurman,Township Trustee,3200.0,430,432,2025,84195.98,25910.0,12558.77,10126.35,1772.05,0,97547.21,https://gateway.ifionline.org/report_builder/Default3a.aspx?rpttype=afr&rpt=AFR_PrintFull_public&rptName=Annual%20Financial%20Report%20-%20Full%20Report&rpt_unit_in=1610&referrer=byunit,https://gateway.ifionline.org/report_builder/Default3a.aspx?rpttype=afr&rpt=cash_inv_combined&rptName=Cash%20and%20Investments&rpt_unit_in=1610&referrer=byunit,https://gateway.ifionline.org/report_builder/Default3a.aspx?rpttype=employComp&rpt=EmployComp&rptName=Employee%20Compensation&rpt_unit_in=1610&referrer=byunit,
Warren,Liberty Township,86-010.00,Tammera Lucas,Trustee,4200.0,883,883,2025,51626.55,59096.68,26593.76,9281.27,4482.35,0,84129.47,https://gateway.ifionline.org/report_builder/Default3a.aspx?rpttype=afr&rpt=AFR_PrintFull_public&rptName=Annual%20Financial%20Report%20-%20Full%20Report&rpt_unit_in=1611&referrer=byunit,https://gateway.ifionline.org/report_builder/Default3a.aspx?rpttype=afr&rpt=cash_inv_combined&rptName=Cash%20and%20Investments&rpt_unit_in=1611&referrer=byunit,https://gateway.ifionline.org/report_builder/Default3a.aspx?rpttype=employComp&rpt=EmployComp&rptName=Employee%20Compensation&rpt_unit_in=1611&referrer=byunit,
Warren,Medina Township,86-011.00,Dann Keiser,Trustee,3420.0,495,498,2025,136613.43,27040.09,13644.13,13644.13,0,0,150009.39,https://gateway.ifionline.org/report_builder/Default3a.aspx?rpttype=afr&rpt=AFR_PrintFull_public&rptName=Annual%20Financial%20Report%20-%20Full%20Report&rpt_unit_in=1612&referrer=byunit,https://gateway.ifionline.org/report_builder/Default3a.aspx?rpttype=afr&rpt=cash_inv_combined&rptName=Cash%20and%20Investments&rpt_unit_in=1612&referrer=byunit,https://gateway.ifionline.org/report_builder/Default3a.aspx?rpttype=employComp&rpt=EmployComp&rptName=Employee%20Compensation&rpt_unit_in=1612&referrer=byunit,
Warren,Mound Township,86-012.00,Jill R Fulton,TWP Trustee,6500.0,424,425,2025,213913.36,40328.59,40942.4,36417.59,2956.59,0,213299.55,https://gateway.ifionline.org/report_builder/Default3a.aspx?rpttype=afr&rpt=AFR_PrintFull_public&rptName=Annual%20Financial%20Report%20-%20Full%20Report&rpt_unit_in=1613&referrer=byunit,https://gateway.ifionline.org/report_builder/Default3a.aspx?rpttype=afr&rpt=cash_inv_combined&rptName=Cash%20and%20Investments&rpt_unit_in=1613&referrer=byunit,https://gateway.ifionline.org/report_builder/Default3a.aspx?rpttype=employComp&rpt=EmployComp&rptName=Employee%20Compensation&rpt_unit_in=1613&referrer=byunit,
Warren,Pike Township,86-013.00,Christina Best,Trustee,3000.0,1157,1161,2025,29026.43,33630.01,30391.45,12508.46,789.02,0,32264.99,https://gateway.ifionline.org/report_builder/Default3a.aspx?rpttype=afr&rpt=AFR_PrintFull_public&rptName=Annual%20Financial%20Report%20-%20Full%20Report&rpt_unit_in=1614&referrer=byunit,https://gateway.ifionline.org/report_builder/Default3a.aspx?rpttype=afr&rpt=cash_inv_combined&rptName=Cash%20and%20Investments&rpt_unit_in=1614&referrer=byunit,https://gateway.ifionline.org/report_builder/Default3a.aspx?rpttype=employComp&rpt=EmployComp&rptName=Employee%20Compensation&rpt_unit_in=1614&referrer=byunit,
Warren,Pine Township,86-014.00,Marcie J Blessing,Trustee,8000.0,527,531,2025,330384.3,507816.31,456434.12,453241.01,0,0,381766.49,https://gateway.ifionline.org/report_builder/Default3a.aspx?rpttype=afr&rpt=AFR_PrintFull_public&rptName=Annual%20Financial%20Report%20-%20Full%20Report&rpt_unit_in=1615&referrer=byunit,https://gateway.ifionline.org/report_builder/Default3a.aspx?rpttype=afr&rpt=cash_inv_combined&rptName=Cash%20and%20Investments&rpt_unit_in=1615&referrer=byunit,https://gateway.ifionline.org/report_builder/Default3a.aspx?rpttype=employComp&rpt=EmployComp&rptName=Employee%20Compensation&rpt_unit_in=1615&referrer=byunit,
Warren,Prairie Township,,,,,231,230,,,,,,,,,,,,Not found in 2025 100R employee compensation | No 2024 or 2025 AFR found on Gateway
Warren,Steuben Township,86-016.00,Carolyn Orr,Township Trustee,3000.0,502,504,2025,65603.24,30615.46,20088.57,16698.75,2760.05,0,76130.13,https://gateway.ifionline.org/report_builder/Default3a.aspx?rpttype=afr&rpt=AFR_PrintFull_public&rptName=Annual%20Financial%20Report%20-%20Full%20Report&rpt_unit_in=1617&referrer=byunit,https://gateway.ifionline.org/report_builder/Default3a.aspx?rpttype=afr&rpt=cash_inv_combined&rptName=Cash%20and%20Investments&rpt_unit_in=1617&referrer=byunit,https://gateway.ifionline.org/report_builder/Default3a.aspx?rpttype=employComp&rpt=EmployComp&rptName=Employee%20Compensation&rpt_unit_in=1617&referrer=byunit,
Warren,Warren Township,86-017.00,Kenny J Green,TRUSTEE,4100.0,698,705,2025,89784.6,47971.09,14968.25,14111.45,0,0,122787.44,https://gateway.ifionline.org/report_builder/Default3a.aspx?rpttype=afr&rpt=AFR_PrintFull_public&rptName=Annual%20Financial%20Report%20-%20Full%20Report&rpt_unit_in=1618&referrer=byunit,https://gateway.ifionline.org/report_builder/Default3a.aspx?rpttype=afr&rpt=cash_inv_combined&rptName=Cash%20and%20Investments&rpt_unit_in=1618&referrer=byunit,https://gateway.ifionline.org/report_builder/Default3a.aspx?rpttype=employComp&rpt=EmployComp&rptName=Employee%20Compensation&rpt_unit_in=1618&referrer=byunit,
Warren,Washington Township,86-018.00,Danny Kincade,Trustee,7812.0,2343,2355,2025,187273.97,86380.12,65426.77,50775.79,13026.13,0,208227.32,https://gateway.ifionline.org/report_builder/Default3a.aspx?rpttype=afr&rpt=AFR_PrintFull_public&rptName=Annual%20Financial%20Report%20-%20Full%20Report&rpt_unit_in=1619&referrer=byunit,https://gateway.ifionline.org/report_builder/Default3a.aspx?rpttype=afr&rpt=cash_inv_combined&rptName=Cash%20and%20Investments&rpt_unit_in=1619&referrer=byunit,https://gateway.ifionline.org/report_builder/Default3a.aspx?rpttype=employComp&rpt=EmployComp&rptName=Employee%20Compensation&rpt_unit_in=1619&referrer=byunit,
Warrick,Anderson Township,87-007.00,Dawn R ONeal,Trustee,16800.0,1217,1285,2025,1421501.22,724182.99,742211.51,389810.65,5053.0,298775.13,1403472.7,https://gateway.ifionline.org/report_builder/Default3a.aspx?rpttype=afr&rpt=AFR_PrintFull_public&rptName=Annual%20Financial%20Report%20-%20Full%20Report&rpt_unit_in=1634&referrer=byunit,https://gateway.ifionline.org/report_builder/Default3a.aspx?rpttype=afr&rpt=cash_inv_combined&rptName=Cash%20and%20Investments&rpt_unit_in=1634&referrer=byunit,https://gateway.ifionline.org/report_builder/Default3a.aspx?rpttype=employComp&rpt=EmployComp&rptName=Employee%20Compensation&rpt_unit_in=1634&referrer=byunit,
Warrick,Boon Township,87-008.00,Carmen Downing,Trustee,24510.0,13555,13898,2025,684457.18,151984.56,246250.62,164315.21,76291.28,0,590191.12,https://gateway.ifionline.org/report_builder/Default3a.aspx?rpttype=afr&rpt=AFR_PrintFull_public&rptName=Annual%20Financial%20Report%20-%20Full%20Report&rpt_unit_in=1635&referrer=byunit,https://gateway.ifionline.org/report_builder/Default3a.aspx?rpttype=afr&rpt=cash_inv_combined&rptName=Cash%20and%20Investments&rpt_unit_in=1635&referrer=byunit,https://gateway.ifionline.org/report_builder/Default3a.aspx?rpttype=employComp&rpt=EmployComp&rptName=Employee%20Compensation&rpt_unit_in=1635&referrer=byunit,
Warrick,Campbell Township,87-009.00,Steven Wagner,trustee,7645.0,1110,1172,2025,146225.76,37970.15,38091.26,37791.26,300.0,0,146104.65,https://gateway.ifionline.org/report_builder/Default3a.aspx?rpttype=afr&rpt=AFR_PrintFull_public&rptName=Annual%20Financial%20Report%20-%20Full%20Report&rpt_unit_in=1636&referrer=byunit,https://gateway.ifionline.org/report_builder/Default3a.aspx?rpttype=afr&rpt=cash_inv_combined&rptName=Cash%20and%20Investments&rpt_unit_in=1636&referrer=byunit,https://gateway.ifionline.org/report_builder/Default3a.aspx?rpttype=employComp&rpt=EmployComp&rptName=Employee%20Compensation&rpt_unit_in=1636&referrer=byunit,
Warrick,Greer Township,87-010.00,Jennifer S Graper-Greenfield,Trustee,11000.0,1849,1939,2025,240120.99,41058.63,33660.27,27496.29,1937.2,1019.98,247519.35,https://gateway.ifionline.org/report_builder/Default3a.aspx?rpttype=afr&rpt=AFR_PrintFull_public&rptName=Annual%20Financial%20Report%20-%20Full%20Report&rpt_unit_in=1637&referrer=byunit,https://gateway.ifionline.org/report_builder/Default3a.aspx?rpttype=afr&rpt=cash_inv_combined&rptName=Cash%20and%20Investments&rpt_unit_in=1637&referrer=byunit,https://gateway.ifionline.org/report_builder/Default3a.aspx?rpttype=employComp&rpt=EmployComp&rptName=Employee%20Compensation&rpt_unit_in=1637&referrer=byunit,
Warrick,Hart Township,87-011.00,Kelly Hall,TRUSTEE,14364.0,1542,1636,2025,102741.61,48304.08,38517.57,25898.22,3143.37,0,112528.12,https://gateway.ifionline.org/report_builder/Default3a.aspx?rpttype=afr&rpt=AFR_PrintFull_public&rptName=Annual%20Financial%20Report%20-%20Full%20Report&rpt_unit_in=1638&referrer=byunit,https://gateway.ifionline.org/report_builder/Default3a.aspx?rpttype=afr&rpt=cash_inv_combined&rptName=Cash%20and%20Investments&rpt_unit_in=1638&referrer=byunit,https://gateway.ifionline.org/report_builder/Default3a.aspx?rpttype=employComp&rpt=EmployComp&rptName=Employee%20Compensation&rpt_unit_in=1638&referrer=byunit,
Warrick,Lane Township,87-012.00,,,,251,268,2025,31194.29,15726.55,15292.4,15292.4,0,0,31628.44,https://gateway.ifionline.org/report_builder/Default3a.aspx?rpttype=afr&rpt=AFR_PrintFull_public&rptName=Annual%20Financial%20Report%20-%20Full%20Report&rpt_unit_in=1639&referrer=byunit,https://gateway.ifionline.org/report_builder/Default3a.aspx?rpttype=afr&rpt=cash_inv_combined&rptName=Cash%20and%20Investments&rpt_unit_in=1639&referrer=byunit,https://gateway.ifionline.org/report_builder/Default3a.aspx?rpttype=employComp&rpt=EmployComp&rptName=Employee%20Compensation&rpt_unit_in=1639&referrer=byunit,No trustee listed on 2025 100R
Warrick,Ohio Township,87-013.00,Chad Bennett,TRUSTEE,56080.0,41248,43316,2025,9895100.29,10692439.76,12540855.51,7473529.84,72044.23,2059908.12,8046684.54,https://gateway.ifionline.org/report_builder/Default3a.aspx?rpttype=afr&rpt=AFR_PrintFull_public&rptName=Annual%20Financial%20Report%20-%20Full%20Report&rpt_unit_in=1640&referrer=byunit,https://gateway.ifionline.org/report_builder/Default3a.aspx?rpttype=afr&rpt=cash_inv_combined&rptName=Cash%20and%20Investments&rpt_unit_in=1640&referrer=byunit,https://gateway.ifionline.org/report_builder/Default3a.aspx?rpttype=employComp&rpt=EmployComp&rptName=Employee%20Compensation&rpt_unit_in=1640&referrer=byunit,
Warrick,Owen Township,87-014.00,Raleigh K Bruner,Township Trustee,4400.0,624,664,2025,120005.5,27942.04,23075.13,12097.61,1800.0,0,124872.41,https://gateway.ifionline.org/report_builder/Default3a.aspx?rpttype=afr&rpt=AFR_PrintFull_public&rptName=Annual%20Financial%20Report%20-%20Full%20Report&rpt_unit_in=1641&referrer=byunit,https://gateway.ifionline.org/report_builder/Default3a.aspx?rpttype=afr&rpt=cash_inv_combined&rptName=Cash%20and%20Investments&rpt_unit_in=1641&referrer=byunit,https://gateway.ifionline.org/report_builder/Default3a.aspx?rpttype=employComp&rpt=EmployComp&rptName=Employee%20Compensation&rpt_unit_in=1641&referrer=byunit,
Warrick,Pigeon Township,87-015.00,,,,964,1007,2025,182184.46,86929.58,73463.64,59342.99,0,12729.0,195650.4,https://gateway.ifionline.org/report_builder/Default3a.aspx?rpttype=afr&rpt=AFR_PrintFull_public&rptName=Annual%20Financial%20Report%20-%20Full%20Report&rpt_unit_in=1642&referrer=byunit,https://gateway.ifionline.org/report_builder/Default3a.aspx?rpttype=afr&rpt=cash_inv_combined&rptName=Cash%20and%20Investments&rpt_unit_in=1642&referrer=byunit,https://gateway.ifionline.org/report_builder/Default3a.aspx?rpttype=employComp&rpt=EmployComp&rptName=Employee%20Compensation&rpt_unit_in=1642&referrer=byunit,No trustee listed on 2025 100R
Warrick,Skelton Township,87-016.00,Sheila Seiler,Trustee,8500.0,1534,1618,2025,236404.65,197178.14,147293.99,116377.71,24605.96,0,286288.8,https://gateway.ifionline.org/report_builder/Default3a.aspx?rpttype=afr&rpt=AFR_PrintFull_public&rptName=Annual%20Financial%20Report%20-%20Full%20Report&rpt_unit_in=1643&referrer=byunit,https://gateway.ifionline.org/report_builder/Default3a.aspx?rpttype=afr&rpt=cash_inv_combined&rptName=Cash%20and%20Investments&rpt_unit_in=1643&referrer=byunit,https://gateway.ifionline.org/report_builder/Default3a.aspx?rpttype=employComp&rpt=EmployComp&rptName=Employee%20Compensation&rpt_unit_in=1643&referrer=byunit,
Washington,Brown Township,88-014.00,Sue Bennett,TRUSTEE,11499.96,1077,1102,2025,302660.02,59817.15,48362.88,32411.41,9692.63,0,314114.29,https://gateway.ifionline.org/report_builder/Default3a.aspx?rpttype=afr&rpt=AFR_PrintFull_public&rptName=Annual%20Financial%20Report%20-%20Full%20Report&rpt_unit_in=1657&referrer=byunit,https://gateway.ifionline.org/report_builder/Default3a.aspx?rpttype=afr&rpt=cash_inv_combined&rptName=Cash%20and%20Investments&rpt_unit_in=1657&referrer=byunit,https://gateway.ifionline.org/report_builder/Default3a.aspx?rpttype=employComp&rpt=EmployComp&rptName=Employee%20Compensation&rpt_unit_in=1657&referrer=byunit,
Washington,Franklin Township,88-015.00,Steven L Anderson,TRUSTEE,21875.0,2439,2473,2025,379039.59,144944.33,97084.57,80561.03,10006.53,0,426899.35,https://gateway.ifionline.org/report_builder/Default3a.aspx?rpttype=afr&rpt=AFR_PrintFull_public&rptName=Annual%20Financial%20Report%20-%20Full%20Report&rpt_unit_in=1658&referrer=byunit,https://gateway.ifionline.org/report_builder/Default3a.aspx?rpttype=afr&rpt=cash_inv_combined&rptName=Cash%20and%20Investments&rpt_unit_in=1658&referrer=byunit,https://gateway.ifionline.org/report_builder/Default3a.aspx?rpttype=employComp&rpt=EmployComp&rptName=Employee%20Compensation&rpt_unit_in=1658&referrer=byunit,
Washington,Gibson Township,88-016.00,Rachel Wischmeier,TRUSTEE,13200.0,1117,1146,2025,369192.39,112690.92,68624.73,60774.14,5536.34,0,413258.58,https://gateway.ifionline.org/report_builder/Default3a.aspx?rpttype=afr&rpt=AFR_PrintFull_public&rptName=Annual%20Financial%20Report%20-%20Full%20Report&rpt_unit_in=1659&referrer=byunit,https://gateway.ifionline.org/report_builder/Default3a.aspx?rpttype=afr&rpt=cash_inv_combined&rptName=Cash%20and%20Investments&rpt_unit_in=1659&referrer=byunit,https://gateway.ifionline.org/report_builder/Default3a.aspx?rpttype=employComp&rpt=EmployComp&rptName=Employee%20Compensation&rpt_unit_in=1659&referrer=byunit,
Washington,Howard Township,88-017.00,Kathleen M Zelivetz,TRUSTEE,20000.0,1215,1220,2025,43330.49,42042.04,39501.23,33896.92,925.0,0,45871.3,https://gateway.ifionline.org/report_builder/Default3a.aspx?rpttype=afr&rpt=AFR_PrintFull_public&rptName=Annual%20Financial%20Report%20-%20Full%20Report&rpt_unit_in=1660&referrer=byunit,https://gateway.ifionline.org/report_builder/Default3a.aspx?rpttype=afr&rpt=cash_inv_combined&rptName=Cash%20and%20Investments&rpt_unit_in=1660&referrer=byunit,https://gateway.ifionline.org/report_builder/Default3a.aspx?rpttype=employComp&rpt=EmployComp&rptName=Employee%20Compensation&rpt_unit_in=1660&referrer=byunit,
Washington,Jackson Township,88-018.00,Matthew Incantalupo,TRUSTEE,14400.0,2039,2062,2025,409140.24,162015.57,110469.64,87661.59,3810.0,16000.0,460686.17,https://gateway.ifionline.org/report_builder/Default3a.aspx?rpttype=afr&rpt=AFR_PrintFull_public&rptName=Annual%20Financial%20Report%20-%20Full%20Report&rpt_unit_in=1661&referrer=byunit,https://gateway.ifionline.org/report_builder/Default3a.aspx?rpttype=afr&rpt=cash_inv_combined&rptName=Cash%20and%20Investments&rpt_unit_in=1661&referrer=byunit,https://gateway.ifionline.org/report_builder/Default3a.aspx?rpttype=employComp&rpt=EmployComp&rptName=Employee%20Compensation&rpt_unit_in=1661&referrer=byunit,
Washington,Jefferson Township,88-019.00,Andrew Knapp,Trustee,10000.0,846,862,2025,230679.2,90823.58,93985.72,88788.06,1502.24,0,227517.06,https://gateway.ifionline.org/report_builder/Default3a.aspx?rpttype=afr&rpt=AFR_PrintFull_public&rptName=Annual%20Financial%20Report%20-%20Full%20Report&rpt_unit_in=1662&referrer=byunit,https://gateway.ifionline.org/report_builder/Default3a.aspx?rpttype=afr&rpt=cash_inv_combined&rptName=Cash%20and%20Investments&rpt_unit_in=1662&referrer=byunit,https://gateway.ifionline.org/report_builder/Default3a.aspx?rpttype=employComp&rpt=EmployComp&rptName=Employee%20Compensation&rpt_unit_in=1662&referrer=byunit,
Washington,Madison Township,88-020.00,Lee Badger,TRUSTEE,18000.0,652,663,2025,229504.38,82027.84,56442.5,51786.33,405.13,0,255089.72,https://gateway.ifionline.org/report_builder/Default3a.aspx?rpttype=afr&rpt=AFR_PrintFull_public&rptName=Annual%20Financial%20Report%20-%20Full%20Report&rpt_unit_in=1663&referrer=byunit,https://gateway.ifionline.org/report_builder/Default3a.aspx?rpttype=afr&rpt=cash_inv_combined&rptName=Cash%20and%20Investments&rpt_unit_in=1663&referrer=byunit,https://gateway.ifionline.org/report_builder/Default3a.aspx?rpttype=employComp&rpt=EmployComp&rptName=Employee%20Compensation&rpt_unit_in=1663&referrer=byunit,
Washington,Monroe Township,88-021.00,Jennifer M Bowers,Trustee,20258.0,609,626,2025,325824.11,132293.71,140076.69,42222.16,185.61,61187.71,318041.13,https://gateway.ifionline.org/report_builder/Default3a.aspx?rpttype=afr&rpt=AFR_PrintFull_public&rptName=Annual%20Financial%20Report%20-%20Full%20Report&rpt_unit_in=1664&referrer=byunit,https://gateway.ifionline.org/report_builder/Default3a.aspx?rpttype=afr&rpt=cash_inv_combined&rptName=Cash%20and%20Investments&rpt_unit_in=1664&referrer=byunit,https://gateway.ifionline.org/report_builder/Default3a.aspx?rpttype=employComp&rpt=EmployComp&rptName=Employee%20Compensation&rpt_unit_in=1664&referrer=byunit,
Washington,Pierce Township,88-022.00,Brenna Laduke,TRUSTEE,16500.0,2516,2559,2025,653408.46,151052.74,81089.24,66082.29,7665.56,0,723371.96,https://gateway.ifionline.org/report_builder/Default3a.aspx?rpttype=afr&rpt=AFR_PrintFull_public&rptName=Annual%20Financial%20Report%20-%20Full%20Report&rpt_unit_in=1665&referrer=byunit,https://gateway.ifionline.org/report_builder/Default3a.aspx?rpttype=afr&rpt=cash_inv_combined&rptName=Cash%20and%20Investments&rpt_unit_in=1665&referrer=byunit,https://gateway.ifionline.org/report_builder/Default3a.aspx?rpttype=employComp&rpt=EmployComp&rptName=Employee%20Compensation&rpt_unit_in=1665&referrer=byunit,
Washington,Polk Township,88-023.00,"Jr, Clair Sullivan",TRUSTEE,18200.0,2682,2720,2025,798400.4,150692.34,67770.66,60993.0,4715.98,0,881322.08,https://gateway.ifionline.org/report_builder/Default3a.aspx?rpttype=afr&rpt=AFR_PrintFull_public&rptName=Annual%20Financial%20Report%20-%20Full%20Report&rpt_unit_in=1666&referrer=byunit,https://gateway.ifionline.org/report_builder/Default3a.aspx?rpttype=afr&rpt=cash_inv_combined&rptName=Cash%20and%20Investments&rpt_unit_in=1666&referrer=byunit,https://gateway.ifionline.org/report_builder/Default3a.aspx?rpttype=employComp&rpt=EmployComp&rptName=Employee%20Compensation&rpt_unit_in=1666&referrer=byunit,
Washington,Posey Township,88-024.00,Ken Armstrong,Trustee,21600.0,1832,1872,2025,445241.79,175205.67,105622.0,81461.53,20641.19,0,514825.46,https://gateway.ifionline.org/report_builder/Default3a.aspx?rpttype=afr&rpt=AFR_PrintFull_public&rptName=Annual%20Financial%20Report%20-%20Full%20Report&rpt_unit_in=1667&referrer=byunit,https://gateway.ifionline.org/report_builder/Default3a.aspx?rpttype=afr&rpt=cash_inv_combined&rptName=Cash%20and%20Investments&rpt_unit_in=1667&referrer=byunit,https://gateway.ifionline.org/report_builder/Default3a.aspx?rpttype=employComp&rpt=EmployComp&rptName=Employee%20Compensation&rpt_unit_in=1667&referrer=byunit,
Washington,Vernon Township,88-025.00,Marsha Guthrie,TRUSTEE,12000.0,646,648,2025,210639.47,58206.86,33877.16,27762.41,4427.43,0,234969.17,https://gateway.ifionline.org/report_builder/Default3a.aspx?rpttype=afr&rpt=AFR_PrintFull_public&rptName=Annual%20Financial%20Report%20-%20Full%20Report&rpt_unit_in=1668&referrer=byunit,https://gateway.ifionline.org/report_builder/Default3a.aspx?rpttype=afr&rpt=cash_inv_combined&rptName=Cash%20and%20Investments&rpt_unit_in=1668&referrer=byunit,https://gateway.ifionline.org/report_builder/Default3a.aspx?rpttype=employComp&rpt=EmployComp&rptName=Employee%20Compensation&rpt_unit_in=1668&referrer=byunit,
Washington,Washington Township,88-026.00,Joshua G Anderson,TRUSTEE,19000.0,10491,10430,2025,1648948.91,637379.7,264600.75,168354.27,65634.73,25000.0,2021727.86,https://gateway.ifionline.org/report_builder/Default3a.aspx?rpttype=afr&rpt=AFR_PrintFull_public&rptName=Annual%20Financial%20Report%20-%20Full%20Report&rpt_unit_in=1669&referrer=byunit,https://gateway.ifionline.org/report_builder/Default3a.aspx?rpttype=afr&rpt=cash_inv_combined&rptName=Cash%20and%20Investments&rpt_unit_in=1669&referrer=byunit,https://gateway.ifionline.org/report_builder/Default3a.aspx?rpttype=employComp&rpt=EmployComp&rptName=Employee%20Compensation&rpt_unit_in=1669&referrer=byunit,
Wayne,Abington Township,89-015.00,Steven Kaiser,Trustee,12725.0,802,805,2025,88245.15,252423.51,241785.1,168133.04,0,52378.3,98883.56,https://gateway.ifionline.org/report_builder/Default3a.aspx?rpttype=afr&rpt=AFR_PrintFull_public&rptName=Annual%20Financial%20Report%20-%20Full%20Report&rpt_unit_in=1691&referrer=byunit,https://gateway.ifionline.org/report_builder/Default3a.aspx?rpttype=afr&rpt=cash_inv_combined&rptName=Cash%20and%20Investments&rpt_unit_in=1691&referrer=byunit,https://gateway.ifionline.org/report_builder/Default3a.aspx?rpttype=employComp&rpt=EmployComp&rptName=Employee%20Compensation&rpt_unit_in=1691&referrer=byunit,
Wayne,Boston Township,89-016.00,Sandra Nocton,Trustee,9879.96,917,921,2025,224654.65,126807.89,150908.49,96309.17,797.29,49000.0,200554.05,https://gateway.ifionline.org/report_builder/Default3a.aspx?rpttype=afr&rpt=AFR_PrintFull_public&rptName=Annual%20Financial%20Report%20-%20Full%20Report&rpt_unit_in=1692&referrer=byunit,https://gateway.ifionline.org/report_builder/Default3a.aspx?rpttype=afr&rpt=cash_inv_combined&rptName=Cash%20and%20Investments&rpt_unit_in=1692&referrer=byunit,https://gateway.ifionline.org/report_builder/Default3a.aspx?rpttype=employComp&rpt=EmployComp&rptName=Employee%20Compensation&rpt_unit_in=1692&referrer=byunit,
Wayne,Center Township,89-017.00,,,,7360,7376,2025,358561.05,260706.92,216849.79,172706.79,37394.01,460.09,402418.18,https://gateway.ifionline.org/report_builder/Default3a.aspx?rpttype=afr&rpt=AFR_PrintFull_public&rptName=Annual%20Financial%20Report%20-%20Full%20Report&rpt_unit_in=1693&referrer=byunit,https://gateway.ifionline.org/report_builder/Default3a.aspx?rpttype=afr&rpt=cash_inv_combined&rptName=Cash%20and%20Investments&rpt_unit_in=1693&referrer=byunit,https://gateway.ifionline.org/report_builder/Default3a.aspx?rpttype=employComp&rpt=EmployComp&rptName=Employee%20Compensation&rpt_unit_in=1693&referrer=byunit,No trustee listed on 2025 100R
Wayne,Clay Township,89-018.00,Mari L Taube,Trustee,6240.0,1078,1081,2025,363747.0,130413.76,172012.99,90798.86,0,79254.79,322147.77,https://gateway.ifionline.org/report_builder/Default3a.aspx?rpttype=afr&rpt=AFR_PrintFull_public&rptName=Annual%20Financial%20Report%20-%20Full%20Report&rpt_unit_in=1694&referrer=byunit,https://gateway.ifionline.org/report_builder/Default3a.aspx?rpttype=afr&rpt=cash_inv_combined&rptName=Cash%20and%20Investments&rpt_unit_in=1694&referrer=byunit,https://gateway.ifionline.org/report_builder/Default3a.aspx?rpttype=employComp&rpt=EmployComp&rptName=Employee%20Compensation&rpt_unit_in=1694&referrer=byunit,
Wayne,Dalton Township,89-019.00,Lance A Lumpkin,Trustee,5000.0,622,620,2025,30169.01,23429.08,20300.81,19120.81,1180.0,0,33297.28,https://gateway.ifionline.org/report_builder/Default3a.aspx?rpttype=afr&rpt=AFR_PrintFull_public&rptName=Annual%20Financial%20Report%20-%20Full%20Report&rpt_unit_in=1695&referrer=byunit,https://gateway.ifionline.org/report_builder/Default3a.aspx?rpttype=afr&rpt=cash_inv_combined&rptName=Cash%20and%20Investments&rpt_unit_in=1695&referrer=byunit,https://gateway.ifionline.org/report_builder/Default3a.aspx?rpttype=employComp&rpt=EmployComp&rptName=Employee%20Compensation&rpt_unit_in=1695&referrer=byunit,
Wayne,Franklin Township,89-020.00,John Roll,Franklin Twp. Trustee,7000.0,1327,1326,2025,120689.39,83663.46,73824.68,72967.78,0,0,130528.17,https://gateway.ifionline.org/report_builder/Default3a.aspx?rpttype=afr&rpt=AFR_PrintFull_public&rptName=Annual%20Financial%20Report%20-%20Full%20Report&rpt_unit_in=1696&referrer=byunit,https://gateway.ifionline.org/report_builder/Default3a.aspx?rpttype=afr&rpt=cash_inv_combined&rptName=Cash%20and%20Investments&rpt_unit_in=1696&referrer=byunit,https://gateway.ifionline.org/report_builder/Default3a.aspx?rpttype=employComp&rpt=EmployComp&rptName=Employee%20Compensation&rpt_unit_in=1696&referrer=byunit,
Wayne,Greene Township,89-021.00,Robert Conyers,Trustee,8460.0,1304,1308,2025,371303.7,95977.01,102842.41,73450.58,0,12235.35,364438.3,https://gateway.ifionline.org/report_builder/Default3a.aspx?rpttype=afr&rpt=AFR_PrintFull_public&rptName=Annual%20Financial%20Report%20-%20Full%20Report&rpt_unit_in=1697&referrer=byunit,https://gateway.ifionline.org/report_builder/Default3a.aspx?rpttype=afr&rpt=cash_inv_combined&rptName=Cash%20and%20Investments&rpt_unit_in=1697&referrer=byunit,https://gateway.ifionline.org/report_builder/Default3a.aspx?rpttype=employComp&rpt=EmployComp&rptName=Employee%20Compensation&rpt_unit_in=1697&referrer=byunit,Census name(s): Green township
Wayne,Harrison Township,89-022.00,Fagan T James,Trustee,4800.0,406,406,2025,73166.46,33957.04,35141.14,31399.93,2309.85,0,71982.36,https://gateway.ifionline.org/report_builder/Default3a.aspx?rpttype=afr&rpt=AFR_PrintFull_public&rptName=Annual%20Financial%20Report%20-%20Full%20Report&rpt_unit_in=1698&referrer=byunit,https://gateway.ifionline.org/report_builder/Default3a.aspx?rpttype=afr&rpt=cash_inv_combined&rptName=Cash%20and%20Investments&rpt_unit_in=1698&referrer=byunit,https://gateway.ifionline.org/report_builder/Default3a.aspx?rpttype=employComp&rpt=EmployComp&rptName=Employee%20Compensation&rpt_unit_in=1698&referrer=byunit,
Wayne,Jackson Township,89-023.00,Lyndon P Wicker,Trustee,38136.0,4278,4252,2025,823154.64,250461.83,202255.91,129415.54,18327.62,37400.18,871360.56,https://gateway.ifionline.org/report_builder/Default3a.aspx?rpttype=afr&rpt=AFR_PrintFull_public&rptName=Annual%20Financial%20Report%20-%20Full%20Report&rpt_unit_in=1699&referrer=byunit,https://gateway.ifionline.org/report_builder/Default3a.aspx?rpttype=afr&rpt=cash_inv_combined&rptName=Cash%20and%20Investments&rpt_unit_in=1699&referrer=byunit,https://gateway.ifionline.org/report_builder/Default3a.aspx?rpttype=employComp&rpt=EmployComp&rptName=Employee%20Compensation&rpt_unit_in=1699&referrer=byunit,
Wayne,Jefferson Township,89-024.00,Christopher Lane,TRUSTEE,40000.0,3207,3204,2025,456569.47,203911.36,146438.74,99108.77,5424.67,17892.16,514042.09,https://gateway.ifionline.org/report_builder/Default3a.aspx?rpttype=afr&rpt=AFR_PrintFull_public&rptName=Annual%20Financial%20Report%20-%20Full%20Report&rpt_unit_in=1700&referrer=byunit,https://gateway.ifionline.org/report_builder/Default3a.aspx?rpttype=afr&rpt=cash_inv_combined&rptName=Cash%20and%20Investments&rpt_unit_in=1700&referrer=byunit,https://gateway.ifionline.org/report_builder/Default3a.aspx?rpttype=employComp&rpt=EmployComp&rptName=Employee%20Compensation&rpt_unit_in=1700&referrer=byunit,
Wayne,New Garden Township,89-025.00,Jeff Himelick,Trustee,14524.0,1937,1930,2025,121442.99,60761.45,59053.66,32732.23,24707.7,0,123150.78,https://gateway.ifionline.org/report_builder/Default3a.aspx?rpttype=afr&rpt=AFR_PrintFull_public&rptName=Annual%20Financial%20Report%20-%20Full%20Report&rpt_unit_in=1701&referrer=byunit,https://gateway.ifionline.org/report_builder/Default3a.aspx?rpttype=afr&rpt=cash_inv_combined&rptName=Cash%20and%20Investments&rpt_unit_in=1701&referrer=byunit,https://gateway.ifionline.org/report_builder/Default3a.aspx?rpttype=employComp&rpt=EmployComp&rptName=Employee%20Compensation&rpt_unit_in=1701&referrer=byunit,
Wayne,Perry Township,89-026.00,Dan M Hollenberg,Trustee,5100.0,831,829,2025,259010.73,108876.55,78241.34,61663.21,4222.47,7555.9,289645.94,https://gateway.ifionline.org/report_builder/Default3a.aspx?rpttype=afr&rpt=AFR_PrintFull_public&rptName=Annual%20Financial%20Report%20-%20Full%20Report&rpt_unit_in=1702&referrer=byunit,https://gateway.ifionline.org/report_builder/Default3a.aspx?rpttype=afr&rpt=cash_inv_combined&rptName=Cash%20and%20Investments&rpt_unit_in=1702&referrer=byunit,https://gateway.ifionline.org/report_builder/Default3a.aspx?rpttype=employComp&rpt=EmployComp&rptName=Employee%20Compensation&rpt_unit_in=1702&referrer=byunit,
Wayne,Washington Township,89-027.00,Kenneth Risch,Trustee,11400.0,1363,1366,2025,232313.7,72319.83,78755.86,56837.14,300.0,21618.72,225877.67,https://gateway.ifionline.org/report_builder/Default3a.aspx?rpttype=afr&rpt=AFR_PrintFull_public&rptName=Annual%20Financial%20Report%20-%20Full%20Report&rpt_unit_in=1703&referrer=byunit,https://gateway.ifionline.org/report_builder/Default3a.aspx?rpttype=afr&rpt=cash_inv_combined&rptName=Cash%20and%20Investments&rpt_unit_in=1703&referrer=byunit,https://gateway.ifionline.org/report_builder/Default3a.aspx?rpttype=employComp&rpt=EmployComp&rptName=Employee%20Compensation&rpt_unit_in=1703&referrer=byunit,
Wayne,Wayne Township,89-028.00,Susan Isaacs,TRUSTEE,83046.6,39923,39551,2025,2270490.85,2648334.12,2297200.67,1537858.54,111881.76,92557.33,2621624.3,https://gateway.ifionline.org/report_builder/Default3a.aspx?rpttype=afr&rpt=AFR_PrintFull_public&rptName=Annual%20Financial%20Report%20-%20Full%20Report&rpt_unit_in=1704&referrer=byunit,https://gateway.ifionline.org/report_builder/Default3a.aspx?rpttype=afr&rpt=cash_inv_combined&rptName=Cash%20and%20Investments&rpt_unit_in=1704&referrer=byunit,https://gateway.ifionline.org/report_builder/Default3a.aspx?rpttype=employComp&rpt=EmployComp&rptName=Employee%20Compensation&rpt_unit_in=1704&referrer=byunit,
Wayne,Webster Township,89-029.00,George Haskett,Trustee,8000.04,1197,1194,2025,321178.4,173047.3,155210.2,103151.05,2669.33,48000.0,339015.5,https://gateway.ifionline.org/report_builder/Default3a.aspx?rpttype=afr&rpt=AFR_PrintFull_public&rptName=Annual%20Financial%20Report%20-%20Full%20Report&rpt_unit_in=1705&referrer=byunit,https://gateway.ifionline.org/report_builder/Default3a.aspx?rpttype=afr&rpt=cash_inv_combined&rptName=Cash%20and%20Investments&rpt_unit_in=1705&referrer=byunit,https://gateway.ifionline.org/report_builder/Default3a.aspx?rpttype=employComp&rpt=EmployComp&rptName=Employee%20Compensation&rpt_unit_in=1705&referrer=byunit,
Wells,Chester Township,90-006.00,John S Studebaker,Trustee,4500.0,945,972,2025,233866.86,245762.91,36113.36,34688.09,161.17,0,443516.41,https://gateway.ifionline.org/report_builder/Default3a.aspx?rpttype=afr&rpt=AFR_PrintFull_public&rptName=Annual%20Financial%20Report%20-%20Full%20Report&rpt_unit_in=1737&referrer=byunit,https://gateway.ifionline.org/report_builder/Default3a.aspx?rpttype=afr&rpt=cash_inv_combined&rptName=Cash%20and%20Investments&rpt_unit_in=1737&referrer=byunit,https://gateway.ifionline.org/report_builder/Default3a.aspx?rpttype=employComp&rpt=EmployComp&rptName=Employee%20Compensation&rpt_unit_in=1737&referrer=byunit,
Wells,Harrison Township,90-007.00,Kyle Hunt,Trustee,12557.0,8820,9017,2025,974059.1,198396.91,391988.38,380241.27,6595.03,0,780467.63,https://gateway.ifionline.org/report_builder/Default3a.aspx?rpttype=afr&rpt=AFR_PrintFull_public&rptName=Annual%20Financial%20Report%20-%20Full%20Report&rpt_unit_in=1738&referrer=byunit,https://gateway.ifionline.org/report_builder/Default3a.aspx?rpttype=afr&rpt=cash_inv_combined&rptName=Cash%20and%20Investments&rpt_unit_in=1738&referrer=byunit,https://gateway.ifionline.org/report_builder/Default3a.aspx?rpttype=employComp&rpt=EmployComp&rptName=Employee%20Compensation&rpt_unit_in=1738&referrer=byunit,
Wells,Jackson Township,90-008.00,Bruce Herr,trustee,4000.0,760,777,2025,236138.08,18311.47,17134.63,16347.43,0,0,237314.92,https://gateway.ifionline.org/report_builder/Default3a.aspx?rpttype=afr&rpt=AFR_PrintFull_public&rptName=Annual%20Financial%20Report%20-%20Full%20Report&rpt_unit_in=1739&referrer=byunit,https://gateway.ifionline.org/report_builder/Default3a.aspx?rpttype=afr&rpt=cash_inv_combined&rptName=Cash%20and%20Investments&rpt_unit_in=1739&referrer=byunit,https://gateway.ifionline.org/report_builder/Default3a.aspx?rpttype=employComp&rpt=EmployComp&rptName=Employee%20Compensation&rpt_unit_in=1739&referrer=byunit,
Wells,Jefferson Township,90-009.00,Larry Heckber,Trustee,8666.64,5844,6002,2025,358742.24,316235.26,279770.73,188811.31,12346.13,10921.0,395206.77,https://gateway.ifionline.org/report_builder/Default3a.aspx?rpttype=afr&rpt=AFR_PrintFull_public&rptName=Annual%20Financial%20Report%20-%20Full%20Report&rpt_unit_in=1740&referrer=byunit,https://gateway.ifionline.org/report_builder/Default3a.aspx?rpttype=afr&rpt=cash_inv_combined&rptName=Cash%20and%20Investments&rpt_unit_in=1740&referrer=byunit,https://gateway.ifionline.org/report_builder/Default3a.aspx?rpttype=employComp&rpt=EmployComp&rptName=Employee%20Compensation&rpt_unit_in=1740&referrer=byunit,"Multiple trustees on 2025 100R: Larry Heckber (Trustee) $8,666.64; Andrew J Springer (Trustee) $4,866.66"
Wells,Lancaster Township,90-010.00,David L Rigney,Trustee,17025.0,6056,6234,2025,1141454.29,217752.17,533704.17,61703.55,48031.93,417741.0,825502.29,https://gateway.ifionline.org/report_builder/Default3a.aspx?rpttype=afr&rpt=AFR_PrintFull_public&rptName=Annual%20Financial%20Report%20-%20Full%20Report&rpt_unit_in=1741&referrer=byunit,https://gateway.ifionline.org/report_builder/Default3a.aspx?rpttype=afr&rpt=cash_inv_combined&rptName=Cash%20and%20Investments&rpt_unit_in=1741&referrer=byunit,https://gateway.ifionline.org/report_builder/Default3a.aspx?rpttype=employComp&rpt=EmployComp&rptName=Employee%20Compensation&rpt_unit_in=1741&referrer=byunit,
Wells,Liberty Township,90-011.00,Jack C Gentis,Trustee,6500.0,1070,1106,2025,269809.83,77845.51,83171.79,82247.5,0,0,264483.55,https://gateway.ifionline.org/report_builder/Default3a.aspx?rpttype=afr&rpt=AFR_PrintFull_public&rptName=Annual%20Financial%20Report%20-%20Full%20Report&rpt_unit_in=1742&referrer=byunit,https://gateway.ifionline.org/report_builder/Default3a.aspx?rpttype=afr&rpt=cash_inv_combined&rptName=Cash%20and%20Investments&rpt_unit_in=1742&referrer=byunit,https://gateway.ifionline.org/report_builder/Default3a.aspx?rpttype=employComp&rpt=EmployComp&rptName=Employee%20Compensation&rpt_unit_in=1742&referrer=byunit,
Wells,Nottingham Township,90-012.00,Mark Shaffer,Trustee,4800.0,1019,1040,2025,164692.08,122537.6,70197.94,38586.05,1492.02,0,217031.74,https://gateway.ifionline.org/report_builder/Default3a.aspx?rpttype=afr&rpt=AFR_PrintFull_public&rptName=Annual%20Financial%20Report%20-%20Full%20Report&rpt_unit_in=1743&referrer=byunit,https://gateway.ifionline.org/report_builder/Default3a.aspx?rpttype=afr&rpt=cash_inv_combined&rptName=Cash%20and%20Investments&rpt_unit_in=1743&referrer=byunit,https://gateway.ifionline.org/report_builder/Default3a.aspx?rpttype=employComp&rpt=EmployComp&rptName=Employee%20Compensation&rpt_unit_in=1743&referrer=byunit,
Wells,Rockcreek Township,90-013.00,Douglas E Dohrman,Rockcreek Trustee,5000.0,1581,1604,2025,387863.18,106393.8,69404.53,43231.92,0,23894.99,424852.45,https://gateway.ifionline.org/report_builder/Default3a.aspx?rpttype=afr&rpt=AFR_PrintFull_public&rptName=Annual%20Financial%20Report%20-%20Full%20Report&rpt_unit_in=1744&referrer=byunit,https://gateway.ifionline.org/report_builder/Default3a.aspx?rpttype=afr&rpt=cash_inv_combined&rptName=Cash%20and%20Investments&rpt_unit_in=1744&referrer=byunit,https://gateway.ifionline.org/report_builder/Default3a.aspx?rpttype=employComp&rpt=EmployComp&rptName=Employee%20Compensation&rpt_unit_in=1744&referrer=byunit,
Wells,Union Township,90-014.00,Brian Imel,Trustee,8500.0,2082,2131,2025,128536.95,102222.65,79316.63,48662.74,909.0,0,151442.97,https://gateway.ifionline.org/report_builder/Default3a.aspx?rpttype=afr&rpt=AFR_PrintFull_public&rptName=Annual%20Financial%20Report%20-%20Full%20Report&rpt_unit_in=1745&referrer=byunit,https://gateway.ifionline.org/report_builder/Default3a.aspx?rpttype=afr&rpt=cash_inv_combined&rptName=Cash%20and%20Investments&rpt_unit_in=1745&referrer=byunit,https://gateway.ifionline.org/report_builder/Default3a.aspx?rpttype=employComp&rpt=EmployComp&rptName=Employee%20Compensation&rpt_unit_in=1745&referrer=byunit,
White,Big Creek Township,91-008.00,,,,831,842,2025,501110.86,155646.59,142704.22,38274.52,8374.09,94674.23,514053.23,https://gateway.ifionline.org/report_builder/Default3a.aspx?rpttype=afr&rpt=AFR_PrintFull_public&rptName=Annual%20Financial%20Report%20-%20Full%20Report&rpt_unit_in=1762&referrer=byunit,https://gateway.ifionline.org/report_builder/Default3a.aspx?rpttype=afr&rpt=cash_inv_combined&rptName=Cash%20and%20Investments&rpt_unit_in=1762&referrer=byunit,https://gateway.ifionline.org/report_builder/Default3a.aspx?rpttype=employComp&rpt=EmployComp&rptName=Employee%20Compensation&rpt_unit_in=1762&referrer=byunit,No trustee listed on 2025 100R
White,Cass Township,91-009.00,Amanda Cosgray,Trustee,7500.0,582,596,2025,1334879.92,403941.19,324716.17,104848.0,1327.56,0,1414104.94,https://gateway.ifionline.org/report_builder/Default3a.aspx?rpttype=afr&rpt=AFR_PrintFull_public&rptName=Annual%20Financial%20Report%20-%20Full%20Report&rpt_unit_in=1763&referrer=byunit,https://gateway.ifionline.org/report_builder/Default3a.aspx?rpttype=afr&rpt=cash_inv_combined&rptName=Cash%20and%20Investments&rpt_unit_in=1763&referrer=byunit,https://gateway.ifionline.org/report_builder/Default3a.aspx?rpttype=employComp&rpt=EmployComp&rptName=Employee%20Compensation&rpt_unit_in=1763&referrer=byunit,
White,Honey Creek Township,91-010.00,Sharon Brooks,/trustee/building manager,24000.0,1209,1227,2025,251759.47,366740.89,201109.01,137972.37,2467.0,0,417391.35,https://gateway.ifionline.org/report_builder/Default3a.aspx?rpttype=afr&rpt=AFR_PrintFull_public&rptName=Annual%20Financial%20Report%20-%20Full%20Report&rpt_unit_in=1764&referrer=byunit,https://gateway.ifionline.org/report_builder/Default3a.aspx?rpttype=afr&rpt=cash_inv_combined&rptName=Cash%20and%20Investments&rpt_unit_in=1764&referrer=byunit,https://gateway.ifionline.org/report_builder/Default3a.aspx?rpttype=employComp&rpt=EmployComp&rptName=Employee%20Compensation&rpt_unit_in=1764&referrer=byunit,
White,Jackson Township,91-011.00,Gina Marquess,Trustee,4050.0,697,709,2025,300376.5,76294.91,49906.46,37356.36,2004.9,0,326764.95,https://gateway.ifionline.org/report_builder/Default3a.aspx?rpttype=afr&rpt=AFR_PrintFull_public&rptName=Annual%20Financial%20Report%20-%20Full%20Report&rpt_unit_in=1765&referrer=byunit,https://gateway.ifionline.org/report_builder/Default3a.aspx?rpttype=afr&rpt=cash_inv_combined&rptName=Cash%20and%20Investments&rpt_unit_in=1765&referrer=byunit,https://gateway.ifionline.org/report_builder/Default3a.aspx?rpttype=employComp&rpt=EmployComp&rptName=Employee%20Compensation&rpt_unit_in=1765&referrer=byunit,
White,Liberty Township,91-012.00,Joan Alma,Trustee,20000.0,2026,2082,2025,3961645.08,1189509.97,1941863.25,386977.19,20545.71,310397.26,3209291.8,https://gateway.ifionline.org/report_builder/Default3a.aspx?rpttype=afr&rpt=AFR_PrintFull_public&rptName=Annual%20Financial%20Report%20-%20Full%20Report&rpt_unit_in=1766&referrer=byunit,https://gateway.ifionline.org/report_builder/Default3a.aspx?rpttype=afr&rpt=cash_inv_combined&rptName=Cash%20and%20Investments&rpt_unit_in=1766&referrer=byunit,https://gateway.ifionline.org/report_builder/Default3a.aspx?rpttype=employComp&rpt=EmployComp&rptName=Employee%20Compensation&rpt_unit_in=1766&referrer=byunit,
White,Lincoln Township,91-013.00,Jeff T Faker,Trustee,8500.0,641,670,2025,342386.92,87030.5,76835.51,72171.48,4664.03,0,352581.91,https://gateway.ifionline.org/report_builder/Default3a.aspx?rpttype=afr&rpt=AFR_PrintFull_public&rptName=Annual%20Financial%20Report%20-%20Full%20Report&rpt_unit_in=1767&referrer=byunit,https://gateway.ifionline.org/report_builder/Default3a.aspx?rpttype=afr&rpt=cash_inv_combined&rptName=Cash%20and%20Investments&rpt_unit_in=1767&referrer=byunit,https://gateway.ifionline.org/report_builder/Default3a.aspx?rpttype=employComp&rpt=EmployComp&rptName=Employee%20Compensation&rpt_unit_in=1767&referrer=byunit,
White,Monon Township,91-014.00,,,,3303,3382,2025,966356.98,264381.3,133347.36,127426.57,5920.79,0,1097390.92,https://gateway.ifionline.org/report_builder/Default3a.aspx?rpttype=afr&rpt=AFR_PrintFull_public&rptName=Annual%20Financial%20Report%20-%20Full%20Report&rpt_unit_in=1768&referrer=byunit,https://gateway.ifionline.org/report_builder/Default3a.aspx?rpttype=afr&rpt=cash_inv_combined&rptName=Cash%20and%20Investments&rpt_unit_in=1768&referrer=byunit,https://gateway.ifionline.org/report_builder/Default3a.aspx?rpttype=employComp&rpt=EmployComp&rptName=Employee%20Compensation&rpt_unit_in=1768&referrer=byunit,No trustee listed on 2025 100R
White,Prairie Township,91-015.00,Jill A Mears,Township Trustee,9180.0,3383,3435,2025,287768.35,148308.78,89759.84,89159.84,600.0,0,346317.29,https://gateway.ifionline.org/report_builder/Default3a.aspx?rpttype=afr&rpt=AFR_PrintFull_public&rptName=Annual%20Financial%20Report%20-%20Full%20Report&rpt_unit_in=1769&referrer=byunit,https://gateway.ifionline.org/report_builder/Default3a.aspx?rpttype=afr&rpt=cash_inv_combined&rptName=Cash%20and%20Investments&rpt_unit_in=1769&referrer=byunit,https://gateway.ifionline.org/report_builder/Default3a.aspx?rpttype=employComp&rpt=EmployComp&rptName=Employee%20Compensation&rpt_unit_in=1769&referrer=byunit,
White,Princeton Township,91-016.00,Thomas Bajzatt,Trustee,9150.0,1522,1540,2025,698750.38,153147.38,70195.33,62117.94,3937.33,0,781702.43,https://gateway.ifionline.org/report_builder/Default3a.aspx?rpttype=afr&rpt=AFR_PrintFull_public&rptName=Annual%20Financial%20Report%20-%20Full%20Report&rpt_unit_in=1770&referrer=byunit,https://gateway.ifionline.org/report_builder/Default3a.aspx?rpttype=afr&rpt=cash_inv_combined&rptName=Cash%20and%20Investments&rpt_unit_in=1770&referrer=byunit,https://gateway.ifionline.org/report_builder/Default3a.aspx?rpttype=employComp&rpt=EmployComp&rptName=Employee%20Compensation&rpt_unit_in=1770&referrer=byunit,
White,Round Grove Township,91-017.00,David Lehe,Trustee,6400.0,254,258,2025,361225.54,39543.3,20983.39,7931.09,0,0,379785.45,https://gateway.ifionline.org/report_builder/Default3a.aspx?rpttype=afr&rpt=AFR_PrintFull_public&rptName=Annual%20Financial%20Report%20-%20Full%20Report&rpt_unit_in=1771&referrer=byunit,https://gateway.ifionline.org/report_builder/Default3a.aspx?rpttype=afr&rpt=cash_inv_combined&rptName=Cash%20and%20Investments&rpt_unit_in=1771&referrer=byunit,https://gateway.ifionline.org/report_builder/Default3a.aspx?rpttype=employComp&rpt=EmployComp&rptName=Employee%20Compensation&rpt_unit_in=1771&referrer=byunit,
White,Union Township,91-018.00,Leslie Bruder,Trustee,25200.0,9890,10065,2025,2938606.3,1046496.62,1029631.94,236299.42,54764.73,600000.0,2955470.98,https://gateway.ifionline.org/report_builder/Default3a.aspx?rpttype=afr&rpt=AFR_PrintFull_public&rptName=Annual%20Financial%20Report%20-%20Full%20Report&rpt_unit_in=1772&referrer=byunit,https://gateway.ifionline.org/report_builder/Default3a.aspx?rpttype=afr&rpt=cash_inv_combined&rptName=Cash%20and%20Investments&rpt_unit_in=1772&referrer=byunit,https://gateway.ifionline.org/report_builder/Default3a.aspx?rpttype=employComp&rpt=EmployComp&rptName=Employee%20Compensation&rpt_unit_in=1772&referrer=byunit,
White,West Point Township,91-019.00,Foutch Margaret,Trustee,1770.53,356,358,2025,257975.36,56153.42,17669.25,16470.75,661.47,0,296459.53,https://gateway.ifionline.org/report_builder/Default3a.aspx?rpttype=afr&rpt=AFR_PrintFull_public&rptName=Annual%20Financial%20Report%20-%20Full%20Report&rpt_unit_in=1773&referrer=byunit,https://gateway.ifionline.org/report_builder/Default3a.aspx?rpttype=afr&rpt=cash_inv_combined&rptName=Cash%20and%20Investments&rpt_unit_in=1773&referrer=byunit,https://gateway.ifionline.org/report_builder/Default3a.aspx?rpttype=employComp&rpt=EmployComp&rptName=Employee%20Compensation&rpt_unit_in=1773&referrer=byunit,"Multiple trustees on 2025 100R: Foutch Margaret (Trustee) $1,770.53; Hall Matthew (Trustee) $1,399.80"
Whitley,Cleveland Township,92-005.00,James Yeager,TWP Trustee,34728.0,3321,3383,2025,1585989.34,682103.75,660832.18,256432.86,2435.04,345172.94,1607260.91,https://gateway.ifionline.org/report_builder/Default3a.aspx?rpttype=afr&rpt=AFR_PrintFull_public&rptName=Annual%20Financial%20Report%20-%20Full%20Report&rpt_unit_in=1794&referrer=byunit,https://gateway.ifionline.org/report_builder/Default3a.aspx?rpttype=afr&rpt=cash_inv_combined&rptName=Cash%20and%20Investments&rpt_unit_in=1794&referrer=byunit,https://gateway.ifionline.org/report_builder/Default3a.aspx?rpttype=employComp&rpt=EmployComp&rptName=Employee%20Compensation&rpt_unit_in=1794&referrer=byunit,
Whitley,Columbia Township,92-006.00,Matthew R Minier,TRUSTEE,32499.96,11698,12082,2025,1173562.86,547901.6,480331.37,365635.35,18790.35,2368.86,1241133.09,https://gateway.ifionline.org/report_builder/Default3a.aspx?rpttype=afr&rpt=AFR_PrintFull_public&rptName=Annual%20Financial%20Report%20-%20Full%20Report&rpt_unit_in=1795&referrer=byunit,https://gateway.ifionline.org/report_builder/Default3a.aspx?rpttype=afr&rpt=cash_inv_combined&rptName=Cash%20and%20Investments&rpt_unit_in=1795&referrer=byunit,https://gateway.ifionline.org/report_builder/Default3a.aspx?rpttype=employComp&rpt=EmployComp&rptName=Employee%20Compensation&rpt_unit_in=1795&referrer=byunit,
Whitley,Etna Troy Township,92-007.00,Elaine Western,Trustee,24785.0,1862,1904,2025,201528.64,157240.01,166893.33,113962.7,2741.97,0,191875.32,https://gateway.ifionline.org/report_builder/Default3a.aspx?rpttype=afr&rpt=AFR_PrintFull_public&rptName=Annual%20Financial%20Report%20-%20Full%20Report&rpt_unit_in=1796&referrer=byunit,https://gateway.ifionline.org/report_builder/Default3a.aspx?rpttype=afr&rpt=cash_inv_combined&rptName=Cash%20and%20Investments&rpt_unit_in=1796&referrer=byunit,https://gateway.ifionline.org/report_builder/Default3a.aspx?rpttype=employComp&rpt=EmployComp&rptName=Employee%20Compensation&rpt_unit_in=1796&referrer=byunit,
Whitley,Jefferson Township,92-008.00,Chad Nix,Trustee,30105.0,2225,2299,2025,798496.56,367023.17,315070.03,188659.67,2940.0,108780.44,850449.7,https://gateway.ifionline.org/report_builder/Default3a.aspx?rpttype=afr&rpt=AFR_PrintFull_public&rptName=Annual%20Financial%20Report%20-%20Full%20Report&rpt_unit_in=1797&referrer=byunit,https://gateway.ifionline.org/report_builder/Default3a.aspx?rpttype=afr&rpt=cash_inv_combined&rptName=Cash%20and%20Investments&rpt_unit_in=1797&referrer=byunit,https://gateway.ifionline.org/report_builder/Default3a.aspx?rpttype=employComp&rpt=EmployComp&rptName=Employee%20Compensation&rpt_unit_in=1797&referrer=byunit,
Whitley,Richland Township,92-009.00,Kimberly K Arnold,Trustee,15339.96,1769,1803,2025,731867.87,318061.64,269057.39,260193.59,1017.7,1747.15,780872.12,https://gateway.ifionline.org/report_builder/Default3a.aspx?rpttype=afr&rpt=AFR_PrintFull_public&rptName=Annual%20Financial%20Report%20-%20Full%20Report&rpt_unit_in=1798&referrer=byunit,https://gateway.ifionline.org/report_builder/Default3a.aspx?rpttype=afr&rpt=cash_inv_combined&rptName=Cash%20and%20Investments&rpt_unit_in=1798&referrer=byunit,https://gateway.ifionline.org/report_builder/Default3a.aspx?rpttype=employComp&rpt=EmployComp&rptName=Employee%20Compensation&rpt_unit_in=1798&referrer=byunit,
Whitley,Smith Township,92-010.00,Marcus E Gatton,Trustee,31471.0,5231,5290,2025,1746437.98,592750.94,1199650.89,1166111.21,10278.78,14250.0,1139538.03,https://gateway.ifionline.org/report_builder/Default3a.aspx?rpttype=afr&rpt=AFR_PrintFull_public&rptName=Annual%20Financial%20Report%20-%20Full%20Report&rpt_unit_in=1799&referrer=byunit,https://gateway.ifionline.org/report_builder/Default3a.aspx?rpttype=afr&rpt=cash_inv_combined&rptName=Cash%20and%20Investments&rpt_unit_in=1799&referrer=byunit,https://gateway.ifionline.org/report_builder/Default3a.aspx?rpttype=employComp&rpt=EmployComp&rptName=Employee%20Compensation&rpt_unit_in=1799&referrer=byunit,
Whitley,Thorncreek Township,92-011.00,William Brice,Trustee,30000.0,4180,4272,2025,2279424.88,875685.64,1612370.46,249156.6,3509.19,996669.65,1542740.06,https://gateway.ifionline.org/report_builder/Default3a.aspx?rpttype=afr&rpt=AFR_PrintFull_public&rptName=Annual%20Financial%20Report%20-%20Full%20Report&rpt_unit_in=1800&referrer=byunit,https://gateway.ifionline.org/report_builder/Default3a.aspx?rpttype=afr&rpt=cash_inv_combined&rptName=Cash%20and%20Investments&rpt_unit_in=1800&referrer=byunit,https://gateway.ifionline.org/report_builder/Default3a.aspx?rpttype=employComp&rpt=EmployComp&rptName=Employee%20Compensation&rpt_unit_in=1800&referrer=byunit,
Whitley,Union Township,92-012.00,Brandon Forrester,Trustee,30000.0,2632,2725,2025,2034462.56,286151.58,163732.27,144022.53,3250.74,0,2156881.87,https://gateway.ifionline.org/report_builder/Default3a.aspx?rpttype=afr&rpt=AFR_PrintFull_public&rptName=Annual%20Financial%20Report%20-%20Full%20Report&rpt_unit_in=1801&referrer=byunit,https://gateway.ifionline.org/report_builder/Default3a.aspx?rpttype=afr&rpt=cash_inv_combined&rptName=Cash%20and%20Investments&rpt_unit_in=1801&referrer=byunit,https://gateway.ifionline.org/report_builder/Default3a.aspx?rpttype=employComp&rpt=EmployComp&rptName=Employee%20Compensation&rpt_unit_in=1801&referrer=byunit,
Whitley,Washington Township,92-013.00,Kevin Bollinger,Trustee,16520.0,1267,1288,2025,934614.91,261923.57,348087.99,325414.52,0,20000.0,848450.49,https://gateway.ifionline.org/report_builder/Default3a.aspx?rpttype=afr&rpt=AFR_PrintFull_public&rptName=Annual%20Financial%20Report%20-%20Full%20Report&rpt_unit_in=1802&referrer=byunit,https://gateway.ifionline.org/report_builder/Default3a.aspx?rpttype=afr&rpt=cash_inv_combined&rptName=Cash%20and%20Investments&rpt_unit_in=1802&referrer=byunit,https://gateway.ifionline.org/report_builder/Default3a.aspx?rpttype=employComp&rpt=EmployComp&rptName=Employee%20Compensation&rpt_unit_in=1802&referrer=byunit,
