{"type":"FeatureCollection","features":[{"type":"Feature","id":"switzerland|york","properties":{"key":"switzerland|york"},"geometry":{"type":"Polygon","coordinates":[[[-84.993248,38.779912],[-84.988617,38.784375],[-84.990433,38.788645],[-84.988592,38.794563],[-84.988422,38.819486],[-84.988176,38.844071],[-84.931972,38.843549],[-84.912004,38.843347],[-84.895388,38.843181],[-84.895533,38.828833],[-84.877484,38.828892],[-84.877413,38.793552],[-84.887285,38.794776],[-84.89393,38.793704],[-84.903435,38.790017],[-84.9081470827951,38.7876483786713],[-84.915234,38.784086],[-84.926422,38.780479],[-84.932977,38.777519],[-84.943641,38.775427],[-84.947953,38.775489],[-84.962255,38.778177],[-84.979995,38.779584],[-84.990109559485,38.7786964753787],[-84.993248,38.779912]]]}},{"type":"Feature","id":"miami|pipecreek","properties":{"key":"miami|pipecreek"},"geometry":{"type":"Polygon","coordinates":[[[-86.166649,40.676625],[-86.165837,40.728987],[-86.165725,40.742887],[-86.158307,40.742245],[-86.151997,40.743008],[-86.145652,40.745343],[-86.139149,40.745148],[-86.132325,40.746852],[-86.126803,40.747265],[-86.121238,40.746431],[-86.116408,40.743098],[-86.110412,40.742167],[-86.102817,40.743261],[-86.09556,40.742069],[-86.090674,40.74011],[-86.087945,40.732505],[-86.091781,40.726617],[-86.091456,40.678196],[-86.09127,40.67188],[-86.090394,40.65015],[-86.099405,40.650094],[-86.104579,40.650064],[-86.127806,40.649861],[-86.140457,40.649756],[-86.155874,40.649639],[-86.165866,40.649637],[-86.166041,40.657007],[-86.166186,40.66425],[-86.166316,40.671519],[-86.166649,40.676625]]]}},{"type":"Feature","id":"montgomery|franklin","properties":{"key":"montgomery|franklin"},"geometry":{"type":"Polygon","coordinates":[[[-86.810043,40.101693],[-86.809718,40.127828],[-86.790698,40.127496],[-86.765556,40.127658],[-86.75783,40.130515],[-86.751811,40.127193],[-86.746922,40.130719],[-86.741767,40.134909],[-86.736967,40.135071],[-86.72862,40.136837],[-86.721818,40.14183],[-86.715681,40.141094],[-86.710755,40.141682],[-86.697805,40.143426],[-86.69571,40.0984],[-86.695636,40.080645],[-86.695821,40.039949],[-86.776097,40.039612],[-86.780792,40.03976],[-86.790317,40.039627],[-86.803029,40.039917],[-86.809695,40.039919],[-86.809755,40.045374],[-86.809951,40.060013],[-86.809833,40.083268],[-86.809866,40.0982],[-86.810043,40.101693]]]}},{"type":"Feature","id":"johnson|franklinunionneedham","properties":{"key":"johnson|franklinunionneedham"},"geometry":{"type":"MultiPolygon","coordinates":[[[[-86.251621,39.516671],[-86.245243,39.517238],[-86.19625,39.51834],[-86.1867,39.51853],[-86.17742,39.51865],[-86.16827,39.51885],[-86.162938,39.518914],[-86.15814,39.51894],[-86.152379,39.51906],[-86.140258,39.519214],[-86.138792,39.511488],[-86.138616,39.491611],[-86.138684,39.432149],[-86.15799,39.43194],[-86.19128,39.43133],[-86.247217,39.430558],[-86.25131,39.430595],[-86.25129,39.44558],[-86.25134,39.4649],[-86.251308,39.473907],[-86.251621,39.516671]]],[[[-86.13931,39.53427],[-86.115545,39.534292],[-86.10147,39.53486],[-86.095365,39.534942],[-86.082642,39.535136],[-86.07232,39.535378],[-86.05907,39.53563],[-86.045188,39.535848],[-86.044759,39.521006],[-86.045781,39.511898],[-86.045507,39.493861],[-86.040695,39.492801],[-86.04066,39.48253],[-86.040622,39.472746],[-86.04544,39.470945],[-86.045329,39.463716],[-86.045275,39.456782],[-86.044929,39.433807],[-86.13188,39.43228],[-86.138684,39.432149],[-86.138616,39.491611],[-86.138792,39.511488],[-86.13899,39.51785],[-86.13931,39.53427]]],[[[-86.045936,39.520964],[-86.045188,39.535848],[-86.034282,39.535961],[-85.951922,39.537875],[-85.951704,39.523111],[-85.9508,39.49522],[-85.951523,39.454644],[-85.950937,39.436091],[-85.980703,39.435117],[-85.98552,39.435162],[-85.996842,39.434842],[-86.00756,39.43458],[-86.012385,39.434306],[-86.026092,39.434141],[-86.039552,39.433893],[-86.044929,39.433807],[-86.045276,39.456216],[-86.045334,39.460763],[-86.04544,39.470945],[-86.04061,39.470963],[-86.04066,39.48253],[-86.040682,39.491042],[-86.045507,39.493861],[-86.045781,39.511898],[-86.045884,39.517992],[-86.045936,39.520964]]]]}},{"type":"Feature","id":"washington|polk","properties":{"key":"washington|polk"},"geometry":{"type":"Polygon","coordinates":[[[-86.014304,38.560051],[-86.009286,38.560115],[-85.99542,38.560105],[-85.990357,38.560322],[-85.969474,38.560429],[-85.942439,38.56096],[-85.887908,38.560901],[-85.874976,38.561378],[-85.848439,38.561633],[-85.847588,38.54714],[-85.866341,38.547095],[-85.866268,38.518425],[-85.884708,38.518152],[-85.884574,38.5088],[-85.884776,38.503469],[-85.903265,38.502568],[-85.913374,38.502656],[-85.921395,38.502458],[-85.927624,38.50257],[-85.934679,38.502291],[-85.957102,38.501949],[-85.956195,38.488956],[-85.966182,38.488854],[-85.973828,38.488732],[-85.990666,38.488578],[-85.99394,38.473948],[-86.000475,38.472049],[-86.012,38.472107],[-86.01228,38.486815],[-86.012472,38.493419],[-86.013118,38.515778],[-86.014098,38.545605],[-86.014401,38.55971],[-86.014304,38.560051]]]}},{"type":"Feature","id":"newton|lake","properties":{"key":"newton|lake"},"geometry":{"type":"Polygon","coordinates":[[[-87.526696,41.149222],[-87.5265867699935,41.1660900920026],[-87.484775,41.169886],[-87.45799,41.170591],[-87.448296,41.174206],[-87.441784,41.173214],[-87.429448,41.168282],[-87.424209,41.166494],[-87.414338,41.16223],[-87.393796,41.162806],[-87.391206,41.086369],[-87.429549,41.086476],[-87.439555,41.086653],[-87.445814,41.086575],[-87.5265582391645,41.0871678951285],[-87.5265744321995,41.0944620168006],[-87.5266343519735,41.1214527643864],[-87.526696,41.149222]]]}},{"type":"Feature","id":"jefferson|milton","properties":{"key":"jefferson|milton"},"geometry":{"type":"Polygon","coordinates":[[[-85.295872,38.750491],[-85.295523,38.813092],[-85.295507,38.825617],[-85.281652,38.825955],[-85.277596,38.825881],[-85.258346,38.82585],[-85.203125,38.825726],[-85.203589,38.816917],[-85.203537,38.796971],[-85.203099,38.773758],[-85.201888,38.703773],[-85.2014516870153,38.6910523612589],[-85.213257,38.695446],[-85.221124,38.700957],[-85.22623,38.705867],[-85.235087,38.718002],[-85.2462646968192,38.7315301653831],[-85.258946,38.73777],[-85.268495,38.740165],[-85.278764,38.741645],[-85.289267,38.742357],[-85.2959009271645,38.7420219573465],[-85.295872,38.750491]]]}},{"type":"Feature","id":"benton|richland","properties":{"key":"benton|richland"},"geometry":{"type":"Polygon","coordinates":[[[-87.439131,40.736703],[-87.381751,40.736515],[-87.324592,40.736554],[-87.3239,40.650061],[-87.34232,40.649999],[-87.381306,40.650068],[-87.438453,40.649921],[-87.439131,40.736703]]]}},{"type":"Feature","id":"huntington|union","properties":{"key":"huntington|union"},"geometry":{"type":"Polygon","coordinates":[[[-85.451874,40.899211],[-85.451515,40.917705],[-85.39756,40.917158],[-85.33603,40.917082],[-85.33558,40.874522],[-85.335424,40.859911],[-85.335463,40.830652],[-85.343545,40.830615],[-85.354578,40.830487],[-85.373885,40.830393],[-85.413167,40.83014],[-85.450788,40.83005],[-85.451363,40.857812],[-85.45129,40.875133],[-85.452018,40.887772],[-85.451874,40.899211]]]}},{"type":"Feature","id":"delaware|delaware","properties":{"key":"delaware|delaware"},"geometry":{"type":"Polygon","coordinates":[[[-85.331419,40.3059],[-85.25621,40.306174],[-85.252141,40.30624],[-85.246845,40.306388],[-85.242067,40.306424],[-85.237356,40.306465],[-85.218758,40.306706],[-85.218643,40.30021],[-85.218525,40.287803],[-85.218144,40.263898],[-85.217735,40.242246],[-85.217428,40.234931],[-85.249969,40.234414],[-85.264698,40.23417],[-85.274098,40.233835],[-85.323723,40.233781],[-85.330569,40.233704],[-85.330593,40.255449],[-85.330528,40.262681],[-85.330657,40.291646],[-85.330715,40.298705],[-85.331419,40.3059]]]}},{"type":"Feature","id":"newton|grant","properties":{"key":"newton|grant"},"geometry":{"type":"Polygon","coordinates":[[[-87.382307,40.822142],[-87.267769,40.822343],[-87.267347,40.765624],[-87.267298,40.736582],[-87.305644,40.736566],[-87.324592,40.736554],[-87.381751,40.736515],[-87.382043,40.772831],[-87.382307,40.822142]]]}},{"type":"Feature","id":"greene|stockton","properties":{"key":"greene|stockton"},"geometry":{"type":"Polygon","coordinates":[[[-87.240918,39.084397],[-87.202354,39.083498],[-87.192117,39.08331],[-87.185374,39.083178],[-87.129126,39.082078],[-87.129189,39.04405],[-87.129179,39.030891],[-87.129216,39.0236],[-87.129278,38.994616],[-87.148197,38.994656],[-87.167511,38.994807],[-87.240797,38.994483],[-87.240803,39.000125],[-87.240518,39.007536],[-87.240804,39.030875],[-87.240846,39.038332],[-87.240918,39.084397]]]}},{"type":"Feature","id":"hendricks|marion","properties":{"key":"hendricks|marion"},"geometry":{"type":"Polygon","coordinates":[[[-86.686822,39.760819],[-86.686814,39.776111],[-86.686812,39.819676],[-86.656509,39.819529],[-86.576584,39.81954],[-86.57654,39.812135],[-86.576335,39.760466],[-86.576288,39.731262],[-86.63237,39.731467],[-86.632413,39.72056],[-86.660502,39.717287],[-86.687076,39.717245],[-86.686822,39.760819]]]}},{"type":"Feature","id":"boone|washington","properties":{"key":"boone|washington"},"geometry":{"type":"Polygon","coordinates":[[[-86.58155,40.09783],[-86.581424,40.119541],[-86.580928,40.125039],[-86.580936,40.163129],[-86.581191,40.177701],[-86.57206,40.17767],[-86.46779,40.17704],[-86.467897,40.165309],[-86.468,40.14803],[-86.468211,40.097448],[-86.479013,40.097204],[-86.53466,40.09728],[-86.53473,40.08278],[-86.544154,40.082826],[-86.57996,40.08337],[-86.58155,40.09783]]]}},{"type":"Feature","id":"jackson|owen","properties":{"key":"jackson|owen"},"geometry":{"type":"Polygon","coordinates":[[[-86.279437,38.961106],[-86.270142,38.961174],[-86.171587,38.962196],[-86.143438,38.962444],[-86.134248,38.962832],[-86.133934,38.955624],[-86.133027,38.905342],[-86.131771,38.87897],[-86.131465,38.862008],[-86.159172,38.861546],[-86.18902,38.860488],[-86.207236,38.860334],[-86.246709,38.860129],[-86.277059,38.859589],[-86.277331,38.874342],[-86.278027,38.902613],[-86.279104,38.949647],[-86.279437,38.961106]]]}},{"type":"Feature","id":"stjoseph|harris","properties":{"key":"stjoseph|harris"},"geometry":{"type":"Polygon","coordinates":[[[-86.1786737148956,41.7602657691287],[-86.1718109783323,41.7603098149498],[-86.1572261604535,41.760403421964],[-86.127844,41.760592],[-86.10846510178,41.7605633612332],[-86.088419807951,41.760548094626],[-86.0625749882628,41.7605284110677],[-86.062473,41.753474],[-86.062337,41.742584],[-86.062228,41.731348],[-86.062163,41.724443],[-86.062004,41.70993],[-86.081264,41.709936],[-86.110533,41.710048],[-86.146949,41.70974],[-86.158586,41.709577],[-86.163393,41.709616],[-86.168234,41.709578],[-86.173909,41.709526],[-86.177919,41.709491],[-86.178018,41.716464],[-86.178239,41.73035],[-86.178375,41.738488],[-86.178652,41.753014],[-86.178753691729,41.7602652558283],[-86.1786737148956,41.7602657691287]]]}},{"type":"Feature","id":"benton|bolivar","properties":{"key":"benton|bolivar"},"geometry":{"type":"Polygon","coordinates":[[[-87.213417,40.519095],[-87.207627,40.519141],[-87.208676,40.562199],[-87.095357,40.562895],[-87.094251,40.506918],[-87.09394,40.494142],[-87.093856,40.48694],[-87.093625,40.481214],[-87.093676,40.475745],[-87.178395,40.475628],[-87.206945,40.475664],[-87.207218,40.496391],[-87.207413,40.504533],[-87.213268,40.504601],[-87.213417,40.519095]]]}},{"type":"Feature","id":"warrick|hart","properties":{"key":"warrick|hart"},"geometry":{"type":"Polygon","coordinates":[[[-87.355139,38.201625],[-87.349807,38.201522],[-87.343032,38.20157],[-87.326935,38.201643],[-87.31703,38.201753],[-87.316893,38.246077],[-87.298218,38.245886],[-87.298388,38.231671],[-87.242773,38.231129],[-87.242852,38.202025],[-87.242879,38.193985],[-87.243048,38.178442],[-87.24332,38.143586],[-87.243518,38.119952],[-87.297502,38.120541],[-87.335428,38.120739],[-87.335175,38.125046],[-87.335187,38.135252],[-87.344419,38.135341],[-87.344405,38.141301],[-87.355202,38.14287],[-87.355139,38.201625]]]}},{"type":"Feature","id":"madison|richland","properties":{"key":"madison|richland"},"geometry":{"type":"Polygon","coordinates":[[[-85.672058,40.141204],[-85.67191,40.14993],[-85.671872,40.154979],[-85.671777,40.179085],[-85.67156,40.208011],[-85.671468,40.219501],[-85.665082,40.219473],[-85.575623,40.21892],[-85.575675,40.179041],[-85.575727,40.1717],[-85.575982,40.149601],[-85.575903,40.142243],[-85.632484,40.142337],[-85.632517,40.138048],[-85.655664,40.135277],[-85.659834,40.135281],[-85.664416,40.135253],[-85.672099,40.135222],[-85.672058,40.141204]]]}},{"type":"Feature","id":"grant|richland","properties":{"key":"grant|richland"},"geometry":{"type":"Polygon","coordinates":[[[-85.864791,40.651693],[-85.857147,40.651364],[-85.838927,40.651718],[-85.788524,40.652238],[-85.787756,40.580841],[-85.787719,40.570218],[-85.863641,40.565525],[-85.863762,40.574649],[-85.863814,40.580986],[-85.864791,40.651693]]]}},{"type":"Feature","id":"lagrange|springfield","properties":{"key":"lagrange|springfield"},"geometry":{"type":"Polygon","coordinates":[[[-85.310699,41.700088],[-85.241479,41.700097],[-85.195758,41.700248],[-85.194851,41.642312],[-85.1947,41.62737],[-85.194463,41.612797],[-85.223678,41.612806],[-85.281614,41.612783],[-85.309461,41.612757],[-85.309908,41.641825],[-85.310062,41.66107],[-85.310699,41.700088]]]}},{"type":"Feature","id":"tipton|jefferson","properties":{"key":"tipton|jefferson"},"geometry":{"type":"Polygon","coordinates":[[[-86.24276,40.30876],[-86.231206,40.309088],[-86.221915,40.308965],[-86.183748,40.309603],[-86.126828,40.310096],[-86.127299,40.254838],[-86.127966,40.217209],[-86.242743,40.215834],[-86.242565,40.230208],[-86.242446,40.244888],[-86.242288,40.249931],[-86.242597,40.273671],[-86.24276,40.30876]]]}},{"type":"Feature","id":"greene|jackson","properties":{"key":"greene|jackson"},"geometry":{"type":"Polygon","coordinates":[[[-86.831119,38.959475],[-86.831221,38.972277],[-86.83091,38.993717],[-86.81066,38.99362],[-86.740429,38.993274],[-86.682277,38.992404],[-86.682853,38.904697],[-86.729398,38.904532],[-86.794425,38.904367],[-86.831419,38.904325],[-86.831119,38.959475]]]}},{"type":"Feature","id":"wayne|jackson","properties":{"key":"wayne|jackson"},"geometry":{"type":"Polygon","coordinates":[[[-85.221117,39.829751],[-85.220728,39.873576],[-85.200945,39.873799],[-85.161381,39.873794],[-85.143897,39.874046],[-85.144686,39.836663],[-85.144701,39.831065],[-85.126191,39.830426],[-85.126454,39.823313],[-85.108188,39.823832],[-85.070662,39.8238],[-85.0708,39.815074],[-85.070912,39.801831],[-85.107956,39.802128],[-85.127245,39.801558],[-85.136538,39.801863],[-85.164919,39.802685],[-85.176691,39.802853],[-85.183246,39.802844],[-85.183472,39.788397],[-85.202342,39.788587],[-85.221118,39.788449],[-85.221017,39.811049],[-85.221117,39.829751]]]}},{"type":"Feature","id":"henry|fallcreek","properties":{"key":"henry|fallcreek"},"geometry":{"type":"Polygon","coordinates":[[[-85.576276,40.06256],[-85.576197,40.077143],[-85.537567,40.077019],[-85.480279,40.076893],[-85.480387,40.048761],[-85.480025,40.033752],[-85.480595,40.00464],[-85.480789,39.990155],[-85.495464,39.990096],[-85.519137,39.990208],[-85.528716,39.990013],[-85.545564,39.990107],[-85.576365,39.990103],[-85.576073,40.004646],[-85.576129,40.047706],[-85.576276,40.06256]]]}},{"type":"Feature","id":"benton|union","properties":{"key":"benton|union"},"geometry":{"type":"Polygon","coordinates":[[[-87.324592,40.736554],[-87.305644,40.736566],[-87.267298,40.736582],[-87.211193,40.736671],[-87.210819,40.649619],[-87.304918,40.649699],[-87.3239,40.650061],[-87.324592,40.736554]]]}},{"type":"Feature","id":"bartholomew|jackson","properties":{"key":"bartholomew|jackson"},"geometry":{"type":"Polygon","coordinates":[[[-86.08093,39.079633],[-86.079225,39.094471],[-86.064925,39.094604],[-86.028914,39.094947],[-86.022983,39.095516],[-86.003813,39.09586],[-85.995074,39.097192],[-85.985489,39.097489],[-85.984662,39.081935],[-85.983813,39.037768],[-86.022534,39.036766],[-86.061733,39.036],[-86.079844,39.035903],[-86.080272,39.05027],[-86.08093,39.079633]]]}},{"type":"Feature","id":"fayette|fairview","properties":{"key":"fayette|fairview"},"geometry":{"type":"Polygon","coordinates":[[[-85.300918,39.700748],[-85.301051,39.715188],[-85.243442,39.715894],[-85.243357,39.6571],[-85.243329,39.652033],[-85.24322,39.627708],[-85.298706,39.627322],[-85.300656,39.663734],[-85.301213,39.699963],[-85.300918,39.700748]]]}},{"type":"Feature","id":"henry|jefferson","properties":{"key":"henry|jefferson"},"geometry":{"type":"Polygon","coordinates":[[[-85.480595,40.00464],[-85.480025,40.033752],[-85.479918,40.047211],[-85.480279,40.076893],[-85.442547,40.076686],[-85.403715,40.076477],[-85.403787,40.069175],[-85.403968,40.047313],[-85.403956,40.026321],[-85.404028,40.019011],[-85.404002,40.011753],[-85.404074,40.00449],[-85.403981,39.98997],[-85.40419,39.964851],[-85.443202,39.961084],[-85.442991,39.990295],[-85.480789,39.990155],[-85.480595,40.00464]]]}},{"type":"Feature","id":"allen|springfield","properties":{"key":"allen|springfield"},"geometry":{"type":"Polygon","coordinates":[[[-84.962623,41.267678],[-84.94117,41.26814],[-84.90043,41.268978],[-84.847416,41.27002],[-84.845155,41.184262],[-84.88962,41.183602],[-84.902357,41.183251],[-84.916736,41.18285],[-84.937466,41.182356],[-84.959531,41.181922],[-84.960065,41.195119],[-84.960324,41.202332],[-84.960581,41.209651],[-84.960756,41.215456],[-84.961007,41.224069],[-84.961899,41.25064],[-84.962623,41.267678]]]}},{"type":"Feature","id":"harrison|heth","properties":{"key":"harrison|heth"},"geometry":{"type":"Polygon","coordinates":[[[-86.271462,38.065465],[-86.223532,38.064813],[-86.223299,38.072191],[-86.204796,38.071554],[-86.203836,38.115544],[-86.156084,38.114278],[-86.130067,38.113464],[-86.131035,38.077116],[-86.1333095274983,38.0158231298576],[-86.147897,38.014749],[-86.152485,38.013016],[-86.165313,38.009867],[-86.1693672869626,38.009997888133],[-86.176557,38.01023],[-86.1884768058019,38.0153794888252],[-86.196463775153,38.0186204382318],[-86.2013240218796,38.0205362083289],[-86.2061109928456,38.0224230952192],[-86.220711,38.028178],[-86.233448,38.03818],[-86.24693,38.044679],[-86.2527288597137,38.0477539105216],[-86.259256,38.051215],[-86.267203,38.056798],[-86.271383,38.061957],[-86.271462,38.065465]]]}},{"type":"Feature","id":"allen|jackson","properties":{"key":"allen|jackson"},"geometry":{"type":"Polygon","coordinates":[[[-84.885733,41.09517],[-84.803398229874,41.0968668642052],[-84.803366,41.08929],[-84.8033532613393,41.0774799759882],[-84.8032800179985,41.009576007531],[-84.882586,41.00792],[-84.883003,41.022933],[-84.885733,41.09517]]]}},{"type":"Feature","id":"jay|wabash","properties":{"key":"jay|wabash"},"geometry":{"type":"Polygon","coordinates":[[[-84.877728,40.571376],[-84.873026,40.571285],[-84.866124,40.571518],[-84.8024847798091,40.5722121057691],[-84.8025598403232,40.5529433454133],[-84.802669,40.524921],[-84.8027680576822,40.5091810758838],[-84.802814,40.501881],[-84.8031155167919,40.4847161805732],[-84.81915,40.484578],[-84.828556,40.484239],[-84.836743,40.484415],[-84.875825,40.484067],[-84.876131,40.498591],[-84.87763,40.570613],[-84.877728,40.571376]]]}},{"type":"Feature","id":"tippecanoe|wea","properties":{"key":"tippecanoe|wea"},"geometry":{"type":"Polygon","coordinates":[[[-86.924099,40.387793],[-86.90465,40.387911],[-86.895243,40.38795],[-86.885817,40.387973],[-86.876294,40.388089],[-86.865285,40.38815],[-86.857355,40.388154],[-86.843399,40.388293],[-86.839267,40.38826],[-86.832549,40.387759],[-86.827956,40.38836],[-86.809715,40.388426],[-86.809571,40.375171],[-86.809358,40.352556],[-86.809283,40.339751],[-86.808945,40.301514],[-86.818497,40.301515],[-86.865831,40.301462],[-86.923298,40.301333],[-86.923544,40.326842],[-86.923378,40.342952],[-86.923518,40.365732],[-86.923709,40.372239],[-86.923951,40.385034],[-86.924099,40.387793]]]}},{"type":"Feature","id":"rush|walker","properties":{"key":"rush|walker"},"geometry":{"type":"Polygon","coordinates":[[[-85.632224,39.61116],[-85.520058,39.611028],[-85.519128,39.605043],[-85.518754,39.592964],[-85.517395,39.538921],[-85.573949,39.539499],[-85.578796,39.539492],[-85.631125,39.54004],[-85.631557,39.569377],[-85.632224,39.61116]]]}},{"type":"Feature","id":"kosciusko|washington","properties":{"key":"kosciusko|washington"},"geometry":{"type":"Polygon","coordinates":[[[-85.765706,41.264012],[-85.718796,41.264699],[-85.699401,41.265028],[-85.669936,41.265681],[-85.664189,41.26555],[-85.651196,41.265773],[-85.651909,41.214128],[-85.652068,41.207503],[-85.652558,41.186112],[-85.652715,41.178489],[-85.671731,41.178572],[-85.683912,41.178343],[-85.700045,41.178224],[-85.706122,41.178332],[-85.710196,41.1781],[-85.743612,41.177812],[-85.750159,41.177876],[-85.763115,41.17748],[-85.765235,41.188339],[-85.765318,41.200693],[-85.765346,41.207133],[-85.765399,41.216739],[-85.765706,41.264012]]]}},{"type":"Feature","id":"sullivan|jackson","properties":{"key":"sullivan|jackson"},"geometry":{"type":"Polygon","coordinates":[[[-87.353422,39.175202],[-87.352478,39.186414],[-87.352177,39.208072],[-87.351332,39.259195],[-87.260161,39.259146],[-87.248248,39.259126],[-87.240379,39.259064],[-87.240618,39.237197],[-87.240549,39.215428],[-87.240654,39.20024],[-87.240699,39.186217],[-87.240737,39.171773],[-87.240834,39.15652],[-87.240843,39.142634],[-87.246064,39.142898],[-87.31564,39.142713],[-87.315498,39.157267],[-87.315587,39.171788],[-87.334156,39.171895],[-87.352959,39.171903],[-87.353422,39.175202]]]}},{"type":"Feature","id":"hancock|brown","properties":{"key":"hancock|brown"},"geometry":{"type":"Polygon","coordinates":[[[-85.692352,39.945446],[-85.687643,39.945519],[-85.673788,39.945637],[-85.576192,39.945756],[-85.576331,39.916501],[-85.576552,39.901918],[-85.576606,39.896083],[-85.57666,39.887298],[-85.576798,39.872808],[-85.591137,39.872762],[-85.596678,39.872926],[-85.624386,39.872969],[-85.641326,39.87279],[-85.684664,39.872584],[-85.691138,39.87261],[-85.692245,39.930846],[-85.692352,39.945446]]]}},{"type":"Feature","id":"jennings|montgomery","properties":{"key":"jennings|montgomery"},"geometry":{"type":"Polygon","coordinates":[[[-85.684261,38.882535],[-85.6672,38.88269],[-85.611202,38.882963],[-85.573806,38.882658],[-85.573776,38.853745],[-85.610999,38.853769],[-85.61064,38.827582],[-85.628847,38.824139],[-85.628855,38.817583],[-85.638403,38.817597],[-85.63844,38.824182],[-85.648856,38.824015],[-85.679676,38.8241],[-85.684068,38.823873],[-85.684018,38.833539],[-85.683907,38.847743],[-85.684024,38.860331],[-85.684261,38.882535]]]}},{"type":"Feature","id":"dekalb|butler","properties":{"key":"dekalb|butler"},"geometry":{"type":"Polygon","coordinates":[[[-85.193559,41.321947],[-85.134512,41.32271],[-85.117502,41.323119],[-85.09832,41.322334],[-85.094183,41.322485],[-85.078204,41.323187],[-85.078119,41.309391],[-85.077804,41.265601],[-85.135084,41.265136],[-85.192094,41.264209],[-85.192695,41.285947],[-85.192992,41.296723],[-85.193559,41.321947]]]}},{"type":"Feature","id":"whitley|jefferson","properties":{"key":"whitley|jefferson"},"geometry":{"type":"Polygon","coordinates":[[[-85.451961,41.044232],[-85.451887,41.053346],[-85.451947,41.089163],[-85.434023,41.089194],[-85.413333,41.089201],[-85.337024,41.089723],[-85.336781,41.075025],[-85.336527,41.059068],[-85.336237,41.044669],[-85.336097,41.033839],[-85.335643,41.00525],[-85.413157,41.005236],[-85.452146,41.005232],[-85.451961,41.044232]]]}},{"type":"Feature","id":"jefferson|monroe","properties":{"key":"jefferson|monroe"},"geometry":{"type":"Polygon","coordinates":[[[-85.463477,38.912943],[-85.449999,38.912969],[-85.444897,38.912998],[-85.416321,38.913114],[-85.367864,38.91352],[-85.350352,38.913672],[-85.351001,38.843997],[-85.351548,38.825447],[-85.381983,38.825403],[-85.400279,38.825565],[-85.418315,38.825158],[-85.425852,38.825303],[-85.431356,38.825031],[-85.462458,38.824731],[-85.4628,38.839892],[-85.463377,38.895282],[-85.462871,38.900292],[-85.463477,38.912943]]]}},{"type":"Feature","id":"wayne|dalton","properties":{"key":"wayne|dalton"},"geometry":{"type":"Polygon","coordinates":[[[-85.201473,40.004521],[-85.126777,40.004205],[-85.126432,40.000038],[-85.125779,39.946365],[-85.138565,39.94648],[-85.152551,39.94724],[-85.162754,39.947561],[-85.187189,39.947005],[-85.193193,39.94719],[-85.200525,39.947121],[-85.200804,39.960705],[-85.201048,39.975283],[-85.201473,40.004521]]]}},{"type":"Feature","id":"harrison|posey","properties":{"key":"harrison|posey"},"geometry":{"type":"Polygon","coordinates":[[[-86.014287,38.15745],[-85.995049,38.15774],[-85.995098,38.171916],[-85.99516,38.185745],[-85.95802,38.186623],[-85.939961,38.186135],[-85.900099,38.185471],[-85.8995474485423,38.1803704758282],[-85.903873,38.174142],[-85.907965,38.161473],[-85.909133,38.144387],[-85.908752,38.133793],[-85.9060823051647,38.1168856767718],[-85.905164,38.11107],[-85.904226,38.099802],[-85.905266,38.088933],[-85.9077196278703,38.0832783706662],[-85.918326,38.083085],[-85.930898,38.083199],[-85.942566,38.082994],[-85.949213,38.083098],[-85.965753,38.08362],[-85.976082,38.08388],[-85.984985,38.082689],[-86.013195,38.082675],[-86.013631,38.097282],[-86.014287,38.15745]]]}},{"type":"Feature","id":"dubois|patoka","properties":{"key":"dubois|patoka"},"geometry":{"type":"Polygon","coordinates":[[[-87.072478,38.303885],[-87.072602,38.334686],[-87.060152,38.334673],[-87.007015,38.334965],[-86.997816,38.335314],[-86.979086,38.335293],[-86.959464,38.335035],[-86.950914,38.335214],[-86.905213,38.335712],[-86.905417,38.330584],[-86.905078,38.308301],[-86.905288,38.299526],[-86.905178,38.27756],[-86.905412,38.262605],[-86.923779,38.262618],[-86.942397,38.262224],[-86.963491,38.262114],[-86.979594,38.262005],[-87.017261,38.261823],[-87.017107,38.290861],[-87.072635,38.290864],[-87.072478,38.303885]]]}},{"type":"Feature","id":"marshall|polk","properties":{"key":"marshall|polk"},"geometry":{"type":"Polygon","coordinates":[[[-86.467108,41.476459],[-86.435131,41.476853],[-86.425744,41.476658],[-86.349,41.477817],[-86.348323,41.434394],[-86.348243,41.424752],[-86.348175,41.398172],[-86.357928,41.397835],[-86.357648,41.376144],[-86.46629,41.374817],[-86.46635,41.403909],[-86.46633,41.410621],[-86.466488,41.417264],[-86.466603,41.432968],[-86.466652,41.441213],[-86.466644,41.451073],[-86.466661,41.46012],[-86.46707,41.468695],[-86.467071,41.472863],[-86.467108,41.476459]]]}},{"type":"Feature","id":"vigo|prairiecreek","properties":{"key":"vigo|prairiecreek"},"geometry":{"type":"Polygon","coordinates":[[[-87.620485,39.307133],[-87.612606,39.308566],[-87.60592,39.311076],[-87.600656,39.318529],[-87.5902273168107,39.332066],[-87.536373,39.331998],[-87.516316,39.332041],[-87.460327,39.331936],[-87.460506,39.273884],[-87.460602,39.259316],[-87.504843,39.259371],[-87.563739,39.259359],[-87.6041078977191,39.2594582614714],[-87.601501,39.272242],[-87.607342,39.276206],[-87.609915,39.281415],[-87.608753,39.286689],[-87.599907,39.293583],[-87.598416,39.300086],[-87.605348,39.303217],[-87.614997,39.300901],[-87.621176,39.304162],[-87.620485,39.307133]]]}},{"type":"Feature","id":"newton|lincoln","properties":{"key":"newton|lincoln"},"geometry":{"type":"Polygon","coordinates":[[[-87.390568,41.165181],[-87.380983,41.17251],[-87.369771,41.175486],[-87.363887,41.176765],[-87.353785,41.179971],[-87.346584,41.182296],[-87.333143,41.182857],[-87.324599,41.186203],[-87.298485,41.205415],[-87.28573,41.215202],[-87.275882,41.218595],[-87.275755,41.199318],[-87.275709,41.188058],[-87.275699,41.173817],[-87.275664,41.168479],[-87.275726,41.144392],[-87.275738,41.129901],[-87.275917,41.086328],[-87.333711,41.086345],[-87.391206,41.086369],[-87.390568,41.165181]]]}},{"type":"Feature","id":"cass|boone","properties":{"key":"cass|boone"},"geometry":{"type":"Polygon","coordinates":[[[-86.581532,40.910925],[-86.500021,40.909918],[-86.472764,40.909806],[-86.468509,40.909889],[-86.467711,40.866379],[-86.468176,40.85542],[-86.468016,40.833269],[-86.467988,40.822601],[-86.473048,40.822698],[-86.5804,40.82481],[-86.58089,40.86259],[-86.581532,40.910925]]]}},{"type":"Feature","id":"laporte|galena","properties":{"key":"laporte|galena"},"geometry":{"type":"Polygon","coordinates":[[[-86.700201,41.737809],[-86.699997,41.749953],[-86.6996808813612,41.7598268075055],[-86.6687534960104,41.759724337695],[-86.6413638204539,41.7596335891616],[-86.5832509264804,41.7595656237888],[-86.583474,41.72664],[-86.583136,41.721725],[-86.58324,41.716445],[-86.583615,41.694514],[-86.603027,41.694497],[-86.640205,41.694446],[-86.700067,41.693883],[-86.700357,41.711811],[-86.700201,41.737809]]]}},{"type":"Feature","id":"allen|scipio","properties":{"key":"allen|scipio"},"geometry":{"type":"Polygon","coordinates":[[[-84.847416,41.27002],[-84.8035868929108,41.2709330422073],[-84.803533,41.253818],[-84.8034375809803,41.1850639188717],[-84.845155,41.184262],[-84.847416,41.27002]]]}},{"type":"Feature","id":"madison|lafayette","properties":{"key":"madison|lafayette"},"geometry":{"type":"Polygon","coordinates":[[[-85.785795,40.192958],[-85.785744,40.208124],[-85.785746,40.217657],[-85.780699,40.219532],[-85.766451,40.219575],[-85.758236,40.219592],[-85.747396,40.219613],[-85.728376,40.219629],[-85.709327,40.219584],[-85.671468,40.219501],[-85.671545,40.210027],[-85.671777,40.179085],[-85.671872,40.154979],[-85.67191,40.14993],[-85.672042,40.144561],[-85.672099,40.135222],[-85.681501,40.1352],[-85.688165,40.135173],[-85.694987,40.135146],[-85.705207,40.135096],[-85.709883,40.135084],[-85.728778,40.135085],[-85.748665,40.135039],[-85.786294,40.134842],[-85.785795,40.192958]]]}},{"type":"Feature","id":"benton|oakgrove","properties":{"key":"benton|oakgrove"},"geometry":{"type":"Polygon","coordinates":[[[-87.323279,40.563471],[-87.266192,40.562433],[-87.208676,40.562199],[-87.207627,40.519141],[-87.212373,40.519107],[-87.213268,40.504601],[-87.207413,40.504533],[-87.207218,40.496391],[-87.206945,40.475664],[-87.264083,40.476253],[-87.321333,40.4764],[-87.321618,40.533595],[-87.323279,40.563471]]]}},{"type":"Feature","id":"wabash|chester","properties":{"key":"wabash|chester"},"geometry":{"type":"Polygon","coordinates":[[[-85.795814,41.043588],[-85.748393,41.044831],[-85.735651,41.044941],[-85.700198,41.045685],[-85.684181,41.046716],[-85.683354,41.009055],[-85.683198,41.001909],[-85.643841,41.002305],[-85.643717,40.988387],[-85.642344,40.914738],[-85.793014,40.912654],[-85.793473,40.941819],[-85.794109,40.985973],[-85.794607,40.999501],[-85.795228,41.018531],[-85.795814,41.043588]]]}},{"type":"Feature","id":"clay|vanburen","properties":{"key":"clay|vanburen"},"geometry":{"type":"Polygon","coordinates":[[[-87.124237,39.605762],[-87.035373,39.60506],[-87.030742,39.60487],[-87.013062,39.604787],[-87.013601,39.560708],[-87.013971,39.535192],[-87.014257,39.517092],[-87.070738,39.51763],[-87.080094,39.517756],[-87.089205,39.517857],[-87.09891,39.517992],[-87.098773,39.525148],[-87.098885,39.529872],[-87.098354,39.546839],[-87.098264,39.554133],[-87.124768,39.554422],[-87.124237,39.605762]]]}},{"type":"Feature","id":"fayette|posey","properties":{"key":"fayette|posey"},"geometry":{"type":"Polygon","coordinates":[[[-85.301584,39.787579],[-85.221118,39.788449],[-85.202342,39.788587],[-85.183472,39.788397],[-85.184329,39.759247],[-85.185104,39.744616],[-85.185089,39.715515],[-85.243442,39.715894],[-85.301051,39.715188],[-85.301584,39.787579]]]}},{"type":"Feature","id":"jay|penn","properties":{"key":"jay|penn"},"geometry":{"type":"Polygon","coordinates":[[[-85.201184,40.525023],[-85.201313,40.552128],[-85.201146,40.567242],[-85.183391,40.567255],[-85.106918,40.567824],[-85.105266,40.480675],[-85.124477,40.480363],[-85.132017,40.480242],[-85.150844,40.479653],[-85.200857,40.479495],[-85.200677,40.486778],[-85.200713,40.501624],[-85.201067,40.519919],[-85.201184,40.525023]]]}},{"type":"Feature","id":"carroll|madison","properties":{"key":"carroll|madison"},"geometry":{"type":"Polygon","coordinates":[[[-86.69516,40.532603],[-86.582179,40.532837],[-86.581964,40.503994],[-86.581624,40.489449],[-86.581542,40.48219],[-86.593725,40.48217],[-86.619609,40.482107],[-86.625011,40.48197],[-86.694896,40.482036],[-86.69516,40.532603]]]}},{"type":"Feature","id":"wayne|harrison","properties":{"key":"wayne|harrison"},"geometry":{"type":"Polygon","coordinates":[[[-85.144686,39.836663],[-85.143897,39.874046],[-85.127752,39.87393],[-85.125271,39.888392],[-85.089814,39.888348],[-85.089826,39.875046],[-85.079701,39.87344],[-85.079089,39.859993],[-85.051948,39.85992],[-85.052069,39.830885],[-85.070577,39.831015],[-85.070662,39.8238],[-85.108188,39.823832],[-85.126454,39.823313],[-85.126191,39.830426],[-85.144701,39.831065],[-85.144686,39.836663]]]}},{"type":"Feature","id":"starke|wayne","properties":{"key":"starke|wayne"},"geometry":{"type":"Polygon","coordinates":[[[-86.814575,41.259068],[-86.737108,41.259097],[-86.717824,41.259123],[-86.698363,41.259093],[-86.698352,41.215536],[-86.698505,41.172166],[-86.756594,41.172083],[-86.783161,41.171331],[-86.798718,41.171554],[-86.814389,41.171993],[-86.814273,41.229992],[-86.814224,41.244481],[-86.814575,41.259068]]]}},{"type":"Feature","id":"bartholomew|ohio","properties":{"key":"bartholomew|ohio"},"geometry":{"type":"Polygon","coordinates":[[[-86.080294,39.152543],[-86.058783,39.152779],[-86.053647,39.152806],[-86.048972,39.152844],[-86.044015,39.15291],[-86.039504,39.153067],[-86.033669,39.153317],[-86.024499,39.153948],[-86.003919,39.154207],[-85.986419,39.155903],[-85.986077,39.133941],[-85.985489,39.097489],[-85.995074,39.097192],[-86.003813,39.09586],[-86.022983,39.095516],[-86.028914,39.094947],[-86.064925,39.094604],[-86.079225,39.094471],[-86.07928,39.098623],[-86.079362,39.104827],[-86.079853,39.126971],[-86.08024,39.149633],[-86.080294,39.152543]]]}},{"type":"Feature","id":"tippecanoe|jackson","properties":{"key":"tippecanoe|jackson"},"geometry":{"type":"Polygon","coordinates":[[[-87.092709,40.258391],[-87.092516,40.301565],[-86.999238,40.301213],[-86.960878,40.301204],[-86.961113,40.214879],[-87.035712,40.214739],[-87.092563,40.214806],[-87.092531,40.229311],[-87.09253,40.243684],[-87.09223,40.249437],[-87.092709,40.258391]]]}},{"type":"Feature","id":"monroe|saltcreek","properties":{"key":"monroe|saltcreek"},"geometry":{"type":"Polygon","coordinates":[[[-86.462469,39.164629],[-86.420204,39.164745],[-86.415604,39.164534],[-86.370292,39.165448],[-86.370192,39.15265],[-86.369693,39.143761],[-86.36911,39.089643],[-86.369456,39.081152],[-86.369168,39.076826],[-86.39365,39.077925],[-86.443094,39.078163],[-86.449948,39.078179],[-86.461562,39.078276],[-86.461695,39.089597],[-86.461695,39.094312],[-86.461847,39.106856],[-86.462197,39.149039],[-86.462469,39.164629]]]}},{"type":"Feature","id":"franklin|highland","properties":{"key":"franklin|highland"},"geometry":{"type":"Polygon","coordinates":[[[-85.075722,39.318209],[-85.076249,39.354315],[-85.057358,39.354332],[-85.055723,39.358552],[-85.054403,39.365151],[-85.04605,39.365053],[-85.035479,39.365043],[-85.003259,39.364889],[-84.955302,39.364637],[-84.929285,39.364399],[-84.928358,39.352124],[-84.928906,39.305939],[-84.956731,39.306311],[-85.002596,39.306794],[-85.065382,39.307196],[-85.076292,39.309993],[-85.075722,39.318209]]]}},{"type":"Feature","id":"warren|adams","properties":{"key":"warren|adams"},"geometry":{"type":"Polygon","coordinates":[[[-87.264083,40.476253],[-87.206945,40.475664],[-87.178395,40.475628],[-87.178034,40.410426],[-87.178053,40.388694],[-87.244278,40.389009],[-87.26305,40.389015],[-87.263291,40.412245],[-87.263423,40.439778],[-87.264083,40.476253]]]}},{"type":"Feature","id":"wayne|perry","properties":{"key":"wayne|perry"},"geometry":{"type":"Polygon","coordinates":[[[-85.126777,40.004205],[-85.121648,40.004262],[-85.058147,40.004767],[-85.053481,40.004809],[-85.053172,39.946826],[-85.052907,39.932297],[-85.090488,39.931876],[-85.090617,39.946392],[-85.125779,39.946365],[-85.126432,40.000038],[-85.126777,40.004205]]]}},{"type":"Feature","id":"dekalb|franklin","properties":{"key":"dekalb|franklin"},"geometry":{"type":"Polygon","coordinates":[[[-84.968505,41.528065],[-84.931341,41.528377],[-84.921701,41.528456],[-84.917481,41.528554],[-84.912066,41.528525],[-84.905076,41.528386],[-84.897089,41.528691],[-84.874933,41.529033],[-84.854416,41.529434],[-84.851853,41.444137],[-84.871452,41.443579],[-84.894623,41.443054],[-84.909667,41.442742],[-84.966559,41.441654],[-84.966704,41.448893],[-84.968505,41.528065]]]}},{"type":"Feature","id":"white|lincoln","properties":{"key":"white|lincoln"},"geometry":{"type":"Polygon","coordinates":[[[-86.69689,40.7592],[-86.69679,40.78866],[-86.69673,40.796],[-86.69654,40.82153],[-86.63864,40.82504],[-86.628878,40.824956],[-86.62938,40.80964],[-86.62965,40.7804],[-86.62983,40.75852],[-86.629934,40.736279],[-86.65878,40.7366],[-86.677986,40.736752],[-86.697099,40.737102],[-86.69689,40.7592]]]}},{"type":"Feature","id":"jackson|saltcreek","properties":{"key":"jackson|saltcreek"},"geometry":{"type":"Polygon","coordinates":[[[-86.318133,39.04881],[-86.2998,39.048861],[-86.244476,39.049171],[-86.172367,39.048556],[-86.172321,39.035362],[-86.172291,39.030461],[-86.172058,38.990455],[-86.17173,38.985739],[-86.171587,38.962196],[-86.270142,38.961174],[-86.279437,38.961106],[-86.279531,38.968251],[-86.279597,38.97538],[-86.280389,38.991028],[-86.317474,38.99087],[-86.31738,39.00005],[-86.318133,39.04881]]]}},{"type":"Feature","id":"shelby|sugarcreek","properties":{"key":"shelby|sugarcreek"},"geometry":{"type":"Polygon","coordinates":[[[-85.952523,39.60915],[-85.942808,39.609332],[-85.93846,39.609266],[-85.934421,39.609633],[-85.895606,39.6101],[-85.877264,39.610337],[-85.876963,39.591114],[-85.876763,39.583736],[-85.875788,39.547828],[-85.875072,39.524651],[-85.951389,39.523125],[-85.951922,39.537875],[-85.951828,39.552695],[-85.95247,39.600787],[-85.952523,39.60915]]]}},{"type":"Feature","id":"franklin|bath","properties":{"key":"franklin|bath"},"geometry":{"type":"Polygon","coordinates":[[[-84.929544,39.522031],[-84.910331,39.52408],[-84.848784,39.523199],[-84.823355,39.522151],[-84.8153652290776,39.5219502743529],[-84.815536,39.51142],[-84.8157294359,39.479449881627],[-84.891293,39.479446],[-84.899371,39.479646],[-84.927574,39.479861],[-84.929544,39.522031]]]}},{"type":"Feature","id":"lawrence|marshall","properties":{"key":"lawrence|marshall"},"geometry":{"type":"Polygon","coordinates":[[[-86.573461,38.991165],[-86.568673,38.992125],[-86.548011,38.992032],[-86.537505,38.991844],[-86.530478,38.991709],[-86.523611,38.992002],[-86.488261,38.991921],[-86.4799,38.991822],[-86.461535,38.991673],[-86.46087,38.939043],[-86.461542,38.91178],[-86.461499,38.904496],[-86.470171,38.904577],[-86.491974,38.904495],[-86.500848,38.904766],[-86.512171,38.904523],[-86.534784,38.904511],[-86.555765,38.904467],[-86.567391,38.904446],[-86.572957,38.90445],[-86.57292,38.924207],[-86.573218,38.964993],[-86.573243,38.96925],[-86.57362,38.977505],[-86.573461,38.991165]]]}},{"type":"Feature","id":"lawrence|perry","properties":{"key":"lawrence|perry"},"geometry":{"type":"Polygon","coordinates":[[[-86.682277,38.992404],[-86.608138,38.992055],[-86.595718,38.992008],[-86.58789,38.992213],[-86.573548,38.992147],[-86.57362,38.977505],[-86.573243,38.96925],[-86.573218,38.964993],[-86.572757,38.927129],[-86.572957,38.90445],[-86.586987,38.904422],[-86.682853,38.904697],[-86.682277,38.992404]]]}},{"type":"Feature","id":"monroe|benton","properties":{"key":"monroe|benton"},"geometry":{"type":"Polygon","coordinates":[[[-86.465115,39.3383],[-86.422799,39.339043],[-86.381395,39.339752],[-86.379937,39.25108],[-86.372408,39.250905],[-86.372202,39.238283],[-86.371993,39.223556],[-86.370392,39.178648],[-86.370292,39.165448],[-86.41216,39.164862],[-86.420204,39.164745],[-86.462469,39.164629],[-86.462778,39.185898],[-86.462863,39.197856],[-86.46329,39.205261],[-86.463268,39.210031],[-86.46416,39.24928],[-86.46439,39.306846],[-86.465115,39.3383]]]}},{"type":"Feature","id":"orange|frenchlick","properties":{"key":"orange|frenchlick"},"geometry":{"type":"Polygon","coordinates":[[[-86.682539,38.598908],[-86.656467,38.599362],[-86.588804,38.59979],[-86.588588,38.585338],[-86.572706,38.585487],[-86.533766,38.585796],[-86.533723,38.579237],[-86.533696,38.571072],[-86.533641,38.55509],[-86.533307,38.520454],[-86.533135,38.497464],[-86.570815,38.497139],[-86.595125,38.497292],[-86.604019,38.497312],[-86.618723,38.497458],[-86.625047,38.496632],[-86.682207,38.49711],[-86.682359,38.526378],[-86.68241,38.557098],[-86.682446,38.566411],[-86.682497,38.594446],[-86.682539,38.598908]]]}},{"type":"Feature","id":"pike|marion","properties":{"key":"pike|marion"},"geometry":{"type":"Polygon","coordinates":[[[-87.183237,38.421892],[-87.073238,38.422354],[-87.072973,38.395173],[-87.072724,38.364169],[-87.072504,38.353171],[-87.072602,38.334686],[-87.093095,38.334551],[-87.09741,38.334589],[-87.109907,38.334949],[-87.125004,38.334713],[-87.182383,38.333931],[-87.18276,38.355722],[-87.183237,38.421892]]]}},{"type":"Feature","id":"ripley|brown","properties":{"key":"ripley|brown"},"geometry":{"type":"Polygon","coordinates":[[[-85.296518,39.00109],[-85.288447,39.001095],[-85.273852,39.001126],[-85.22613,39.001089],[-85.189928,39.00131],[-85.185587,39.015862],[-85.124902,39.016746],[-85.119559,39.017165],[-85.121983,39.002266],[-85.125291,38.986259],[-85.126124,38.9814],[-85.128452,38.969244],[-85.132508,38.948055],[-85.135832,38.929578],[-85.202849,38.928523],[-85.203166,38.913803],[-85.234382,38.913949],[-85.245616,38.914004],[-85.296568,38.913836],[-85.295903,38.957055],[-85.296473,38.96347],[-85.296781,38.971612],[-85.296518,39.00109]]]}},{"type":"Feature","id":"ripley|delaware","properties":{"key":"ripley|delaware"},"geometry":{"type":"Polygon","coordinates":[[[-85.315923,39.184092],[-85.315308,39.220773],[-85.296204,39.220675],[-85.288576,39.220424],[-85.229251,39.220604],[-85.208228,39.220761],[-85.188588,39.220929],[-85.188755,39.21556],[-85.188635,39.202533],[-85.18854,39.182856],[-85.188511,39.177112],[-85.187169,39.162202],[-85.187157,39.137204],[-85.191554,39.133593],[-85.240385,39.132885],[-85.240294,39.138902],[-85.240215,39.150278],[-85.240511,39.157255],[-85.240308,39.161824],[-85.28018,39.162043],[-85.307688,39.162084],[-85.315766,39.162174],[-85.315658,39.176828],[-85.315923,39.184092]]]}},{"type":"Feature","id":"sullivan|cass","properties":{"key":"sullivan|cass"},"geometry":{"type":"Polygon","coordinates":[[[-87.354021,39.07558],[-87.353895,39.082266],[-87.353759,39.091751],[-87.35361,39.113689],[-87.334193,39.113547],[-87.325753,39.114025],[-87.315518,39.113562],[-87.31564,39.142713],[-87.246064,39.142898],[-87.240843,39.142634],[-87.240903,39.120851],[-87.241063,39.100794],[-87.240918,39.084397],[-87.240846,39.038332],[-87.25969,39.038375],[-87.315441,39.038884],[-87.354435,39.039378],[-87.354021,39.07558]]]}},{"type":"Feature","id":"switzerland|cotton","properties":{"key":"switzerland|cotton"},"geometry":{"type":"Polygon","coordinates":[[[-85.100072,38.903011],[-85.046655,38.903],[-85.025603,38.901796],[-85.009863,38.901542],[-84.950102,38.901117],[-84.931107,38.900984],[-84.931799,38.856072],[-84.931972,38.843549],[-84.988176,38.844071],[-84.9967,38.844213],[-85.044903,38.844466],[-85.078871,38.84384],[-85.098634,38.843922],[-85.098209,38.873371],[-85.100072,38.903011]]]}},{"type":"Feature","id":"washington|madison","properties":{"key":"washington|madison"},"geometry":{"type":"Polygon","coordinates":[[[-86.308689,38.47849],[-86.308614,38.484824],[-86.307941,38.521239],[-86.308014,38.557208],[-86.308206,38.564394],[-86.286355,38.564216],[-86.270566,38.564063],[-86.233321,38.56379],[-86.233372,38.556648],[-86.233769,38.521846],[-86.234008,38.502773],[-86.234413,38.470511],[-86.255565,38.470295],[-86.278754,38.470373],[-86.289148,38.470265],[-86.308359,38.470382],[-86.308689,38.47849]]]}},{"type":"Feature","id":"washington|pierce","properties":{"key":"washington|pierce"},"geometry":{"type":"Polygon","coordinates":[[[-86.122621,38.497816],[-86.122391,38.557953],[-86.110963,38.558001],[-86.053565,38.558836],[-86.029125,38.559447],[-86.022241,38.559641],[-86.014304,38.560051],[-86.014098,38.545605],[-86.013118,38.515778],[-86.012472,38.493419],[-86.01228,38.486815],[-86.012,38.472107],[-86.024161,38.471615],[-86.031403,38.471566],[-86.081376,38.471099],[-86.122548,38.470703],[-86.122607,38.489003],[-86.122621,38.497816]]]}},{"type":"Feature","id":"wayne|newgarden","properties":{"key":"wayne|newgarden"},"geometry":{"type":"Polygon","coordinates":[[[-84.958762,40.005278],[-84.930252,40.005311],[-84.893172,40.005162],[-84.886619,40.006289],[-84.886725,40.000034],[-84.886246,39.992472],[-84.886861,39.97684],[-84.887761,39.902848],[-84.916268,39.903199],[-84.916105,39.908512],[-84.91602,39.922459],[-84.9223,39.925248],[-84.958441,39.925227],[-84.958762,40.005278]]]}},{"type":"Feature","id":"wayne|webster","properties":{"key":"wayne|webster"},"geometry":{"type":"Polygon","coordinates":[[[-84.996244,39.925207],[-84.958441,39.925227],[-84.9223,39.925248],[-84.915311,39.924894],[-84.916105,39.908512],[-84.916268,39.903199],[-84.916688,39.873335],[-84.926195,39.87332],[-84.936175,39.87442],[-84.958248,39.874336],[-84.995952,39.874282],[-84.996184,39.90339],[-84.996244,39.925207]]]}},{"type":"Feature","id":"benton|hickorygrove","properties":{"key":"benton|hickorygrove"},"geometry":{"type":"Polygon","coordinates":[[[-87.5263661821947,40.4912369959331],[-87.526367,40.520248],[-87.5262450437368,40.5642230195344],[-87.435125,40.56395],[-87.43497,40.491467],[-87.435042,40.476715],[-87.5265964885746,40.4768761200948],[-87.5263661821947,40.4912369959331]]]}},{"type":"Feature","id":"fountain|cain","properties":{"key":"fountain|cain"},"geometry":{"type":"Polygon","coordinates":[[[-87.224062,40.082695],[-87.224001,40.089908],[-87.223904,40.112094],[-87.214545,40.112107],[-87.214513,40.122465],[-87.204806,40.122452],[-87.204856,40.128007],[-87.195942,40.127909],[-87.091904,40.127547],[-87.091934,40.110083],[-87.091928,40.087217],[-87.092031,40.06826],[-87.092142,40.039019],[-87.105402,40.039245],[-87.158153,40.039451],[-87.205536,40.039356],[-87.205441,40.053794],[-87.205364,40.068261],[-87.224136,40.068213],[-87.224062,40.082695]]]}},{"type":"Feature","id":"warren|medina","properties":{"key":"warren|medina"},"geometry":{"type":"Polygon","coordinates":[[[-87.178395,40.475628],[-87.093676,40.475745],[-87.092813,40.467843],[-87.092732,40.445973],[-87.092886,40.422455],[-87.092912,40.388172],[-87.110648,40.388308],[-87.121838,40.388133],[-87.178053,40.388694],[-87.178034,40.410426],[-87.178395,40.475628]]]}},{"type":"Feature","id":"warren|prairie","properties":{"key":"warren|prairie"},"geometry":{"type":"Polygon","coordinates":[[[-87.5272907528587,40.4326996703141],[-87.527118,40.444357],[-87.5265964885746,40.4768761200948],[-87.435042,40.476715],[-87.397201,40.476883],[-87.377986,40.476788],[-87.377731,40.460612],[-87.377838,40.454945],[-87.377263,40.45044],[-87.377325,40.389462],[-87.401321,40.389429],[-87.5279389466929,40.3889596750343],[-87.5272907528587,40.4326996703141]]]}},{"type":"Feature","id":"crawford|johnson","properties":{"key":"crawford|johnson"},"geometry":{"type":"Polygon","coordinates":[[[-86.68053,38.322154],[-86.652498,38.322167],[-86.624954,38.322218],[-86.600139,38.322775],[-86.569044,38.323607],[-86.570122,38.267102],[-86.641549,38.263326],[-86.679511,38.263086],[-86.680132,38.301485],[-86.68053,38.322154]]]}},{"type":"Feature","id":"crawford|liberty","properties":{"key":"crawford|liberty"},"geometry":{"type":"Polygon","coordinates":[[[-86.420976,38.39226],[-86.38262,38.395585],[-86.374982,38.394815],[-86.36551,38.394605],[-86.345058,38.394575],[-86.339202,38.394301],[-86.316992,38.394257],[-86.308868,38.394069],[-86.309298,38.379709],[-86.308519,38.365464],[-86.323452,38.365413],[-86.327453,38.365442],[-86.327615,38.354979],[-86.336327,38.351246],[-86.337471,38.336596],[-86.347454,38.336611],[-86.347645,38.321948],[-86.356545,38.321869],[-86.371527,38.321946],[-86.379374,38.322084],[-86.394022,38.322209],[-86.393215,38.365548],[-86.397541,38.365561],[-86.403108,38.365632],[-86.420586,38.365738],[-86.421271,38.375059],[-86.420976,38.39226]]]}},{"type":"Feature","id":"marshall|walnut","properties":{"key":"marshall|walnut"},"geometry":{"type":"Polygon","coordinates":[[[-86.269134,41.269576],[-86.269207,41.274337],[-86.246965,41.274261],[-86.192586,41.274136],[-86.16073,41.273903],[-86.154372,41.273847],[-86.154385,41.259292],[-86.152832,41.172283],[-86.187869,41.172291],[-86.218872,41.172347],[-86.223525,41.171865],[-86.228984,41.171775],[-86.236866,41.171849],[-86.241191,41.172355],[-86.25047,41.172363],[-86.250686,41.187581],[-86.250731,41.191916],[-86.250907,41.215418],[-86.254318,41.22828],[-86.254333,41.234497],[-86.254299,41.244422],[-86.260879,41.244367],[-86.264564,41.260219],[-86.269221,41.260197],[-86.269134,41.269576]]]}},{"type":"Feature","id":"pulaski|beaver","properties":{"key":"pulaski|beaver"},"geometry":{"type":"Polygon","coordinates":[[[-86.814943,40.998063],[-86.776016,40.99784],[-86.699241,40.997241],[-86.699644,40.92402],[-86.699718,40.912238],[-86.710873,40.912183],[-86.77585,40.91246],[-86.815097,40.91248],[-86.814943,40.998063]]]}},{"type":"Feature","id":"pulaski|tippecanoe","properties":{"key":"pulaski|tippecanoe"},"geometry":{"type":"Polygon","coordinates":[[[-86.583436,41.091698],[-86.582959,41.170858],[-86.563179,41.171896],[-86.553656,41.171864],[-86.548661,41.171869],[-86.500755,41.171655],[-86.486325,41.17159],[-86.467046,41.171442],[-86.467215,41.113259],[-86.467408,41.098054],[-86.467222,41.084295],[-86.48459,41.0842],[-86.554312,41.084409],[-86.563461,41.084422],[-86.573373,41.084646],[-86.583364,41.084576],[-86.583436,41.091698]]]}},{"type":"Feature","id":"porter|morgan","properties":{"key":"porter|morgan"},"geometry":{"type":"Polygon","coordinates":[[[-87.085142,41.434578],[-87.065862,41.434549],[-87.036674,41.4345],[-87.027074,41.434488],[-87.012974,41.434434],[-87.002782,41.434422],[-86.993358,41.434376],[-86.987977,41.434344],[-86.978597,41.434333],[-86.930834,41.434211],[-86.930216,41.41248],[-86.930662,41.346909],[-87.026786,41.347353],[-87.065497,41.347481],[-87.06559,41.375],[-87.065632,41.3912],[-87.084776,41.391311],[-87.085142,41.434578]]]}},{"type":"Feature","id":"white|bigcreek","properties":{"key":"white|bigcreek"},"geometry":{"type":"Polygon","coordinates":[[[-86.92804,40.72091],[-86.885253,40.721276],[-86.833221,40.721734],[-86.832588,40.69997],[-86.823301,40.700275],[-86.822862,40.693058],[-86.81347,40.69337],[-86.79394,40.69304],[-86.793709,40.685814],[-86.78898,40.685811],[-86.788751,40.678497],[-86.78406,40.67856],[-86.783823,40.663952],[-86.77423,40.664026],[-86.773852,40.649191],[-86.80169,40.6493],[-86.92685,40.6483],[-86.927,40.66285],[-86.92804,40.72091]]]}},{"type":"Feature","id":"white|jackson","properties":{"key":"white|jackson"},"geometry":{"type":"Polygon","coordinates":[[[-86.62983,40.75852],[-86.62964,40.78035],[-86.62938,40.80964],[-86.628878,40.824956],[-86.5804,40.82481],[-86.58111,40.77988],[-86.581573,40.754091],[-86.581739,40.735765],[-86.62039,40.73622],[-86.629934,40.736279],[-86.62983,40.75852]]]}},{"type":"Feature","id":"tippecanoe|randolph","properties":{"key":"tippecanoe|randolph"},"geometry":{"type":"Polygon","coordinates":[[[-86.960878,40.301204],[-86.923298,40.301333],[-86.865831,40.301462],[-86.86648,40.214915],[-86.87598,40.214933],[-86.923342,40.215047],[-86.937478,40.215009],[-86.961113,40.214879],[-86.960878,40.301204]]]}},{"type":"Feature","id":"kosciusko|jefferson","properties":{"key":"kosciusko|jefferson"},"geometry":{"type":"Polygon","coordinates":[[[-86.001434,41.43542],[-85.991656,41.435413],[-85.982087,41.435399],[-85.972737,41.43549],[-85.96305,41.435532],[-85.934428,41.435676],[-85.905621,41.435569],[-85.89855,41.43574],[-85.885824,41.435641],[-85.885904,41.413071],[-85.885846,41.394357],[-85.885113,41.363442],[-85.884816,41.347762],[-85.923729,41.347393],[-85.928087,41.347341],[-85.942535,41.347185],[-85.942739,41.361715],[-85.962077,41.361506],[-85.962306,41.376069],[-85.97182,41.37596],[-86.00075,41.375861],[-86.000797,41.383161],[-86.001377,41.431417],[-86.001434,41.43542]]]}},{"type":"Feature","id":"kosciusko|turkeycreek","properties":{"key":"kosciusko|turkeycreek"},"geometry":{"type":"Polygon","coordinates":[[[-85.768708,41.435745],[-85.763133,41.43574],[-85.74417,41.436087],[-85.701675,41.43656],[-85.653507,41.436856],[-85.653576,41.416455],[-85.653521,41.407389],[-85.653474,41.394714],[-85.653323,41.365405],[-85.653246,41.360786],[-85.653227,41.351195],[-85.684946,41.350676],[-85.691193,41.350422],[-85.701228,41.350609],[-85.709184,41.350487],[-85.749381,41.349895],[-85.767192,41.349555],[-85.767953,41.378559],[-85.768035,41.385822],[-85.768284,41.410032],[-85.7685,41.420918],[-85.768708,41.435745]]]}},{"type":"Feature","id":"noble|elkhart","properties":{"key":"noble|elkhart"},"geometry":{"type":"Polygon","coordinates":[[[-85.539159,41.52481],[-85.519936,41.524984],[-85.481406,41.525363],[-85.467768,41.525397],[-85.437965,41.525568],[-85.423502,41.525596],[-85.423426,41.514008],[-85.423228,41.467754],[-85.423375,41.438575],[-85.517392,41.438061],[-85.538243,41.437926],[-85.539159,41.52481]]]}},{"type":"Feature","id":"noble|noble","properties":{"key":"noble|noble"},"geometry":{"type":"Polygon","coordinates":[[[-85.536757,41.280954],[-85.536288,41.295241],[-85.535838,41.338554],[-85.535886,41.352224],[-85.496301,41.352049],[-85.483928,41.352268],[-85.460461,41.352205],[-85.449302,41.352286],[-85.424501,41.352237],[-85.42301,41.344051],[-85.423133,41.30858],[-85.423615,41.294065],[-85.423839,41.279514],[-85.424053,41.265048],[-85.433553,41.265058],[-85.462212,41.265182],[-85.491048,41.265504],[-85.502312,41.265585],[-85.529357,41.266155],[-85.53718,41.266157],[-85.536757,41.280954]]]}},{"type":"Feature","id":"noble|washington","properties":{"key":"noble|washington"},"geometry":{"type":"Polygon","coordinates":[[[-85.653227,41.351195],[-85.596443,41.351835],[-85.538526,41.352234],[-85.535838,41.338554],[-85.536288,41.295241],[-85.57796,41.295352],[-85.651928,41.294776],[-85.652108,41.302001],[-85.653089,41.345593],[-85.653227,41.351195]]]}},{"type":"Feature","id":"vigo|riley","properties":{"key":"vigo|riley"},"geometry":{"type":"Polygon","coordinates":[[[-87.35173,39.375875],[-87.351426,39.395978],[-87.35132,39.430377],[-87.333028,39.433763],[-87.328292,39.433775],[-87.314372,39.433803],[-87.295669,39.433722],[-87.286324,39.433748],[-87.276966,39.433728],[-87.248957,39.433678],[-87.239556,39.433561],[-87.239645,39.420255],[-87.239834,39.346639],[-87.349666,39.34693],[-87.350647,39.351123],[-87.351118,39.356438],[-87.351721,39.370642],[-87.35173,39.375875]]]}},{"type":"Feature","id":"jasper|carpenter","properties":{"key":"jasper|carpenter"},"geometry":{"type":"Polygon","coordinates":[[[-87.267769,40.822343],[-87.173378,40.822684],[-87.163642,40.822724],[-87.099645,40.823036],[-87.099268,40.7801],[-87.099049,40.774745],[-87.098689,40.765577],[-87.09839,40.736541],[-87.172828,40.736714],[-87.211193,40.736671],[-87.267298,40.736582],[-87.267347,40.765624],[-87.267769,40.822343]]]}},{"type":"Feature","id":"jasper|union","properties":{"key":"jasper|union"},"geometry":{"type":"Polygon","coordinates":[[[-87.275924,41.071174],[-87.275917,41.086328],[-87.275738,41.129901],[-87.199142,41.129955],[-87.160402,41.129588],[-87.141742,41.129618],[-87.141897,41.085994],[-87.142119,41.050322],[-87.142335,41.038018],[-87.142045,41.012432],[-87.170878,41.012421],[-87.190072,41.012557],[-87.276087,41.01298],[-87.275924,41.071174]]]}},{"type":"Feature","id":"warrick|greer","properties":{"key":"warrick|greer"},"geometry":{"type":"Polygon","coordinates":[[[-87.467284,38.165403],[-87.467212,38.169568],[-87.466744,38.201286],[-87.355139,38.201625],[-87.355202,38.14287],[-87.355221,38.135409],[-87.428831,38.136173],[-87.447265,38.136132],[-87.458688,38.136375],[-87.467889,38.136336],[-87.467284,38.165403]]]}},{"type":"Feature","id":"warrick|pigeon","properties":{"key":"warrick|pigeon"},"geometry":{"type":"Polygon","coordinates":[[[-87.125871,38.176123],[-87.125675,38.232914],[-87.073067,38.232596],[-87.073141,38.203821],[-87.01749,38.20358],[-87.017691,38.17028],[-87.017639,38.160094],[-87.017544,38.13664],[-87.017453,38.118301],[-87.070259,38.118083],[-87.118304,38.118393],[-87.126721,38.118467],[-87.125871,38.176123]]]}},{"type":"Feature","id":"posey|harmony","properties":{"key":"posey|harmony"},"geometry":{"type":"Polygon","coordinates":[[[-88.016729,38.097257],[-88.013118,38.103527],[-87.99831,38.108488],[-87.983068,38.107139],[-87.975299,38.110053],[-87.973774,38.114447],[-87.974272,38.121981],[-87.9709761714455,38.1279879354456],[-87.965755,38.132621],[-87.960482,38.132095],[-87.955872,38.132897],[-87.950692,38.130241],[-87.945472,38.126616],[-87.940438,38.133713],[-87.935135,38.139428],[-87.929423,38.140727],[-87.9255,38.146251],[-87.92827,38.150893],[-87.923653,38.153119],[-87.9168442780408,38.1568726808156],[-87.90745,38.156608],[-87.88386,38.156345],[-87.8567,38.156461],[-87.846966,38.156021],[-87.837396,38.15554],[-87.823724,38.155506],[-87.818931,38.155568],[-87.81942,38.125909],[-87.846411,38.126412],[-87.847296,38.082448],[-87.918705,38.083543],[-87.92513,38.083555],[-87.954618,38.08377],[-87.9574633448905,38.0889129132848],[-87.9598181630233,38.096899087758],[-87.968031,38.096276],[-88.004697,38.083965],[-88.01139,38.084691],[-88.014633,38.090398],[-88.016729,38.097257]]]}},{"type":"Feature","id":"elkhart|clinton","properties":{"key":"elkhart|clinton"},"geometry":{"type":"Polygon","coordinates":[[[-85.771861,41.609138],[-85.758155,41.609131],[-85.70505,41.609907],[-85.656718,41.610538],[-85.655906,41.58152],[-85.6553,41.552462],[-85.654747,41.523347],[-85.674039,41.523177],[-85.688496,41.523113],[-85.698317,41.52303],[-85.702919,41.522982],[-85.712479,41.522986],[-85.770212,41.522837],[-85.770395,41.537441],[-85.770545,41.546482],[-85.770643,41.551972],[-85.771214,41.581037],[-85.771861,41.609138]]]}},{"type":"Feature","id":"elkhart|union","properties":{"key":"elkhart|union"},"geometry":{"type":"Polygon","coordinates":[[[-86.002159,41.515093],[-86.00136,41.521747],[-85.963325,41.522024],[-85.943797,41.522148],[-85.88582,41.522349],[-85.885754,41.471688],[-85.885824,41.435641],[-85.89855,41.43574],[-85.905621,41.435569],[-85.934428,41.435676],[-85.96305,41.435532],[-85.972403,41.435491],[-85.982087,41.435399],[-85.991656,41.435413],[-86.001434,41.43542],[-86.001318,41.440905],[-86.001349,41.447819],[-86.001478,41.457117],[-86.001487,41.464322],[-86.002159,41.515093]]]}},{"type":"Feature","id":"parke|greene","properties":{"key":"parke|greene"},"geometry":{"type":"Polygon","coordinates":[[[-87.121723,39.867467],[-87.091542,39.867265],[-87.05376,39.867005],[-87.009477,39.866705],[-87.009911,39.832162],[-87.010434,39.801109],[-87.010598,39.781406],[-87.015113,39.779595],[-87.12218,39.781019],[-87.121723,39.867467]]]}},{"type":"Feature","id":"parke|union","properties":{"key":"parke|union"},"geometry":{"type":"Polygon","coordinates":[[[-87.122732,39.741671],[-87.122136,39.773894],[-87.12218,39.781019],[-87.015113,39.779595],[-87.010753,39.779561],[-87.01079,39.754514],[-87.011326,39.728219],[-87.01167,39.713953],[-87.011904,39.695589],[-87.038641,39.692429],[-87.049584,39.693066],[-87.055806,39.692771],[-87.100295,39.693582],[-87.109053,39.69362],[-87.123247,39.693821],[-87.122732,39.741671]]]}},{"type":"Feature","id":"stjoseph|lincoln","properties":{"key":"stjoseph|lincoln"},"geometry":{"type":"Polygon","coordinates":[[[-86.52494,41.519675],[-86.503612,41.519534],[-86.490777,41.519936],[-86.482295,41.519972],[-86.476985,41.519984],[-86.467539,41.520013],[-86.467402,41.509115],[-86.447334,41.505515],[-86.426635,41.50577],[-86.425744,41.476658],[-86.435131,41.476853],[-86.467108,41.476459],[-86.46707,41.468695],[-86.466675,41.46194],[-86.466644,41.451073],[-86.466652,41.441213],[-86.466603,41.432968],[-86.488895,41.43302],[-86.495603,41.43289],[-86.524711,41.432886],[-86.524709,41.476646],[-86.524727,41.489024],[-86.52494,41.519675]]]}},{"type":"Feature","id":"newton|beaver","properties":{"key":"newton|beaver"},"geometry":{"type":"Polygon","coordinates":[[[-87.526283520407,40.9997579768943],[-87.454653,40.999465],[-87.449915,40.99936],[-87.392587,40.999363],[-87.39271,40.911575],[-87.449013,40.911553],[-87.491299,40.911795],[-87.5260834937833,40.9118374216276],[-87.526060659548,40.9375939433389],[-87.526054,40.944921],[-87.526283520407,40.9997579768943]]]}},{"type":"Feature","id":"newton|colfax","properties":{"key":"newton|colfax"},"geometry":{"type":"Polygon","coordinates":[[[-87.392046,41.035633],[-87.391791,41.057371],[-87.391206,41.086369],[-87.333711,41.086345],[-87.276525,41.086286],[-87.275924,41.071174],[-87.276087,41.01298],[-87.276111,40.998439],[-87.392587,40.999363],[-87.392046,41.035633]]]}},{"type":"Feature","id":"steuben|scott","properties":{"key":"steuben|scott"},"geometry":{"type":"Polygon","coordinates":[[[-84.970618,41.701073],[-84.952579,41.70117],[-84.936929,41.70128],[-84.926988,41.701337],[-84.878705,41.701824],[-84.878264,41.687569],[-84.876977,41.629456],[-84.876366,41.614949],[-84.915281,41.614277],[-84.953929,41.613889],[-84.969927,41.613231],[-84.970032,41.624718],[-84.970084,41.634372],[-84.970372,41.671613],[-84.970618,41.701073]]]}},{"type":"Feature","id":"vigo|linton","properties":{"key":"vigo|linton"},"geometry":{"type":"Polygon","coordinates":[[[-87.460512,39.273852],[-87.460327,39.331936],[-87.460289,39.346818],[-87.402353,39.346889],[-87.388174,39.346877],[-87.360296,39.346862],[-87.350917,39.346861],[-87.351332,39.259195],[-87.364015,39.259083],[-87.381845,39.258981],[-87.387681,39.259216],[-87.407557,39.259058],[-87.44492,39.259322],[-87.460602,39.259316],[-87.460512,39.273852]]]}},{"type":"Feature","id":"clinton|jackson","properties":{"key":"clinton|jackson"},"geometry":{"type":"Polygon","coordinates":[[[-86.580828,40.257243],[-86.571722,40.257202],[-86.562321,40.257177],[-86.510699,40.257182],[-86.467871,40.257118],[-86.432024,40.25734],[-86.431971,40.213628],[-86.431816,40.177001],[-86.46779,40.17704],[-86.57206,40.17767],[-86.581191,40.177701],[-86.580828,40.257243]]]}},{"type":"Feature","id":"clinton|owen","properties":{"key":"clinton|owen"},"geometry":{"type":"Polygon","coordinates":[[[-86.563434,40.416902],[-86.563464,40.431443],[-86.525074,40.431259],[-86.468498,40.430965],[-86.468527,40.401979],[-86.468423,40.359128],[-86.487248,40.35844],[-86.562136,40.358681],[-86.56188,40.387823],[-86.563434,40.416902]]]}},{"type":"Feature","id":"morgan|ashland","properties":{"key":"morgan|ashland"},"geometry":{"type":"Polygon","coordinates":[[[-86.687574,39.513887],[-86.670139,39.513998],[-86.624983,39.513995],[-86.575574,39.514088],[-86.57488,39.500094],[-86.563763,39.498789],[-86.54035,39.498769],[-86.540098,39.491898],[-86.540095,39.44016],[-86.54475,39.440204],[-86.575575,39.440761],[-86.63191,39.441086],[-86.632206,39.470214],[-86.68571,39.470063],[-86.687044,39.484712],[-86.687466,39.496288],[-86.687574,39.513887]]]}},{"type":"Feature","id":"owen|jennings","properties":{"key":"owen|jennings"},"geometry":{"type":"Polygon","coordinates":[[[-86.860371,39.428619],[-86.85139,39.428579],[-86.851039,39.463485],[-86.850949,39.472322],[-86.841243,39.47206],[-86.814828,39.471947],[-86.784131,39.471627],[-86.781127,39.427798],[-86.779728,39.398855],[-86.804234,39.398672],[-86.832702,39.39907],[-86.860802,39.399478],[-86.860371,39.428619]]]}},{"type":"Feature","id":"owen|morgan","properties":{"key":"owen|morgan"},"geometry":{"type":"Polygon","coordinates":[[[-86.942473,39.342043],[-86.942199,39.371017],[-86.942293,39.399912],[-86.924729,39.40013],[-86.913947,39.399949],[-86.860802,39.399478],[-86.832702,39.39907],[-86.833027,39.364355],[-86.833494,39.34109],[-86.833373,39.325712],[-86.845027,39.326061],[-86.896583,39.326262],[-86.942606,39.326914],[-86.942473,39.342043]]]}},{"type":"Feature","id":"starke|california","properties":{"key":"starke|california"},"geometry":{"type":"Polygon","coordinates":[[[-86.698352,41.215536],[-86.698363,41.259093],[-86.678927,41.25905],[-86.639846,41.259097],[-86.621162,41.25908],[-86.582198,41.259053],[-86.582166,41.248284],[-86.582291,41.240798],[-86.582308,41.230054],[-86.582534,41.207912],[-86.582738,41.186522],[-86.58285,41.171962],[-86.602208,41.171984],[-86.659778,41.172068],[-86.674328,41.172093],[-86.698505,41.172166],[-86.698352,41.215536]]]}},{"type":"Feature","id":"starke|oregon","properties":{"key":"starke|oregon"},"geometry":{"type":"Polygon","coordinates":[[[-86.582321,41.360529],[-86.582268,41.37119],[-86.582253,41.388106],[-86.582297,41.432741],[-86.524711,41.432886],[-86.495603,41.43289],[-86.490753,41.43291],[-86.466603,41.432968],[-86.466488,41.417264],[-86.46633,41.410621],[-86.46635,41.403909],[-86.46629,41.374817],[-86.466282,41.364811],[-86.466334,41.345771],[-86.543491,41.345988],[-86.582325,41.345994],[-86.582321,41.360529]]]}},{"type":"Feature","id":"shelby|noble","properties":{"key":"shelby|noble"},"geometry":{"type":"Polygon","coordinates":[[[-85.74193,39.368557],[-85.740939,39.43843],[-85.7033,39.438481],[-85.698652,39.438485],[-85.683759,39.438556],[-85.67723,39.438808],[-85.666735,39.43873],[-85.661993,39.438493],[-85.62978,39.438576],[-85.629984,39.433422],[-85.63004,39.427223],[-85.630112,39.416352],[-85.630281,39.379402],[-85.63063,39.350205],[-85.684515,39.350049],[-85.718701,39.350057],[-85.74177,39.350187],[-85.741557,39.367517],[-85.74193,39.368557]]]}},{"type":"Feature","id":"union|brownsville","properties":{"key":"union|brownsville"},"geometry":{"type":"Polygon","coordinates":[[[-85.034575,39.714764],[-85.034408,39.729263],[-84.969106,39.728975],[-84.96182,39.726782],[-84.927723,39.726647],[-84.927381,39.661835],[-84.927429,39.654387],[-84.946135,39.654719],[-84.988631,39.655038],[-84.99997,39.656445],[-85.00481,39.657099],[-85.034957,39.657069],[-85.034575,39.714764]]]}},{"type":"Feature","id":"union|liberty","properties":{"key":"union|liberty"},"geometry":{"type":"Polygon","coordinates":[[[-85.035934,39.613468],[-85.035082,39.635124],[-85.034957,39.657069],[-85.00481,39.657099],[-84.99997,39.656445],[-84.98826,39.656365],[-84.946135,39.654719],[-84.945965,39.646032],[-84.946004,39.638772],[-84.946351,39.616239],[-84.946752,39.595857],[-84.927822,39.595897],[-84.927816,39.584705],[-85.00999,39.582672],[-85.0169,39.583765],[-85.035986,39.583847],[-85.035934,39.613468]]]}},{"type":"Feature","id":"hendricks|brown","properties":{"key":"hendricks|brown"},"geometry":{"type":"Polygon","coordinates":[[[-86.439686,39.864944],[-86.430119,39.865094],[-86.430108,39.870382],[-86.430129,39.879668],[-86.43087,39.92349],[-86.39771,39.923772],[-86.390565,39.923793],[-86.359962,39.923999],[-86.355262,39.924041],[-86.3402,39.92411],[-86.333261,39.924139],[-86.326293,39.924029],[-86.325889,39.882329],[-86.325996,39.874049],[-86.325373,39.866176],[-86.328012,39.859269],[-86.352875,39.858906],[-86.363753,39.858413],[-86.374994,39.858394],[-86.382791,39.857971],[-86.392473,39.857878],[-86.416097,39.857648],[-86.42968,39.857524],[-86.439546,39.857419],[-86.439686,39.864944]]]}},{"type":"Feature","id":"madison|adams","properties":{"key":"madison|adams"},"geometry":{"type":"Polygon","coordinates":[[[-85.673258,40.043903],[-85.650036,40.047268],[-85.643685,40.047338],[-85.636171,40.047424],[-85.576408,40.047839],[-85.576073,40.004646],[-85.576365,39.990103],[-85.576361,39.969818],[-85.576354,39.946677],[-85.673123,39.94554],[-85.673149,39.974716],[-85.673017,40.003985],[-85.673176,40.022796],[-85.673309,40.033004],[-85.673258,40.043903]]]}},{"type":"Feature","id":"madison|stonycreek","properties":{"key":"madison|stonycreek"},"geometry":{"type":"Polygon","coordinates":[[[-85.863278,40.103861],[-85.786588,40.104535],[-85.782163,40.104721],[-85.748921,40.105075],[-85.749014,40.075843],[-85.749073,40.04786],[-85.787004,40.046168],[-85.786968,40.031737],[-85.814778,40.031591],[-85.862396,40.031556],[-85.862856,40.045291],[-85.862976,40.059946],[-85.863005,40.065045],[-85.863056,40.069083],[-85.863052,40.074565],[-85.863278,40.103861]]]}},{"type":"Feature","id":"huntington|jackson","properties":{"key":"huntington|jackson"},"geometry":{"type":"Polygon","coordinates":[[[-85.452146,41.005232],[-85.413157,41.005236],[-85.335643,41.00525],[-85.335703,40.960457],[-85.335667,40.946377],[-85.335962,40.931496],[-85.33603,40.917082],[-85.395533,40.917016],[-85.451515,40.917705],[-85.451807,40.960886],[-85.452146,41.005232]]]}},{"type":"Feature","id":"wabash|waltz","properties":{"key":"wabash|waltz"},"geometry":{"type":"Polygon","coordinates":[[[-85.941094,40.737269],[-85.794064,40.738809],[-85.789988,40.738854],[-85.789885,40.73399],[-85.789687,40.724275],[-85.789058,40.69525],[-85.788524,40.652238],[-85.836318,40.651925],[-85.857147,40.651364],[-85.86214,40.651723],[-85.92047,40.651142],[-85.939525,40.650991],[-85.940066,40.686384],[-85.940809,40.720714],[-85.941094,40.737269]]]}},{"type":"Feature","id":"wells|jefferson","properties":{"key":"wells|jefferson"},"geometry":{"type":"Polygon","coordinates":[[[-85.223389,40.916985],[-85.109723,40.917331],[-85.073861,40.917823],[-85.072314,40.831544],[-85.094536,40.830456],[-85.099694,40.830359],[-85.114662,40.830206],[-85.137499,40.830158],[-85.212229,40.82989],[-85.222661,40.830078],[-85.223018,40.859232],[-85.223311,40.895605],[-85.223389,40.916985]]]}},{"type":"Feature","id":"wells|liberty","properties":{"key":"wells|liberty"},"geometry":{"type":"Polygon","coordinates":[[[-85.335035,40.742031],[-85.22267,40.742606],[-85.221694,40.683795],[-85.221326,40.662454],[-85.221317,40.654611],[-85.225648,40.654592],[-85.334667,40.654413],[-85.334822,40.68346],[-85.3349,40.712699],[-85.335035,40.742031]]]}},{"type":"Feature","id":"dekalb|concord","properties":{"key":"dekalb|concord"},"geometry":{"type":"Polygon","coordinates":[[[-84.965161,41.354562],[-84.946012,41.355003],[-84.872496,41.356598],[-84.84971,41.357073],[-84.848615,41.313576],[-84.8641,41.313142],[-84.882931,41.312718],[-84.891506,41.312503],[-84.900079,41.312459],[-84.911065,41.312345],[-84.924279,41.312163],[-84.944888,41.311522],[-84.963911,41.311218],[-84.965161,41.354562]]]}},{"type":"Feature","id":"miami|union","properties":{"key":"miami|union"},"geometry":{"type":"Polygon","coordinates":[[[-86.169144,40.931329],[-86.130419,40.931387],[-86.113867,40.931867],[-86.075912,40.932718],[-86.075862,40.925652],[-86.075715,40.911096],[-86.075303,40.895143],[-86.074867,40.880573],[-86.074688,40.873499],[-86.086988,40.873343],[-86.087123,40.86624],[-86.129357,40.86563],[-86.167661,40.866004],[-86.16851,40.909447],[-86.169144,40.931329]]]}},{"type":"Feature","id":"montgomery|clark","properties":{"key":"montgomery|clark"},"geometry":{"type":"Polygon","coordinates":[[[-86.808875,39.913236],[-86.808699,39.952375],[-86.785497,39.95225],[-86.733488,39.95225],[-86.695202,39.952354],[-86.695155,39.937429],[-86.695071,39.92277],[-86.695127,39.864845],[-86.789249,39.86511],[-86.801275,39.865127],[-86.809038,39.865224],[-86.808875,39.913236]]]}},{"type":"Feature","id":"montgomery|walnut","properties":{"key":"montgomery|walnut"},"geometry":{"type":"Polygon","coordinates":[[[-86.809695,40.039919],[-86.805587,40.039736],[-86.790317,40.039627],[-86.780792,40.03976],[-86.776097,40.039612],[-86.695821,40.039949],[-86.695781,40.010581],[-86.695358,40.000003],[-86.695574,39.995856],[-86.69537,39.98615],[-86.695202,39.952354],[-86.733488,39.95225],[-86.785497,39.95225],[-86.808699,39.952375],[-86.809084,40.002942],[-86.809434,40.024853],[-86.809695,40.039919]]]}},{"type":"Feature","id":"morgan|baker","properties":{"key":"morgan|baker"},"geometry":{"type":"Polygon","coordinates":[[[-86.630818,39.346948],[-86.626015,39.350769],[-86.619108,39.352449],[-86.614518,39.353615],[-86.610095,39.355529],[-86.60419,39.357164],[-86.599993,39.358301],[-86.598991,39.362523],[-86.594729,39.365264],[-86.590706,39.363679],[-86.586443,39.367293],[-86.582159,39.368292],[-86.575394,39.36895],[-86.569625,39.372071],[-86.561415,39.373238],[-86.554414,39.372363],[-86.547378,39.372024],[-86.542874,39.375525],[-86.538855,39.376479],[-86.533679,39.376016],[-86.535162,39.380855],[-86.535312,39.385916],[-86.529138,39.384779],[-86.521285,39.382138],[-86.511964,39.379448],[-86.507484,39.379144],[-86.499995,39.379427],[-86.498355,39.384476],[-86.492932,39.386378],[-86.492824,39.375014],[-86.492904,39.338643],[-86.509058,39.338726],[-86.57428,39.339681],[-86.607185,39.340134],[-86.630844,39.340755],[-86.630818,39.346948]]]}},{"type":"Feature","id":"putnam|jackson","properties":{"key":"putnam|jackson"},"geometry":{"type":"Polygon","coordinates":[[[-86.793213,39.865153],[-86.695127,39.864845],[-86.686843,39.864842],[-86.686653,39.827315],[-86.686812,39.819676],[-86.686814,39.776111],[-86.719746,39.776232],[-86.724764,39.77626],[-86.776453,39.776541],[-86.783186,39.776542],[-86.793165,39.776655],[-86.793044,39.837995],[-86.792993,39.848134],[-86.792941,39.858438],[-86.793213,39.865153]]]}},{"type":"Feature","id":"putnam|warren","properties":{"key":"putnam|warren"},"geometry":{"type":"Polygon","coordinates":[[[-86.903045,39.56248],[-86.903009,39.575328],[-86.902557,39.603241],[-86.859112,39.602786],[-86.797067,39.602065],[-86.794779,39.590993],[-86.795061,39.529605],[-86.799535,39.52941],[-86.81051,39.529445],[-86.821112,39.529557],[-86.851144,39.529888],[-86.903334,39.530376],[-86.903045,39.56248]]]}},{"type":"Feature","id":"tipton|madison","properties":{"key":"tipton|madison"},"geometry":{"type":"Polygon","coordinates":[[[-85.966588,40.261749],[-85.966466,40.283387],[-85.966542,40.287765],[-85.966239,40.333988],[-85.932814,40.334344],[-85.861588,40.334744],[-85.861263,40.305696],[-85.860391,40.291455],[-85.860619,40.281766],[-85.860725,40.276947],[-85.860925,40.262445],[-85.86116,40.22531],[-85.861903,40.218936],[-85.96643,40.218278],[-85.966227,40.247209],[-85.966588,40.261749]]]}},{"type":"Feature","id":"dekalb|stafford","properties":{"key":"dekalb|stafford"},"geometry":{"type":"Polygon","coordinates":[[[-84.851853,41.444137],[-84.8040728882055,41.4447887526322],[-84.804024,41.436852],[-84.804063,41.426051],[-84.803916,41.411529],[-84.803977,41.404609],[-84.803917,41.375308],[-84.804004,41.365743],[-84.8039691450755,41.3577561215595],[-84.84971,41.357073],[-84.850941,41.407852],[-84.851749,41.439183],[-84.851853,41.444137]]]}},{"type":"Feature","id":"huntington|rockcreek","properties":{"key":"huntington|rockcreek"},"geometry":{"type":"Polygon","coordinates":[[[-85.450788,40.83005],[-85.413167,40.83014],[-85.373885,40.830393],[-85.357876,40.830475],[-85.34589,40.830535],[-85.335463,40.830652],[-85.335507,40.821657],[-85.335413,40.800681],[-85.335035,40.742031],[-85.430707,40.741931],[-85.44978,40.742],[-85.450155,40.757227],[-85.450934,40.814672],[-85.450788,40.83005]]]}},{"type":"Feature","id":"huntington|wayne","properties":{"key":"huntington|wayne"},"geometry":{"type":"Polygon","coordinates":[[[-85.639902,40.740506],[-85.564176,40.741464],[-85.563153,40.736983],[-85.562294,40.653193],[-85.622746,40.653192],[-85.638587,40.653129],[-85.639562,40.696651],[-85.640082,40.740502],[-85.639902,40.740506]]]}},{"type":"Feature","id":"boone|clinton","properties":{"key":"boone|clinton"},"geometry":{"type":"Polygon","coordinates":[[[-86.467849,40.14582],[-86.467897,40.165309],[-86.46779,40.17704],[-86.431816,40.177001],[-86.366019,40.177825],[-86.356454,40.178109],[-86.3566,40.12712],[-86.35638,40.09833],[-86.37542,40.09769],[-86.455088,40.097482],[-86.468211,40.097448],[-86.467849,40.14582]]]}},{"type":"Feature","id":"boone|sugarcreek","properties":{"key":"boone|sugarcreek"},"geometry":{"type":"Polygon","coordinates":[[[-86.695804,40.178657],[-86.6762,40.179],[-86.618788,40.178476],[-86.581191,40.177701],[-86.580936,40.163129],[-86.580928,40.125039],[-86.581424,40.119541],[-86.58155,40.09783],[-86.61947,40.09812],[-86.66688,40.09836],[-86.69571,40.0984],[-86.695701,40.143527],[-86.695804,40.178657]]]}},{"type":"Feature","id":"grant|jefferson","properties":{"key":"grant|jefferson"},"geometry":{"type":"Polygon","coordinates":[[[-85.558251,40.45709],[-85.557814,40.476305],[-85.557796,40.480545],[-85.550108,40.480474],[-85.542001,40.480505],[-85.504042,40.480411],[-85.485541,40.480222],[-85.481296,40.480184],[-85.475213,40.480194],[-85.464134,40.480115],[-85.445829,40.479302],[-85.445569,40.465809],[-85.444811,40.421895],[-85.44433,40.37914],[-85.463052,40.379425],[-85.477896,40.379008],[-85.482869,40.378848],[-85.551129,40.378758],[-85.559415,40.379024],[-85.558251,40.45709]]]}},{"type":"Feature","id":"hamilton|jackson","properties":{"key":"hamilton|jackson"},"geometry":{"type":"Polygon","coordinates":[[[-86.128104,40.160247],[-86.128228,40.217207],[-86.069032,40.217633],[-86.034925,40.217856],[-86.02245,40.217958],[-86.013136,40.21804],[-85.996076,40.218152],[-85.99582,40.176182],[-85.995944,40.147022],[-85.995977,40.132646],[-85.994496,40.128625],[-85.995013,40.101735],[-86.013844,40.102134],[-86.028211,40.101796],[-86.033193,40.101672],[-86.037263,40.101696],[-86.047214,40.101717],[-86.061729,40.101622],[-86.075391,40.101433],[-86.090319,40.101269],[-86.126801,40.101584],[-86.128254,40.131148],[-86.128104,40.160247]]]}},{"type":"Feature","id":"miami|allen","properties":{"key":"miami|allen"},"geometry":{"type":"Polygon","coordinates":[[[-86.168971,40.938563],[-86.168459,40.996097],[-86.149164,40.996082],[-86.13002,40.996081],[-86.096073,40.996905],[-86.0895,40.996847],[-86.076505,40.997284],[-86.075912,40.932718],[-86.113867,40.931867],[-86.130419,40.931387],[-86.167242,40.931208],[-86.168971,40.938563]]]}},{"type":"Feature","id":"miami|jackson","properties":{"key":"miami|jackson"},"geometry":{"type":"Polygon","coordinates":[[[-85.939525,40.650991],[-85.92047,40.651142],[-85.864791,40.651693],[-85.863811,40.581002],[-85.863762,40.574649],[-85.863641,40.565525],[-85.877862,40.565362],[-85.919789,40.564967],[-85.938785,40.564799],[-85.939525,40.650991]]]}},{"type":"Feature","id":"carroll|clay","properties":{"key":"carroll|clay"},"geometry":{"type":"Polygon","coordinates":[[[-86.694896,40.482036],[-86.625011,40.48197],[-86.619609,40.482107],[-86.594513,40.482072],[-86.581542,40.48219],[-86.581475,40.478123],[-86.580932,40.431494],[-86.60603,40.431485],[-86.694665,40.432156],[-86.694769,40.468045],[-86.694822,40.475079],[-86.694896,40.482036]]]}},{"type":"Feature","id":"whitley|etnatroy","properties":{"key":"whitley|etnatroy"},"geometry":{"type":"Polygon","coordinates":[[[-85.651909,41.214128],[-85.651196,41.265773],[-85.651733,41.28759],[-85.651928,41.294776],[-85.57796,41.295352],[-85.536288,41.295241],[-85.536757,41.280954],[-85.53718,41.266157],[-85.538142,41.257062],[-85.53921,41.206511],[-85.5577,41.206652],[-85.596587,41.206551],[-85.606109,41.206977],[-85.625157,41.207236],[-85.652068,41.207503],[-85.651909,41.214128]]]}},{"type":"Feature","id":"allen|aboite","properties":{"key":"allen|aboite"},"geometry":{"type":"Polygon","coordinates":[[[-85.337024,41.089723],[-85.307117,41.089592],[-85.274922,41.089371],[-85.226748,41.088904],[-85.226676,41.081743],[-85.226573,41.074457],[-85.226587,41.059814],[-85.226774,41.054725],[-85.231464,41.050326],[-85.233056,41.045223],[-85.228336,41.043527],[-85.227739,41.03013],[-85.226745,41.016308],[-85.236685,41.016264],[-85.236417,41.008855],[-85.245317,41.008406],[-85.259931,41.006103],[-85.283888,41.001832],[-85.302949,41.00138],[-85.335661,41.001594],[-85.336097,41.033839],[-85.336237,41.044669],[-85.336527,41.059068],[-85.336781,41.075025],[-85.337024,41.089723]]]}},{"type":"Feature","id":"allen|cedarcreek","properties":{"key":"allen|cedarcreek"},"geometry":{"type":"Polygon","coordinates":[[[-85.077804,41.265601],[-85.05859,41.265897],[-85.020147,41.26653],[-84.962623,41.267678],[-84.961899,41.25064],[-84.961007,41.224069],[-84.960756,41.215456],[-84.960581,41.209651],[-84.960329,41.202497],[-84.960065,41.195119],[-84.959531,41.181922],[-84.976168,41.181672],[-85.006867,41.181165],[-85.0559,41.180144],[-85.061139,41.180283],[-85.066366,41.179799],[-85.075532,41.17978],[-85.076132,41.200204],[-85.076908,41.224853],[-85.077221,41.236619],[-85.077804,41.265601]]]}},{"type":"Feature","id":"allen|madison","properties":{"key":"allen|madison"},"geometry":{"type":"Polygon","coordinates":[[[-84.999888,41.005347],[-84.969747,41.00595],[-84.964486,41.006257],[-84.959463,41.006553],[-84.951999,41.006772],[-84.882586,41.00792],[-84.882012,40.98064],[-84.882045,40.97518],[-84.881895,40.964256],[-84.881017,40.920649],[-84.900061,40.920397],[-84.958239,40.919672],[-84.987903,40.919123],[-84.997432,40.918764],[-84.99782,40.940692],[-84.998362,40.962553],[-84.998699,40.977087],[-84.999888,41.005347]]]}},{"type":"Feature","id":"adams|hartford","properties":{"key":"adams|hartford"},"geometry":{"type":"Polygon","coordinates":[[[-85.06943,40.655525],[-84.994295,40.656628],[-84.993217,40.605804],[-84.99214,40.569589],[-84.999966,40.56949],[-85.006945,40.56909],[-85.059095,40.568369],[-85.068479,40.56824],[-85.070385,40.655519],[-85.06943,40.655525]]]}},{"type":"Feature","id":"cass|deercreek","properties":{"key":"cass|deercreek"},"geometry":{"type":"Polygon","coordinates":[[[-86.373993,40.59274],[-86.373994,40.597733],[-86.373961,40.604984],[-86.37358,40.648799],[-86.33544,40.649094],[-86.316404,40.649177],[-86.297556,40.649253],[-86.278255,40.64933],[-86.259019,40.649293],[-86.260264,40.600725],[-86.260535,40.592195],[-86.261248,40.561882],[-86.280144,40.561765],[-86.346732,40.561331],[-86.374417,40.561361],[-86.373993,40.59274]]]}},{"type":"Feature","id":"cass|jackson","properties":{"key":"cass|jackson"},"geometry":{"type":"Polygon","coordinates":[[[-86.260535,40.592195],[-86.260264,40.600725],[-86.259019,40.649293],[-86.233755,40.649276],[-86.165866,40.649637],[-86.165842,40.64256],[-86.165444,40.634207],[-86.165266,40.605145],[-86.165233,40.584404],[-86.165024,40.562649],[-86.184044,40.562459],[-86.202977,40.562356],[-86.222071,40.562172],[-86.242278,40.561961],[-86.261248,40.561882],[-86.260535,40.592195]]]}},{"type":"Feature","id":"laporte|hanna","properties":{"key":"laporte|hanna"},"geometry":{"type":"Polygon","coordinates":[[[-86.81386,41.432776],[-86.73645,41.433019],[-86.697648,41.432939],[-86.642542,41.432639],[-86.671152,41.413776],[-86.681092,41.411988],[-86.696667,41.404532],[-86.701418,41.400431],[-86.705352,41.392486],[-86.707239,41.382706],[-86.711754,41.375345],[-86.750196,41.375388],[-86.814607,41.375479],[-86.81386,41.432776]]]}},{"type":"Feature","id":"laporte|lincoln","properties":{"key":"laporte|lincoln"},"geometry":{"type":"Polygon","coordinates":[[[-86.582519,41.556313],[-86.58228,41.592612],[-86.581684,41.607187],[-86.515406,41.607015],[-86.506883,41.606884],[-86.500054,41.607397],[-86.486606,41.607017],[-86.486546,41.59954],[-86.486478,41.588716],[-86.486433,41.570545],[-86.495121,41.563424],[-86.498382,41.548416],[-86.49814,41.531409],[-86.500286,41.52101],[-86.521149,41.51991],[-86.573781,41.520003],[-86.581917,41.51986],[-86.581899,41.534512],[-86.582749,41.548476],[-86.582519,41.556313]]]}},{"type":"Feature","id":"laporte|union","properties":{"key":"laporte|union"},"geometry":{"type":"Polygon","coordinates":[[[-86.720082,41.498002],[-86.691314,41.498172],[-86.649919,41.498019],[-86.649761,41.49074],[-86.630465,41.490831],[-86.582029,41.490586],[-86.582297,41.432741],[-86.642542,41.432639],[-86.697648,41.432939],[-86.698436,41.447421],[-86.708023,41.447441],[-86.708386,41.456804],[-86.708893,41.461992],[-86.709979,41.483722],[-86.719473,41.483662],[-86.720082,41.498002]]]}},{"type":"Feature","id":"delaware|harrison","properties":{"key":"delaware|harrison"},"geometry":{"type":"Polygon","coordinates":[[[-85.577018,40.306381],[-85.51487,40.306461],[-85.501476,40.306401],[-85.481718,40.306458],[-85.443479,40.306302],[-85.443296,40.289063],[-85.443027,40.262653],[-85.442797,40.235931],[-85.442719,40.222868],[-85.44739,40.219081],[-85.452289,40.219087],[-85.456682,40.219004],[-85.461714,40.219108],[-85.466498,40.219334],[-85.471016,40.219337],[-85.49996,40.219161],[-85.518974,40.218984],[-85.53653,40.219129],[-85.552883,40.218425],[-85.575623,40.21892],[-85.575869,40.248176],[-85.576388,40.255816],[-85.576513,40.27724],[-85.576696,40.291737],[-85.577018,40.306381]]]}},{"type":"Feature","id":"hancock|center","properties":{"key":"hancock|center"},"geometry":{"type":"Polygon","coordinates":[[[-85.841192,39.871004],[-85.80523,39.87159],[-85.790908,39.871739],[-85.770286,39.871945],[-85.709693,39.872425],[-85.708357,39.825504],[-85.708389,39.81474],[-85.707876,39.785543],[-85.726798,39.785296],[-85.72636,39.757282],[-85.743334,39.757226],[-85.752226,39.757238],[-85.764399,39.757377],[-85.778438,39.757441],[-85.839084,39.757128],[-85.83962,39.77979],[-85.839873,39.784022],[-85.840072,39.798554],[-85.840351,39.82019],[-85.840922,39.856805],[-85.841192,39.871004]]]}},{"type":"Feature","id":"parke|washington","properties":{"key":"parke|washington"},"geometry":{"type":"Polygon","coordinates":[[[-87.236143,39.824926],[-87.235754,39.85744],[-87.235707,39.868145],[-87.20477,39.868006],[-87.167055,39.867963],[-87.162711,39.867784],[-87.121723,39.867467],[-87.12218,39.781019],[-87.170419,39.781556],[-87.175725,39.781441],[-87.183639,39.781531],[-87.199181,39.781748],[-87.212918,39.781716],[-87.236039,39.782201],[-87.235985,39.794527],[-87.236143,39.824926]]]}},{"type":"Feature","id":"hancock|jackson","properties":{"key":"hancock|jackson"},"geometry":{"type":"Polygon","coordinates":[[[-85.709693,39.872425],[-85.691138,39.87261],[-85.685929,39.872507],[-85.641326,39.87279],[-85.624386,39.872969],[-85.596678,39.872926],[-85.596697,39.866425],[-85.59688,39.791901],[-85.596916,39.786519],[-85.601524,39.786549],[-85.620505,39.786338],[-85.633491,39.786177],[-85.688906,39.785695],[-85.707876,39.785543],[-85.708389,39.81474],[-85.708591,39.824749],[-85.709693,39.872425]]]}},{"type":"Feature","id":"miami|clay","properties":{"key":"miami|clay"},"geometry":{"type":"Polygon","coordinates":[[[-86.090394,40.65015],[-86.022445,40.650342],[-86.014154,40.650369],[-86.013769,40.607636],[-86.013325,40.564128],[-86.089352,40.563405],[-86.089903,40.610692],[-86.089771,40.621421],[-86.090394,40.65015]]]}},{"type":"Feature","id":"knox|widner","properties":{"key":"knox|widner"},"geometry":{"type":"Polygon","coordinates":[[[-87.425557,38.902022],[-87.392367,38.901828],[-87.375017,38.90175],[-87.354295,38.901639],[-87.337011,38.901794],[-87.314118,38.901732],[-87.278348,38.901662],[-87.278266,38.855613],[-87.278494,38.815497],[-87.287034,38.815481],[-87.314662,38.81536],[-87.381451,38.81528],[-87.415627,38.815212],[-87.410308,38.820364],[-87.401071,38.824904],[-87.400035,38.833071],[-87.401534,38.838893],[-87.397826,38.843391],[-87.401255,38.849347],[-87.400707,38.854073],[-87.40033,38.867672],[-87.408738,38.874953],[-87.420501,38.892559],[-87.423586,38.898327],[-87.425557,38.902022]]]}},{"type":"Feature","id":"greene|smith","properties":{"key":"greene|smith"},"geometry":{"type":"Polygon","coordinates":[[[-87.129025,39.140294],[-87.128932,39.168989],[-87.073506,39.168314],[-87.068341,39.167965],[-87.063175,39.167993],[-87.054578,39.168086],[-87.0359,39.168131],[-87.036006,39.154872],[-87.035221,39.082067],[-87.053441,39.082095],[-87.091213,39.082076],[-87.129126,39.082078],[-87.129025,39.140294]]]}},{"type":"Feature","id":"daviess|bogard","properties":{"key":"daviess|bogard"},"geometry":{"type":"Polygon","coordinates":[[[-87.130146,38.818324],[-87.0789,38.816811],[-87.018691,38.814955],[-87.018477,38.771023],[-87.018336,38.727298],[-87.082954,38.727772],[-87.092531,38.727954],[-87.12923,38.728775],[-87.129509,38.740791],[-87.129664,38.771676],[-87.129758,38.786657],[-87.130146,38.818324]]]}},{"type":"Feature","id":"putnam|madison","properties":{"key":"putnam|madison"},"geometry":{"type":"Polygon","coordinates":[[[-87.013041,39.606742],[-87.011945,39.691855],[-87.005568,39.691701],[-86.913839,39.690507],[-86.901354,39.690369],[-86.901672,39.669091],[-86.902033,39.646312],[-86.90235,39.641272],[-86.902429,39.615799],[-86.902557,39.603241],[-86.938869,39.603811],[-87.013062,39.604787],[-87.013041,39.606742]]]}},{"type":"Feature","id":"daviess|reeve","properties":{"key":"daviess|reeve"},"geometry":{"type":"Polygon","coordinates":[[[-87.035687,38.575478],[-87.035297,38.582836],[-87.035642,38.593006],[-87.035476,38.611806],[-87.017452,38.612129],[-86.93274,38.61294],[-86.923847,38.61286],[-86.923839,38.598266],[-86.924063,38.533855],[-86.92436,38.526519],[-86.924186,38.505358],[-86.933048,38.505367],[-86.93908,38.501869],[-86.93958,38.496707],[-86.942513,38.492593],[-86.947663,38.490453],[-86.952607,38.490663],[-86.95645,38.49919],[-86.956217,38.503439],[-86.962387,38.504513],[-86.968664,38.504226],[-86.974763,38.501953],[-86.983674,38.504989],[-86.993951,38.513037],[-86.998017,38.511084],[-87.004793,38.508286],[-87.011097,38.512031],[-87.015936,38.509669],[-87.023427,38.507225],[-87.02884,38.508723],[-87.033151,38.51218],[-87.035687,38.575478]]]}},{"type":"Feature","id":"clark|owen","properties":{"key":"clark|owen"},"geometry":{"type":"Polygon","coordinates":[[[-85.585984,38.501281],[-85.558787,38.516316],[-85.55514,38.512185],[-85.54208,38.519567],[-85.486599,38.519946],[-85.46807,38.520104],[-85.469893,38.514564],[-85.4732001408157,38.5053545589621],[-85.479472,38.494533],[-85.481246,38.488374],[-85.4888374940541,38.478036543214],[-85.498866,38.468242],[-85.509396,38.463492],[-85.5156410981695,38.4611158519342],[-85.524787,38.457636],[-85.538207,38.455214],[-85.538357,38.460573],[-85.536818,38.465746],[-85.53646,38.470272],[-85.538317,38.47437],[-85.537518,38.479088],[-85.53303,38.4838],[-85.531539,38.488359],[-85.546069,38.480479],[-85.557326,38.474165],[-85.574589,38.490086],[-85.585984,38.501281]]]}},{"type":"Feature","id":"posey|marrs","properties":{"key":"posey|marrs"},"geometry":{"type":"Polygon","coordinates":[[[-87.815757,37.878854],[-87.814799,37.900853],[-87.814696,37.909367],[-87.813413,37.959283],[-87.813149,37.964792],[-87.812424,37.998548],[-87.811872,38.00872],[-87.794158,38.008533],[-87.753983,38.008054],[-87.698331,38.007467],[-87.698872,37.980656],[-87.699341,37.951318],[-87.69953,37.937371],[-87.699605,37.929285],[-87.700467,37.89889],[-87.710675,37.893898],[-87.723635,37.892058],[-87.7278121481949,37.8930468582587],[-87.7333,37.894346],[-87.738125,37.894698],[-87.7559169486231,37.8918189709557],[-87.762591,37.890739],[-87.781728,37.878815],[-87.786407,37.876556],[-87.795185,37.875273],[-87.807541,37.875234],[-87.8157324055603,37.8756728252979],[-87.815757,37.878854]]]}},{"type":"Feature","id":"benton|gilboa","properties":{"key":"benton|gilboa"},"geometry":{"type":"Polygon","coordinates":[[[-87.211193,40.736671],[-87.172828,40.736714],[-87.09839,40.736541],[-87.097199,40.721534],[-87.09734,40.667908],[-87.0973,40.64955],[-87.210819,40.649619],[-87.211193,40.736671]]]}},{"type":"Feature","id":"spencer|hammond","properties":{"key":"spencer|hammond"},"geometry":{"type":"Polygon","coordinates":[[[-87.01919,38.031761],[-86.905396,38.03013],[-86.906725,37.971804],[-86.9072606023925,37.9433267676648],[-86.917949,37.93724],[-86.925825,37.935109],[-86.933357,37.934939],[-86.944633,37.933534],[-86.964785,37.932384],[-86.9788339203536,37.9302314188525],[-87.003301,37.922395],[-87.012373,37.918708],[-87.018056338731,37.9154630229968],[-87.018065,37.959688],[-87.018012,37.965767],[-87.018081,37.973061],[-87.01802,38.004148],[-87.018081,38.017328],[-87.01811,38.029354],[-87.01919,38.031761]]]}},{"type":"Feature","id":"lagrange|greenfield","properties":{"key":"lagrange|greenfield"},"geometry":{"type":"Polygon","coordinates":[[[-85.36857,41.736411],[-85.368617,41.759063],[-85.3550240461209,41.7599024731682],[-85.350174,41.759908],[-85.330623,41.759982],[-85.318129,41.759983],[-85.30814,41.760097],[-85.298365,41.760028],[-85.2921778813506,41.7599628308601],[-85.273713,41.75977],[-85.232835,41.759839],[-85.1967737374204,41.7597353928585],[-85.196321,41.73657],[-85.196274,41.732076],[-85.195818,41.72731],[-85.195864,41.72207],[-85.195737,41.71484],[-85.195758,41.700248],[-85.241479,41.700097],[-85.310699,41.700088],[-85.351907,41.699971],[-85.356641,41.70001],[-85.368092,41.699733],[-85.368785,41.733264],[-85.36857,41.736411]]]}},{"type":"Feature","id":"jasper|gillam","properties":{"key":"jasper|gillam"},"geometry":{"type":"Polygon","coordinates":[[[-87.007554,41.085662],[-87.007516,41.092886],[-87.007435,41.100083],[-86.997879,41.100058],[-86.997705,41.114287],[-86.988295,41.114259],[-86.988325,41.121679],[-86.988327,41.12891],[-86.968911,41.12897],[-86.930335,41.128875],[-86.930503,41.10003],[-86.930566,41.085512],[-86.93062,41.056306],[-86.930867,40.997915],[-86.930925,40.984583],[-86.930935,40.977276],[-86.969759,40.977221],[-86.988918,40.978093],[-86.988831,40.985499],[-86.988626,40.998065],[-86.998114,40.998063],[-86.99823,41.004807],[-86.998127,41.012763],[-86.998209,41.023749],[-87.007647,41.023648],[-87.007554,41.085662]]]}},{"type":"Feature","id":"owen|jackson","properties":{"key":"owen|jackson"},"geometry":{"type":"Polygon","coordinates":[[[-86.942409,39.429356],[-86.941343,39.443076],[-86.941208,39.447593],[-86.940994,39.455689],[-86.940206,39.464289],[-86.939981,39.473345],[-86.921806,39.473223],[-86.917296,39.472756],[-86.903992,39.472639],[-86.850949,39.472322],[-86.851039,39.463485],[-86.851361,39.431076],[-86.860371,39.428619],[-86.860802,39.399478],[-86.912571,39.400082],[-86.924729,39.40013],[-86.942293,39.399912],[-86.942409,39.429356]]]}},{"type":"Feature","id":"allen|eelriver","properties":{"key":"allen|eelriver"},"geometry":{"type":"Polygon","coordinates":[[[-85.309729,41.219502],[-85.309502,41.235192],[-85.309222,41.251045],[-85.307781,41.264158],[-85.2626,41.263908],[-85.255845,41.263851],[-85.192094,41.264209],[-85.191718,41.250577],[-85.191392,41.235658],[-85.191173,41.227748],[-85.190572,41.206648],[-85.190362,41.19881],[-85.190223,41.191556],[-85.190025,41.177516],[-85.226029,41.177817],[-85.249296,41.17814],[-85.309791,41.178889],[-85.309729,41.219502]]]}},{"type":"Feature","id":"switzerland|craig","properties":{"key":"switzerland|craig"},"geometry":{"type":"Polygon","coordinates":[[[-85.203537,38.796971],[-85.189562,38.797287],[-85.181756,38.797822],[-85.174879,38.797478],[-85.161812,38.797495],[-85.162184,38.805135],[-85.144472,38.805202],[-85.124619,38.804079],[-85.101798,38.802173],[-85.100319,38.759679],[-85.095199,38.760272],[-85.093935,38.753818],[-85.092698,38.749587],[-85.09471,38.744613],[-85.099694,38.742467],[-85.099338,38.733342],[-85.101405,38.726551],[-85.106979,38.72163],[-85.1137729133948,38.7163204331243],[-85.125238,38.708864],[-85.13199,38.702916],[-85.136697,38.700236],[-85.156158,38.692251],[-85.173048,38.688022],[-85.1786343373242,38.6883123119485],[-85.18864,38.687583],[-85.2014516870153,38.6910523612589],[-85.201888,38.703773],[-85.202969,38.770423],[-85.203537,38.796971]]]}},{"type":"Feature","id":"decatur|clay","properties":{"key":"decatur|clay"},"geometry":{"type":"Polygon","coordinates":[[[-85.686015,39.298603],[-85.685847,39.305602],[-85.685678,39.31294],[-85.684515,39.350049],[-85.63063,39.350205],[-85.630281,39.379402],[-85.59108,39.379544],[-85.573568,39.380011],[-85.566139,39.379947],[-85.561119,39.379851],[-85.555294,39.379948],[-85.555342,39.375042],[-85.555243,39.363234],[-85.555554,39.350724],[-85.555052,39.291796],[-85.554348,39.262592],[-85.603675,39.262077],[-85.613113,39.261942],[-85.624854,39.261448],[-85.636254,39.261788],[-85.676613,39.261328],[-85.686659,39.261416],[-85.686015,39.298603]]]}},{"type":"Feature","id":"knox|vigo","properties":{"key":"knox|vigo"},"geometry":{"type":"Polygon","coordinates":[[[-87.315242,38.743334],[-87.315017,38.752758],[-87.315,38.763075],[-87.315028,38.769288],[-87.314902,38.780284],[-87.314765,38.791372],[-87.314852,38.800882],[-87.314474,38.805025],[-87.314662,38.81536],[-87.288136,38.815486],[-87.278494,38.815497],[-87.27862,38.85217],[-87.278348,38.901662],[-87.241067,38.901591],[-87.241027,38.907874],[-87.173579,38.90762],[-87.129882,38.907315],[-87.101308,38.904019],[-87.097066,38.903326],[-87.09137,38.901594],[-87.091647,38.897542],[-87.098395,38.897148],[-87.103733,38.901129],[-87.107601,38.895532],[-87.112723,38.893977],[-87.11711,38.898983],[-87.122473,38.897676],[-87.119136,38.89238],[-87.113966,38.890634],[-87.120942,38.888381],[-87.127199,38.890699],[-87.130584,38.886139],[-87.125659,38.883346],[-87.123573,38.877715],[-87.119961,38.873276],[-87.12411,38.869437],[-87.130561,38.875046],[-87.135836,38.871963],[-87.133004,38.867335],[-87.13152,38.862758],[-87.127444,38.862748],[-87.127726,38.858686],[-87.132282,38.859333],[-87.136441,38.862413],[-87.14128,38.864669],[-87.146601,38.867287],[-87.142259,38.861962],[-87.143213,38.854947],[-87.139521,38.850239],[-87.140637,38.845779],[-87.143803,38.841424],[-87.14932,38.83838],[-87.153932,38.842584],[-87.16159,38.845005],[-87.166384,38.845354],[-87.172466,38.845408],[-87.179946,38.84536],[-87.18527,38.846634],[-87.182437,38.842324],[-87.177693,38.842467],[-87.172962,38.838981],[-87.174231,38.834911],[-87.173359,38.829404],[-87.177921,38.830217],[-87.182146,38.834185],[-87.186849,38.8338],[-87.185886,38.829781],[-87.187475,38.825517],[-87.191551,38.83089],[-87.196981,38.830169],[-87.191972,38.824785],[-87.18954,38.820175],[-87.191633,38.815421],[-87.196816,38.819036],[-87.19794,38.824321],[-87.203667,38.825598],[-87.205338,38.820802],[-87.203048,38.816427],[-87.208159,38.811631],[-87.210482,38.807343],[-87.211712,38.815193],[-87.210995,38.820901],[-87.216054,38.823644],[-87.218623,38.819052],[-87.215272,38.81486],[-87.219869,38.811731],[-87.224463,38.805156],[-87.228538,38.804922],[-87.226391,38.81129],[-87.232032,38.813388],[-87.237171,38.810905],[-87.233968,38.815742],[-87.238937,38.819642],[-87.243352,38.811196],[-87.245915,38.806369],[-87.240888,38.801539],[-87.241708,38.795135],[-87.240221,38.78961],[-87.24046,38.781175],[-87.246662,38.779844],[-87.253185,38.779596],[-87.256931,38.77389],[-87.257788,38.768599],[-87.25285,38.764671],[-87.248126,38.766055],[-87.243153,38.768839],[-87.242542,38.762943],[-87.244601,38.758244],[-87.242959,38.75362],[-87.240652,38.749113],[-87.244803,38.751728],[-87.24622,38.756213],[-87.251154,38.758278],[-87.252456,38.754274],[-87.244819,38.748545],[-87.243017,38.743944],[-87.238551,38.743235],[-87.243505,38.741084],[-87.248949,38.741699],[-87.254483,38.735654],[-87.252802,38.731414],[-87.247796,38.730366],[-87.249995,38.72561],[-87.253892,38.729911],[-87.258356,38.729893],[-87.262829,38.730305],[-87.315117,38.72879],[-87.315163,38.735055],[-87.315242,38.743334]]]}},{"type":"Feature","id":"hamilton|adams","properties":{"key":"hamilton|adams"},"geometry":{"type":"Polygon","coordinates":[[[-86.242743,40.215834],[-86.128228,40.217207],[-86.128104,40.160247],[-86.128254,40.131148],[-86.128098,40.101415],[-86.133172,40.101162],[-86.140011,40.100802],[-86.175205,40.100468],[-86.2036,40.100206],[-86.241722,40.09985],[-86.241902,40.129621],[-86.24197,40.146125],[-86.242179,40.165832],[-86.242365,40.180778],[-86.242743,40.215834]]]}},{"type":"Feature","id":"monroe|richland","properties":{"key":"monroe|richland"},"geometry":{"type":"Polygon","coordinates":[[[-86.684315,39.252588],[-86.659167,39.25239],[-86.653983,39.252373],[-86.64083,39.252257],[-86.624996,39.252429],[-86.620624,39.252099],[-86.59266,39.251817],[-86.573885,39.251688],[-86.573725,39.207674],[-86.573595,39.18797],[-86.573544,39.173378],[-86.573543,39.164567],[-86.582927,39.164652],[-86.588435,39.164688],[-86.610547,39.164909],[-86.620216,39.165043],[-86.629145,39.165049],[-86.683002,39.165746],[-86.683813,39.222123],[-86.684315,39.252588]]]}},{"type":"Feature","id":"parke|howard","properties":{"key":"parke|howard"},"geometry":{"type":"Polygon","coordinates":[[[-87.20472,39.889479],[-87.166903,39.889439],[-87.166516,39.910989],[-87.148912,39.911352],[-87.147991,39.916384],[-87.14834,39.953055],[-87.126051,39.952985],[-87.091006,39.953009],[-87.091051,39.945655],[-87.091173,39.918074],[-87.091328,39.881735],[-87.091542,39.867265],[-87.121723,39.867467],[-87.162711,39.867784],[-87.167055,39.867963],[-87.20477,39.868006],[-87.20472,39.889479]]]}},{"type":"Feature","id":"posey|smith","properties":{"key":"posey|smith"},"geometry":{"type":"Polygon","coordinates":[[[-87.762581,38.180147],[-87.762624,38.201543],[-87.688208,38.201001],[-87.688374,38.168419],[-87.688528,38.162167],[-87.688826,38.130697],[-87.688918,38.12471],[-87.696775,38.124843],[-87.706706,38.124884],[-87.732529,38.125119],[-87.737278,38.125379],[-87.744005,38.125397],[-87.750011,38.125175],[-87.762786,38.125339],[-87.762581,38.180147]]]}},{"type":"Feature","id":"clinton|michigan","properties":{"key":"clinton|michigan"},"geometry":{"type":"Polygon","coordinates":[[[-86.468423,40.359128],[-86.412007,40.359223],[-86.361292,40.359119],[-86.35625,40.360484],[-86.356181,40.344651],[-86.356325,40.337397],[-86.355977,40.315826],[-86.356175,40.272396],[-86.356164,40.25797],[-86.365466,40.257924],[-86.432024,40.25734],[-86.432018,40.264418],[-86.431992,40.300899],[-86.459435,40.300764],[-86.468214,40.300668],[-86.468001,40.311933],[-86.468293,40.324085],[-86.468418,40.358369],[-86.468423,40.359128]]]}},{"type":"Feature","id":"marshall|bourbon","properties":{"key":"marshall|bourbon"},"geometry":{"type":"Polygon","coordinates":[[[-86.193923,41.376704],[-86.155139,41.376047],[-86.058555,41.37564],[-86.058348,41.346682],[-86.057501,41.314295],[-86.056734,41.281635],[-86.056574,41.27518],[-86.075691,41.27418],[-86.115976,41.27384],[-86.135177,41.27365],[-86.154372,41.273847],[-86.16073,41.273903],[-86.192586,41.274136],[-86.193167,41.313425],[-86.193923,41.376704]]]}},{"type":"Feature","id":"stjoseph|union","properties":{"key":"stjoseph|union"},"geometry":{"type":"Polygon","coordinates":[[[-86.331469,41.56383],[-86.312837,41.56402],[-86.292041,41.564472],[-86.215172,41.564452],[-86.215055,41.557177],[-86.20544,41.557307],[-86.205369,41.550033],[-86.19934,41.550082],[-86.195629,41.542907],[-86.185593,41.542665],[-86.185545,41.521005],[-86.18516,41.486203],[-86.185038,41.478813],[-86.233567,41.478858],[-86.273449,41.478694],[-86.281681,41.478694],[-86.286333,41.478704],[-86.291152,41.477229],[-86.306334,41.477072],[-86.329838,41.478099],[-86.331469,41.56383]]]}},{"type":"Feature","id":"warren|liberty","properties":{"key":"warren|liberty"},"geometry":{"type":"Polygon","coordinates":[[[-87.401321,40.389429],[-87.377325,40.389462],[-87.363634,40.389447],[-87.26305,40.389015],[-87.262484,40.313424],[-87.262676,40.304074],[-87.286337,40.301939],[-87.306467,40.301933],[-87.382015,40.301779],[-87.386518,40.301739],[-87.39683,40.301739],[-87.400859,40.316269],[-87.40115,40.35633],[-87.401321,40.389429]]]}},{"type":"Feature","id":"grant|green","properties":{"key":"grant|green"},"geometry":{"type":"Polygon","coordinates":[[[-85.863047,40.478728],[-85.787045,40.479498],[-85.786834,40.465008],[-85.786191,40.378923],[-85.862296,40.378367],[-85.862117,40.406889],[-85.862804,40.464751],[-85.863047,40.478728]]]}},{"type":"Feature","id":"white|westpoint","properties":{"key":"white|westpoint"},"geometry":{"type":"Polygon","coordinates":[[[-87.097761,40.666737],[-87.097199,40.721534],[-87.096819,40.73649],[-87.04124,40.7361],[-86.92875,40.73608],[-86.92804,40.72091],[-86.927,40.66285],[-86.92685,40.6483],[-86.98415,40.64857],[-87.01724,40.64879],[-87.0973,40.64955],[-87.097412,40.664114],[-87.097761,40.666737]]]}},{"type":"Feature","id":"tippecanoe|union","properties":{"key":"tippecanoe|union"},"geometry":{"type":"Polygon","coordinates":[[[-86.999508,40.387789],[-86.999178,40.401842],[-86.999467,40.406995],[-86.994843,40.406051],[-86.99057,40.403971],[-86.986378,40.402579],[-86.978634,40.402435],[-86.971258,40.403267],[-86.964378,40.404355],[-86.957546,40.403075],[-86.952154,40.399603],[-86.94737,40.395059],[-86.943241,40.394115],[-86.937945,40.394003],[-86.932681,40.394899],[-86.923993,40.398483],[-86.924099,40.387793],[-86.923709,40.374322],[-86.923518,40.365732],[-86.923502,40.345057],[-86.923544,40.326842],[-86.923298,40.301333],[-86.960878,40.301204],[-86.999238,40.301213],[-86.999508,40.387789]]]}},{"type":"Feature","id":"white|roundgrove","properties":{"key":"white|roundgrove"},"geometry":{"type":"Polygon","coordinates":[[[-87.0973,40.64955],[-87.019388,40.648726],[-86.98415,40.64857],[-86.98387,40.63461],[-86.981549,40.561989],[-86.9916,40.562133],[-87.001196,40.562206],[-87.095357,40.562895],[-87.0973,40.64955]]]}},{"type":"Feature","id":"kosciusko|tippecanoe","properties":{"key":"kosciusko|tippecanoe"},"geometry":{"type":"Polygon","coordinates":[[[-85.767596,41.349552],[-85.749381,41.349895],[-85.709184,41.350487],[-85.701228,41.350609],[-85.691193,41.350422],[-85.684946,41.350676],[-85.653227,41.351195],[-85.653089,41.345593],[-85.652108,41.302001],[-85.651928,41.294776],[-85.651733,41.28759],[-85.651196,41.265773],[-85.664189,41.26555],[-85.669936,41.265681],[-85.699401,41.265028],[-85.718796,41.264699],[-85.765706,41.264012],[-85.766083,41.289386],[-85.766373,41.300314],[-85.766948,41.326464],[-85.767444,41.3438],[-85.767577,41.349217],[-85.767596,41.349552]]]}},{"type":"Feature","id":"dubois|hall","properties":{"key":"dubois|hall"},"geometry":{"type":"Polygon","coordinates":[[[-86.79335,38.438123],[-86.750272,38.438184],[-86.744443,38.438432],[-86.703181,38.438343],[-86.693259,38.438833],[-86.681791,38.439256],[-86.681424,38.394767],[-86.681223,38.374532],[-86.680908,38.35096],[-86.713848,38.350586],[-86.728354,38.350666],[-86.739509,38.350662],[-86.749732,38.350794],[-86.759891,38.350963],[-86.774805,38.350774],[-86.792786,38.351119],[-86.793087,38.366889],[-86.792805,38.374073],[-86.793444,38.432851],[-86.79335,38.438123]]]}},{"type":"Feature","id":"jay|richland","properties":{"key":"jay|richland"},"geometry":{"type":"Polygon","coordinates":[[[-85.219901,40.379034],[-85.212353,40.379193],[-85.206831,40.379182],[-85.206889,40.391427],[-85.169332,40.392913],[-85.130855,40.393448],[-85.130647,40.387318],[-85.13048,40.365607],[-85.130355,40.360178],[-85.130158,40.336559],[-85.129988,40.307456],[-85.195303,40.306793],[-85.218758,40.306706],[-85.218918,40.315594],[-85.219015,40.321044],[-85.219694,40.350064],[-85.219726,40.360387],[-85.219829,40.366702],[-85.219901,40.379034]]]}},{"type":"Feature","id":"randolph|washington","properties":{"key":"randolph|washington"},"geometry":{"type":"Polygon","coordinates":[[[-85.035116,40.120867],[-85.020815,40.120862],[-85.016126,40.12107],[-84.985018,40.121153],[-84.975979,40.120871],[-84.957348,40.121166],[-84.929178,40.120747],[-84.929479,40.091794],[-84.930269,40.049365],[-84.930252,40.005311],[-84.958762,40.005278],[-85.034505,40.004842],[-85.034633,40.048479],[-85.035116,40.120867]]]}},{"type":"Feature","id":"miami|harrison","properties":{"key":"miami|harrison"},"geometry":{"type":"Polygon","coordinates":[[[-86.014154,40.650369],[-85.985855,40.65049],[-85.952224,40.650976],[-85.939525,40.650991],[-85.938785,40.564799],[-86.013325,40.564128],[-86.013769,40.607636],[-86.014154,40.650369]]]}},{"type":"Feature","id":"shelby|washington","properties":{"key":"shelby|washington"},"geometry":{"type":"Polygon","coordinates":[[[-85.860113,39.359525],[-85.855264,39.363788],[-85.850414,39.365203],[-85.846241,39.36737],[-85.850461,39.370862],[-85.846782,39.375062],[-85.845187,39.40506],[-85.844786,39.438203],[-85.837069,39.438327],[-85.773825,39.438181],[-85.755347,39.438359],[-85.740939,39.43843],[-85.74193,39.368557],[-85.74177,39.350187],[-85.770375,39.350231],[-85.798785,39.350188],[-85.854064,39.349498],[-85.858083,39.352897],[-85.861443,39.358568],[-85.860113,39.359525]]]}},{"type":"Feature","id":"porter|pine","properties":{"key":"porter|pine"},"geometry":{"type":"Polygon","coordinates":[[[-87.009731,41.680717],[-86.994408,41.687247],[-86.963138,41.699583],[-86.943383,41.7066],[-86.933491,41.709277],[-86.932639,41.704694],[-86.932482,41.694936],[-86.932407,41.688422],[-86.932426,41.68063],[-86.932352,41.658465],[-86.932314,41.651375],[-86.932271,41.617286],[-86.931971,41.607039],[-86.931631,41.591522],[-86.971313,41.592426],[-86.971731,41.606996],[-87.004437,41.607012],[-87.009151,41.606982],[-87.009431,41.625029],[-87.009511,41.64198],[-87.009591,41.662319],[-87.009657,41.671307],[-87.009731,41.680717]]]}},{"type":"Feature","id":"randolph|jackson","properties":{"key":"randolph|jackson"},"geometry":{"type":"Polygon","coordinates":[[[-84.900809,40.30941],[-84.8036640116333,40.310092925774],[-84.803735,40.302453],[-84.8043860688745,40.2674193357936],[-84.804475,40.262634],[-84.8053825581103,40.2237750613003],[-84.824471,40.224227],[-84.83123,40.224344],[-84.836532,40.222399],[-84.841903,40.222472],[-84.900289,40.222414],[-84.90046,40.265874],[-84.900809,40.30941]]]}},{"type":"Feature","id":"randolph|monroe","properties":{"key":"randolph|monroe"},"geometry":{"type":"Polygon","coordinates":[[[-85.217735,40.242246],[-85.092515,40.243067],[-85.092314,40.235814],[-85.09209,40.22131],[-85.092084,40.193291],[-85.091951,40.187822],[-85.09168,40.178628],[-85.106201,40.178616],[-85.111018,40.178591],[-85.126414,40.178508],[-85.132408,40.178349],[-85.146877,40.178582],[-85.216391,40.17855],[-85.216474,40.1896],[-85.216937,40.207752],[-85.217428,40.234931],[-85.217735,40.242246]]]}},{"type":"Feature","id":"spencer|carter","properties":{"key":"spencer|carter"},"geometry":{"type":"Polygon","coordinates":[[[-87.017691,38.17028],[-87.01749,38.20358],[-86.998356,38.203377],[-86.942519,38.20293],[-86.938118,38.203115],[-86.92368,38.203028],[-86.904221,38.204103],[-86.904272,38.181557],[-86.904061,38.175286],[-86.904411,38.171126],[-86.904436,38.156855],[-86.904564,38.149544],[-86.904589,38.139822],[-86.904646,38.135277],[-86.904733,38.131222],[-86.904875,38.124495],[-86.904934,38.118161],[-86.909617,38.118254],[-86.937786,38.118281],[-86.97903,38.118366],[-87.017453,38.118301],[-87.017544,38.13664],[-87.017639,38.160094],[-87.017691,38.17028]]]}},{"type":"Feature","id":"dubois|ferdinand","properties":{"key":"dubois|ferdinand"},"geometry":{"type":"Polygon","coordinates":[[[-86.923779,38.262618],[-86.905412,38.262605],[-86.905178,38.27756],[-86.86577,38.277703],[-86.858885,38.277542],[-86.824569,38.277742],[-86.79252,38.277836],[-86.771702,38.278523],[-86.771664,38.248707],[-86.792152,38.2491],[-86.791497,38.20513],[-86.865985,38.204962],[-86.888684,38.204453],[-86.904221,38.204103],[-86.92368,38.203028],[-86.923779,38.262618]]]}},{"type":"Feature","id":"ripley|center","properties":{"key":"ripley|center"},"geometry":{"type":"Polygon","coordinates":[[[-85.385054,39.147874],[-85.385029,39.162673],[-85.336484,39.162488],[-85.315766,39.162174],[-85.307688,39.162084],[-85.28018,39.162043],[-85.240308,39.161824],[-85.240511,39.157255],[-85.240215,39.150278],[-85.240294,39.138902],[-85.240385,39.132885],[-85.240809,39.103439],[-85.25027,39.103422],[-85.268959,39.103327],[-85.296823,39.103587],[-85.31556,39.103836],[-85.31558,39.11111],[-85.342581,39.111698],[-85.385629,39.111106],[-85.385054,39.147874]]]}},{"type":"Feature","id":"bartholomew|rockcreek","properties":{"key":"bartholomew|rockcreek"},"geometry":{"type":"Polygon","coordinates":[[[-85.8196,39.187892],[-85.814645,39.188],[-85.790909,39.188366],[-85.772098,39.188496],[-85.68778,39.189122],[-85.687103,39.160123],[-85.686783,39.130859],[-85.743315,39.130308],[-85.761758,39.129464],[-85.771119,39.129177],[-85.799834,39.128897],[-85.799893,39.143492],[-85.800148,39.158968],[-85.813837,39.158627],[-85.818435,39.158422],[-85.818842,39.173567],[-85.8196,39.187892]]]}},{"type":"Feature","id":"lagrange|clearspring","properties":{"key":"lagrange|clearspring"},"geometry":{"type":"Polygon","coordinates":[[[-85.540799,41.611458],[-85.482151,41.611993],[-85.472792,41.612086],[-85.424354,41.612483],[-85.42388,41.562573],[-85.423695,41.555854],[-85.424154,41.549588],[-85.423537,41.540047],[-85.423502,41.525596],[-85.437965,41.525568],[-85.467768,41.525397],[-85.481406,41.525363],[-85.519936,41.524984],[-85.539159,41.52481],[-85.539287,41.532087],[-85.539441,41.546688],[-85.539571,41.553946],[-85.540281,41.582779],[-85.540799,41.611458]]]}},{"type":"Feature","id":"tippecanoe|sheffield","properties":{"key":"tippecanoe|sheffield"},"geometry":{"type":"Polygon","coordinates":[[[-86.809715,40.388426],[-86.790271,40.388524],[-86.760861,40.388622],[-86.751519,40.388647],[-86.694667,40.388649],[-86.69483,40.366797],[-86.695159,40.315893],[-86.695168,40.301334],[-86.808945,40.301514],[-86.8092,40.337657],[-86.809358,40.352556],[-86.809557,40.374014],[-86.809715,40.388426]]]}},{"type":"Feature","id":"randolph|whiteriver","properties":{"key":"randolph|whiteriver"},"geometry":{"type":"Polygon","coordinates":[[[-85.111095,40.134747],[-85.110921,40.171831],[-85.111018,40.178591],[-85.106201,40.178616],[-85.09168,40.178628],[-85.091951,40.187822],[-85.092084,40.193291],[-85.092755,40.221282],[-85.016543,40.221923],[-84.994895,40.222136],[-84.928418,40.222446],[-84.900289,40.222414],[-84.900611,40.175122],[-84.900823,40.164458],[-84.901684,40.121016],[-84.919812,40.12051],[-84.929178,40.120747],[-84.957096,40.121183],[-84.975979,40.120871],[-84.985018,40.121153],[-85.016126,40.12107],[-85.020815,40.120862],[-85.035116,40.120867],[-85.073033,40.120535],[-85.090357,40.120388],[-85.111068,40.121438],[-85.111095,40.134747]]]}},{"type":"Feature","id":"shelby|brandywine","properties":{"key":"shelby|brandywine"},"geometry":{"type":"Polygon","coordinates":[[[-85.877264,39.610337],[-85.871757,39.610542],[-85.858413,39.610686],[-85.838378,39.610922],[-85.838378,39.619343],[-85.838724,39.625843],[-85.80025,39.625982],[-85.799895,39.598631],[-85.799354,39.572303],[-85.799561,39.568147],[-85.799062,39.554679],[-85.808575,39.554619],[-85.81379,39.554608],[-85.837337,39.554496],[-85.836586,39.52509],[-85.875072,39.524651],[-85.875788,39.547828],[-85.876694,39.58003],[-85.876963,39.591114],[-85.877264,39.610337]]]}},{"type":"Feature","id":"stjoseph|greene","properties":{"key":"stjoseph|greene"},"geometry":{"type":"Polygon","coordinates":[[[-86.486433,41.570545],[-86.477438,41.576013],[-86.467309,41.585341],[-86.459613,41.588573],[-86.454765,41.592077],[-86.447645,41.594701],[-86.439293,41.601613],[-86.424652,41.604333],[-86.409195,41.606957],[-86.376586,41.619304],[-86.365566,41.624664],[-86.360516,41.627729],[-86.350858,41.631854],[-86.345714,41.635547],[-86.292475,41.635764],[-86.292262,41.608417],[-86.292045,41.594044],[-86.292072,41.579108],[-86.292041,41.564472],[-86.311202,41.564144],[-86.331469,41.56383],[-86.369164,41.563749],[-86.388612,41.563656],[-86.495121,41.563424],[-86.486433,41.570545]]]}},{"type":"Feature","id":"blackford|jackson","properties":{"key":"blackford|jackson"},"geometry":{"type":"Polygon","coordinates":[[[-85.331839,40.479106],[-85.277836,40.478533],[-85.206508,40.479373],[-85.206566,40.394681],[-85.206864,40.382817],[-85.211516,40.379188],[-85.216327,40.379181],[-85.22073,40.379215],[-85.331737,40.378222],[-85.331836,40.403265],[-85.331753,40.421017],[-85.331839,40.479106]]]}},{"type":"Feature","id":"huntington|polk","properties":{"key":"huntington|polk"},"geometry":{"type":"Polygon","coordinates":[[[-85.641404,40.827211],[-85.603056,40.827821],[-85.564674,40.828293],[-85.564076,40.785437],[-85.563603,40.772707],[-85.563244,40.744391],[-85.639902,40.740506],[-85.640221,40.757495],[-85.641404,40.827211]]]}},{"type":"Feature","id":"allen|lafayette","properties":{"key":"allen|lafayette"},"geometry":{"type":"Polygon","coordinates":[[[-85.335962,40.931496],[-85.335687,40.94597],[-85.335703,40.960457],[-85.335661,41.001594],[-85.302949,41.00138],[-85.283888,41.001832],[-85.259931,41.006103],[-85.245317,41.008406],[-85.237462,41.002038],[-85.226412,41.001897],[-85.22439,40.960583],[-85.223389,40.916985],[-85.27018,40.917062],[-85.286096,40.917043],[-85.290203,40.917038],[-85.33603,40.917082],[-85.335962,40.931496]]]}},{"type":"Feature","id":"dekalb|spencer","properties":{"key":"dekalb|spencer"},"geometry":{"type":"Polygon","coordinates":[[[-84.963911,41.311218],[-84.944888,41.311522],[-84.924279,41.312163],[-84.911065,41.312345],[-84.90248,41.312476],[-84.891506,41.312503],[-84.882931,41.312718],[-84.867364,41.312856],[-84.848615,41.313576],[-84.847416,41.27002],[-84.90043,41.268978],[-84.94117,41.26814],[-84.962623,41.267678],[-84.963911,41.311218]]]}},{"type":"Feature","id":"boone|marion","properties":{"key":"boone|marion"},"geometry":{"type":"Polygon","coordinates":[[[-86.356454,40.178109],[-86.348773,40.178487],[-86.337482,40.178884],[-86.31855,40.179258],[-86.285071,40.179923],[-86.275959,40.179937],[-86.261653,40.180112],[-86.242365,40.180778],[-86.242179,40.165832],[-86.24197,40.146125],[-86.241902,40.129621],[-86.241722,40.09985],[-86.241458,40.070819],[-86.31778,40.06955],[-86.33853,40.06919],[-86.35602,40.069008],[-86.35638,40.09833],[-86.3566,40.12712],[-86.356454,40.178109]]]}},{"type":"Feature","id":"hamilton|whiteriver","properties":{"key":"hamilton|whiteriver"},"geometry":{"type":"Polygon","coordinates":[[[-85.996076,40.218152],[-85.96643,40.218278],[-85.861903,40.218936],[-85.862484,40.212181],[-85.86273,40.192254],[-85.862824,40.162547],[-85.862825,40.147271],[-85.862839,40.142561],[-85.862861,40.136112],[-85.863278,40.103861],[-85.882437,40.103591],[-85.901718,40.103084],[-85.95864,40.1025],[-85.964672,40.102309],[-85.969494,40.102182],[-85.995013,40.101735],[-85.994496,40.128625],[-85.995977,40.132646],[-85.995944,40.147022],[-85.99582,40.176182],[-85.996076,40.218152]]]}},{"type":"Feature","id":"howard|jackson","properties":{"key":"howard|jackson"},"geometry":{"type":"Polygon","coordinates":[[[-85.938785,40.564799],[-85.919789,40.564967],[-85.877862,40.565362],[-85.863641,40.565525],[-85.864247,40.551384],[-85.864057,40.536853],[-85.863546,40.507807],[-85.863327,40.498736],[-85.863047,40.478728],[-85.938081,40.478052],[-85.938029,40.492537],[-85.938074,40.521454],[-85.938785,40.564799]]]}},{"type":"Feature","id":"miami|deercreek","properties":{"key":"miami|deercreek"},"geometry":{"type":"Polygon","coordinates":[[[-86.165866,40.649637],[-86.15688,40.649639],[-86.140457,40.649756],[-86.127806,40.649861],[-86.104579,40.650064],[-86.099405,40.650094],[-86.090394,40.65015],[-86.089771,40.621421],[-86.089903,40.610692],[-86.089352,40.563405],[-86.121215,40.563174],[-86.127424,40.563098],[-86.138989,40.562971],[-86.165024,40.562649],[-86.165233,40.584404],[-86.165266,40.605145],[-86.165378,40.633967],[-86.165842,40.641293],[-86.165866,40.649637]]]}},{"type":"Feature","id":"carroll|monroe","properties":{"key":"carroll|monroe"},"geometry":{"type":"Polygon","coordinates":[[[-86.582384,40.561881],[-86.572398,40.56185],[-86.522846,40.561647],[-86.515178,40.561619],[-86.477438,40.56148],[-86.46793,40.561448],[-86.46811,40.517949],[-86.468155,40.510721],[-86.468198,40.503309],[-86.487037,40.503426],[-86.530027,40.503652],[-86.572702,40.503854],[-86.581964,40.503994],[-86.582179,40.532837],[-86.582275,40.547538],[-86.582384,40.561881]]]}},{"type":"Feature","id":"adams|kirkland","properties":{"key":"adams|kirkland"},"geometry":{"type":"Polygon","coordinates":[[[-85.072205,40.830907],[-85.024559,40.831788],[-85.016363,40.831944],[-85.010859,40.832018],[-84.99688,40.832184],[-84.995544,40.802803],[-84.994913,40.744301],[-85.070302,40.74312],[-85.071534,40.800909],[-85.072205,40.830907]]]}},{"type":"Feature","id":"randolph|greensfork","properties":{"key":"randolph|greensfork"},"geometry":{"type":"Polygon","coordinates":[[[-84.930493,40.048563],[-84.929479,40.091794],[-84.929178,40.120747],[-84.919812,40.12051],[-84.901684,40.121016],[-84.901769,40.106529],[-84.86417,40.10666],[-84.808461,40.107189],[-84.8086790566438,40.0970707805949],[-84.8087745234175,40.0926409510536],[-84.8089242026585,40.0856955657899],[-84.809576,40.055451],[-84.810094,40.034338],[-84.8109325764315,40.0050800833043],[-84.867104,40.006018],[-84.886619,40.006289],[-84.892846,40.006357],[-84.930252,40.005311],[-84.930398,40.046886],[-84.930493,40.048563]]]}},{"type":"Feature","id":"vanderburgh|german","properties":{"key":"vanderburgh|german"},"geometry":{"type":"Polygon","coordinates":[[[-87.698285,38.01501],[-87.697917,38.036897],[-87.697829,38.043517],[-87.697765,38.051762],[-87.697651,38.062289],[-87.697367,38.080302],[-87.641375,38.080523],[-87.634626,38.080408],[-87.634723,38.092927],[-87.599982,38.0944],[-87.598032,38.080051],[-87.598614,38.051322],[-87.598971,38.036816],[-87.599244,38.029032],[-87.599903,38.007652],[-87.611071,38.007793],[-87.636919,38.008476],[-87.650513,38.008489],[-87.666706,38.008523],[-87.672302,38.00833],[-87.698329,38.00822],[-87.698285,38.01501]]]}},{"type":"Feature","id":"benton|york","properties":{"key":"benton|york"},"geometry":{"type":"Polygon","coordinates":[[[-87.526224,40.66051],[-87.5261561034503,40.6900758257071],[-87.52605,40.736279],[-87.439477,40.736706],[-87.438453,40.649921],[-87.500023,40.650108],[-87.525182,40.64986],[-87.526224,40.66051]]]}},{"type":"Feature","id":"orange|greenfield","properties":{"key":"orange|greenfield"},"geometry":{"type":"Polygon","coordinates":[[[-86.570815,38.497139],[-86.533135,38.497464],[-86.52809,38.497735],[-86.466341,38.498366],[-86.456803,38.49814],[-86.455965,38.45156],[-86.456116,38.443388],[-86.455787,38.439081],[-86.455719,38.432945],[-86.456171,38.427727],[-86.456734,38.396419],[-86.513746,38.396416],[-86.569468,38.396031],[-86.568942,38.413135],[-86.570515,38.469205],[-86.570654,38.481308],[-86.570731,38.487854],[-86.570815,38.497139]]]}},{"type":"Feature","id":"marshall|german","properties":{"key":"marshall|german"},"geometry":{"type":"Polygon","coordinates":[[[-86.233567,41.478858],[-86.185038,41.478813],[-86.156248,41.479224],[-86.127373,41.479382],[-86.117759,41.47902],[-86.059451,41.479154],[-86.059052,41.445228],[-86.05923,41.435812],[-86.05867,41.390087],[-86.058555,41.37564],[-86.155139,41.376047],[-86.193923,41.376704],[-86.194031,41.391323],[-86.208524,41.391613],[-86.232518,41.391568],[-86.232704,41.413347],[-86.232702,41.418114],[-86.232938,41.435339],[-86.233567,41.478858]]]}},{"type":"Feature","id":"pulaski|salem","properties":{"key":"pulaski|salem"},"geometry":{"type":"Polygon","coordinates":[[[-86.930925,40.984583],[-86.930867,40.997915],[-86.891678,40.997839],[-86.882168,40.998131],[-86.814943,40.998063],[-86.815097,40.91248],[-86.872759,40.912438],[-86.87875,40.91242],[-86.930759,40.912418],[-86.930935,40.977276],[-86.930925,40.984583]]]}},{"type":"Feature","id":"clinton|warren","properties":{"key":"clinton|warren"},"geometry":{"type":"Polygon","coordinates":[[[-86.468498,40.430965],[-86.430789,40.431268],[-86.375762,40.431851],[-86.356799,40.431848],[-86.35625,40.360484],[-86.361292,40.359119],[-86.412007,40.359223],[-86.468423,40.359128],[-86.468527,40.401979],[-86.468498,40.430965]]]}},{"type":"Feature","id":"starke|jackson","properties":{"key":"starke|jackson"},"geometry":{"type":"Polygon","coordinates":[[[-86.814652,41.273501],[-86.783473,41.285465],[-86.761338,41.307617],[-86.74867,41.315252],[-86.739995,41.321708],[-86.737434,41.325952],[-86.737156,41.33337],[-86.734779,41.338822],[-86.728638,41.34609],[-86.69853,41.346159],[-86.698548,41.317072],[-86.698363,41.259093],[-86.717824,41.259123],[-86.737108,41.259097],[-86.814575,41.259068],[-86.814652,41.273501]]]}},{"type":"Feature","id":"starke|railroad","properties":{"key":"starke|railroad"},"geometry":{"type":"Polygon","coordinates":[[[-86.929646,41.229711],[-86.930079,41.236798],[-86.920543,41.245028],[-86.915317,41.245923],[-86.908415,41.249134],[-86.897241,41.254615],[-86.893112,41.255324],[-86.885862,41.257653],[-86.877004,41.260187],[-86.870265,41.264553],[-86.860418,41.265645],[-86.855218,41.265835],[-86.848806,41.266793],[-86.843902,41.268519],[-86.839261,41.272016],[-86.828485,41.271134],[-86.823673,41.272074],[-86.814652,41.273501],[-86.814575,41.259068],[-86.814224,41.244481],[-86.814273,41.229992],[-86.814389,41.171993],[-86.852807,41.172104],[-86.929522,41.172263],[-86.929646,41.229711]]]}},{"type":"Feature","id":"shelby|union","properties":{"key":"shelby|union"},"geometry":{"type":"Polygon","coordinates":[[[-85.705806,39.625917],[-85.686669,39.625763],[-85.632771,39.625706],[-85.632224,39.61116],[-85.631557,39.569377],[-85.631125,39.54004],[-85.630706,39.525274],[-85.646011,39.525172],[-85.696999,39.525496],[-85.703436,39.525449],[-85.703585,39.539355],[-85.703778,39.555016],[-85.704531,39.611095],[-85.705806,39.625917]]]}},{"type":"Feature","id":"hendricks|eelriver","properties":{"key":"hendricks|eelriver"},"geometry":{"type":"Polygon","coordinates":[[[-86.695071,39.92277],[-86.65723,39.92309],[-86.638562,39.922806],[-86.634412,39.9228],[-86.628577,39.922796],[-86.621092,39.922767],[-86.61604,39.922682],[-86.59588,39.9227],[-86.587706,39.922734],[-86.581584,39.92282],[-86.581373,39.86453],[-86.57661,39.864599],[-86.57673,39.834428],[-86.576584,39.81954],[-86.656509,39.819529],[-86.686812,39.819676],[-86.686653,39.827315],[-86.686843,39.864842],[-86.695127,39.864845],[-86.695071,39.92277]]]}},{"type":"Feature","id":"kosciusko|clay","properties":{"key":"kosciusko|clay"},"geometry":{"type":"Polygon","coordinates":[[[-85.909468,41.175071],[-85.877425,41.175528],[-85.837305,41.176197],[-85.798563,41.176958],[-85.797551,41.130569],[-85.797343,41.116143],[-85.79701,41.101642],[-85.873579,41.101294],[-85.892719,41.101124],[-85.901423,41.101282],[-85.908028,41.101097],[-85.908325,41.108419],[-85.908327,41.115566],[-85.909343,41.159163],[-85.909595,41.16738],[-85.909468,41.175071]]]}},{"type":"Feature","id":"kosciusko|monroe","properties":{"key":"kosciusko|monroe"},"geometry":{"type":"Polygon","coordinates":[[[-85.798563,41.176958],[-85.789216,41.177117],[-85.765197,41.177456],[-85.750159,41.177876],[-85.743612,41.177812],[-85.710196,41.1781],[-85.706122,41.178332],[-85.700045,41.178224],[-85.686574,41.178376],[-85.68642,41.161248],[-85.686033,41.11793],[-85.704992,41.117837],[-85.762569,41.116784],[-85.772437,41.11682],[-85.797343,41.116143],[-85.797551,41.130569],[-85.798563,41.176958]]]}},{"type":"Feature","id":"jasper|hanginggrove","properties":{"key":"jasper|hanginggrove"},"geometry":{"type":"Polygon","coordinates":[[[-87.045685,40.955875],[-87.045527,40.96646],[-87.036467,40.966392],[-87.031574,40.968788],[-87.031491,40.974109],[-87.022068,40.974024],[-87.002954,40.977547],[-87.003025,40.981671],[-86.9984,40.981559],[-86.988871,40.981855],[-86.969759,40.977221],[-86.930935,40.977276],[-86.930759,40.912418],[-86.987438,40.912177],[-86.987348,40.896213],[-87.035222,40.895869],[-87.043094,40.895772],[-87.04297,40.907226],[-87.042877,40.912372],[-87.045685,40.955875]]]}},{"type":"Feature","id":"noble|green","properties":{"key":"noble|green"},"geometry":{"type":"Polygon","coordinates":[[[-85.424501,41.352237],[-85.40046,41.352125],[-85.357336,41.351977],[-85.309373,41.351614],[-85.30867,41.308058],[-85.307962,41.300851],[-85.307943,41.271484],[-85.307781,41.264158],[-85.346658,41.264498],[-85.365934,41.264739],[-85.393583,41.264931],[-85.424053,41.265048],[-85.423839,41.279514],[-85.423615,41.294065],[-85.423133,41.30858],[-85.42301,41.344051],[-85.424501,41.352237]]]}},{"type":"Feature","id":"posey|bethel","properties":{"key":"posey|bethel"},"geometry":{"type":"Polygon","coordinates":[[[-87.985627,38.217993],[-87.98487,38.228523],[-87.82743,38.228869],[-87.839341,38.224756],[-87.846101,38.224045],[-87.85286,38.219899],[-87.859071,38.218798],[-87.862931,38.213144],[-87.868358,38.208106],[-87.877834,38.208104],[-87.885371,38.206939],[-87.892764,38.198619],[-87.894475,38.193555],[-87.900225,38.187464],[-87.906049,38.185141],[-87.909997,38.180858],[-87.916779,38.177212],[-87.922901,38.173291],[-87.925896,38.166473],[-87.924513,38.162025],[-87.931211,38.156348],[-87.935251,38.158735],[-87.933759,38.164351],[-87.936443,38.171355],[-87.940491,38.174902],[-87.958923,38.184046],[-87.969865,38.191786],[-87.975819,38.197834],[-87.983973,38.209107],[-87.9851641637495,38.2155064444247],[-87.985627,38.217993]]]}},{"type":"Feature","id":"washington|howard","properties":{"key":"washington|howard"},"geometry":{"type":"Polygon","coordinates":[[[-86.233856,38.502662],[-86.233769,38.521846],[-86.233372,38.556648],[-86.215842,38.556705],[-86.19671,38.556794],[-86.18774,38.556948],[-86.183276,38.557458],[-86.16702,38.557492],[-86.138355,38.55806],[-86.122391,38.557953],[-86.122558,38.498111],[-86.122607,38.489003],[-86.122548,38.470703],[-86.130589,38.470307],[-86.168794,38.47071],[-86.225126,38.470418],[-86.234413,38.470511],[-86.233856,38.502662]]]}},{"type":"Feature","id":"steuben|salem","properties":{"key":"steuben|salem"},"geometry":{"type":"Polygon","coordinates":[[[-85.194463,41.612797],[-85.169484,41.612767],[-85.082445,41.61283],[-85.081739,41.570691],[-85.081015,41.538424],[-85.080813,41.527008],[-85.095311,41.526933],[-85.124514,41.526805],[-85.138688,41.526732],[-85.194084,41.526437],[-85.193926,41.547585],[-85.194248,41.57756],[-85.194276,41.588236],[-85.194286,41.593565],[-85.194227,41.599353],[-85.194463,41.612797]]]}},{"type":"Feature","id":"allen|lake","properties":{"key":"allen|lake"},"geometry":{"type":"Polygon","coordinates":[[[-85.338276,41.179065],[-85.309791,41.178889],[-85.249296,41.17814],[-85.226029,41.177817],[-85.225971,41.155947],[-85.226301,41.132938],[-85.226417,41.125194],[-85.226748,41.088904],[-85.274922,41.089371],[-85.307117,41.089592],[-85.337024,41.089723],[-85.337725,41.133689],[-85.338211,41.172746],[-85.338276,41.179065]]]}},{"type":"Feature","id":"dubois|madison","properties":{"key":"dubois|madison"},"geometry":{"type":"Polygon","coordinates":[[[-87.073124,38.437046],[-87.054921,38.437109],[-86.986715,38.436816],[-86.980043,38.436828],[-86.979808,38.400092],[-86.979899,38.393574],[-86.979931,38.388296],[-86.979869,38.383728],[-86.979894,38.378863],[-86.979331,38.372682],[-86.97941,38.364569],[-86.979314,38.356868],[-86.979445,38.343053],[-86.979086,38.335293],[-86.997816,38.335314],[-87.007015,38.334965],[-87.060152,38.334673],[-87.072602,38.334686],[-87.072504,38.353171],[-87.072724,38.364169],[-87.073122,38.39325],[-87.073238,38.422354],[-87.073124,38.437046]]]}},{"type":"Feature","id":"carroll|jackson","properties":{"key":"carroll|jackson"},"geometry":{"type":"Polygon","coordinates":[[[-86.582312,40.605408],[-86.582085,40.634521],[-86.572591,40.63438],[-86.567772,40.634298],[-86.543858,40.634002],[-86.514659,40.633839],[-86.486897,40.634609],[-86.482223,40.634326],[-86.467867,40.633965],[-86.467897,40.604965],[-86.46793,40.561448],[-86.477438,40.56148],[-86.515178,40.561619],[-86.522846,40.561647],[-86.572398,40.56185],[-86.582384,40.561881],[-86.582312,40.605408]]]}},{"type":"Feature","id":"dearborn|jackson","properties":{"key":"dearborn|jackson"},"geometry":{"type":"Polygon","coordinates":[[[-85.081872,39.222266],[-85.079077,39.236957],[-85.077595,39.244671],[-85.074523,39.260618],[-85.070003,39.284714],[-85.065574,39.307232],[-85.003977,39.306801],[-85.002674,39.284939],[-85.002655,39.263699],[-85.012128,39.263398],[-85.012359,39.219907],[-85.022032,39.219756],[-85.022335,39.204487],[-85.040139,39.204582],[-85.077729,39.206308],[-85.08486,39.206263],[-85.081872,39.222266]]]}},{"type":"Feature","id":"hancock|green","properties":{"key":"hancock|green"},"geometry":{"type":"Polygon","coordinates":[[[-85.805711,39.944567],[-85.786653,39.944677],[-85.692352,39.945446],[-85.692245,39.930846],[-85.691138,39.87261],[-85.709693,39.872425],[-85.770286,39.871945],[-85.790908,39.871739],[-85.80523,39.87159],[-85.805711,39.944567]]]}},{"type":"Feature","id":"franklin|metamora","properties":{"key":"franklin|metamora"},"geometry":{"type":"Polygon","coordinates":[[[-85.169401,39.403839],[-85.169428,39.411948],[-85.168747,39.425638],[-85.167955,39.439521],[-85.167038,39.458875],[-85.166788,39.4686],[-85.129594,39.468948],[-85.092276,39.468866],[-85.092585,39.442692],[-85.094974,39.397898],[-85.12495,39.397577],[-85.131756,39.397529],[-85.169474,39.39669],[-85.169401,39.403839]]]}},{"type":"Feature","id":"lagrange|newbury","properties":{"key":"lagrange|newbury"},"geometry":{"type":"Polygon","coordinates":[[[-85.658614,41.6969],[-85.590832,41.697522],[-85.581244,41.697507],[-85.573526,41.697233],[-85.556271,41.69793],[-85.542437,41.698128],[-85.542508,41.687814],[-85.541808,41.656351],[-85.540799,41.611458],[-85.579307,41.611164],[-85.656718,41.610538],[-85.657583,41.653949],[-85.658036,41.675677],[-85.658614,41.6969]]]}},{"type":"Feature","id":"morgan|green","properties":{"key":"morgan|green"},"geometry":{"type":"Polygon","coordinates":[[[-86.36117,39.475179],[-86.360766,39.498371],[-86.354039,39.499581],[-86.349128,39.501871],[-86.343016,39.503567],[-86.338808,39.501711],[-86.3334,39.501551],[-86.329368,39.505455],[-86.328088,39.510367],[-86.323403,39.509303],[-86.325337,39.515334],[-86.304502,39.515662],[-86.284269,39.516081],[-86.251621,39.516671],[-86.251308,39.473907],[-86.25134,39.4649],[-86.251459,39.449265],[-86.25131,39.430595],[-86.26814,39.429696],[-86.361713,39.427851],[-86.36117,39.475179]]]}},{"type":"Feature","id":"clinton|forest","properties":{"key":"clinton|forest"},"geometry":{"type":"Polygon","coordinates":[[[-86.356799,40.431848],[-86.309249,40.431712],[-86.309325,40.388372],[-86.280829,40.388339],[-86.280755,40.373734],[-86.242992,40.373661],[-86.242952,40.344742],[-86.242893,40.337481],[-86.356325,40.337397],[-86.356181,40.344651],[-86.35625,40.360484],[-86.356799,40.431848]]]}},{"type":"Feature","id":"morgan|adams","properties":{"key":"morgan|adams"},"geometry":{"type":"Polygon","coordinates":[[[-86.687561,39.521902],[-86.683345,39.522667],[-86.681083,39.527527],[-86.674766,39.528896],[-86.670377,39.533668],[-86.66404,39.538683],[-86.661783,39.544322],[-86.657847,39.548962],[-86.651407,39.549992],[-86.653151,39.559645],[-86.651217,39.563709],[-86.655539,39.568723],[-86.658583,39.572726],[-86.659594,39.579206],[-86.657032,39.583776],[-86.653982,39.590997],[-86.651942,39.595694],[-86.657035,39.599306],[-86.650976,39.601136],[-86.559847,39.600862],[-86.559921,39.589264],[-86.56008,39.564968],[-86.575566,39.565204],[-86.575715,39.551121],[-86.575287,39.514086],[-86.622984,39.514525],[-86.670139,39.513998],[-86.687574,39.513887],[-86.687561,39.521902]]]}},{"type":"Feature","id":"morgan|gregg","properties":{"key":"morgan|gregg"},"geometry":{"type":"Polygon","coordinates":[[[-86.575566,39.565204],[-86.564066,39.565038],[-86.526376,39.564528],[-86.50391,39.564377],[-86.503798,39.556943],[-86.498251,39.55699],[-86.470354,39.556982],[-86.465354,39.556963],[-86.466399,39.510289],[-86.466624,39.500047],[-86.483982,39.49817],[-86.500225,39.498757],[-86.509582,39.498758],[-86.54035,39.498769],[-86.563763,39.498789],[-86.575492,39.498791],[-86.575287,39.514086],[-86.575715,39.551121],[-86.575566,39.565204]]]}},{"type":"Feature","id":"jennings|sandcreek","properties":{"key":"jennings|sandcreek"},"geometry":{"type":"Polygon","coordinates":[[[-85.649774,39.13147],[-85.629296,39.131726],[-85.624972,39.131417],[-85.602586,39.13197],[-85.573992,39.132342],[-85.569046,39.132508],[-85.555881,39.137869],[-85.55597,39.127025],[-85.555765,39.121411],[-85.556059,39.088418],[-85.557053,39.073582],[-85.557155,39.062226],[-85.557184,39.057283],[-85.557197,39.05127],[-85.561304,39.051092],[-85.573665,39.051279],[-85.593179,39.051457],[-85.611648,39.051305],[-85.619305,39.051251],[-85.649573,39.051128],[-85.649612,39.058545],[-85.649316,39.066035],[-85.649527,39.070352],[-85.649774,39.13147]]]}},{"type":"Feature","id":"benton|parishgrove","properties":{"key":"benton|parishgrove"},"geometry":{"type":"Polygon","coordinates":[[[-87.5262365964447,40.567268946188],[-87.5262061648483,40.5782419787237],[-87.5262117890857,40.6079079517643],[-87.5262215087611,40.6497782672719],[-87.500023,40.650108],[-87.438453,40.649921],[-87.381306,40.650068],[-87.381024,40.623608],[-87.379936,40.593035],[-87.379666,40.563861],[-87.435125,40.56395],[-87.5262450437368,40.5642230195344],[-87.5262365964447,40.567268946188]]]}},{"type":"Feature","id":"gibson|barton","properties":{"key":"gibson|barton"},"geometry":{"type":"Polygon","coordinates":[[[-87.466656,38.216163],[-87.466231,38.245202],[-87.466125,38.252476],[-87.465473,38.289132],[-87.409554,38.289443],[-87.380889,38.289604],[-87.325834,38.289818],[-87.31698,38.289775],[-87.316893,38.246077],[-87.317016,38.204549],[-87.326935,38.201643],[-87.343032,38.20157],[-87.349807,38.201522],[-87.355139,38.201625],[-87.466744,38.201286],[-87.466656,38.216163]]]}},{"type":"Feature","id":"harrison|washington","properties":{"key":"harrison|washington"},"geometry":{"type":"Polygon","coordinates":[[[-86.2791,38.100754],[-86.2779073006335,38.1050142787429],[-86.275362,38.114106],[-86.270269,38.129783],[-86.270605,38.135779],[-86.272847,38.140835],[-86.2771288555078,38.1459697442056],[-86.249913,38.145641],[-86.22507,38.145367],[-86.203301,38.144953],[-86.203836,38.115544],[-86.204796,38.071554],[-86.223299,38.072191],[-86.223532,38.064813],[-86.271462,38.065465],[-86.277704,38.082481],[-86.2790250864841,38.0997734164214],[-86.2791,38.100754]]]}},{"type":"Feature","id":"adams|preble","properties":{"key":"adams|preble"},"geometry":{"type":"Polygon","coordinates":[[[-85.073861,40.917823],[-85.053433,40.917998],[-84.997432,40.918764],[-84.996863,40.886859],[-84.996017,40.833335],[-85.010859,40.832018],[-85.016363,40.831944],[-85.024559,40.831788],[-85.072205,40.830907],[-85.073861,40.917823]]]}},{"type":"Feature","id":"benton|pine","properties":{"key":"benton|pine"},"geometry":{"type":"Polygon","coordinates":[[[-87.210819,40.649619],[-87.0973,40.64955],[-87.095357,40.562895],[-87.20854,40.562206],[-87.210819,40.649619]]]}},{"type":"Feature","id":"clinton|washington","properties":{"key":"clinton|washington"},"geometry":{"type":"Polygon","coordinates":[[[-86.69516,40.301198],[-86.618306,40.301087],[-86.618281,40.315517],[-86.617963,40.330043],[-86.598848,40.329876],[-86.598815,40.344384],[-86.582367,40.344468],[-86.562399,40.344159],[-86.562748,40.309802],[-86.562806,40.300765],[-86.562215,40.291214],[-86.562239,40.286487],[-86.562327,40.271855],[-86.562321,40.257177],[-86.571722,40.257202],[-86.580828,40.257243],[-86.618808,40.257651],[-86.695253,40.258211],[-86.69516,40.301198]]]}},{"type":"Feature","id":"perry|oil","properties":{"key":"perry|oil"},"geometry":{"type":"Polygon","coordinates":[[[-86.645746,38.151968],[-86.645443,38.167611],[-86.645239,38.203815],[-86.641549,38.263326],[-86.572961,38.266209],[-86.571116,38.224334],[-86.571675,38.207529],[-86.460425,38.206825],[-86.4606,38.201477],[-86.461255,38.171266],[-86.461983,38.140297],[-86.461762,38.132306],[-86.497282,38.132594],[-86.536166,38.132954],[-86.572453,38.132827],[-86.631906,38.132809],[-86.645924,38.131771],[-86.645746,38.151968]]]}},{"type":"Feature","id":"scott|lexington","properties":{"key":"scott|lexington"},"geometry":{"type":"Polygon","coordinates":[[[-85.708271,38.61231],[-85.719116,38.623946],[-85.718795,38.64806],[-85.719536,38.693575],[-85.682533,38.693525],[-85.682693,38.704336],[-85.673511,38.704335],[-85.664216,38.706401],[-85.64576,38.708018],[-85.608678,38.707858],[-85.60819,38.67874],[-85.570926,38.678455],[-85.570617,38.658558],[-85.570551,38.649801],[-85.56998,38.606155],[-85.632726,38.605582],[-85.642719,38.605628],[-85.661239,38.605565],[-85.670333,38.60573],[-85.719718,38.60554],[-85.708271,38.61231]]]}},{"type":"Feature","id":"crawford|patoka","properties":{"key":"crawford|patoka"},"geometry":{"type":"Polygon","coordinates":[[[-86.681424,38.394767],[-86.615484,38.39551],[-86.569468,38.396031],[-86.516672,38.396395],[-86.513821,38.392272],[-86.51397,38.381688],[-86.512996,38.37074],[-86.512949,38.358464],[-86.51313,38.351309],[-86.513659,38.331386],[-86.513741,38.323308],[-86.569044,38.323607],[-86.596899,38.322803],[-86.624954,38.322218],[-86.65099,38.322285],[-86.68053,38.322154],[-86.680908,38.35096],[-86.681223,38.374532],[-86.681424,38.394767]]]}},{"type":"Feature","id":"washington|vernon","properties":{"key":"washington|vernon"},"geometry":{"type":"Polygon","coordinates":[[[-86.307993,38.586243],[-86.30788,38.622541],[-86.307749,38.644462],[-86.289199,38.644427],[-86.270478,38.644205],[-86.252095,38.644088],[-86.233136,38.643852],[-86.197534,38.643879],[-86.197383,38.625401],[-86.196804,38.568512],[-86.19671,38.556794],[-86.215842,38.556705],[-86.233372,38.556648],[-86.233321,38.56379],[-86.270566,38.564063],[-86.286355,38.564216],[-86.308206,38.564394],[-86.307993,38.586243]]]}},{"type":"Feature","id":"owen|montgomery","properties":{"key":"owen|montgomery"},"geometry":{"type":"Polygon","coordinates":[[[-86.833027,39.364355],[-86.832702,39.39907],[-86.804234,39.398672],[-86.779728,39.398855],[-86.761082,39.398476],[-86.724152,39.398717],[-86.723595,39.366463],[-86.723754,39.362258],[-86.723484,39.356155],[-86.723004,39.340379],[-86.737815,39.339957],[-86.744936,39.340323],[-86.770477,39.340315],[-86.798821,39.340265],[-86.814476,39.34067],[-86.833494,39.34109],[-86.833027,39.364355]]]}},{"type":"Feature","id":"starke|northbend","properties":{"key":"starke|northbend"},"geometry":{"type":"Polygon","coordinates":[[[-86.582738,41.186522],[-86.582534,41.207912],[-86.582308,41.230054],[-86.582291,41.240798],[-86.582166,41.248284],[-86.582198,41.259053],[-86.577421,41.259048],[-86.562942,41.258998],[-86.5533,41.258982],[-86.543679,41.258952],[-86.46669,41.258617],[-86.467046,41.171442],[-86.486325,41.17159],[-86.500755,41.171655],[-86.5472,41.171945],[-86.551316,41.171872],[-86.563179,41.171896],[-86.58285,41.171962],[-86.582738,41.186522]]]}},{"type":"Feature","id":"madison|jackson","properties":{"key":"madison|jackson"},"geometry":{"type":"Polygon","coordinates":[[[-85.863578,40.132998],[-85.862839,40.142561],[-85.862825,40.147271],[-85.862824,40.162547],[-85.86273,40.192254],[-85.814633,40.192943],[-85.785795,40.192958],[-85.786294,40.134842],[-85.748665,40.135039],[-85.748813,40.120931],[-85.748899,40.110569],[-85.748921,40.105075],[-85.782163,40.104721],[-85.786587,40.104813],[-85.863278,40.103861],[-85.863578,40.132998]]]}},{"type":"Feature","id":"decatur|saltcreek","properties":{"key":"decatur|saltcreek"},"geometry":{"type":"Polygon","coordinates":[[[-85.38619,39.352199],[-85.367433,39.352651],[-85.362975,39.352477],[-85.347939,39.352943],[-85.296907,39.351844],[-85.296834,39.320062],[-85.29654,39.268291],[-85.302856,39.264687],[-85.315162,39.258653],[-85.324739,39.253677],[-85.334172,39.249016],[-85.333351,39.264605],[-85.375155,39.263926],[-85.385471,39.263621],[-85.38538,39.268698],[-85.385736,39.275747],[-85.385532,39.282334],[-85.385659,39.293072],[-85.386027,39.32855],[-85.386382,39.343468],[-85.38619,39.352199]]]}},{"type":"Feature","id":"white|princeton","properties":{"key":"white|princeton"},"geometry":{"type":"Polygon","coordinates":[[[-87.099793,40.837607],[-87.005723,40.837914],[-86.986438,40.837921],[-86.929774,40.838758],[-86.930076,40.827521],[-86.930175,40.813778],[-86.92912,40.75049],[-86.92875,40.73608],[-87.04124,40.7361],[-87.096819,40.73649],[-87.098689,40.765577],[-87.099049,40.774745],[-87.099268,40.7801],[-87.099645,40.823036],[-87.099793,40.837607]]]}},{"type":"Feature","id":"franklin|laurel","properties":{"key":"franklin|laurel"},"geometry":{"type":"Polygon","coordinates":[[[-85.241769,39.525701],[-85.176438,39.526277],[-85.168639,39.526301],[-85.129627,39.526655],[-85.129589,39.510386],[-85.12996,39.500021],[-85.129594,39.468948],[-85.166788,39.4686],[-85.166733,39.461213],[-85.167366,39.439519],[-85.190652,39.43934],[-85.230447,39.438835],[-85.24113,39.438925],[-85.24129,39.478567],[-85.241253,39.487734],[-85.241409,39.497316],[-85.241769,39.525701]]]}},{"type":"Feature","id":"ohio|cass","properties":{"key":"ohio|cass"},"geometry":{"type":"Polygon","coordinates":[[[-85.044175,38.903],[-85.043716,38.931577],[-85.02508,38.931477],[-85.024392,38.950738],[-85.024941,38.960714],[-85.007199,38.960292],[-85.002592,38.960632],[-84.993257,38.960271],[-84.954406,38.959896],[-84.949215,38.959912],[-84.949399,38.947635],[-84.950102,38.901117],[-85.009863,38.901542],[-85.025603,38.901796],[-85.043959,38.901932],[-85.044175,38.903]]]}},{"type":"Feature","id":"vigo|lostcreek","properties":{"key":"vigo|lostcreek"},"geometry":{"type":"Polygon","coordinates":[[[-87.350687,39.4483],[-87.350748,39.460863],[-87.350747,39.475351],[-87.350706,39.481745],[-87.350823,39.520733],[-87.343259,39.520664],[-87.339216,39.520799],[-87.294718,39.520437],[-87.290576,39.520784],[-87.267096,39.520751],[-87.243843,39.520707],[-87.238964,39.52062],[-87.239074,39.506532],[-87.239077,39.500163],[-87.239227,39.484598],[-87.239218,39.464551],[-87.239465,39.445924],[-87.239551,39.435823],[-87.248957,39.433678],[-87.276966,39.433728],[-87.286324,39.433748],[-87.295669,39.433722],[-87.314372,39.433803],[-87.328292,39.433775],[-87.333028,39.433763],[-87.351023,39.433755],[-87.350687,39.4483]]]}},{"type":"Feature","id":"cass|harrison","properties":{"key":"cass|harrison"},"geometry":{"type":"Polygon","coordinates":[[[-86.468233,40.909884],[-86.355867,40.909453],[-86.355197,40.83741],[-86.35485,40.822876],[-86.364575,40.822872],[-86.374183,40.822833],[-86.441317,40.822624],[-86.467988,40.822601],[-86.468016,40.833269],[-86.468176,40.85542],[-86.467711,40.866379],[-86.468233,40.909884]]]}},{"type":"Feature","id":"tippecanoe|lauramie","properties":{"key":"tippecanoe|lauramie"},"geometry":{"type":"Polygon","coordinates":[[[-86.865831,40.301462],[-86.818497,40.301515],[-86.808945,40.301514],[-86.695168,40.301334],[-86.695253,40.258211],[-86.695287,40.24877],[-86.695297,40.243435],[-86.695637,40.214367],[-86.742819,40.214505],[-86.809485,40.214856],[-86.86648,40.214915],[-86.865831,40.301462]]]}},{"type":"Feature","id":"miami|perry","properties":{"key":"miami|perry"},"geometry":{"type":"Polygon","coordinates":[[[-86.076505,40.997284],[-86.057288,40.997606],[-85.946436,40.999195],[-85.945427,40.964755],[-85.944713,40.942787],[-85.944114,40.913815],[-86.075715,40.911096],[-86.075862,40.925652],[-86.075912,40.932718],[-86.076505,40.997284]]]}},{"type":"Feature","id":"wells|jackson","properties":{"key":"wells|jackson"},"geometry":{"type":"Polygon","coordinates":[[[-85.448825,40.653607],[-85.398271,40.653695],[-85.34396,40.654801],[-85.334667,40.654413],[-85.334237,40.625104],[-85.333667,40.567327],[-85.447014,40.566929],[-85.448134,40.625133],[-85.448993,40.651271],[-85.448825,40.653607]]]}},{"type":"Feature","id":"dubois|marion","properties":{"key":"dubois|marion"},"geometry":{"type":"Polygon","coordinates":[[[-86.886789,38.437549],[-86.877414,38.437629],[-86.877325,38.444895],[-86.867917,38.4447],[-86.816519,38.445161],[-86.810098,38.445348],[-86.802761,38.445461],[-86.793389,38.44561],[-86.79335,38.438123],[-86.793444,38.432851],[-86.793105,38.375241],[-86.793087,38.366889],[-86.792786,38.351119],[-86.806901,38.351167],[-86.875183,38.350928],[-86.885911,38.350748],[-86.886493,38.36343],[-86.886579,38.389436],[-86.886722,38.423068],[-86.886789,38.437549]]]}},{"type":"Feature","id":"tipton|wildcat","properties":{"key":"tipton|wildcat"},"geometry":{"type":"Polygon","coordinates":[[[-85.994735,40.348225],[-85.994573,40.377177],[-85.994573,40.405983],[-85.975506,40.406227],[-85.918662,40.406524],[-85.862117,40.406889],[-85.862296,40.378367],[-85.861588,40.334744],[-85.931273,40.33443],[-85.966239,40.333988],[-85.995,40.33364],[-85.994735,40.348225]]]}},{"type":"Feature","id":"putnam|marion","properties":{"key":"putnam|marion"},"geometry":{"type":"Polygon","coordinates":[[[-86.794871,39.602068],[-86.794471,39.643978],[-86.794268,39.65291],[-86.794033,39.674536],[-86.793671,39.688856],[-86.687176,39.688141],[-86.687252,39.674012],[-86.687308,39.659509],[-86.687406,39.630437],[-86.68767,39.622637],[-86.688065,39.601356],[-86.756966,39.601872],[-86.794747,39.60186],[-86.794871,39.602068]]]}},{"type":"Feature","id":"tipton|prairie","properties":{"key":"tipton|prairie"},"geometry":{"type":"Polygon","coordinates":[[[-86.242992,40.373661],[-86.242812,40.402914],[-86.236438,40.402971],[-86.222285,40.40315],[-86.18413,40.403562],[-86.127113,40.404337],[-86.127081,40.382872],[-86.127069,40.368352],[-86.126894,40.331992],[-86.126828,40.310096],[-86.183748,40.309603],[-86.221915,40.308965],[-86.231206,40.309088],[-86.24276,40.30876],[-86.242893,40.337481],[-86.242952,40.344742],[-86.242992,40.373661]]]}},{"type":"Feature","id":"kosciusko|plain","properties":{"key":"kosciusko|plain"},"geometry":{"type":"Polygon","coordinates":[[[-85.884816,41.347762],[-85.844646,41.348376],[-85.806101,41.349062],[-85.767596,41.349552],[-85.767444,41.3438],[-85.766948,41.326464],[-85.766373,41.300314],[-85.766083,41.289386],[-85.765706,41.264012],[-85.784837,41.263826],[-85.800119,41.263609],[-85.808813,41.263704],[-85.823409,41.263389],[-85.841123,41.263121],[-85.852418,41.262945],[-85.861879,41.262795],[-85.866734,41.262742],[-85.874988,41.262324],[-85.882318,41.262286],[-85.882588,41.270509],[-85.882779,41.276978],[-85.884431,41.335088],[-85.884816,41.347762]]]}},{"type":"Feature","id":"dekalb|keyser","properties":{"key":"dekalb|keyser"},"geometry":{"type":"Polygon","coordinates":[[[-85.193449,41.343393],[-85.193044,41.351131],[-85.192948,41.380013],[-85.180817,41.380296],[-85.174892,41.380421],[-85.136457,41.381062],[-85.117873,41.380867],[-85.098275,41.381449],[-85.078714,41.381033],[-85.078611,41.372177],[-85.078549,41.366779],[-85.078442,41.359263],[-85.078388,41.354436],[-85.078332,41.349491],[-85.078222,41.331216],[-85.078215,41.326875],[-85.094183,41.322485],[-85.09832,41.322334],[-85.117502,41.323119],[-85.132095,41.322814],[-85.192876,41.322105],[-85.193449,41.343393]]]}},{"type":"Feature","id":"delaware|washington","properties":{"key":"delaware|washington"},"geometry":{"type":"Polygon","coordinates":[[[-85.578616,40.379312],[-85.559415,40.379024],[-85.553485,40.378771],[-85.482869,40.378848],[-85.477896,40.379008],[-85.463052,40.379425],[-85.44433,40.37914],[-85.443974,40.33532],[-85.443479,40.306302],[-85.481718,40.306458],[-85.497981,40.306375],[-85.51487,40.306461],[-85.577018,40.306381],[-85.577581,40.328301],[-85.578908,40.372547],[-85.578616,40.379312]]]}},{"type":"Feature","id":"randolph|green","properties":{"key":"randolph|green"},"geometry":{"type":"Polygon","coordinates":[[[-85.218758,40.306706],[-85.197131,40.306884],[-85.129988,40.307456],[-85.093534,40.307912],[-85.092758,40.264801],[-85.092539,40.250307],[-85.092328,40.243638],[-85.217735,40.242246],[-85.218144,40.263898],[-85.218525,40.287803],[-85.218619,40.298847],[-85.218717,40.304405],[-85.218758,40.306706]]]}},{"type":"Feature","id":"ripley|johnson","properties":{"key":"ripley|johnson"},"geometry":{"type":"Polygon","coordinates":[[[-85.31608,39.008837],[-85.315856,39.045581],[-85.315367,39.090651],[-85.315714,39.096656],[-85.31556,39.103836],[-85.296823,39.103587],[-85.271753,39.103407],[-85.25027,39.103422],[-85.240809,39.103439],[-85.240385,39.132885],[-85.191554,39.133593],[-85.187209,39.133664],[-85.187233,39.118984],[-85.187604,39.114155],[-85.187427,39.066789],[-85.187312,39.060954],[-85.185587,39.015862],[-85.186135,39.001699],[-85.22613,39.001089],[-85.273852,39.001126],[-85.288447,39.001095],[-85.296518,39.00109],[-85.316119,39.001382],[-85.31608,39.008837]]]}},{"type":"Feature","id":"huntington|huntington","properties":{"key":"huntington|huntington"},"geometry":{"type":"Polygon","coordinates":[[[-85.572227,40.912133],[-85.565469,40.912175],[-85.547962,40.916417],[-85.539225,40.916442],[-85.530245,40.91664],[-85.513549,40.916875],[-85.509182,40.916938],[-85.451515,40.917705],[-85.451959,40.899684],[-85.452018,40.887772],[-85.45129,40.875133],[-85.451343,40.859669],[-85.450788,40.83005],[-85.465322,40.829648],[-85.489161,40.829308],[-85.534661,40.828651],[-85.564674,40.828293],[-85.565126,40.851472],[-85.565051,40.86218],[-85.570389,40.862166],[-85.570639,40.876666],[-85.572154,40.889148],[-85.572227,40.912133]]]}},{"type":"Feature","id":"boone|jefferson","properties":{"key":"boone|jefferson"},"geometry":{"type":"Polygon","coordinates":[[[-86.695821,40.039949],[-86.695636,40.080645],[-86.69571,40.0984],[-86.66688,40.09836],[-86.61947,40.09812],[-86.58155,40.09783],[-86.58173,40.08358],[-86.544154,40.082826],[-86.54437,40.04008],[-86.54468,40.01726],[-86.554347,40.01726],[-86.554207,40.008077],[-86.558891,40.008091],[-86.58052,40.01011],[-86.61982,40.0102],[-86.69063,40.01033],[-86.695781,40.010581],[-86.695821,40.039949]]]}},{"type":"Feature","id":"owen|clay","properties":{"key":"owen|clay"},"geometry":{"type":"Polygon","coordinates":[[[-86.796507,39.253514],[-86.778065,39.25332],[-86.759562,39.253134],[-86.684315,39.252588],[-86.683813,39.222123],[-86.683002,39.165746],[-86.737617,39.166301],[-86.757545,39.166455],[-86.795205,39.166726],[-86.795287,39.173913],[-86.795666,39.180493],[-86.795217,39.184967],[-86.79556,39.19076],[-86.79583,39.211021],[-86.79616,39.231017],[-86.796339,39.235638],[-86.796507,39.253514]]]}},{"type":"Feature","id":"floyd|franklin","properties":{"key":"floyd|franklin"},"geometry":{"type":"Polygon","coordinates":[[[-85.95802,38.186623],[-85.957637,38.19934],[-85.955287,38.213357],[-85.955199,38.25774],[-85.918206,38.26039],[-85.918244,38.266752],[-85.909989,38.266764],[-85.91002,38.275141],[-85.903296,38.274829],[-85.895736,38.274904],[-85.884061,38.274804],[-85.884366,38.22966],[-85.8453551105113,38.2299360217731],[-85.852358,38.221942],[-85.8658404471968,38.2134403557805],[-85.871945,38.209591],[-85.880264,38.203369],[-85.893544,38.189015],[-85.8995474485423,38.1803704758282],[-85.900099,38.185471],[-85.939961,38.186135],[-85.958023,38.185939],[-85.95802,38.186623]]]}},{"type":"Feature","id":"shelby|shelby","properties":{"key":"shelby|shelby"},"geometry":{"type":"Polygon","coordinates":[[[-85.837665,39.465998],[-85.837246,39.48941],[-85.836861,39.49676],[-85.808916,39.497149],[-85.804846,39.49709],[-85.794153,39.4972],[-85.788983,39.497281],[-85.782692,39.497166],[-85.775492,39.497173],[-85.770383,39.497172],[-85.76135,39.497256],[-85.745718,39.497276],[-85.736288,39.497256],[-85.708599,39.497087],[-85.703452,39.49715],[-85.703513,39.476928],[-85.703406,39.45314],[-85.7033,39.438481],[-85.740939,39.43843],[-85.755347,39.438359],[-85.773825,39.438181],[-85.836738,39.438333],[-85.837428,39.460232],[-85.837665,39.465998]]]}},{"type":"Feature","id":"madison|vanburen","properties":{"key":"madison|vanburen"},"geometry":{"type":"Polygon","coordinates":[[[-85.671803,40.328194],[-85.671538,40.350053],[-85.671644,40.379356],[-85.578589,40.379524],[-85.578908,40.372547],[-85.577581,40.328301],[-85.577018,40.306381],[-85.65293,40.306359],[-85.671842,40.306507],[-85.671803,40.328194]]]}},{"type":"Feature","id":"noble|perry","properties":{"key":"noble|perry"},"geometry":{"type":"Polygon","coordinates":[[[-85.654747,41.523347],[-85.579198,41.52443],[-85.558407,41.524702],[-85.539159,41.52481],[-85.538243,41.437926],[-85.586144,41.437572],[-85.623098,41.437094],[-85.653507,41.436856],[-85.653563,41.480701],[-85.65391,41.487853],[-85.654747,41.523347]]]}},{"type":"Feature","id":"noble|allen","properties":{"key":"noble|allen"},"geometry":{"type":"Polygon","coordinates":[[[-85.308681,41.394829],[-85.308675,41.411057],[-85.308355,41.437871],[-85.289255,41.437784],[-85.28355,41.437806],[-85.26807,41.437702],[-85.263271,41.437617],[-85.258358,41.43784],[-85.253282,41.437563],[-85.241233,41.43754],[-85.204149,41.437789],[-85.197855,41.437592],[-85.193266,41.437385],[-85.193043,41.394609],[-85.192948,41.380013],[-85.193044,41.351131],[-85.216999,41.351168],[-85.22151,41.351164],[-85.23573,41.351177],[-85.309373,41.351614],[-85.308681,41.394829]]]}},{"type":"Feature","id":"brown|hamblen","properties":{"key":"brown|hamblen"},"geometry":{"type":"Polygon","coordinates":[[[-86.234342,39.341927],[-86.162713,39.342626],[-86.14424,39.34316],[-86.139569,39.343063],[-86.123194,39.343413],[-86.102763,39.343845],[-86.094815,39.344003],[-86.085601,39.344189],[-86.084421,39.327972],[-86.084098,39.299914],[-86.083377,39.25599],[-86.08241,39.246809],[-86.08204,39.233841],[-86.081824,39.226288],[-86.162833,39.225119],[-86.23094,39.225193],[-86.231676,39.251918],[-86.233153,39.264625],[-86.233979,39.311364],[-86.23415,39.3319],[-86.234342,39.341927]]]}},{"type":"Feature","id":"white|cass","properties":{"key":"white|cass"},"geometry":{"type":"Polygon","coordinates":[[[-86.69674,40.91223],[-86.620211,40.911423],[-86.601924,40.911162],[-86.583878,40.910959],[-86.58089,40.86259],[-86.5804,40.82481],[-86.628878,40.824956],[-86.63864,40.82504],[-86.69654,40.825229],[-86.696634,40.862806],[-86.69674,40.91223]]]}},{"type":"Feature","id":"porter|union","properties":{"key":"porter|union"},"geometry":{"type":"Polygon","coordinates":[[[-87.220633,41.521614],[-87.211836,41.521609],[-87.186538,41.521512],[-87.162601,41.52145],[-87.15308,41.521418],[-87.143446,41.521388],[-87.123995,41.521234],[-87.12377,41.492776],[-87.123765,41.473495],[-87.12362,41.466134],[-87.123757,41.461283],[-87.123649,41.449103],[-87.123671,41.434601],[-87.128721,41.434606],[-87.1618,41.434594],[-87.171499,41.434587],[-87.19077,41.434592],[-87.195514,41.434578],[-87.219625,41.434595],[-87.219953,41.470702],[-87.220021,41.484983],[-87.220194,41.507054],[-87.220633,41.521614]]]}},{"type":"Feature","id":"kosciusko|vanburen","properties":{"key":"kosciusko|vanburen"},"geometry":{"type":"Polygon","coordinates":[[[-85.885904,41.413071],[-85.885824,41.435641],[-85.85593,41.43518],[-85.851632,41.43494],[-85.845929,41.435158],[-85.788535,41.435439],[-85.768708,41.435745],[-85.7685,41.420918],[-85.768284,41.410032],[-85.768035,41.385822],[-85.767953,41.378559],[-85.767596,41.349552],[-85.806101,41.349062],[-85.844646,41.348376],[-85.884816,41.347762],[-85.885262,41.362904],[-85.885846,41.394357],[-85.885904,41.413071]]]}},{"type":"Feature","id":"lawrence|pleasantrun","properties":{"key":"lawrence|pleasantrun"},"geometry":{"type":"Polygon","coordinates":[[[-86.461542,38.91178],[-86.460886,38.938946],[-86.461535,38.991673],[-86.451129,38.99148],[-86.37499,38.990699],[-86.367515,38.990875],[-86.317474,38.99087],[-86.280389,38.991028],[-86.279597,38.97538],[-86.279531,38.968251],[-86.279437,38.961106],[-86.279232,38.950377],[-86.278447,38.903628],[-86.277353,38.878099],[-86.285727,38.87441],[-86.300743,38.874603],[-86.305563,38.874619],[-86.319297,38.874489],[-86.331787,38.874592],[-86.332647,38.903803],[-86.399241,38.904057],[-86.460697,38.904513],[-86.461542,38.91178]]]}},{"type":"Feature","id":"harrison|webster","properties":{"key":"harrison|webster"},"geometry":{"type":"Polygon","coordinates":[[[-86.106321,38.112853],[-86.105165,38.156582],[-86.087124,38.156459],[-86.086833,38.162748],[-86.086916,38.185756],[-86.055035,38.18513],[-86.050721,38.185061],[-86.015011,38.185137],[-85.99516,38.185745],[-85.995098,38.171916],[-85.994905,38.160468],[-86.014287,38.15745],[-86.013631,38.097282],[-86.031942,38.097294],[-86.103707,38.097979],[-86.106321,38.112853]]]}},{"type":"Feature","id":"fulton|aubbeenaubbee","properties":{"key":"fulton|aubbeenaubbee"},"geometry":{"type":"Polygon","coordinates":[[[-86.467408,41.098054],[-86.467215,41.113259],[-86.467046,41.171442],[-86.415231,41.171715],[-86.356927,41.17199],[-86.357004,41.116754],[-86.356878,41.084593],[-86.39533,41.084455],[-86.433781,41.084304],[-86.45657,41.084215],[-86.467221,41.084228],[-86.467224,41.095133],[-86.467408,41.098054]]]}},{"type":"Feature","id":"warrick|owen","properties":{"key":"warrick|owen"},"geometry":{"type":"Polygon","coordinates":[[[-87.24332,38.143586],[-87.243242,38.177891],[-87.163477,38.176804],[-87.154242,38.176911],[-87.125871,38.176123],[-87.126721,38.118467],[-87.131757,38.118539],[-87.222391,38.119687],[-87.243518,38.119952],[-87.24332,38.143586]]]}},{"type":"Feature","id":"fountain|shawnee","properties":{"key":"fountain|shawnee"},"geometry":{"type":"Polygon","coordinates":[[[-87.339273,40.223173],[-87.332907,40.228729],[-87.33067,40.233294],[-87.320717,40.238957],[-87.317115,40.243782],[-87.311889,40.250036],[-87.306453,40.252897],[-87.301423,40.254836],[-87.296365,40.255546],[-87.262517,40.258575],[-87.250004,40.258666],[-87.243336,40.258195],[-87.231381,40.25807],[-87.200743,40.25815],[-87.192469,40.258068],[-87.186296,40.25831],[-87.186379,40.229192],[-87.2055,40.229097],[-87.20546,40.221934],[-87.205499,40.214609],[-87.205092,40.185718],[-87.262521,40.186081],[-87.30053,40.186056],[-87.310106,40.186077],[-87.338891,40.186415],[-87.338993,40.19367],[-87.339273,40.223173]]]}},{"type":"Feature","id":"adams|washington","properties":{"key":"adams|washington"},"geometry":{"type":"Polygon","coordinates":[[[-84.996011,40.832187],[-84.976612,40.832229],[-84.956006,40.832266],[-84.944186,40.832396],[-84.931208,40.832555],[-84.92152,40.832962],[-84.90148,40.833092],[-84.893304,40.833182],[-84.887132,40.833234],[-84.880704,40.833289],[-84.880488,40.818664],[-84.880126,40.803514],[-84.880096,40.78966],[-84.879674,40.745952],[-84.898519,40.745652],[-84.917645,40.745367],[-84.927206,40.745206],[-84.934912,40.745083],[-84.947779,40.744982],[-84.953918,40.744939],[-84.975144,40.744738],[-84.994913,40.744301],[-84.995544,40.802803],[-84.996019,40.830108],[-84.996011,40.832187]]]}},{"type":"Feature","id":"parke|reserve","properties":{"key":"parke|reserve"},"geometry":{"type":"Polygon","coordinates":[[[-87.385538,39.833365],[-87.380413,39.837196],[-87.373172,39.8377],[-87.366394,39.842871],[-87.363436,39.847527],[-87.361533,39.854632],[-87.35597,39.858648],[-87.354621,39.863566],[-87.359803,39.866112],[-87.365479,39.866876],[-87.31102,39.867907],[-87.310907,39.853218],[-87.292364,39.853299],[-87.29256,39.844919],[-87.292703,39.838859],[-87.292931,39.812026],[-87.293034,39.8046],[-87.293001,39.795598],[-87.276713,39.795241],[-87.274053,39.78265],[-87.291986,39.782633],[-87.301655,39.78276],[-87.348407,39.783068],[-87.365192,39.783086],[-87.372478,39.783062],[-87.374596,39.792434],[-87.379053,39.797455],[-87.383561,39.804818],[-87.385191,39.812684],[-87.385173,39.819979],[-87.385366,39.824187],[-87.385644,39.830419],[-87.385538,39.833365]]]}},{"type":"Feature","id":"dubois|bainbridge","properties":{"key":"dubois|bainbridge"},"geometry":{"type":"Polygon","coordinates":[[[-86.980043,38.436828],[-86.9631,38.43695],[-86.956472,38.436983],[-86.951817,38.437012],[-86.942645,38.437094],[-86.937915,38.437201],[-86.928517,38.437447],[-86.891243,38.437718],[-86.886789,38.437549],[-86.886722,38.423068],[-86.886579,38.389436],[-86.886493,38.36343],[-86.885911,38.350748],[-86.88589,38.336374],[-86.90058,38.336035],[-86.905213,38.335712],[-86.950914,38.335214],[-86.959464,38.335035],[-86.979086,38.335293],[-86.979445,38.343053],[-86.979314,38.356868],[-86.97941,38.364569],[-86.979331,38.372682],[-86.979288,38.378384],[-86.979869,38.383728],[-86.979931,38.388296],[-86.979895,38.393081],[-86.97994,38.398334],[-86.980043,38.436828]]]}},{"type":"Feature","id":"bartholomew|german","properties":{"key":"bartholomew|german"},"geometry":{"type":"Polygon","coordinates":[[[-86.008223,39.274055],[-86.000708,39.274176],[-85.99423,39.280552],[-85.987271,39.282872],[-85.9815,39.286172],[-85.980176,39.291989],[-85.986957,39.295167],[-85.990493,39.315627],[-85.980814,39.315728],[-85.980857,39.321168],[-85.977391,39.327882],[-85.980982,39.33354],[-85.98511,39.334366],[-85.981105,39.335616],[-85.981054,39.339697],[-85.983263,39.346665],[-85.977935,39.346621],[-85.968865,39.346899],[-85.963199,39.347048],[-85.952005,39.347373],[-85.94282,39.347584],[-85.870936,39.349259],[-85.85746,39.349312],[-85.863326,39.347135],[-85.864684,39.341981],[-85.859973,39.339046],[-85.86417,39.33292],[-85.859874,39.332164],[-85.861291,39.327569],[-85.865303,39.326177],[-85.866618,39.322146],[-85.872101,39.323842],[-85.876624,39.326314],[-85.882023,39.324891],[-85.886129,39.325384],[-85.891258,39.320757],[-85.894888,39.316337],[-85.893259,39.31013],[-85.899184,39.305493],[-85.901501,39.299938],[-85.904168,39.292077],[-85.907893,39.287461],[-85.908117,39.281711],[-85.913192,39.276372],[-85.917648,39.273926],[-85.921444,39.269166],[-85.922033,39.264783],[-85.922,39.260468],[-85.927118,39.259421],[-85.939429,39.25912],[-85.953997,39.258809],[-86.007622,39.257567],[-86.008223,39.274055]]]}},{"type":"Feature","id":"clark|union","properties":{"key":"clark|union"},"geometry":{"type":"Polygon","coordinates":[[[-85.821919,38.494526],[-85.811454,38.50038],[-85.805005,38.502525],[-85.796373,38.507091],[-85.78125,38.516552],[-85.771681,38.506171],[-85.764823,38.507162],[-85.760583,38.509616],[-85.74945,38.498409],[-85.73516,38.50628],[-85.730386,38.500975],[-85.712868,38.481678],[-85.723874,38.475634],[-85.715015,38.465919],[-85.719914,38.460704],[-85.724516,38.4617],[-85.729059,38.459333],[-85.735643,38.454455],[-85.74252,38.448073],[-85.75188,38.442608],[-85.764787,38.435162],[-85.770573,38.432001],[-85.773472,38.438319],[-85.778036,38.437024],[-85.782578,38.438918],[-85.788862,38.442778],[-85.794037,38.444456],[-85.794514,38.449536],[-85.79892,38.449062],[-85.802977,38.452257],[-85.807806,38.450091],[-85.815207,38.450618],[-85.80467,38.455834],[-85.807532,38.461609],[-85.813189,38.467276],[-85.821684,38.476722],[-85.811311,38.483014],[-85.817966,38.49045],[-85.821919,38.494526]]]}},{"type":"Feature","id":"tipton|liberty","properties":{"key":"tipton|liberty"},"geometry":{"type":"Polygon","coordinates":[[[-86.127113,40.404337],[-86.069994,40.405058],[-85.994573,40.405983],[-85.994573,40.377177],[-85.994735,40.348225],[-85.995,40.33364],[-86.032259,40.333074],[-86.08907,40.33254],[-86.108041,40.332269],[-86.126894,40.331992],[-86.127069,40.368352],[-86.127081,40.382872],[-86.127113,40.404337]]]}},{"type":"Feature","id":"noble|york","properties":{"key":"noble|york"},"geometry":{"type":"Polygon","coordinates":[[[-85.539,41.402583],[-85.539002,41.416721],[-85.538509,41.422805],[-85.538243,41.437926],[-85.517426,41.437953],[-85.423375,41.438575],[-85.423635,41.424428],[-85.423745,41.411128],[-85.442821,41.410173],[-85.443082,41.381135],[-85.424065,41.381146],[-85.423955,41.376902],[-85.424242,41.366736],[-85.424618,41.35458],[-85.447436,41.352231],[-85.460461,41.352205],[-85.483155,41.352157],[-85.496301,41.352049],[-85.535886,41.352224],[-85.53882,41.388115],[-85.538789,41.394764],[-85.539,41.402583]]]}},{"type":"Feature","id":"pike|madison","properties":{"key":"pike|madison"},"geometry":{"type":"Polygon","coordinates":[[[-87.389384,38.53891],[-87.38381,38.537772],[-87.379712,38.531881],[-87.381705,38.522303],[-87.381389,38.517863],[-87.377446,38.513857],[-87.372548,38.512157],[-87.367596,38.512944],[-87.362233,38.519891],[-87.36214,38.525937],[-87.368331,38.532797],[-87.370095,38.538029],[-87.366157,38.543348],[-87.360233,38.544128],[-87.355054,38.543528],[-87.35091,38.541603],[-87.342292,38.534826],[-87.337347,38.531475],[-87.328896,38.526687],[-87.323962,38.524044],[-87.318193,38.521986],[-87.314399,38.49806],[-87.314686,38.450823],[-87.351805,38.450912],[-87.369915,38.45097],[-87.382689,38.451029],[-87.388533,38.450871],[-87.389351,38.500048],[-87.389384,38.53891]]]}},{"type":"Feature","id":"crawford|union","properties":{"key":"crawford|union"},"geometry":{"type":"Polygon","coordinates":[[[-86.571116,38.224334],[-86.570136,38.266328],[-86.569044,38.323607],[-86.513741,38.323308],[-86.514327,38.294381],[-86.485834,38.294175],[-86.478535,38.294115],[-86.467741,38.293991],[-86.463179,38.293944],[-86.458621,38.293898],[-86.458794,38.280011],[-86.459079,38.265461],[-86.460425,38.206825],[-86.571675,38.207529],[-86.571116,38.224334]]]}},{"type":"Feature","id":"henry|dudley","properties":{"key":"henry|dudley"},"geometry":{"type":"Polygon","coordinates":[[[-85.319878,39.873001],[-85.271288,39.873101],[-85.259213,39.873188],[-85.220728,39.873576],[-85.221063,39.832259],[-85.221136,39.81185],[-85.221118,39.788449],[-85.301584,39.787579],[-85.31955,39.787356],[-85.319768,39.845512],[-85.319878,39.873001]]]}},{"type":"Feature","id":"greene|taylor","properties":{"key":"greene|taylor"},"geometry":{"type":"Polygon","coordinates":[[[-86.959797,38.903741],[-86.959398,38.950426],[-86.959443,38.957493],[-86.959291,38.976296],[-86.955078,38.982058],[-86.949156,38.986137],[-86.948135,38.990957],[-86.845044,38.993777],[-86.83091,38.993717],[-86.831221,38.972277],[-86.831119,38.959475],[-86.831419,38.904325],[-86.847591,38.904307],[-86.895104,38.904209],[-86.904252,38.904204],[-86.914855,38.904027],[-86.959608,38.903217],[-86.959797,38.903741]]]}},{"type":"Feature","id":"pike|lockhart","properties":{"key":"pike|lockhart"},"geometry":{"type":"Polygon","coordinates":[[[-87.200962,38.333673],[-87.182383,38.333931],[-87.125004,38.334713],[-87.109907,38.334949],[-87.09741,38.334589],[-87.093095,38.334551],[-87.072602,38.334686],[-87.072478,38.303885],[-87.072635,38.290864],[-87.073136,38.277568],[-87.073107,38.269567],[-87.07298,38.250637],[-87.073067,38.232596],[-87.125002,38.23295],[-87.149108,38.232247],[-87.16273,38.231626],[-87.186085,38.231285],[-87.199807,38.231038],[-87.200187,38.260948],[-87.200962,38.333673]]]}},{"type":"Feature","id":"cass|miami","properties":{"key":"cass|miami"},"geometry":{"type":"Polygon","coordinates":[[[-86.300025,40.756806],[-86.299934,40.764491],[-86.299881,40.770286],[-86.292269,40.767121],[-86.285226,40.769888],[-86.279837,40.772013],[-86.271187,40.772663],[-86.266593,40.773225],[-86.265359,40.779406],[-86.263132,40.78565],[-86.25917,40.789805],[-86.258919,40.796002],[-86.251954,40.797151],[-86.246807,40.800344],[-86.242295,40.801152],[-86.238237,40.797374],[-86.232938,40.797369],[-86.225407,40.795936],[-86.218052,40.79125],[-86.211257,40.793875],[-86.204136,40.792474],[-86.198844,40.796997],[-86.193922,40.804372],[-86.190419,40.808519],[-86.185546,40.812321],[-86.179121,40.816101],[-86.173452,40.816916],[-86.167992,40.816373],[-86.168243,40.793274],[-86.168306,40.785866],[-86.168858,40.743517],[-86.174407,40.74389],[-86.179496,40.742342],[-86.185422,40.740176],[-86.191736,40.741546],[-86.198137,40.740627],[-86.205081,40.737883],[-86.210371,40.737146],[-86.213372,40.742368],[-86.218521,40.744514],[-86.223415,40.75004],[-86.227614,40.751668],[-86.231698,40.752894],[-86.239528,40.760827],[-86.244942,40.763021],[-86.251824,40.762138],[-86.259304,40.758477],[-86.265383,40.756668],[-86.271874,40.754949],[-86.27887,40.75477],[-86.288706,40.750609],[-86.293866,40.748723],[-86.29996,40.749125],[-86.300025,40.756806]]]}},{"type":"Feature","id":"clay|sugarridge","properties":{"key":"clay|sugarridge"},"geometry":{"type":"Polygon","coordinates":[[[-87.181499,39.32356],[-87.177171,39.329254],[-87.171753,39.331288],[-87.165606,39.333443],[-87.16031,39.334892],[-87.15465,39.33851],[-87.14947,39.342005],[-87.14906,39.347962],[-87.144139,39.355851],[-87.138204,39.361665],[-87.138625,39.367528],[-87.133161,39.370779],[-87.129821,39.375035],[-87.126702,39.415972],[-87.126499,39.431358],[-87.053816,39.430396],[-87.054031,39.415047],[-87.054261,39.371454],[-87.053757,39.347371],[-87.058452,39.347761],[-87.068706,39.35014],[-87.073068,39.350483],[-87.078126,39.347553],[-87.082041,39.34286],[-87.092002,39.342918],[-87.099505,39.34368],[-87.100062,39.338782],[-87.105015,39.341206],[-87.112319,39.337999],[-87.115037,39.332841],[-87.113647,39.328555],[-87.117887,39.326989],[-87.127337,39.329091],[-87.133202,39.327697],[-87.138095,39.327974],[-87.146671,39.32649],[-87.154009,39.325165],[-87.158222,39.327203],[-87.164205,39.324892],[-87.168655,39.323977],[-87.174048,39.323291],[-87.181415,39.317432],[-87.181499,39.32356]]]}},{"type":"Feature","id":"franklin|whitewater","properties":{"key":"franklin|whitewater"},"geometry":{"type":"Polygon","coordinates":[[[-84.928468,39.351238],[-84.928305,39.364083],[-84.928094,39.393207],[-84.906884,39.393016],[-84.87369,39.392547],[-84.824705,39.391875],[-84.818376,39.391782],[-84.8185656789124,39.3486409782274],[-84.819238,39.317044],[-84.819451,39.305152],[-84.843152,39.305454],[-84.886371,39.305834],[-84.896591,39.305803],[-84.905948,39.306079],[-84.910494,39.305874],[-84.928906,39.305939],[-84.928468,39.351238]]]}},{"type":"Feature","id":"lake|eaglecreek","properties":{"key":"lake|eaglecreek"},"geometry":{"type":"Polygon","coordinates":[[[-87.335629,41.362333],[-87.296908,41.362213],[-87.277463,41.362125],[-87.277567,41.347482],[-87.258413,41.347344],[-87.258882,41.333065],[-87.220266,41.333327],[-87.219617,41.304046],[-87.218812,41.261021],[-87.219026,41.242891],[-87.226372,41.235507],[-87.275882,41.218595],[-87.28573,41.215202],[-87.294931,41.208421],[-87.324599,41.186203],[-87.33146,41.182988],[-87.333302,41.202649],[-87.334394,41.289448],[-87.335424,41.34038],[-87.335475,41.347723],[-87.335629,41.362333]]]}},{"type":"Feature","id":"scott|johnson","properties":{"key":"scott|johnson"},"geometry":{"type":"Polygon","coordinates":[[[-85.756895,38.707691],[-85.738413,38.707955],[-85.739149,38.743636],[-85.739931,38.819343],[-85.734861,38.822909],[-85.730854,38.824604],[-85.734689,38.828859],[-85.729192,38.828731],[-85.726554,38.824514],[-85.71918,38.823188],[-85.715524,38.828224],[-85.710258,38.827516],[-85.706191,38.824404],[-85.70575,38.818797],[-85.699987,38.818134],[-85.694663,38.81747],[-85.683839,38.815406],[-85.683338,38.736731],[-85.664357,38.736888],[-85.664274,38.730018],[-85.646218,38.729859],[-85.645982,38.717964],[-85.64576,38.708018],[-85.664237,38.70806],[-85.67354,38.706406],[-85.682693,38.704336],[-85.682533,38.693525],[-85.719536,38.693575],[-85.756567,38.693343],[-85.756738,38.700536],[-85.756895,38.707691]]]}},{"type":"Feature","id":"scott|vienna","properties":{"key":"scott|vienna"},"geometry":{"type":"Polygon","coordinates":[[[-85.831693,38.727077],[-85.826759,38.726832],[-85.796282,38.725383],[-85.790936,38.72339],[-85.786125,38.717402],[-85.777254,38.708452],[-85.767091,38.699519],[-85.76066,38.695733],[-85.756625,38.694607],[-85.719536,38.693575],[-85.718795,38.64806],[-85.719116,38.623946],[-85.708271,38.61231],[-85.719718,38.60554],[-85.723834,38.605534],[-85.749963,38.605848],[-85.755401,38.605622],[-85.765478,38.605483],[-85.781355,38.605076],[-85.793584,38.604814],[-85.793629,38.590333],[-85.803143,38.590261],[-85.802994,38.58301],[-85.812343,38.582911],[-85.812366,38.60393],[-85.812684,38.623826],[-85.812759,38.648615],[-85.823075,38.648739],[-85.823151,38.677834],[-85.827048,38.681847],[-85.827456,38.68657],[-85.827338,38.718494],[-85.829557,38.724672],[-85.831693,38.727077]]]}},{"type":"Feature","id":"harrison|spencer","properties":{"key":"harrison|spencer"},"geometry":{"type":"Polygon","coordinates":[[[-86.289123,38.317517],[-86.284786,38.320742],[-86.283505,38.325233],[-86.287082,38.330395],[-86.282725,38.329754],[-86.281734,38.323739],[-86.274816,38.320347],[-86.273676,38.324447],[-86.273667,38.329691],[-86.274908,38.335807],[-86.266529,38.335671],[-86.250127,38.335497],[-86.22705,38.334974],[-86.221827,38.334823],[-86.214432,38.334628],[-86.180045,38.333643],[-86.161326,38.333371],[-86.161523,38.326836],[-86.161758,38.318636],[-86.162248,38.303845],[-86.162468,38.28939],[-86.161934,38.261201],[-86.174726,38.261574],[-86.187026,38.261714],[-86.200341,38.26156],[-86.200446,38.242131],[-86.200704,38.232658],[-86.239865,38.233814],[-86.276738,38.234084],[-86.275583,38.266078],[-86.275035,38.273419],[-86.274895,38.278443],[-86.279868,38.283037],[-86.272629,38.281295],[-86.267502,38.280192],[-86.266716,38.284895],[-86.26138,38.284077],[-86.256689,38.284355],[-86.254871,38.290669],[-86.253367,38.295328],[-86.258788,38.296949],[-86.263056,38.294948],[-86.265061,38.302444],[-86.258957,38.305092],[-86.263639,38.30805],[-86.269594,38.307942],[-86.274589,38.300835],[-86.275885,38.306802],[-86.281613,38.310878],[-86.286142,38.314399],[-86.289123,38.317517]]]}},{"type":"Feature","id":"madison|monroe","properties":{"key":"madison|monroe"},"geometry":{"type":"Polygon","coordinates":[[[-85.747193,40.277531],[-85.747052,40.306265],[-85.709595,40.306295],[-85.671842,40.306507],[-85.656415,40.306372],[-85.577018,40.306381],[-85.576696,40.291737],[-85.576513,40.27724],[-85.576388,40.255816],[-85.575869,40.248176],[-85.575623,40.21892],[-85.665082,40.219473],[-85.671468,40.219501],[-85.709327,40.219584],[-85.728376,40.219629],[-85.728264,40.248518],[-85.728291,40.262915],[-85.737648,40.263105],[-85.747303,40.263056],[-85.747193,40.277531]]]}},{"type":"Feature","id":"howard|liberty","properties":{"key":"howard|liberty"},"geometry":{"type":"Polygon","coordinates":[[[-86.013325,40.564128],[-85.938785,40.564799],[-85.938074,40.521454],[-85.938029,40.492537],[-85.938081,40.478052],[-85.937563,40.464293],[-85.942745,40.464299],[-85.947162,40.464317],[-85.947036,40.449828],[-85.970789,40.449692],[-85.970757,40.435073],[-85.975437,40.435066],[-85.984902,40.435139],[-85.984987,40.441503],[-85.994446,40.441509],[-85.994543,40.449548],[-86.012806,40.449413],[-86.01285,40.477684],[-86.012816,40.484797],[-86.012796,40.492071],[-86.012819,40.513865],[-86.013325,40.564128]]]}},{"type":"Feature","id":"bartholomew|harrison","properties":{"key":"bartholomew|harrison"},"geometry":{"type":"Polygon","coordinates":[[[-86.081685,39.219382],[-86.072395,39.21943],[-86.067771,39.217787],[-86.058125,39.21959],[-86.053545,39.21636],[-86.040875,39.21994],[-86.034915,39.220309],[-86.030455,39.220049],[-86.021704,39.220531],[-86.015945,39.22298],[-86.006579,39.220774],[-86.006704,39.227903],[-85.999926,39.228408],[-85.99465,39.228275],[-85.987845,39.228506],[-85.987442,39.207658],[-85.987153,39.194272],[-85.987056,39.189418],[-85.98694,39.180383],[-85.986747,39.170341],[-85.986469,39.165199],[-85.986419,39.155903],[-86.003919,39.154207],[-86.024499,39.153948],[-86.033669,39.153317],[-86.039504,39.153067],[-86.044015,39.15291],[-86.048972,39.152844],[-86.053647,39.152806],[-86.058783,39.152779],[-86.080294,39.152543],[-86.080682,39.168336],[-86.081248,39.197351],[-86.081685,39.219382]]]}},{"type":"Feature","id":"floyd|lafayette","properties":{"key":"floyd|lafayette"},"geometry":{"type":"Polygon","coordinates":[[[-85.920403,38.403918],[-85.894328,38.404027],[-85.883281,38.404162],[-85.829339,38.404249],[-85.827469,38.394249],[-85.827134,38.372604],[-85.827154,38.367463],[-85.827411,38.363288],[-85.846108,38.361717],[-85.846058,38.348604],[-85.846877,38.336451],[-85.846877,38.331695],[-85.855612,38.331577],[-85.855464,38.324439],[-85.865351,38.323712],[-85.865321,38.317071],[-85.88305,38.317106],[-85.883693,38.306265],[-85.884041,38.301798],[-85.89377,38.302062],[-85.901614,38.302195],[-85.90155,38.310403],[-85.90127,38.315835],[-85.901298,38.326694],[-85.901722,38.331793],[-85.914402,38.331726],[-85.919679,38.331266],[-85.919758,38.340141],[-85.919814,38.3448],[-85.919581,38.356908],[-85.919793,38.362783],[-85.920403,38.403918]]]}},{"type":"Feature","id":"jennings|lovett","properties":{"key":"jennings|lovett"},"geometry":{"type":"Polygon","coordinates":[[[-85.738124,38.90209],[-85.734182,38.907228],[-85.728557,38.913084],[-85.728157,38.91745],[-85.720547,38.926375],[-85.714337,38.929856],[-85.709386,38.93448],[-85.703673,38.936586],[-85.694299,38.940273],[-85.685227,38.940929],[-85.679382,38.940818],[-85.6587,38.940955],[-85.650407,38.940618],[-85.630498,38.940724],[-85.630948,38.922559],[-85.63078,38.918535],[-85.624855,38.91856],[-85.606474,38.91892],[-85.599639,38.916398],[-85.598352,38.92054],[-85.591349,38.918803],[-85.589769,38.923037],[-85.587365,38.918781],[-85.580217,38.917798],[-85.573978,38.919423],[-85.573868,38.911635],[-85.539003,38.912201],[-85.537431,38.88278],[-85.557484,38.882816],[-85.573806,38.882658],[-85.611202,38.882963],[-85.6672,38.88269],[-85.684261,38.882535],[-85.684183,38.896857],[-85.703262,38.89638],[-85.737411,38.896779],[-85.738124,38.90209]]]}},{"type":"Feature","id":"morgan|ray","properties":{"key":"morgan|ray"},"geometry":{"type":"Polygon","coordinates":[[[-86.63191,39.441086],[-86.575575,39.440761],[-86.54475,39.440204],[-86.540095,39.44016],[-86.539951,39.416401],[-86.539824,39.388422],[-86.539961,39.383233],[-86.535162,39.380855],[-86.532883,39.37684],[-86.538855,39.376479],[-86.542874,39.375525],[-86.547378,39.372024],[-86.554414,39.372363],[-86.561415,39.373238],[-86.569625,39.372071],[-86.575394,39.36895],[-86.582159,39.368292],[-86.586443,39.367293],[-86.588309,39.362785],[-86.594729,39.365264],[-86.599564,39.366191],[-86.599993,39.358301],[-86.60419,39.357164],[-86.610095,39.355529],[-86.614518,39.353615],[-86.619108,39.352449],[-86.626015,39.350769],[-86.630818,39.346948],[-86.630719,39.370838],[-86.630955,39.406256],[-86.631148,39.414533],[-86.630779,39.426545],[-86.631824,39.430742],[-86.63191,39.441086]]]}},{"type":"Feature","id":"allen|maumee","properties":{"key":"allen|maumee"},"geometry":{"type":"Polygon","coordinates":[[[-84.88962,41.183602],[-84.845155,41.184262],[-84.8034375809803,41.1850639188717],[-84.803431,41.180322],[-84.80355,41.172075],[-84.803439,41.164331],[-84.803486,41.142216],[-84.8034908174015,41.1359070105507],[-84.803502,41.121262],[-84.803398229874,41.0968668642052],[-84.885733,41.09517],[-84.886092,41.109804],[-84.887545,41.138974],[-84.888064,41.150532],[-84.888677,41.166491],[-84.889162,41.178703],[-84.88962,41.183602]]]}},{"type":"Feature","id":"laporte|prairie","properties":{"key":"laporte|prairie"},"geometry":{"type":"Polygon","coordinates":[[[-86.814759,41.36097],[-86.814607,41.375479],[-86.750196,41.375388],[-86.711754,41.375345],[-86.719406,41.366962],[-86.723478,41.361007],[-86.724493,41.35257],[-86.727271,41.347841],[-86.734779,41.338822],[-86.737156,41.33337],[-86.737434,41.325952],[-86.739995,41.321708],[-86.746308,41.317003],[-86.761338,41.307617],[-86.783473,41.285465],[-86.814652,41.273501],[-86.814689,41.284909],[-86.814884,41.346418],[-86.814759,41.36097]]]}},{"type":"Feature","id":"vanderburgh|armstrong","properties":{"key":"vanderburgh|armstrong"},"geometry":{"type":"Polygon","coordinates":[[[-87.697279,38.090068],[-87.697203,38.094287],[-87.697039,38.10657],[-87.69704,38.11103],[-87.696985,38.117126],[-87.696775,38.124843],[-87.688918,38.12471],[-87.688826,38.130697],[-87.688528,38.162167],[-87.688374,38.168419],[-87.663774,38.16834],[-87.596682,38.167455],[-87.597239,38.123905],[-87.597313,38.10903],[-87.59761,38.098101],[-87.634643,38.094811],[-87.634626,38.080408],[-87.641375,38.080523],[-87.697367,38.080302],[-87.697279,38.090068]]]}},{"type":"Feature","id":"delaware|union","properties":{"key":"delaware|union"},"geometry":{"type":"Polygon","coordinates":[[[-85.444323,40.378746],[-85.35091,40.378424],[-85.331731,40.378811],[-85.33186,40.349459],[-85.331639,40.33393],[-85.331419,40.3059],[-85.349281,40.306007],[-85.355229,40.306015],[-85.368748,40.306048],[-85.443479,40.306302],[-85.443974,40.33532],[-85.444323,40.378746]]]}},{"type":"Feature","id":"dubois|harbison","properties":{"key":"dubois|harbison"},"geometry":{"type":"Polygon","coordinates":[[[-86.9423,38.466598],[-86.942513,38.492593],[-86.93958,38.496707],[-86.93908,38.501869],[-86.933048,38.505367],[-86.924186,38.505358],[-86.922116,38.499918],[-86.913987,38.495995],[-86.908561,38.499382],[-86.900552,38.50129],[-86.892856,38.496287],[-86.888634,38.494985],[-86.880053,38.494796],[-86.876308,38.501304],[-86.869432,38.506529],[-86.862684,38.508244],[-86.855701,38.509107],[-86.84418,38.51517],[-86.837336,38.521543],[-86.837462,38.526468],[-86.831372,38.526355],[-86.825266,38.526241],[-86.819134,38.526404],[-86.794992,38.525998],[-86.792415,38.511421],[-86.793399,38.456627],[-86.793401,38.446847],[-86.802761,38.445461],[-86.807532,38.445273],[-86.816519,38.445161],[-86.867917,38.4447],[-86.877325,38.444895],[-86.877414,38.437629],[-86.886789,38.437549],[-86.891243,38.437718],[-86.928517,38.437447],[-86.937915,38.437201],[-86.942645,38.437094],[-86.9423,38.466598]]]}},{"type":"Feature","id":"stjoseph|german","properties":{"key":"stjoseph|german"},"geometry":{"type":"Polygon","coordinates":[[[-86.351174,41.703393],[-86.351172,41.710531],[-86.351014,41.722469],[-86.350914,41.730212],[-86.3507867033177,41.7599709206526],[-86.3410459983916,41.7599978823163],[-86.331994795021,41.7600229354827],[-86.3236421253822,41.7600460551514],[-86.3130394336875,41.7600754027407],[-86.3038234526806,41.7601009120014],[-86.272494406634,41.7601876288469],[-86.27232,41.751159],[-86.271908,41.746995],[-86.273453,41.737319],[-86.269169,41.73071],[-86.267274,41.723112],[-86.27626,41.722964],[-86.282888,41.722885],[-86.28236,41.716262],[-86.278072,41.70876],[-86.286388,41.708305],[-86.293777,41.708229],[-86.293615,41.700943],[-86.303244,41.70093],[-86.307769,41.700886],[-86.307813,41.696289],[-86.315215,41.693542],[-86.336854,41.693517],[-86.351262,41.693566],[-86.351174,41.703393]]]}},{"type":"Feature","id":"knox|washington","properties":{"key":"knox|washington"},"geometry":{"type":"Polygon","coordinates":[[[-87.505339,38.73497],[-87.49652,38.739336],[-87.503318,38.74708],[-87.498948,38.757774],[-87.4977016573747,38.762588078284],[-87.4978813564732,38.7674824801118],[-87.491517,38.764894],[-87.485377,38.765629],[-87.47924,38.766058],[-87.474205,38.771824],[-87.467363,38.77333],[-87.46334,38.772673],[-87.460822,38.77767],[-87.456653,38.78169],[-87.452291,38.786116],[-87.448218,38.789465],[-87.439477,38.79519],[-87.434683,38.796201],[-87.43106,38.801313],[-87.427025,38.805049],[-87.420798,38.808717],[-87.415627,38.815212],[-87.381451,38.81528],[-87.314662,38.81536],[-87.314474,38.805025],[-87.314852,38.800882],[-87.314765,38.791372],[-87.314878,38.783579],[-87.314919,38.771388],[-87.315,38.763075],[-87.315017,38.752758],[-87.315242,38.743334],[-87.315163,38.735055],[-87.315117,38.72879],[-87.351978,38.728684],[-87.387254,38.728652],[-87.409408,38.728648],[-87.414098,38.728677],[-87.420577,38.728686],[-87.452658,38.7287],[-87.458765,38.728681],[-87.462884,38.72869],[-87.462965,38.73342],[-87.482516,38.733477],[-87.5058333176155,38.7335377863042],[-87.505339,38.73497]]]}},{"type":"Feature","id":"jay|pike","properties":{"key":"jay|pike"},"geometry":{"type":"Polygon","coordinates":[[[-85.019027,40.395227],[-84.978732,40.396449],[-84.920275,40.396811],[-84.901053,40.396983],[-84.900769,40.34773],[-84.900809,40.30941],[-84.919775,40.30941],[-85.01748,40.308996],[-85.019027,40.395227]]]}},{"type":"Feature","id":"monroe|indiancreek","properties":{"key":"monroe|indiancreek"},"geometry":{"type":"Polygon","coordinates":[[[-86.682401,39.079846],[-86.630418,39.079161],[-86.573197,39.078747],[-86.573204,39.073006],[-86.573165,39.067474],[-86.573183,39.048522],[-86.573416,39.020832],[-86.573638,39.005728],[-86.573534,38.993265],[-86.58789,38.992213],[-86.595718,38.992008],[-86.606579,38.992139],[-86.682277,38.992404],[-86.682401,39.079846]]]}},{"type":"Feature","id":"newton|mcclellan","properties":{"key":"newton|mcclellan"},"geometry":{"type":"Polygon","coordinates":[[[-87.5265582391645,41.0871678951285],[-87.448662,41.08658],[-87.442177,41.086763],[-87.429549,41.086476],[-87.391206,41.086369],[-87.391791,41.057371],[-87.392046,41.035633],[-87.392587,40.999363],[-87.449915,40.99936],[-87.454653,40.999465],[-87.526283520407,40.9997579768943],[-87.5263437902207,41.0103386177154],[-87.526428,41.024366],[-87.526429,41.055146],[-87.526513,41.06679],[-87.5265582391645,41.0871678951285]]]}},{"type":"Feature","id":"cass|bethlehem","properties":{"key":"cass|bethlehem"},"geometry":{"type":"Polygon","coordinates":[[[-86.355867,40.909453],[-86.331701,40.909685],[-86.318987,40.909392],[-86.314206,40.90937],[-86.293801,40.909329],[-86.273921,40.909345],[-86.268144,40.909239],[-86.242433,40.909064],[-86.242094,40.862118],[-86.242093,40.85175],[-86.242112,40.837221],[-86.241885,40.830686],[-86.24228,40.822767],[-86.258312,40.822763],[-86.265607,40.823007],[-86.285531,40.822873],[-86.338334,40.822533],[-86.35485,40.822876],[-86.355197,40.83741],[-86.355867,40.909453]]]}},{"type":"Feature","id":"johnson|hensley","properties":{"key":"johnson|hensley"},"geometry":{"type":"Polygon","coordinates":[[[-86.2515,39.37122],[-86.25152,39.37959],[-86.251393,39.420437],[-86.251304,39.430046],[-86.247217,39.430558],[-86.19128,39.43133],[-86.15799,39.43194],[-86.138684,39.432149],[-86.138784,39.424889],[-86.13923,39.40889],[-86.139246,39.402487],[-86.13927,39.37988],[-86.139295,39.37142],[-86.139491,39.364186],[-86.13929,39.35032],[-86.139569,39.343063],[-86.14424,39.34316],[-86.1621,39.34283],[-86.234342,39.341927],[-86.251684,39.341672],[-86.2515,39.37122]]]}},{"type":"Feature","id":"rush|washington","properties":{"key":"rush|washington"},"geometry":{"type":"Polygon","coordinates":[[[-85.409211,39.78731],[-85.31955,39.787356],[-85.30526,39.787526],[-85.301051,39.715188],[-85.300918,39.700748],[-85.408376,39.699914],[-85.409211,39.78731]]]}},{"type":"Feature","id":"newton|jackson","properties":{"key":"newton|jackson"},"geometry":{"type":"Polygon","coordinates":[[[-87.392587,40.999363],[-87.276111,40.998439],[-87.276029,40.984147],[-87.276405,40.972421],[-87.276508,40.965947],[-87.276449,40.911477],[-87.3819,40.91154],[-87.39271,40.911575],[-87.392587,40.999363]]]}},{"type":"Feature","id":"pulaski|whitepost","properties":{"key":"pulaski|whitepost"},"geometry":{"type":"Polygon","coordinates":[[[-86.93062,41.056306],[-86.930566,41.085512],[-86.896578,41.085404],[-86.89202,41.085385],[-86.87336,41.085398],[-86.822737,41.085322],[-86.81471,41.085074],[-86.81501,41.079445],[-86.814929,41.056314],[-86.815125,41.041677],[-86.815222,41.029264],[-86.814943,40.998063],[-86.882168,40.998131],[-86.891678,40.997839],[-86.930867,40.997915],[-86.93062,41.056306]]]}},{"type":"Feature","id":"allen|marion","properties":{"key":"allen|marion"},"geometry":{"type":"Polygon","coordinates":[[[-85.112244,40.975665],[-85.111037,40.984048],[-85.111387,40.988168],[-85.111815,41.002988],[-85.095788,41.003279],[-85.076133,41.003672],[-85.05777,41.004109],[-84.999888,41.005347],[-84.998699,40.977087],[-84.998363,40.962604],[-84.99782,40.940692],[-84.997432,40.918764],[-85.053433,40.917998],[-85.073861,40.917823],[-85.109723,40.917331],[-85.110346,40.951962],[-85.110542,40.959677],[-85.112244,40.975665]]]}},{"type":"Feature","id":"warren|jordan","properties":{"key":"warren|jordan"},"geometry":{"type":"Polygon","coordinates":[[[-87.5288494431851,40.3305693561986],[-87.528158,40.374178],[-87.5279456543082,40.3885070464452],[-87.401321,40.389429],[-87.401111,40.359834],[-87.400859,40.316269],[-87.400729,40.301777],[-87.424496,40.301828],[-87.452849,40.30172],[-87.490915,40.301685],[-87.499861,40.301952],[-87.529277134197,40.303595303385],[-87.5288494431851,40.3305693561986]]]}},{"type":"Feature","id":"jay|noble","properties":{"key":"jay|noble"},"geometry":{"type":"Polygon","coordinates":[[[-84.902443,40.483736],[-84.875825,40.484067],[-84.836743,40.484415],[-84.828556,40.484239],[-84.81915,40.484578],[-84.8031155167919,40.4847161805732],[-84.803455,40.46539],[-84.8036856890467,40.4475163764662],[-84.8040840537559,40.4166513616585],[-84.8040901889067,40.4025422207713],[-84.8040685754942,40.3969964030707],[-84.815454,40.39693],[-84.901053,40.396983],[-84.901693,40.424514],[-84.901896,40.440289],[-84.902012,40.45478],[-84.902443,40.483736]]]}},{"type":"Feature","id":"laporte|center","properties":{"key":"laporte|center"},"geometry":{"type":"Polygon","coordinates":[[[-86.817452,41.618954],[-86.8166,41.654221],[-86.816693,41.665309],[-86.81636,41.672431],[-86.81643,41.679751],[-86.787117,41.679506],[-86.738686,41.679268],[-86.699875,41.679518],[-86.699806,41.674354],[-86.699166,41.631816],[-86.699044,41.625835],[-86.699026,41.621158],[-86.699169,41.613752],[-86.699345,41.606228],[-86.699471,41.600916],[-86.699694,41.591187],[-86.707076,41.591321],[-86.719688,41.591432],[-86.729456,41.59112],[-86.739199,41.590745],[-86.73925,41.598478],[-86.744026,41.598433],[-86.748722,41.59888],[-86.748676,41.604386],[-86.752889,41.606899],[-86.797344,41.606973],[-86.817508,41.607032],[-86.817452,41.618954]]]}},{"type":"Feature","id":"jennings|center","properties":{"key":"jennings|center"},"geometry":{"type":"Polygon","coordinates":[[[-85.67786,39.021634],[-85.678,39.028887],[-85.65904,39.029085],[-85.649713,39.029114],[-85.649618,39.043911],[-85.649573,39.051128],[-85.619305,39.051251],[-85.611648,39.051305],[-85.593179,39.051457],[-85.57477,39.051424],[-85.574726,39.0294],[-85.557086,39.029258],[-85.557145,39.014652],[-85.557078,39.000054],[-85.571219,39.000051],[-85.578596,38.999852],[-85.610725,38.999552],[-85.611313,38.991816],[-85.616686,38.992087],[-85.626973,38.992113],[-85.630579,38.986834],[-85.630484,38.975967],[-85.630438,38.970132],[-85.677821,38.970234],[-85.67786,38.984971],[-85.677784,38.991184],[-85.678046,39.02101],[-85.67786,39.021634]]]}},{"type":"Feature","id":"adams|wabash","properties":{"key":"adams|wabash"},"geometry":{"type":"Polygon","coordinates":[[[-84.994295,40.656628],[-84.974774,40.657115],[-84.970734,40.65721],[-84.964435,40.65735],[-84.952594,40.657798],[-84.936468,40.658137],[-84.898058,40.658533],[-84.879241,40.658763],[-84.878114,40.63762],[-84.877728,40.571376],[-84.909438,40.570939],[-84.934872,40.57066],[-84.95909,40.570275],[-84.973029,40.570035],[-84.99214,40.569589],[-84.993217,40.605804],[-84.994295,40.656628]]]}},{"type":"Feature","id":"dubois|cass","properties":{"key":"dubois|cass"},"geometry":{"type":"Polygon","coordinates":[[[-87.073067,38.232596],[-87.073126,38.249554],[-87.073141,38.268957],[-87.073136,38.277568],[-87.072635,38.290864],[-87.017107,38.290861],[-87.017261,38.261823],[-86.979594,38.262005],[-86.966754,38.261993],[-86.942397,38.262224],[-86.923779,38.262618],[-86.92382,38.20386],[-86.938118,38.203115],[-86.942202,38.202924],[-86.998356,38.203377],[-87.01749,38.20358],[-87.073141,38.203821],[-87.073067,38.232596]]]}},{"type":"Feature","id":"sullivan|curry","properties":{"key":"sullivan|curry"},"geometry":{"type":"Polygon","coordinates":[[[-87.460602,39.259316],[-87.44492,39.259322],[-87.407557,39.259058],[-87.388807,39.259037],[-87.381845,39.258981],[-87.364015,39.259083],[-87.351332,39.259195],[-87.352177,39.208072],[-87.352478,39.186414],[-87.352922,39.178281],[-87.352959,39.171903],[-87.387742,39.171837],[-87.394805,39.171924],[-87.399475,39.171908],[-87.404353,39.171905],[-87.409135,39.171782],[-87.446296,39.171877],[-87.46121,39.171901],[-87.460602,39.259316]]]}},{"type":"Feature","id":"brown|washington","properties":{"key":"brown|washington"},"geometry":{"type":"Polygon","coordinates":[[[-86.371993,39.223556],[-86.297537,39.225363],[-86.282542,39.224654],[-86.257678,39.22476],[-86.25019,39.224821],[-86.23094,39.225193],[-86.163732,39.225169],[-86.081824,39.226288],[-86.081685,39.219382],[-86.081248,39.197351],[-86.080774,39.171906],[-86.184184,39.166465],[-86.22749,39.166351],[-86.226975,39.135227],[-86.249988,39.134953],[-86.300898,39.132875],[-86.300532,39.127068],[-86.2998,39.048861],[-86.318133,39.04881],[-86.336993,39.048947],[-86.350756,39.048687],[-86.370066,39.048375],[-86.369211,39.061733],[-86.369168,39.076826],[-86.369456,39.081152],[-86.36911,39.089643],[-86.369693,39.143761],[-86.370192,39.15265],[-86.370292,39.165448],[-86.370392,39.178648],[-86.371993,39.223556]]]}},{"type":"Feature","id":"henry|franklin","properties":{"key":"henry|franklin"},"geometry":{"type":"Polygon","coordinates":[[[-85.41061,39.873586],[-85.389702,39.873441],[-85.355129,39.873334],[-85.334373,39.873187],[-85.328573,39.873125],[-85.319878,39.873001],[-85.319768,39.845512],[-85.31955,39.787356],[-85.409211,39.78731],[-85.410345,39.830991],[-85.410451,39.845575],[-85.410466,39.853464],[-85.41052,39.860136],[-85.41061,39.873586]]]}},{"type":"Feature","id":"decatur|marion","properties":{"key":"decatur|marion"},"geometry":{"type":"Polygon","coordinates":[[[-85.517792,39.262948],[-85.51723,39.283958],[-85.517463,39.29199],[-85.499974,39.292163],[-85.489637,39.292661],[-85.461365,39.292735],[-85.447304,39.292997],[-85.42139,39.293066],[-85.395007,39.293279],[-85.385659,39.293072],[-85.385532,39.282334],[-85.385736,39.275747],[-85.38538,39.268698],[-85.385471,39.263621],[-85.376378,39.263411],[-85.333351,39.264605],[-85.333838,39.250045],[-85.374961,39.228169],[-85.413618,39.209144],[-85.427731,39.201572],[-85.434958,39.198582],[-85.440054,39.195617],[-85.460671,39.18532],[-85.498328,39.166964],[-85.517819,39.157045],[-85.517537,39.175972],[-85.517357,39.190358],[-85.51734,39.21772],[-85.517597,39.230355],[-85.517538,39.235019],[-85.518015,39.255816],[-85.517792,39.262948]]]}},{"type":"Feature","id":"harrison|harrison","properties":{"key":"harrison|harrison"},"geometry":{"type":"Polygon","coordinates":[[[-86.327677,38.182736],[-86.321618,38.180199],[-86.317322,38.178143],[-86.312786,38.178126],[-86.31522,38.18456],[-86.317045,38.189386],[-86.31168,38.188851],[-86.309166,38.197538],[-86.306511,38.202519],[-86.299817,38.202523],[-86.294998,38.203698],[-86.289721,38.202027],[-86.294246,38.206997],[-86.289985,38.210506],[-86.290635,38.215227],[-86.297432,38.218193],[-86.294927,38.223964],[-86.290888,38.224054],[-86.286294,38.221066],[-86.280505,38.223141],[-86.276738,38.234084],[-86.239861,38.233145],[-86.200704,38.232658],[-86.200446,38.242131],[-86.200341,38.26156],[-86.188064,38.261567],[-86.17666,38.261497],[-86.161934,38.261201],[-86.126457,38.259159],[-86.119107,38.259241],[-86.109436,38.258968],[-86.105016,38.258954],[-86.051059,38.258276],[-86.05141,38.213102],[-86.051548,38.200067],[-86.050721,38.185061],[-86.055035,38.18513],[-86.086916,38.185756],[-86.086833,38.162748],[-86.087124,38.156459],[-86.105165,38.156582],[-86.106321,38.112853],[-86.116007,38.113168],[-86.12343,38.113173],[-86.130067,38.113464],[-86.156084,38.114278],[-86.203836,38.115544],[-86.203301,38.144953],[-86.22507,38.145367],[-86.246653,38.145729],[-86.276222,38.146016],[-86.28711,38.157939],[-86.29574,38.164069],[-86.317139,38.172907],[-86.329672384455,38.1817018461543],[-86.327677,38.182736]]]}},{"type":"Feature","id":"hancock|buckcreek","properties":{"key":"hancock|buckcreek"},"geometry":{"type":"Polygon","coordinates":[[[-85.954013,39.869646],[-85.938474,39.869807],[-85.933306,39.869889],[-85.92854,39.869963],[-85.922255,39.870077],[-85.907577,39.87019],[-85.878738,39.870498],[-85.86193,39.870653],[-85.841192,39.871004],[-85.840922,39.856805],[-85.840351,39.82019],[-85.840072,39.798554],[-85.839894,39.784111],[-85.848122,39.784027],[-85.855363,39.783919],[-85.877805,39.783538],[-85.901533,39.783302],[-85.914533,39.783085],[-85.919337,39.783064],[-85.926113,39.782987],[-85.933499,39.782877],[-85.945016,39.782733],[-85.952378,39.782674],[-85.952582,39.79738],[-85.952895,39.80649],[-85.952944,39.812067],[-85.95307,39.823774],[-85.953317,39.834129],[-85.953489,39.841465],[-85.953683,39.856117],[-85.954013,39.869646]]]}},{"type":"Feature","id":"delaware|perry","properties":{"key":"delaware|perry"},"geometry":{"type":"Polygon","coordinates":[[[-85.329269,40.149344],[-85.299802,40.149304],[-85.295231,40.14925],[-85.277593,40.149244],[-85.253831,40.149423],[-85.215845,40.149505],[-85.215598,40.134923],[-85.214902,40.106067],[-85.214386,40.076889],[-85.302903,40.076719],[-85.30882,40.076685],[-85.325383,40.076487],[-85.328696,40.1131],[-85.328867,40.131312],[-85.329269,40.149344]]]}},{"type":"Feature","id":"pulaski|indiancreek","properties":{"key":"pulaski|indiancreek"},"geometry":{"type":"Polygon","coordinates":[[[-86.699644,40.92402],[-86.699241,40.997241],[-86.633914,40.997246],[-86.604606,40.997262],[-86.583541,40.997254],[-86.583573,40.983604],[-86.583878,40.910959],[-86.601924,40.911162],[-86.62021,40.91141],[-86.69674,40.91223],[-86.699644,40.92402]]]}},{"type":"Feature","id":"laporte|washington","properties":{"key":"laporte|washington"},"geometry":{"type":"Polygon","coordinates":[[[-86.726086,41.532229],[-86.725513,41.54693],[-86.720293,41.547031],[-86.700818,41.546857],[-86.610542,41.548335],[-86.598403,41.548189],[-86.591407,41.548276],[-86.586758,41.548386],[-86.582749,41.548476],[-86.581899,41.534512],[-86.581917,41.51986],[-86.582029,41.490586],[-86.630465,41.490831],[-86.649761,41.49074],[-86.649919,41.498019],[-86.691314,41.498172],[-86.720082,41.498002],[-86.720894,41.517474],[-86.726256,41.517473],[-86.726086,41.532229]]]}},{"type":"Feature","id":"henry|harrison","properties":{"key":"henry|harrison"},"geometry":{"type":"Polygon","coordinates":[[[-85.576365,39.990103],[-85.545564,39.990107],[-85.528716,39.990013],[-85.519137,39.990208],[-85.495464,39.990096],[-85.480789,39.990155],[-85.442991,39.990295],[-85.443202,39.961084],[-85.443251,39.94024],[-85.443235,39.931889],[-85.443179,39.917455],[-85.500346,39.916967],[-85.557381,39.916736],[-85.576331,39.916501],[-85.576192,39.945756],[-85.576361,39.969818],[-85.576365,39.990103]]]}},{"type":"Feature","id":"decatur|clinton","properties":{"key":"decatur|clinton"},"geometry":{"type":"Polygon","coordinates":[[[-85.508017,39.394951],[-85.507788,39.409547],[-85.507607,39.437888],[-85.50712,39.452756],[-85.460045,39.452735],[-85.441664,39.453249],[-85.41369,39.453124],[-85.413709,39.395859],[-85.423114,39.395981],[-85.460373,39.395807],[-85.460669,39.380836],[-85.479521,39.380667],[-85.499969,39.380215],[-85.508029,39.380343],[-85.508017,39.394951]]]}},{"type":"Feature","id":"jay|knox","properties":{"key":"jay|knox"},"geometry":{"type":"Polygon","coordinates":[[[-85.206566,40.394681],[-85.206508,40.479373],[-85.200857,40.479495],[-85.150844,40.479653],[-85.132017,40.480242],[-85.131973,40.47328],[-85.131032,40.407965],[-85.130855,40.393448],[-85.169332,40.392913],[-85.206694,40.392605],[-85.206566,40.394681]]]}},{"type":"Feature","id":"franklin|bloominggrove","properties":{"key":"franklin|bloominggrove"},"geometry":{"type":"Polygon","coordinates":[[[-85.12996,39.500021],[-85.129589,39.510386],[-85.129627,39.526655],[-85.125027,39.526863],[-85.084209,39.526487],[-85.036087,39.526213],[-85.022476,39.526126],[-85.023866,39.519981],[-85.025618,39.511501],[-85.026763,39.506148],[-85.028749,39.495504],[-85.032344,39.480523],[-85.034371,39.468548],[-85.085976,39.468776],[-85.092276,39.468866],[-85.129594,39.468948],[-85.12996,39.500021]]]}},{"type":"Feature","id":"franklin|posey","properties":{"key":"franklin|posey"},"geometry":{"type":"Polygon","coordinates":[[[-85.29811,39.525476],[-85.271354,39.525526],[-85.241769,39.525701],[-85.241409,39.497316],[-85.241325,39.490981],[-85.24129,39.478567],[-85.24113,39.438925],[-85.288858,39.43853],[-85.297372,39.438434],[-85.297575,39.453275],[-85.298609,39.525473],[-85.29811,39.525476]]]}},{"type":"Feature","id":"warrick|lane","properties":{"key":"warrick|lane"},"geometry":{"type":"Polygon","coordinates":[[[-87.243088,38.200798],[-87.242773,38.231129],[-87.232859,38.23094],[-87.209648,38.231311],[-87.199807,38.231038],[-87.186085,38.231285],[-87.166302,38.231651],[-87.149108,38.232247],[-87.125675,38.232914],[-87.125846,38.179948],[-87.154242,38.176911],[-87.163477,38.176804],[-87.243048,38.178442],[-87.242879,38.193985],[-87.243088,38.200798]]]}},{"type":"Feature","id":"vanderburgh|pigeon","properties":{"key":"vanderburgh|pigeon"},"geometry":{"type":"Polygon","coordinates":[[[-87.610285,37.957433],[-87.610141,37.963193],[-87.609903,37.971328],[-87.609735,37.978198],[-87.600544,37.978425],[-87.600465,37.985733],[-87.600005,38.00069],[-87.597122,38.004832],[-87.592734,38.005641],[-87.590011,38.001356],[-87.594953,37.999717],[-87.589342,37.996604],[-87.586297,38.002922],[-87.578907,38.001585],[-87.574629,37.995384],[-87.568252,37.994757],[-87.566296,37.999569],[-87.564349,38.004379],[-87.557233,38.006401],[-87.55274,38.009193],[-87.548164,38.009048],[-87.547221,37.999185],[-87.547405,37.993878],[-87.538776,37.991848],[-87.538495,37.984759],[-87.538527,37.980116],[-87.547745,37.977194],[-87.547658,37.97003],[-87.547742,37.964601],[-87.547952,37.956465],[-87.548142,37.948256],[-87.548221,37.941807],[-87.5484748132874,37.924123700541],[-87.556567,37.928606],[-87.56207,37.933291],[-87.568297,37.940633],[-87.572146,37.946634],[-87.573605,37.951642],[-87.574494,37.957212],[-87.5741,37.962108],[-87.575330706564,37.9663916747808],[-87.579181,37.971533],[-87.584545,37.974657],[-87.590023,37.975472],[-87.596171,37.97486],[-87.60070572015,37.9718749083944],[-87.603298,37.967287],[-87.603446,37.960281],[-87.60559,37.950144],[-87.6106068683066,37.9448311007613],[-87.610285,37.957433]]]}},{"type":"Feature","id":"union|harrison","properties":{"key":"union|harrison"},"geometry":{"type":"Polygon","coordinates":[[[-84.927723,39.726647],[-84.8143808402518,39.7266199184851],[-84.814611,39.680236],[-84.814587,39.668906],[-84.8146387163885,39.6558452126991],[-84.927429,39.654387],[-84.927381,39.661835],[-84.927723,39.726647]]]}},{"type":"Feature","id":"jackson|brownstown","properties":{"key":"jackson|brownstown"},"geometry":{"type":"Polygon","coordinates":[[[-86.134248,38.962832],[-86.11112,38.96323],[-86.095405,38.963452],[-86.077576,38.963819],[-86.068439,38.963715],[-86.058464,38.963911],[-86.057507,38.908998],[-86.057347,38.904781],[-86.057145,38.897698],[-86.055305,38.903419],[-86.050943,38.905185],[-86.046581,38.905587],[-86.040279,38.907843],[-86.038239,38.902582],[-86.037447,38.898497],[-86.031339,38.901812],[-86.02454,38.906985],[-86.022872,38.911425],[-86.018364,38.914218],[-86.01423,38.916291],[-86.004762,38.914577],[-85.999946,38.916614],[-85.998916,38.920698],[-85.992022,38.919478],[-85.987779,38.919753],[-85.989287,38.923859],[-85.988655,38.92796],[-85.981395,38.923311],[-85.980672,38.928205],[-85.973882,38.929556],[-85.969584,38.929149],[-85.970085,38.933466],[-85.975374,38.935004],[-85.968304,38.939167],[-85.96495,38.933855],[-85.962926,38.923535],[-85.962642,38.908734],[-85.961584,38.852573],[-85.961281,38.823885],[-86.018552,38.823442],[-86.027856,38.823067],[-86.055538,38.821753],[-86.056407,38.850789],[-86.090297,38.849462],[-86.09393,38.856246],[-86.094233,38.867028],[-86.098671,38.869536],[-86.098197,38.862968],[-86.103609,38.862068],[-86.104815,38.856585],[-86.110133,38.853762],[-86.115188,38.853189],[-86.125066,38.854384],[-86.129551,38.851807],[-86.123767,38.850282],[-86.128223,38.847197],[-86.131465,38.862008],[-86.131771,38.87897],[-86.133027,38.905342],[-86.133963,38.952186],[-86.134248,38.962832]]]}},{"type":"Feature","id":"montgomery|union","properties":{"key":"montgomery|union"},"geometry":{"type":"Polygon","coordinates":[[[-87.009282,39.96833],[-87.00983,39.97476],[-87.003727,39.980936],[-87.000008,39.986473],[-86.995611,39.988032],[-86.991179,39.989589],[-86.990678,39.996272],[-86.987649,40.002933],[-86.983335,40.00799],[-86.978134,40.009083],[-86.973014,40.008506],[-86.9748,40.014426],[-86.973307,40.022561],[-86.970207,40.028657],[-86.972814,40.032918],[-86.963885,40.036444],[-86.968024,40.039212],[-86.978691,40.039125],[-86.979399,40.067836],[-86.979498,40.094792],[-86.979278,40.12765],[-86.963532,40.127606],[-86.929998,40.127749],[-86.923107,40.127552],[-86.875584,40.127753],[-86.847194,40.12752],[-86.809718,40.127828],[-86.810043,40.101693],[-86.809832,40.083577],[-86.809753,40.061787],[-86.809755,40.045374],[-86.809695,40.039919],[-86.809434,40.024853],[-86.809098,40.003001],[-86.808699,39.952375],[-86.825055,39.952448],[-86.836657,39.952151],[-86.865417,39.952356],[-86.87935,39.952358],[-86.884476,39.952431],[-86.915271,39.952411],[-86.921386,39.952423],[-86.929726,39.95242],[-86.940267,39.952404],[-86.951703,39.9524],[-86.978121,39.952463],[-86.996954,39.952514],[-86.997058,39.966966],[-87.006475,39.967212],[-87.01118,39.967369],[-87.009282,39.96833]]]}},{"type":"Feature","id":"wells|harrison","properties":{"key":"wells|harrison"},"geometry":{"type":"Polygon","coordinates":[[[-85.22267,40.742606],[-85.204147,40.742514],[-85.184139,40.7426],[-85.179134,40.742635],[-85.173663,40.742487],[-85.167642,40.742493],[-85.155983,40.742402],[-85.150714,40.742409],[-85.13709,40.742446],[-85.071006,40.743118],[-85.069609,40.686832],[-85.069455,40.679724],[-85.06943,40.655525],[-85.202315,40.654641],[-85.218633,40.654605],[-85.221361,40.660929],[-85.221694,40.683795],[-85.22267,40.742606]]]}},{"type":"Feature","id":"pike|jefferson","properties":{"key":"pike|jefferson"},"geometry":{"type":"Polygon","coordinates":[[[-87.20371,38.55222],[-87.193975,38.549302],[-87.185417,38.548513],[-87.177631,38.545295],[-87.172457,38.53862],[-87.171509,38.532771],[-87.166373,38.532467],[-87.162344,38.532431],[-87.157576,38.529715],[-87.154189,38.524162],[-87.155604,38.518146],[-87.151243,38.515814],[-87.146054,38.515925],[-87.138965,38.517392],[-87.135726,38.521487],[-87.13911,38.526272],[-87.135492,38.531922],[-87.131258,38.530133],[-87.124657,38.524945],[-87.119169,38.527045],[-87.119641,38.531367],[-87.115088,38.536903],[-87.110448,38.537609],[-87.102146,38.535382],[-87.096986,38.531028],[-87.093858,38.524337],[-87.085147,38.52096],[-87.086106,38.516462],[-87.085437,38.512244],[-87.078372,38.514039],[-87.073116,38.51494],[-87.07228,38.508528],[-87.072274,38.50005],[-87.0726,38.482853],[-87.072624,38.466554],[-87.073048,38.457547],[-87.073124,38.437046],[-87.073238,38.422354],[-87.183237,38.421892],[-87.188009,38.421883],[-87.201927,38.421858],[-87.20219,38.436424],[-87.203147,38.485308],[-87.20371,38.55222]]]}},{"type":"Feature","id":"fountain|troy","properties":{"key":"fountain|troy"},"geometry":{"type":"Polygon","coordinates":[[[-87.438755,40.165694],[-87.437094,40.16971],[-87.431173,40.174877],[-87.425872,40.180812],[-87.422735,40.185481],[-87.421594,40.189978],[-87.415296,40.194026],[-87.409263,40.19459],[-87.403876,40.196034],[-87.397953,40.199278],[-87.39299,40.202729],[-87.386792,40.204326],[-87.377001,40.206332],[-87.369546,40.207476],[-87.358403,40.210531],[-87.353108,40.215923],[-87.347925,40.216802],[-87.343586,40.22238],[-87.339273,40.223173],[-87.338993,40.19367],[-87.338891,40.186415],[-87.310106,40.186077],[-87.30053,40.186056],[-87.300533,40.178795],[-87.30054,40.128009],[-87.299934,40.120749],[-87.29993,40.109387],[-87.299996,40.096896],[-87.37622,40.096561],[-87.413579,40.096583],[-87.412024,40.101061],[-87.40794,40.106485],[-87.407314,40.113264],[-87.407762,40.118604],[-87.406667,40.127508],[-87.404886,40.135557],[-87.405983,40.140678],[-87.415073,40.145173],[-87.428756,40.150646],[-87.433471,40.153504],[-87.437305,40.16281],[-87.438755,40.165694]]]}},{"type":"Feature","id":"hendricks|liberty","properties":{"key":"hendricks|liberty"},"geometry":{"type":"Polygon","coordinates":[[[-86.560833,39.71667],[-86.500008,39.716733],[-86.491134,39.716925],[-86.467099,39.716868],[-86.457128,39.718064],[-86.437984,39.71845],[-86.437863,39.710873],[-86.437991,39.704889],[-86.437786,39.696208],[-86.437743,39.690972],[-86.437535,39.674085],[-86.437147,39.651521],[-86.437058,39.630294],[-86.465931,39.630032],[-86.465605,39.600769],[-86.517414,39.60075],[-86.559847,39.600862],[-86.560098,39.657768],[-86.560739,39.69177],[-86.560769,39.702139],[-86.560833,39.71667]]]}},{"type":"Feature","id":"sullivan|hamilton","properties":{"key":"sullivan|hamilton"},"geometry":{"type":"Polygon","coordinates":[[[-87.461879,39.062687],[-87.46163,39.084581],[-87.461487,39.103023],[-87.46121,39.171901],[-87.446296,39.171877],[-87.409135,39.171782],[-87.404353,39.171905],[-87.399475,39.171908],[-87.394805,39.171924],[-87.387742,39.171837],[-87.352959,39.171903],[-87.334156,39.171895],[-87.315587,39.171788],[-87.315498,39.157267],[-87.31564,39.142713],[-87.315518,39.113562],[-87.322983,39.113631],[-87.334193,39.113547],[-87.35361,39.113689],[-87.353929,39.094399],[-87.3541,39.08465],[-87.354021,39.07558],[-87.354435,39.039378],[-87.397336,39.039695],[-87.409508,39.039834],[-87.428876,39.0401],[-87.438127,39.040305],[-87.461971,39.040825],[-87.461879,39.062687]]]}},{"type":"Feature","id":"putnam|monroe","properties":{"key":"putnam|monroe"},"geometry":{"type":"Polygon","coordinates":[[[-86.901248,39.697591],[-86.900038,39.778165],[-86.834872,39.777055],[-86.830317,39.776988],[-86.812577,39.776796],[-86.793165,39.776655],[-86.793124,39.761585],[-86.793473,39.726235],[-86.793694,39.693706],[-86.793671,39.688856],[-86.803023,39.688975],[-86.808531,39.688964],[-86.813593,39.689093],[-86.83323,39.689379],[-86.840783,39.689507],[-86.845306,39.68957],[-86.882617,39.690173],[-86.901354,39.690369],[-86.901248,39.697591]]]}},{"type":"Feature","id":"warren|pike","properties":{"key":"warren|pike"},"geometry":{"type":"Polygon","coordinates":[[[-87.424366,40.301022],[-87.400729,40.301777],[-87.386518,40.301739],[-87.382015,40.301779],[-87.380579,40.297455],[-87.376128,40.297479],[-87.378373,40.293407],[-87.37802,40.286839],[-87.373864,40.280557],[-87.37564,40.275465],[-87.371517,40.275626],[-87.374261,40.270979],[-87.370214,40.266026],[-87.365137,40.262448],[-87.360976,40.258486],[-87.35664,40.255749],[-87.35466,40.25056],[-87.354471,40.244975],[-87.348492,40.244026],[-87.345603,40.239355],[-87.347208,40.23329],[-87.342202,40.229198],[-87.337795,40.225585],[-87.343586,40.22238],[-87.346812,40.217898],[-87.351258,40.216528],[-87.356312,40.211845],[-87.369546,40.207476],[-87.377001,40.206332],[-87.386792,40.204326],[-87.38763,40.210659],[-87.394174,40.211986],[-87.396207,40.22884],[-87.40111,40.228835],[-87.401151,40.24339],[-87.407201,40.243383],[-87.415031,40.24339],[-87.414783,40.251471],[-87.415013,40.265199],[-87.424524,40.265189],[-87.424366,40.301022]]]}},{"type":"Feature","id":"washington|posey","properties":{"key":"washington|posey"},"geometry":{"type":"Polygon","coordinates":[[[-86.308359,38.470382],[-86.289148,38.470265],[-86.280509,38.470213],[-86.255565,38.470295],[-86.234413,38.470511],[-86.225126,38.470418],[-86.170976,38.470714],[-86.130589,38.470307],[-86.124976,38.470276],[-86.123287,38.419678],[-86.141731,38.419917],[-86.15118,38.420186],[-86.183902,38.421356],[-86.212436,38.422097],[-86.255045,38.422685],[-86.308674,38.422875],[-86.308359,38.470382]]]}},{"type":"Feature","id":"kosciusko|etna","properties":{"key":"kosciusko|etna"},"geometry":{"type":"Polygon","coordinates":[[[-86.058348,41.346682],[-86.048374,41.346883],[-86.000459,41.346829],[-86.000004,41.324054],[-85.998851,41.278643],[-85.998588,41.267271],[-85.998303,41.260443],[-85.997842,41.246531],[-86.003504,41.244622],[-86.007854,41.246808],[-86.012159,41.247225],[-86.018441,41.249481],[-86.016844,41.254791],[-86.021827,41.255578],[-86.025896,41.257282],[-86.031059,41.258976],[-86.035637,41.25593],[-86.040471,41.253009],[-86.045304,41.249129],[-86.047003,41.244707],[-86.050091,41.239771],[-86.047343,41.235468],[-86.05229,41.232983],[-86.053399,41.228411],[-86.055954,41.250027],[-86.056553,41.274342],[-86.056701,41.280349],[-86.057501,41.314295],[-86.058348,41.346682]]]}},{"type":"Feature","id":"fountain|jackson","properties":{"key":"fountain|jackson"},"geometry":{"type":"Polygon","coordinates":[[[-87.205536,40.039356],[-87.158153,40.039451],[-87.105402,40.039245],[-87.092142,40.039019],[-87.091267,40.029355],[-87.090659,39.981897],[-87.090008,39.952995],[-87.125902,39.953149],[-87.14834,39.953055],[-87.178717,39.953301],[-87.190124,39.953069],[-87.204129,39.953279],[-87.205536,40.039356]]]}},{"type":"Feature","id":"dekalb|grant","properties":{"key":"dekalb|grant"},"geometry":{"type":"Polygon","coordinates":[[[-85.079249,41.439224],[-85.065835,41.439444],[-85.052581,41.439677],[-85.043925,41.439829],[-85.039022,41.439954],[-85.033524,41.440024],[-85.024568,41.440223],[-85.02045,41.440339],[-85.015259,41.440466],[-85.001055,41.440848],[-84.99592,41.440967],[-84.966559,41.441654],[-84.96592,41.398251],[-84.985929,41.398347],[-85.004719,41.397289],[-85.024027,41.397216],[-85.045198,41.396658],[-85.055861,41.396318],[-85.066206,41.396069],[-85.078829,41.395846],[-85.079249,41.439224]]]}},{"type":"Feature","id":"spencer|clay","properties":{"key":"spencer|clay"},"geometry":{"type":"Polygon","coordinates":[[[-87.018026,38.118283],[-86.979444,38.118367],[-86.941468,38.118285],[-86.909617,38.118254],[-86.904934,38.118161],[-86.904117,38.107024],[-86.904531,38.081509],[-86.904648,38.07439],[-86.905396,38.03013],[-87.01806,38.031753],[-87.017792,38.043836],[-87.018106,38.068325],[-87.017998,38.098633],[-87.018187,38.117931],[-87.018026,38.118283]]]}},{"type":"Feature","id":"daviess|elmore","properties":{"key":"daviess|elmore"},"geometry":{"type":"Polygon","coordinates":[[[-87.146601,38.867287],[-87.14128,38.864669],[-87.136441,38.862413],[-87.132282,38.859333],[-87.127726,38.858686],[-87.127444,38.862748],[-87.13152,38.862758],[-87.133004,38.867335],[-87.135836,38.871963],[-87.130561,38.875046],[-87.127719,38.870588],[-87.122273,38.869966],[-87.120098,38.874769],[-87.124456,38.880861],[-87.129366,38.883802],[-87.12938,38.889102],[-87.124404,38.891025],[-87.117627,38.88682],[-87.113445,38.888264],[-87.119136,38.89238],[-87.122473,38.897676],[-87.11711,38.898983],[-87.112723,38.893977],[-87.107601,38.895532],[-87.106456,38.899575],[-87.101721,38.900832],[-87.094876,38.896768],[-87.090694,38.900289],[-87.097066,38.903326],[-87.017356,38.902593],[-87.018691,38.814955],[-87.0789,38.816811],[-87.130146,38.818324],[-87.130215,38.840386],[-87.130279,38.847753],[-87.141861,38.847958],[-87.142576,38.85226],[-87.140947,38.858087],[-87.146049,38.863593],[-87.146601,38.867287]]]}},{"type":"Feature","id":"jay|wayne","properties":{"key":"jay|wayne"},"geometry":{"type":"Polygon","coordinates":[[[-85.020583,40.482043],[-84.989915,40.482467],[-84.979413,40.482821],[-84.902443,40.483736],[-84.902012,40.45478],[-84.901896,40.440289],[-84.901599,40.426048],[-84.901053,40.396983],[-84.920275,40.396811],[-84.977891,40.396142],[-85.019027,40.395227],[-85.019201,40.409934],[-85.019343,40.415595],[-85.019664,40.422786],[-85.020052,40.453283],[-85.020583,40.482043]]]}},{"type":"Feature","id":"rush|union","properties":{"key":"rush|union"},"geometry":{"type":"Polygon","coordinates":[[[-85.425966,39.699875],[-85.408376,39.699914],[-85.300918,39.700748],[-85.300656,39.663734],[-85.300194,39.630185],[-85.300099,39.622854],[-85.299821,39.612683],[-85.377734,39.611892],[-85.396554,39.611783],[-85.396965,39.638511],[-85.406688,39.640772],[-85.40685,39.67017],[-85.425866,39.669964],[-85.425878,39.675603],[-85.425966,39.699875]]]}},{"type":"Feature","id":"dearborn|washington","properties":{"key":"dearborn|washington"},"geometry":{"type":"Polygon","coordinates":[[[-85.00526,39.041344],[-84.999338,39.041634],[-84.994197,39.045862],[-84.987541,39.049224],[-84.981814,39.045895],[-84.974221,39.046947],[-84.965842,39.047675],[-84.961441,39.046636],[-84.956599,39.050229],[-84.949996,39.050013],[-84.944386,39.048989],[-84.938066,39.047997],[-84.932878,39.046771],[-84.930412,39.051264],[-84.930097,39.036313],[-84.930271,39.008528],[-84.936012,39.005187],[-84.943041,39.008042],[-84.944017,39.000507],[-84.949073,38.999251],[-84.953289,38.999204],[-84.953866,38.994892],[-84.960631,38.994567],[-84.967663,38.994035],[-84.972893,38.994002],[-84.977972,38.994816],[-84.982895,38.996623],[-84.987761,38.995294],[-84.992158,38.99488],[-84.999445,38.99751],[-85.005415,38.997509],[-85.00526,39.041344]]]}},{"type":"Feature","id":"orange|northwest","properties":{"key":"orange|northwest"},"geometry":{"type":"Polygon","coordinates":[[[-86.683102,38.686561],[-86.624996,38.68708],[-86.590979,38.687113],[-86.590459,38.665457],[-86.590261,38.643638],[-86.588804,38.59979],[-86.656467,38.599362],[-86.682539,38.598908],[-86.682655,38.622084],[-86.68306,38.643172],[-86.683102,38.686561]]]}},{"type":"Feature","id":"lake|westcreek","properties":{"key":"lake|westcreek"},"geometry":{"type":"Polygon","coordinates":[[[-87.526729,41.298175],[-87.5265206452461,41.3415869071072],[-87.5264880755018,41.348373],[-87.499961,41.348344],[-87.470014,41.348312],[-87.455431,41.348252],[-87.443346,41.348074],[-87.431227,41.348009],[-87.431177,41.3427],[-87.431135,41.337265],[-87.430637,41.31543],[-87.430459,41.30745],[-87.430322,41.300851],[-87.430029,41.289906],[-87.429818,41.283543],[-87.429652,41.279057],[-87.429222,41.263315],[-87.429138,41.188902],[-87.429448,41.168282],[-87.441784,41.173214],[-87.445904,41.17429],[-87.45799,41.170591],[-87.484775,41.169886],[-87.525321,41.166251],[-87.52661663329,41.1944785996725],[-87.5266325182596,41.2091378716496],[-87.5267125191821,41.2829658558069],[-87.5267288667182,41.2980520023116],[-87.526729,41.298175]]]}},{"type":"Feature","id":"jefferson|saluda","properties":{"key":"jefferson|saluda"},"geometry":{"type":"Polygon","coordinates":[[[-85.570926,38.678455],[-85.534783,38.679354],[-85.534681,38.664817],[-85.497504,38.665371],[-85.497679,38.672522],[-85.497455,38.679949],[-85.473326,38.6802],[-85.456557,38.680383],[-85.444815,38.670083],[-85.438742,38.659319],[-85.437738,38.648898],[-85.439463,38.635807],[-85.439729,38.611493],[-85.439284,38.607406],[-85.4363,38.59839],[-85.4285934968577,38.5863523967306],[-85.443127,38.586011],[-85.478762,38.586178],[-85.478701,38.592434],[-85.496452,38.59222],[-85.496666,38.606736],[-85.56998,38.606155],[-85.570551,38.649801],[-85.570617,38.658558],[-85.570926,38.678455]]]}},{"type":"Feature","id":"orange|northeast","properties":{"key":"orange|northeast"},"geometry":{"type":"Polygon","coordinates":[[[-86.384188,38.642194],[-86.383319,38.687843],[-86.378235,38.688006],[-86.346016,38.688481],[-86.308701,38.688101],[-86.307918,38.673679],[-86.308294,38.659118],[-86.307749,38.644462],[-86.30788,38.622541],[-86.307993,38.586243],[-86.327532,38.586447],[-86.336122,38.586307],[-86.345816,38.586497],[-86.374873,38.586432],[-86.383,38.586503],[-86.383562,38.615447],[-86.383851,38.630035],[-86.384188,38.642194]]]}},{"type":"Feature","id":"adams|union","properties":{"key":"adams|union"},"geometry":{"type":"Polygon","coordinates":[[[-84.881017,40.920649],[-84.802922,40.922568],[-84.8028094031523,40.9022480222238],[-84.8024349885524,40.8346786674298],[-84.872273,40.83341],[-84.880704,40.833289],[-84.880724,40.876963],[-84.881017,40.920649]]]}},{"type":"Feature","id":"lake|stjohn","properties":{"key":"lake|stjohn"},"geometry":{"type":"Polygon","coordinates":[[[-87.5258586532083,41.4355862663737],[-87.525782,41.445769],[-87.5257571005448,41.4536960811096],[-87.5257301775786,41.4622673745295],[-87.525705,41.470283],[-87.5256356127815,41.4754882878619],[-87.525538,41.482811],[-87.5255629179342,41.494629951682],[-87.5255718700354,41.4988760681844],[-87.5255922527308,41.5085438877271],[-87.525611,41.517436],[-87.5255757398666,41.5226510996586],[-87.518075,41.522654],[-87.500935,41.52288],[-87.493985,41.523067],[-87.48074,41.523087],[-87.471342,41.523013],[-87.451966,41.522909],[-87.451805,41.514658],[-87.451851,41.507784],[-87.432514,41.507701],[-87.418809,41.507676],[-87.413038,41.507636],[-87.412838,41.514836],[-87.413134,41.522644],[-87.39394,41.522621],[-87.393815,41.516028],[-87.393774,41.511447],[-87.393543,41.497076],[-87.393407,41.486141],[-87.393315,41.48029],[-87.393152,41.473478],[-87.393056,41.468694],[-87.392758,41.453254],[-87.392641,41.447843],[-87.392482,41.438711],[-87.397255,41.435094],[-87.402094,41.435116],[-87.409327,41.435148],[-87.414575,41.435171],[-87.420268,41.435201],[-87.426309,41.43529],[-87.431161,41.435248],[-87.450572,41.435327],[-87.455508,41.435282],[-87.460224,41.435224],[-87.465556,41.435198],[-87.470005,41.435335],[-87.474677,41.435267],[-87.481102,41.43536],[-87.485306,41.4354],[-87.498837,41.435586],[-87.508352,41.435606],[-87.5258586600972,41.4355853512462],[-87.5258586532083,41.4355862663737]]]}},{"type":"Feature","id":"steuben|richland","properties":{"key":"steuben|richland"},"geometry":{"type":"Polygon","coordinates":[[[-84.857432,41.615278],[-84.840021,41.615615],[-84.835316,41.615711],[-84.8056697629066,41.6164391473138],[-84.805664,41.611579],[-84.8053488313632,41.5852831280598],[-84.8048285961219,41.5418776692472],[-84.80469,41.530314],[-84.81176,41.530252],[-84.854416,41.529434],[-84.857021,41.602179],[-84.857432,41.615278]]]}},{"type":"Feature","id":"delaware|hamilton","properties":{"key":"delaware|hamilton"},"geometry":{"type":"Polygon","coordinates":[[[-85.443479,40.306302],[-85.369506,40.306052],[-85.355229,40.306015],[-85.349281,40.306007],[-85.331419,40.3059],[-85.330715,40.298705],[-85.330657,40.291646],[-85.330528,40.262681],[-85.330593,40.255449],[-85.330569,40.233704],[-85.358464,40.233586],[-85.367986,40.233498],[-85.384827,40.233495],[-85.40043,40.233472],[-85.411075,40.233439],[-85.42476,40.233514],[-85.433367,40.233449],[-85.442782,40.233541],[-85.443027,40.262653],[-85.443296,40.289063],[-85.443479,40.306302]]]}},{"type":"Feature","id":"henry|henry","properties":{"key":"henry|henry"},"geometry":{"type":"Polygon","coordinates":[[[-85.443317,39.875021],[-85.443179,39.917455],[-85.443235,39.931889],[-85.443257,39.939111],[-85.443202,39.961084],[-85.404249,39.961035],[-85.384321,39.960875],[-85.375369,39.960827],[-85.365693,39.96077],[-85.338303,39.960631],[-85.327572,39.960608],[-85.328573,39.873125],[-85.334373,39.873187],[-85.355129,39.873334],[-85.389324,39.873442],[-85.410303,39.87356],[-85.423278,39.873533],[-85.428499,39.873599],[-85.435305,39.873641],[-85.443243,39.873581],[-85.443317,39.875021]]]}},{"type":"Feature","id":"grant|center","properties":{"key":"grant|center"},"geometry":{"type":"Polygon","coordinates":[[[-85.674588,40.594536],[-85.668445,40.594914],[-85.663477,40.592976],[-85.664041,40.588056],[-85.660882,40.580813],[-85.659761,40.576062],[-85.662801,40.569617],[-85.650561,40.567258],[-85.645282,40.567223],[-85.634911,40.567174],[-85.617313,40.567129],[-85.560142,40.5669],[-85.560097,40.561676],[-85.560015,40.555391],[-85.559866,40.549554],[-85.559754,40.54447],[-85.559857,40.538584],[-85.55925,40.509471],[-85.568571,40.509812],[-85.596164,40.509524],[-85.600318,40.509576],[-85.605875,40.50944],[-85.615571,40.509341],[-85.621453,40.509338],[-85.631361,40.509577],[-85.640229,40.509425],[-85.644518,40.509664],[-85.653439,40.509407],[-85.662886,40.509334],[-85.672981,40.509357],[-85.673448,40.522652],[-85.673716,40.537352],[-85.673768,40.545604],[-85.673876,40.551842],[-85.673937,40.556026],[-85.673993,40.560048],[-85.674106,40.567344],[-85.674219,40.574425],[-85.674373,40.58262],[-85.674588,40.594536]]]}},{"type":"Feature","id":"greene|richland","properties":{"key":"greene|richland"},"geometry":{"type":"Polygon","coordinates":[[[-86.978951,39.048811],[-86.972357,39.051097],[-86.970548,39.05746],[-86.971835,39.0622],[-86.967048,39.064251],[-86.966574,39.069922],[-86.964182,39.076432],[-86.959415,39.075872],[-86.954354,39.076799],[-86.951546,39.08136],[-86.923855,39.081406],[-86.899554,39.081304],[-86.890659,39.081397],[-86.883479,39.081265],[-86.874815,39.081266],[-86.867771,39.081264],[-86.86142,39.081162],[-86.854721,39.081122],[-86.844166,39.081214],[-86.831646,39.081321],[-86.830868,39.072593],[-86.830912,39.062618],[-86.830917,39.040741],[-86.830997,39.029598],[-86.831111,39.015679],[-86.830878,38.999884],[-86.83091,38.993717],[-86.845044,38.993777],[-86.945285,38.994273],[-86.940987,38.997189],[-86.943365,39.002509],[-86.949354,38.997189],[-86.95388,38.994871],[-86.959002,39.000148],[-86.955017,39.008976],[-86.960834,39.012246],[-86.96788,39.016116],[-86.971437,39.020414],[-86.96776,39.02491],[-86.966848,39.029664],[-86.962667,39.03439],[-86.963947,39.04077],[-86.968738,39.042536],[-86.967877,39.046709],[-86.973109,39.048431],[-86.97764,39.047213],[-86.978951,39.048811]]]}},{"type":"Feature","id":"howard|honeycreek","properties":{"key":"howard|honeycreek"},"geometry":{"type":"Polygon","coordinates":[[[-86.309249,40.431712],[-86.294993,40.431712],[-86.271309,40.431822],[-86.24285,40.431996],[-86.222309,40.432047],[-86.222285,40.40315],[-86.236438,40.402971],[-86.242812,40.402914],[-86.242992,40.373661],[-86.280755,40.373734],[-86.280829,40.388339],[-86.309325,40.388372],[-86.309249,40.431712]]]}},{"type":"Feature","id":"pike|patoka","properties":{"key":"pike|patoka"},"geometry":{"type":"Polygon","coordinates":[[[-87.316563,38.341411],[-87.31596,38.375293],[-87.315886,38.38023],[-87.315949,38.3948],[-87.315192,38.410279],[-87.315117,38.421342],[-87.308957,38.421314],[-87.300769,38.421653],[-87.289816,38.421882],[-87.245122,38.421787],[-87.239973,38.421797],[-87.201927,38.421858],[-87.188009,38.421883],[-87.183237,38.421892],[-87.18276,38.355722],[-87.182383,38.333931],[-87.200962,38.333673],[-87.219831,38.333384],[-87.237278,38.33312],[-87.241417,38.333271],[-87.249344,38.333776],[-87.316579,38.334196],[-87.316563,38.341411]]]}},{"type":"Feature","id":"decatur|adams","properties":{"key":"decatur|adams"},"geometry":{"type":"Polygon","coordinates":[[[-85.630112,39.416352],[-85.630258,39.423694],[-85.629991,39.432778],[-85.62978,39.438576],[-85.629327,39.45275],[-85.611058,39.453345],[-85.572809,39.453206],[-85.554416,39.452485],[-85.534584,39.452644],[-85.529433,39.452498],[-85.516554,39.452646],[-85.511814,39.452702],[-85.50712,39.452756],[-85.507607,39.437888],[-85.507788,39.409547],[-85.508017,39.394951],[-85.508029,39.380343],[-85.538266,39.379923],[-85.542461,39.380091],[-85.550492,39.380085],[-85.555294,39.379948],[-85.559869,39.37985],[-85.56401,39.379939],[-85.5702,39.379828],[-85.59108,39.379544],[-85.630281,39.379402],[-85.630112,39.416352]]]}},{"type":"Feature","id":"wells|nottingham","properties":{"key":"wells|nottingham"},"geometry":{"type":"Polygon","coordinates":[[[-85.221317,40.654611],[-85.202315,40.654641],[-85.070385,40.655519],[-85.068479,40.56824],[-85.085414,40.568009],[-85.106918,40.567824],[-85.183391,40.567255],[-85.201146,40.567242],[-85.220999,40.567251],[-85.220986,40.625484],[-85.220891,40.640047],[-85.221317,40.654036],[-85.221317,40.654611]]]}},{"type":"Feature","id":"hancock|brandywine","properties":{"key":"hancock|brandywine"},"geometry":{"type":"Polygon","coordinates":[[[-85.839084,39.757128],[-85.778438,39.757441],[-85.764399,39.757377],[-85.752369,39.757253],[-85.743334,39.757226],[-85.72636,39.757282],[-85.72539,39.69885],[-85.735486,39.698816],[-85.744231,39.698846],[-85.76808,39.699068],[-85.783474,39.698962],[-85.79888,39.698866],[-85.809614,39.698805],[-85.816082,39.698772],[-85.820087,39.698589],[-85.830388,39.698484],[-85.838245,39.698401],[-85.839084,39.757128]]]}},{"type":"Feature","id":"jackson|carr","properties":{"key":"jackson|carr"},"geometry":{"type":"Polygon","coordinates":[[[-86.277059,38.859589],[-86.246709,38.860129],[-86.210161,38.860073],[-86.18902,38.860488],[-86.159172,38.861546],[-86.131465,38.862008],[-86.131004,38.851187],[-86.130476,38.846291],[-86.131064,38.840708],[-86.125125,38.839812],[-86.130217,38.836453],[-86.13261,38.829932],[-86.136969,38.828505],[-86.142229,38.824762],[-86.144976,38.829097],[-86.149016,38.826432],[-86.14506,38.821816],[-86.147198,38.815312],[-86.152887,38.816076],[-86.1587,38.817241],[-86.157221,38.812941],[-86.152353,38.811092],[-86.156372,38.807221],[-86.159332,38.802877],[-86.163816,38.803926],[-86.164554,38.798428],[-86.159345,38.797889],[-86.156861,38.793237],[-86.15213,38.793351],[-86.161169,38.790552],[-86.161755,38.78503],[-86.160573,38.778407],[-86.165828,38.777838],[-86.166719,38.773438],[-86.172332,38.772844],[-86.176633,38.774857],[-86.180725,38.780941],[-86.185536,38.782917],[-86.186905,38.777494],[-86.194821,38.777093],[-86.200084,38.782371],[-86.205499,38.781814],[-86.202242,38.775946],[-86.197424,38.775414],[-86.203812,38.773715],[-86.207835,38.778272],[-86.213161,38.77938],[-86.214208,38.775349],[-86.218736,38.771134],[-86.22018,38.776009],[-86.226597,38.777949],[-86.232208,38.773194],[-86.237144,38.767797],[-86.243199,38.765605],[-86.247229,38.767846],[-86.253442,38.76352],[-86.257741,38.765042],[-86.254103,38.770118],[-86.26263,38.769729],[-86.263033,38.76544],[-86.272522,38.765537],[-86.2754,38.770063],[-86.275993,38.802296],[-86.277059,38.859589]]]}},{"type":"Feature","id":"bartholomew|clay","properties":{"key":"bartholomew|clay"},"geometry":{"type":"Polygon","coordinates":[[[-85.858092,39.252461],[-85.857523,39.260254],[-85.833565,39.260679],[-85.799929,39.261512],[-85.771487,39.261564],[-85.771886,39.227014],[-85.771944,39.217713],[-85.772098,39.188496],[-85.790909,39.188366],[-85.814645,39.188],[-85.8196,39.187892],[-85.851027,39.187422],[-85.85672,39.187335],[-85.85673,39.195537],[-85.856727,39.201894],[-85.857166,39.21637],[-85.857314,39.223772],[-85.8575,39.229648],[-85.857797,39.238366],[-85.857924,39.245616],[-85.858092,39.252461]]]}},{"type":"Feature","id":"whitley|cleveland","properties":{"key":"whitley|cleveland"},"geometry":{"type":"Polygon","coordinates":[[[-85.686033,41.11793],[-85.58636,41.118512],[-85.567712,41.118344],[-85.567713,41.090217],[-85.567702,41.077243],[-85.567435,41.047857],[-85.566451,41.003059],[-85.643841,41.002305],[-85.683198,41.001909],[-85.683354,41.009055],[-85.684181,41.046716],[-85.685121,41.075677],[-85.686033,41.11793]]]}},{"type":"Feature","id":"boone|center","properties":{"key":"boone|center"},"geometry":{"type":"Polygon","coordinates":[[[-86.554347,40.01726],[-86.54468,40.01726],[-86.5446,40.03864],[-86.544154,40.082826],[-86.53473,40.08278],[-86.53466,40.09728],[-86.479013,40.097204],[-86.468211,40.097448],[-86.455088,40.097482],[-86.37542,40.09769],[-86.35638,40.09833],[-86.35602,40.069008],[-86.35595,40.05442],[-86.355893,40.039813],[-86.393982,40.039274],[-86.39399,40.02587],[-86.393976,40.018584],[-86.39395,40.01126],[-86.39392,40.004589],[-86.39393,39.99671],[-86.413243,39.996415],[-86.43187,39.996347],[-86.441325,39.996256],[-86.441448,39.98869],[-86.44618,39.98878],[-86.450892,39.988723],[-86.450957,39.996248],[-86.468779,39.995725],[-86.50053,39.995532],[-86.530193,39.995499],[-86.530258,39.984582],[-86.534948,39.984537],[-86.54024,39.98094],[-86.544603,39.981],[-86.54454,39.986397],[-86.549313,39.986459],[-86.549424,39.995572],[-86.55416,39.995551],[-86.554207,40.008077],[-86.554347,40.01726]]]}},{"type":"Feature","id":"johnson|blueriver","properties":{"key":"johnson|blueriver"},"geometry":{"type":"Polygon","coordinates":[[[-86.027735,39.395525],[-86.027729,39.402628],[-86.027375,39.426083],[-86.026092,39.434141],[-86.012385,39.434306],[-86.00756,39.43458],[-85.996842,39.434842],[-85.98552,39.435162],[-85.980703,39.435117],[-85.952545,39.435921],[-85.95276,39.41974],[-85.952796,39.3655],[-85.952421,39.355661],[-85.952005,39.347373],[-85.963199,39.347048],[-85.968865,39.346899],[-85.976822,39.346747],[-85.983263,39.346665],[-85.988127,39.346702],[-85.993141,39.346543],[-86.018819,39.345806],[-86.027719,39.345609],[-86.027775,39.373082],[-86.02762,39.38063],[-86.028043,39.385496],[-86.027735,39.395525]]]}},{"type":"Feature","id":"jay|greene","properties":{"key":"jay|greene"},"geometry":{"type":"Polygon","coordinates":[[[-85.132017,40.480242],[-85.124477,40.480363],[-85.105266,40.480675],[-85.085281,40.481043],[-85.076588,40.48117],[-85.028377,40.48189],[-85.020583,40.482043],[-85.020052,40.453283],[-85.01943,40.425304],[-85.019343,40.415595],[-85.019201,40.409934],[-85.019027,40.395227],[-85.036086,40.395087],[-85.071206,40.394259],[-85.130855,40.393448],[-85.131032,40.407965],[-85.131973,40.47328],[-85.132017,40.480242]]]}},{"type":"Feature","id":"orange|orleans","properties":{"key":"orange|orleans"},"geometry":{"type":"Polygon","coordinates":[[[-86.516571,38.687817],[-86.49999,38.68799],[-86.460057,38.688655],[-86.455556,38.687522],[-86.401806,38.687684],[-86.383319,38.687843],[-86.383726,38.644457],[-86.383851,38.630035],[-86.383562,38.615447],[-86.402532,38.615547],[-86.438301,38.614762],[-86.45812,38.614393],[-86.49688,38.614355],[-86.505909,38.614335],[-86.515274,38.615086],[-86.515486,38.62505],[-86.515659,38.637266],[-86.516571,38.687817]]]}},{"type":"Feature","id":"warrick|anderson","properties":{"key":"warrick|anderson"},"geometry":{"type":"Polygon","coordinates":[[[-87.3734420139054,37.9319613256738],[-87.367599,37.939167],[-87.36498,37.933021],[-87.358976,37.933391],[-87.354642,37.935266],[-87.355854,37.941421],[-87.349907,37.943399],[-87.349168,37.937458],[-87.344888,37.939453],[-87.338883,37.938731],[-87.342825,37.943699],[-87.347005,37.949165],[-87.342981,37.951507],[-87.336107,37.948444],[-87.333497,37.953053],[-87.332645,37.957388],[-87.335255,37.96168],[-87.32223,37.96144],[-87.285449,37.960835],[-87.250793,37.960199],[-87.241179,37.960517],[-87.229081,37.960243],[-87.229186,37.955631],[-87.232677,37.951323],[-87.238037,37.950304],[-87.244258,37.948658],[-87.248236,37.943979],[-87.258329,37.935421],[-87.264616,37.929376],[-87.26795,37.925172],[-87.268082,37.919116],[-87.268445,37.879164],[-87.27317,37.880118],[-87.280416,37.885642],[-87.298315,37.895923],[-87.3029438543916,37.897706665082],[-87.319754,37.905524],[-87.333539,37.908338],[-87.344933,37.911164],[-87.352738,37.916091],[-87.357765,37.920367],[-87.363674,37.922241],[-87.370522,37.928234],[-87.3734420139054,37.9319613256738]]]}},{"type":"Feature","id":"clark|oregon","properties":{"key":"clark|oregon"},"geometry":{"type":"Polygon","coordinates":[[[-85.719718,38.60554],[-85.670333,38.60573],[-85.661239,38.605565],[-85.642719,38.605628],[-85.602093,38.562742],[-85.580815,38.539578],[-85.57006,38.527853],[-85.56324,38.520841],[-85.558787,38.516316],[-85.585984,38.501281],[-85.595433,38.496511],[-85.607366,38.489361],[-85.612442,38.486857],[-85.635759,38.512516],[-85.648218,38.525994],[-85.661917,38.54182],[-85.667662,38.54761],[-85.683575,38.564179],[-85.687999,38.568809],[-85.694009,38.573419],[-85.698236,38.578512],[-85.707435,38.588843],[-85.723834,38.605534],[-85.719718,38.60554]]]}},{"type":"Feature","id":"cass|clinton","properties":{"key":"cass|clinton"},"geometry":{"type":"Polygon","coordinates":[[[-86.525213,40.717196],[-86.520276,40.718921],[-86.51184,40.721888],[-86.508181,40.728016],[-86.506402,40.734811],[-86.501559,40.739734],[-86.497282,40.741284],[-86.492711,40.741927],[-86.483182,40.743393],[-86.476773,40.74371],[-86.468208,40.745443],[-86.456262,40.747436],[-86.45165,40.749456],[-86.447619,40.753493],[-86.439388,40.756211],[-86.431159,40.754723],[-86.425034,40.75364],[-86.418816,40.751539],[-86.414753,40.748612],[-86.407037,40.747481],[-86.398224,40.748303],[-86.391346,40.747252],[-86.391457,40.736096],[-86.391224,40.730542],[-86.391217,40.721578],[-86.391277,40.693135],[-86.448704,40.692134],[-86.467934,40.691955],[-86.525164,40.692419],[-86.525213,40.717196]]]}},{"type":"Feature","id":"rush|noble","properties":{"key":"rush|noble"},"geometry":{"type":"Polygon","coordinates":[[[-85.406384,39.584033],[-85.396829,39.58418],[-85.396554,39.611783],[-85.377734,39.611892],[-85.299821,39.612683],[-85.299405,39.60322],[-85.299275,39.598686],[-85.29811,39.525476],[-85.405373,39.525148],[-85.405706,39.539854],[-85.406384,39.584033]]]}},{"type":"Feature","id":"knox|decker","properties":{"key":"knox|decker"},"geometry":{"type":"Polygon","coordinates":[[[-87.756714,38.460299],[-87.7538400990514,38.4658419225116],[-87.744644,38.477266],[-87.7348542167362,38.4800194377413],[-87.714047,38.47988],[-87.685921,38.491843],[-87.678374,38.498438],[-87.672382,38.507396],[-87.663701,38.502931],[-87.656741,38.501757],[-87.650092,38.504606],[-87.645345,38.510159],[-87.646226,38.51509],[-87.64994,38.519776],[-87.648938,38.524252],[-87.643776,38.523115],[-87.6361,38.521259],[-87.628204,38.519747],[-87.623689,38.51947],[-87.617564,38.523751],[-87.609607,38.520755],[-87.593389,38.52067],[-87.593312,38.534541],[-87.576041,38.534577],[-87.529038,38.535098],[-87.526954,38.52768],[-87.52792,38.521823],[-87.528406,38.517363],[-87.533827,38.517226],[-87.539946,38.518656],[-87.545216,38.51735],[-87.549462,38.511645],[-87.545221,38.50275],[-87.541849,38.498695],[-87.54018,38.492824],[-87.548816,38.490297],[-87.558161,38.489857],[-87.563988,38.490831],[-87.570021,38.490582],[-87.576751,38.49279],[-87.579527,38.498461],[-87.585893,38.497784],[-87.586982,38.492351],[-87.580925,38.48603],[-87.585304,38.476761],[-87.588906,38.470563],[-87.589791,38.464025],[-87.593649,38.457722],[-87.59647,38.453224],[-87.606676,38.447571],[-87.614599,38.446807],[-87.621452,38.449694],[-87.628917,38.448107],[-87.632041,38.442919],[-87.636645,38.44318],[-87.638274,38.448872],[-87.637422,38.453676],[-87.641722,38.456057],[-87.646896,38.453701],[-87.652071,38.449158],[-87.65078,38.455964],[-87.65681,38.458649],[-87.661936,38.454308],[-87.664128,38.449218],[-87.672049,38.447367],[-87.672924,38.442589],[-87.668345,38.439486],[-87.662765,38.437729],[-87.662319,38.432236],[-87.669045,38.430704],[-87.674231,38.428897],[-87.678946,38.431132],[-87.692017,38.427853],[-87.698119,38.42308],[-87.704222,38.420168],[-87.708652,38.418659],[-87.71552,38.417093],[-87.721852,38.416393],[-87.727977,38.416578],[-87.734507,38.417034],[-87.738859,38.416072],[-87.7436874802689,38.4143881679825],[-87.742828,38.427335],[-87.739767,38.437977],[-87.730699,38.442908],[-87.730369,38.447884],[-87.740525,38.454716],[-87.750797,38.454197],[-87.755931,38.455876],[-87.756714,38.460299]]]}},{"type":"Feature","id":"washington|monroe","properties":{"key":"washington|monroe"},"geometry":{"type":"Polygon","coordinates":[[[-86.128223,38.763755],[-86.117096,38.766851],[-86.112839,38.766207],[-86.106945,38.7671],[-86.102356,38.765755],[-86.100671,38.773738],[-86.097709,38.781079],[-86.09334,38.78346],[-86.087322,38.782053],[-86.080944,38.780509],[-86.076419,38.776596],[-86.069237,38.776949],[-86.064206,38.778645],[-86.060152,38.777087],[-86.05508,38.773133],[-86.050184,38.770829],[-86.047236,38.766676],[-86.043316,38.76245],[-86.038303,38.760888],[-86.034035,38.761733],[-86.027928,38.75617],[-86.026318,38.761342],[-86.022076,38.766926],[-86.015529,38.765367],[-86.017432,38.761087],[-86.016933,38.750055],[-86.016042,38.677094],[-86.061056,38.676306],[-86.121279,38.674848],[-86.125867,38.708321],[-86.128223,38.763755]]]}},{"type":"Feature","id":"bartholomew|columbus","properties":{"key":"bartholomew|columbus"},"geometry":{"type":"Polygon","coordinates":[[[-86.007622,39.257567],[-85.953997,39.258809],[-85.942488,39.259068],[-85.927118,39.259421],[-85.922164,39.25949],[-85.912782,39.259674],[-85.883032,39.260175],[-85.857309,39.260539],[-85.858092,39.252461],[-85.857924,39.245616],[-85.857797,39.238366],[-85.857593,39.23251],[-85.857314,39.223772],[-85.857166,39.21637],[-85.856618,39.204654],[-85.85673,39.195537],[-85.85672,39.187335],[-85.851027,39.187422],[-85.8196,39.187892],[-85.819172,39.17354],[-85.818435,39.158422],[-85.830471,39.158447],[-85.841742,39.158181],[-85.856061,39.157836],[-85.865295,39.157926],[-85.874251,39.157596],[-85.88307,39.157545],[-85.904433,39.1573],[-85.909491,39.157289],[-85.923764,39.156987],[-85.929683,39.156496],[-85.939331,39.156329],[-85.948278,39.156039],[-85.958022,39.156018],[-85.97948,39.156114],[-85.986419,39.155903],[-85.986469,39.165199],[-85.986413,39.169921],[-85.986825,39.177561],[-85.987056,39.189418],[-85.987153,39.194272],[-85.987442,39.207658],[-85.987845,39.228506],[-85.99465,39.228275],[-85.999926,39.228408],[-86.006704,39.227903],[-86.006907,39.237423],[-86.007407,39.257165],[-86.007622,39.257567]]]}},{"type":"Feature","id":"fayette|jackson","properties":{"key":"fayette|jackson"},"geometry":{"type":"Polygon","coordinates":[[[-85.171292,39.555362],[-85.164447,39.559288],[-85.158579,39.56164],[-85.153812,39.565593],[-85.152713,39.570539],[-85.15579,39.576465],[-85.155769,39.581402],[-85.15519,39.586048],[-85.155493,39.595905],[-85.13435,39.598807],[-85.124985,39.598889],[-85.1201,39.598702],[-85.094134,39.598848],[-85.092169,39.585142],[-85.092244,39.575776],[-85.092245,39.571223],[-85.082865,39.569786],[-85.0361,39.569162],[-85.036317,39.540518],[-85.036087,39.526213],[-85.084209,39.526487],[-85.125027,39.526863],[-85.129627,39.526655],[-85.168639,39.526301],[-85.168522,39.531628],[-85.163906,39.533831],[-85.166274,39.540597],[-85.1707,39.545094],[-85.169916,39.549458],[-85.171292,39.555362]]]}},{"type":"Feature","id":"jackson|jackson","properties":{"key":"jackson|jackson"},"geometry":{"type":"Polygon","coordinates":[[[-85.963095,38.941169],[-85.958896,38.942335],[-85.954432,38.937092],[-85.94892,38.939012],[-85.950886,38.944771],[-85.95159,38.951701],[-85.946404,38.949169],[-85.938977,38.946529],[-85.942176,38.951168],[-85.937565,38.956033],[-85.932503,38.959425],[-85.928409,38.964361],[-85.926898,38.968361],[-85.929348,38.973042],[-85.924391,38.977677],[-85.919258,38.976505],[-85.920131,38.98135],[-85.914993,38.982905],[-85.90806,38.982624],[-85.908006,38.968951],[-85.900257,38.969002],[-85.893389,38.968972],[-85.88854,38.969028],[-85.883053,38.969046],[-85.877525,38.968914],[-85.856776,38.969133],[-85.848591,38.969031],[-85.843615,38.969158],[-85.834902,38.969512],[-85.81767,38.969999],[-85.797259,38.969762],[-85.797178,38.961245],[-85.796763,38.953841],[-85.796962,38.940102],[-85.796462,38.911024],[-85.842852,38.910908],[-85.852123,38.910704],[-85.889092,38.909991],[-85.925399,38.909116],[-85.9625,38.908118],[-85.962926,38.923535],[-85.963243,38.934471],[-85.963474,38.940123],[-85.963095,38.941169]]]}},{"type":"Feature","id":"wells|rockcreek","properties":{"key":"wells|rockcreek"},"geometry":{"type":"Polygon","coordinates":[[[-85.335507,40.821657],[-85.335463,40.830652],[-85.330502,40.830592],[-85.323523,40.830557],[-85.299203,40.830452],[-85.243478,40.830263],[-85.238316,40.830174],[-85.233135,40.830095],[-85.222661,40.830078],[-85.222964,40.804029],[-85.22267,40.742606],[-85.335035,40.742031],[-85.335413,40.800681],[-85.335507,40.820822],[-85.335507,40.821657]]]}},{"type":"Feature","id":"posey|robinson","properties":{"key":"posey|robinson"},"geometry":{"type":"Polygon","coordinates":[[[-87.835068,38.027739],[-87.825714,38.034868],[-87.820583,38.039382],[-87.809845,38.048313],[-87.792887,38.059194],[-87.78687,38.067296],[-87.780585,38.072674],[-87.769662,38.08322],[-87.766408,38.088935],[-87.762154,38.094644],[-87.754274,38.097181],[-87.75343,38.102102],[-87.748064,38.106142],[-87.741921,38.110902],[-87.740636,38.118724],[-87.738552,38.124347],[-87.733988,38.125086],[-87.706706,38.124884],[-87.696775,38.124843],[-87.696985,38.117126],[-87.69704,38.11103],[-87.697039,38.10657],[-87.697203,38.094287],[-87.697279,38.090068],[-87.697367,38.080302],[-87.697651,38.062289],[-87.697765,38.051762],[-87.697829,38.043517],[-87.697917,38.036897],[-87.698285,38.01501],[-87.698329,38.00822],[-87.753983,38.008054],[-87.791347,38.008517],[-87.810204,38.008704],[-87.813883,38.014373],[-87.824531,38.022782],[-87.829336,38.02422],[-87.833736,38.027397],[-87.835068,38.027739]]]}},{"type":"Feature","id":"franklin|saltcreek","properties":{"key":"franklin|saltcreek"},"geometry":{"type":"Polygon","coordinates":[[[-85.297372,39.438434],[-85.288858,39.43853],[-85.24113,39.438925],[-85.233905,39.439008],[-85.190652,39.43934],[-85.167946,39.439676],[-85.168747,39.425638],[-85.169428,39.411948],[-85.169401,39.406408],[-85.169474,39.39669],[-85.169617,39.381671],[-85.179049,39.381992],[-85.185945,39.381899],[-85.216477,39.381322],[-85.229588,39.381232],[-85.245324,39.381129],[-85.24975,39.380761],[-85.256469,39.380727],[-85.265256,39.380707],[-85.271151,39.380899],[-85.286161,39.380949],[-85.296386,39.381465],[-85.296475,39.392571],[-85.296802,39.408269],[-85.297161,39.420229],[-85.297372,39.438434]]]}},{"type":"Feature","id":"morgan|jackson","properties":{"key":"morgan|jackson"},"geometry":{"type":"Polygon","coordinates":[[[-86.362405,39.355088],[-86.362328,39.382342],[-86.362284,39.391803],[-86.362111,39.398978],[-86.361919,39.411364],[-86.361771,39.421067],[-86.361713,39.427851],[-86.270687,39.429656],[-86.251304,39.430046],[-86.25124,39.421368],[-86.25152,39.37959],[-86.2515,39.37122],[-86.251684,39.341672],[-86.256691,39.34184],[-86.289679,39.34137],[-86.309074,39.341082],[-86.323681,39.341039],[-86.362345,39.340061],[-86.362405,39.355088]]]}},{"type":"Feature","id":"martin|mitcheltree","properties":{"key":"martin|mitcheltree"},"geometry":{"type":"Polygon","coordinates":[[[-86.795094,38.750049],[-86.794793,38.817816],[-86.794533,38.875572],[-86.794425,38.904367],[-86.729398,38.904532],[-86.682853,38.904697],[-86.682911,38.896454],[-86.683232,38.861237],[-86.683247,38.853232],[-86.683213,38.846912],[-86.6834,38.772852],[-86.683577,38.767394],[-86.683513,38.761965],[-86.683403,38.756176],[-86.683255,38.730049],[-86.737961,38.730025],[-86.731729,38.727103],[-86.727512,38.722287],[-86.734574,38.719508],[-86.740969,38.718765],[-86.747793,38.719253],[-86.75449,38.722069],[-86.757824,38.729473],[-86.757925,38.744675],[-86.778429,38.744792],[-86.79502,38.745043],[-86.795094,38.750049]]]}},{"type":"Feature","id":"starke|center","properties":{"key":"starke|center"},"geometry":{"type":"Polygon","coordinates":[[[-86.69853,41.346159],[-86.640231,41.346075],[-86.601581,41.346061],[-86.582325,41.345994],[-86.582257,41.307942],[-86.582236,41.288105],[-86.582199,41.273546],[-86.582198,41.259053],[-86.621162,41.25908],[-86.639846,41.259097],[-86.678927,41.25905],[-86.698363,41.259093],[-86.698548,41.317072],[-86.69853,41.346159]]]}},{"type":"Feature","id":"hendricks|center","properties":{"key":"hendricks|center"},"geometry":{"type":"Polygon","coordinates":[[[-86.57673,39.834428],[-86.505464,39.834359],[-86.505339,39.805],[-86.467337,39.804851],[-86.45701,39.805826],[-86.457011,39.798368],[-86.456977,39.776312],[-86.457279,39.76196],[-86.457252,39.757756],[-86.457091,39.747241],[-86.457088,39.739871],[-86.457128,39.718064],[-86.467004,39.717967],[-86.491134,39.716925],[-86.500008,39.716733],[-86.560833,39.71667],[-86.576116,39.716603],[-86.576288,39.731262],[-86.576231,39.758478],[-86.57654,39.812135],[-86.576584,39.81954],[-86.57673,39.833816],[-86.57673,39.834428]]]}},{"type":"Feature","id":"white|union","properties":{"key":"white|union"},"geometry":{"type":"Polygon","coordinates":[[[-86.83368,40.737168],[-86.81456,40.737514],[-86.81474,40.74505],[-86.8143,40.82228],[-86.80338,40.82598],[-86.797827,40.826117],[-86.791391,40.826154],[-86.790775,40.81745],[-86.79306,40.81144],[-86.786093,40.808291],[-86.7793,40.805698],[-86.777277,40.799452],[-86.771679,40.796232],[-86.74494,40.795935],[-86.69673,40.796],[-86.69679,40.78866],[-86.69689,40.7592],[-86.697099,40.737102],[-86.70197,40.73715],[-86.747764,40.73754],[-86.752676,40.733866],[-86.757267,40.727034],[-86.756286,40.721606],[-86.750011,40.719563],[-86.750011,40.714916],[-86.754896,40.713479],[-86.759637,40.705486],[-86.761936,40.700094],[-86.755833,40.695234],[-86.754806,40.690207],[-86.748705,40.688404],[-86.753102,40.686813],[-86.760732,40.68222],[-86.758589,40.676977],[-86.748587,40.678161],[-86.744243,40.682473],[-86.742693,40.678367],[-86.747426,40.673419],[-86.754176,40.671453],[-86.758224,40.667552],[-86.77423,40.664026],[-86.783823,40.663952],[-86.78406,40.67856],[-86.788751,40.678497],[-86.78898,40.685811],[-86.793709,40.685814],[-86.79394,40.69304],[-86.81346,40.69298],[-86.822862,40.693058],[-86.823301,40.700275],[-86.832588,40.69997],[-86.833221,40.721734],[-86.83368,40.737168]]]}},{"type":"Feature","id":"warrick|boon","properties":{"key":"warrick|boon"},"geometry":{"type":"Polygon","coordinates":[[[-87.359289,38.019927],[-87.359092,38.027095],[-87.359012,38.033063],[-87.358936,38.038624],[-87.358884,38.048813],[-87.358721,38.08904],[-87.354311,38.092043],[-87.342294,38.101107],[-87.340297,38.113019],[-87.337684,38.11825],[-87.298064,38.120534],[-87.243518,38.119952],[-87.222391,38.119687],[-87.222465,38.101882],[-87.222563,38.090964],[-87.227525,38.090968],[-87.22745,38.083703],[-87.222459,38.08363],[-87.222753,38.069106],[-87.213737,38.06908],[-87.213723,38.064136],[-87.209111,38.064125],[-87.209136,38.058785],[-87.204455,38.058788],[-87.20456,38.04803],[-87.204842,38.035982],[-87.197835,38.032509],[-87.196182,38.026442],[-87.188727,38.022937],[-87.180098,38.018318],[-87.174326,38.014684],[-87.169309,38.013162],[-87.173991,38.009491],[-87.178627,38.009714],[-87.183193,38.010158],[-87.176331,38.007194],[-87.175894,38.002662],[-87.183026,38.002759],[-87.185803,37.996518],[-87.191776,37.991904],[-87.196218,37.987454],[-87.201479,37.985249],[-87.20727,37.981485],[-87.212221,37.977731],[-87.21719,37.974757],[-87.223458,37.972047],[-87.227662,37.969748],[-87.2301,37.964542],[-87.229081,37.960243],[-87.241179,37.960517],[-87.249216,37.960688],[-87.285449,37.960835],[-87.32064,37.961456],[-87.321499,37.990456],[-87.35925,37.990908],[-87.359289,38.019927]]]}},{"type":"Feature","id":"dekalb|union","properties":{"key":"dekalb|union"},"geometry":{"type":"Polygon","coordinates":[[[-85.078829,41.395846],[-85.066206,41.396069],[-85.055861,41.396318],[-85.045538,41.396643],[-85.024027,41.397216],[-85.004719,41.397289],[-84.985929,41.398347],[-84.96592,41.398251],[-84.965498,41.374844],[-84.965307,41.361833],[-84.965161,41.354562],[-85.022507,41.353155],[-85.030775,41.353],[-85.037434,41.352826],[-85.041658,41.35276],[-85.057277,41.352583],[-85.078415,41.351993],[-85.078442,41.359263],[-85.078546,41.366621],[-85.078605,41.371667],[-85.078714,41.381033],[-85.078829,41.395846]]]}},{"type":"Feature","id":"daviess|steele","properties":{"key":"daviess|steele"},"geometry":{"type":"Polygon","coordinates":[[[-87.257661,38.771635],[-87.256957,38.776622],[-87.246662,38.779844],[-87.24046,38.781175],[-87.239778,38.786318],[-87.241708,38.795135],[-87.240922,38.800571],[-87.245915,38.806369],[-87.243352,38.811196],[-87.2423,38.816106],[-87.235834,38.818329],[-87.238727,38.813867],[-87.232032,38.813388],[-87.226737,38.812331],[-87.227986,38.808016],[-87.222901,38.80893],[-87.217677,38.812058],[-87.218623,38.819052],[-87.216054,38.823644],[-87.210995,38.820901],[-87.211152,38.816837],[-87.213267,38.807977],[-87.208159,38.811631],[-87.203083,38.815145],[-87.205338,38.820802],[-87.203667,38.825598],[-87.19794,38.824321],[-87.196816,38.819036],[-87.192243,38.814688],[-87.18954,38.820175],[-87.191972,38.824785],[-87.197192,38.826562],[-87.195376,38.831316],[-87.190277,38.827507],[-87.185886,38.829781],[-87.186849,38.8338],[-87.182146,38.834185],[-87.177921,38.830217],[-87.173359,38.829404],[-87.174231,38.834911],[-87.172962,38.838981],[-87.177693,38.842467],[-87.182437,38.842324],[-87.18527,38.846634],[-87.179946,38.84536],[-87.174762,38.844792],[-87.170381,38.846936],[-87.164257,38.844543],[-87.15482,38.843191],[-87.14932,38.83838],[-87.144728,38.839541],[-87.140574,38.843513],[-87.141861,38.847958],[-87.130279,38.847753],[-87.130215,38.840386],[-87.130146,38.818324],[-87.129929,38.788891],[-87.129664,38.771676],[-87.129509,38.740791],[-87.12923,38.728775],[-87.166818,38.729357],[-87.185633,38.729478],[-87.247003,38.728892],[-87.252802,38.731414],[-87.254483,38.735654],[-87.250413,38.740265],[-87.245496,38.742448],[-87.241292,38.74044],[-87.245131,38.745463],[-87.250015,38.752255],[-87.252964,38.756762],[-87.2479,38.758232],[-87.244803,38.751728],[-87.240652,38.749113],[-87.242959,38.75362],[-87.244601,38.758244],[-87.242542,38.762943],[-87.239704,38.767326],[-87.24588,38.768028],[-87.250012,38.765152],[-87.255895,38.765589],[-87.257661,38.771635]]]}},{"type":"Feature","id":"whitley|washington","properties":{"key":"whitley|washington"},"geometry":{"type":"Polygon","coordinates":[[[-85.567713,41.090217],[-85.56008,41.08982],[-85.549175,41.089395],[-85.541913,41.089653],[-85.522799,41.089147],[-85.509163,41.089229],[-85.499975,41.0896],[-85.489417,41.089292],[-85.471579,41.089246],[-85.451947,41.089163],[-85.451873,41.055369],[-85.451961,41.044232],[-85.452146,41.005232],[-85.489886,41.004201],[-85.549194,41.003355],[-85.566451,41.003059],[-85.56726,41.04719],[-85.567702,41.077243],[-85.567704,41.088286],[-85.567713,41.090217]]]}},{"type":"Feature","id":"wayne|greene","properties":{"key":"wayne|greene"},"geometry":{"type":"Polygon","coordinates":[[[-85.053481,40.004809],[-85.034505,40.004842],[-84.958762,40.005278],[-84.958441,39.925227],[-84.996244,39.925207],[-84.996184,39.90339],[-85.005586,39.903336],[-85.005543,39.917896],[-85.017173,39.917407],[-85.034034,39.917769],[-85.0342,39.932349],[-85.052907,39.932297],[-85.053172,39.946826],[-85.053481,40.004809]]]}},{"type":"Feature","id":"fountain|fulton","properties":{"key":"fountain|fulton"},"geometry":{"type":"Polygon","coordinates":[[[-87.440263,39.960303],[-87.43392,39.966316],[-87.430485,39.971039],[-87.428541,39.97659],[-87.427393,39.981944],[-87.427732,39.986703],[-87.433385,39.994188],[-87.433344,40.001071],[-87.435356,40.01784],[-87.4354,40.023509],[-87.413338,40.026216],[-87.383355,40.025576],[-87.377133,40.025615],[-87.361814,40.02621],[-87.327971,40.026204],[-87.319063,40.026268],[-87.318223,39.960069],[-87.318521,39.952753],[-87.415302,39.952562],[-87.420221,39.952452],[-87.423807,39.956499],[-87.428878,39.954804],[-87.434796,39.956358],[-87.439389,39.959061],[-87.440263,39.960303]]]}},{"type":"Feature","id":"wabash|pleasant","properties":{"key":"wabash|pleasant"},"geometry":{"type":"Polygon","coordinates":[[[-85.946436,40.999195],[-85.945561,41.042876],[-85.926333,41.042583],[-85.907475,41.042928],[-85.872251,41.04305],[-85.795814,41.043588],[-85.795228,41.018531],[-85.794652,41.000088],[-85.794109,40.985973],[-85.793473,40.941819],[-85.842557,40.942156],[-85.8514,40.941849],[-85.861118,40.941865],[-85.870805,40.942585],[-85.944713,40.942787],[-85.945427,40.964755],[-85.946436,40.999195]]]}},{"type":"Feature","id":"clay|cass","properties":{"key":"clay|cass"},"geometry":{"type":"Polygon","coordinates":[[[-87.015587,39.433361],[-87.014533,39.473572],[-87.000013,39.473751],[-86.977051,39.473603],[-86.939981,39.473345],[-86.940206,39.464289],[-86.940994,39.455689],[-86.941208,39.447593],[-86.941343,39.443076],[-86.941763,39.429312],[-86.996378,39.429983],[-87.015516,39.429988],[-87.015587,39.433361]]]}},{"type":"Feature","id":"shelby|moral","properties":{"key":"shelby|moral"},"geometry":{"type":"Polygon","coordinates":[[[-85.952336,39.634987],[-85.952097,39.644729],[-85.95208,39.661276],[-85.952071,39.66907],[-85.951735,39.697049],[-85.896213,39.698422],[-85.857084,39.698325],[-85.838875,39.698396],[-85.838774,39.639821],[-85.838724,39.625843],[-85.838378,39.619343],[-85.838378,39.610922],[-85.858413,39.610686],[-85.871757,39.610542],[-85.877264,39.610337],[-85.895606,39.6101],[-85.934421,39.609633],[-85.93846,39.609266],[-85.942808,39.609332],[-85.952523,39.60915],[-85.952336,39.634987]]]}},{"type":"Feature","id":"harrison|franklin","properties":{"key":"harrison|franklin"},"geometry":{"type":"Polygon","coordinates":[[[-86.05141,38.213102],[-86.051108,38.257911],[-86.051031,38.287336],[-86.01394,38.287216],[-86.014115,38.301813],[-85.997318,38.301771],[-85.995297,38.2927],[-85.995223,38.287044],[-85.992411,38.272789],[-85.97376,38.272768],[-85.973798,38.258627],[-85.955199,38.25774],[-85.955287,38.213357],[-85.955504,38.19951],[-85.95802,38.186623],[-85.99516,38.185745],[-86.015011,38.185137],[-86.050721,38.185061],[-86.051548,38.200067],[-86.05141,38.213102]]]}},{"type":"Feature","id":"ohio|union","properties":{"key":"ohio|union"},"geometry":{"type":"Polygon","coordinates":[[[-85.025413,38.960726],[-85.024668,38.974498],[-85.021265,38.981636],[-85.016075,38.98216],[-85.008602,38.979182],[-85.005498,38.975176],[-85.000888,38.983914],[-84.998971,38.994317],[-84.994154,38.997511],[-84.987761,38.995294],[-84.982895,38.996623],[-84.977972,38.994816],[-84.972893,38.994002],[-84.967663,38.994035],[-84.963322,38.995891],[-84.957741,38.994951],[-84.952305,38.996283],[-84.94769,38.998181],[-84.946354,39.004912],[-84.938316,39.007084],[-84.933465,39.006226],[-84.930984,38.9597],[-84.949215,38.959912],[-84.954406,38.959896],[-84.993257,38.960271],[-85.002592,38.960632],[-85.007199,38.960292],[-85.024941,38.960714],[-85.025413,38.960726]]]}},{"type":"Feature","id":"sullivan|haddon","properties":{"key":"sullivan|haddon"},"geometry":{"type":"Polygon","coordinates":[[[-87.527887,38.909201],[-87.526033,38.913606],[-87.527702,38.918449],[-87.520634,38.921665],[-87.518789,38.927844],[-87.516628,38.932995],[-87.521851,38.940069],[-87.506428,38.942981],[-87.500208,38.943195],[-87.462165,38.942662],[-87.461698,38.997146],[-87.430108,38.996686],[-87.417935,38.996794],[-87.416581,39.003485],[-87.415379,39.010269],[-87.416477,39.01468],[-87.418544,39.019154],[-87.422731,39.020333],[-87.419879,39.025432],[-87.410393,39.025374],[-87.410072,39.039843],[-87.400772,39.039656],[-87.354438,39.039065],[-87.315441,39.038884],[-87.315347,39.031627],[-87.315495,39.020212],[-87.315376,38.995184],[-87.317536,38.961637],[-87.336903,38.961492],[-87.337011,38.901794],[-87.354295,38.901639],[-87.373033,38.901975],[-87.392367,38.901828],[-87.425557,38.902022],[-87.448219,38.902313],[-87.5225092886878,38.9023946478127],[-87.518008,38.902705],[-87.524314,38.905194],[-87.527887,38.909201]]]}},{"type":"Feature","id":"perry|union","properties":{"key":"perry|union"},"geometry":{"type":"Polygon","coordinates":[[[-86.623957,38.059583],[-86.623562,38.073562],[-86.613888,38.073528],[-86.53304,38.0733],[-86.532536,38.117503],[-86.535694,38.121831],[-86.536166,38.132954],[-86.499876,38.133031],[-86.461762,38.132306],[-86.4610337136873,38.1211745670961],[-86.466081,38.114437],[-86.466217,38.106781],[-86.463858,38.101177],[-86.458833,38.096006],[-86.449994,38.092031],[-86.434046,38.086763],[-86.430091,38.078638],[-86.432789,38.067171],[-86.438236,38.060426],[-86.452192,38.05049],[-86.462085,38.047532],[-86.471903,38.046218],[-86.480393,38.045578],[-86.4907693787391,38.0456724842707],[-86.500051,38.045757],[-86.51176,38.044448],[-86.517289,38.042634],[-86.521825,38.038327],[-86.5246846781271,38.0288238457151],[-86.623624,38.02929],[-86.623957,38.059583]]]}},{"type":"Feature","id":"vermillion|clinton","properties":{"key":"vermillion|clinton"},"geometry":{"type":"Polygon","coordinates":[[[-87.5327840758753,39.6944650926463],[-87.525352,39.694431],[-87.511783,39.69456],[-87.505928,39.6947],[-87.500003,39.694596],[-87.464475,39.69484],[-87.382601,39.695653],[-87.384089,39.689205],[-87.385449,39.682502],[-87.389361,39.678192],[-87.390667,39.673411],[-87.388109,39.667466],[-87.390143,39.661801],[-87.394332,39.65869],[-87.395919,39.654043],[-87.395197,39.648808],[-87.391826,39.643698],[-87.392423,39.637049],[-87.390596,39.631144],[-87.386287,39.625037],[-87.382602,39.619704],[-87.382418,39.607937],[-87.417217,39.607736],[-87.437248,39.607636],[-87.46572,39.607536],[-87.500122,39.607318],[-87.514219,39.607298],[-87.523445,39.607293],[-87.5321874761397,39.607306],[-87.532301,39.636105],[-87.5326722791856,39.6649099113635],[-87.5327840758753,39.6944650926463]]]}},{"type":"Feature","id":"ripley|shelby","properties":{"key":"ripley|shelby"},"geometry":{"type":"Polygon","coordinates":[[[-85.444658,39.000659],[-85.443708,39.044483],[-85.405881,39.045312],[-85.368474,39.045605],[-85.349946,39.045839],[-85.315856,39.045581],[-85.31608,39.008837],[-85.316119,39.001382],[-85.296518,39.00109],[-85.296781,38.971612],[-85.296473,38.96347],[-85.295903,38.957055],[-85.296568,38.913836],[-85.350352,38.913672],[-85.366616,38.913431],[-85.416321,38.913114],[-85.444897,38.912998],[-85.444658,39.000659]]]}},{"type":"Feature","id":"decatur|sandcreek","properties":{"key":"decatur|sandcreek"},"geometry":{"type":"Polygon","coordinates":[[[-85.603855,39.233966],[-85.603879,39.248611],[-85.603675,39.262077],[-85.554348,39.262592],[-85.555052,39.291796],[-85.540851,39.291937],[-85.517463,39.29199],[-85.51723,39.283958],[-85.516827,39.26302],[-85.518015,39.255816],[-85.517538,39.235019],[-85.517597,39.230355],[-85.51748,39.219453],[-85.517357,39.190358],[-85.517537,39.175972],[-85.517819,39.157045],[-85.555881,39.137869],[-85.56632,39.132761],[-85.573992,39.132342],[-85.602586,39.13197],[-85.602957,39.175399],[-85.603942,39.197374],[-85.603855,39.233966]]]}},{"type":"Feature","id":"franklin|brookville","properties":{"key":"franklin|brookville"},"geometry":{"type":"Polygon","coordinates":[[[-85.095011,39.440146],[-85.092276,39.468866],[-85.085976,39.468776],[-85.034371,39.468548],[-85.032344,39.480523],[-84.94849,39.479844],[-84.930646,39.479882],[-84.927423,39.447777],[-84.928094,39.393207],[-84.928296,39.364492],[-84.955302,39.364637],[-85.003259,39.364889],[-85.035479,39.365043],[-85.04605,39.365053],[-85.054403,39.365151],[-85.055723,39.358552],[-85.056563,39.354352],[-85.076249,39.354315],[-85.076215,39.368924],[-85.076088,39.397768],[-85.094974,39.397898],[-85.095011,39.440146]]]}},{"type":"Feature","id":"orange|southeast","properties":{"key":"orange|southeast"},"geometry":{"type":"Polygon","coordinates":[[[-86.456504,38.499089],[-86.440685,38.499084],[-86.383054,38.49888],[-86.38335,38.484454],[-86.374955,38.484307],[-86.308614,38.484824],[-86.308689,38.47849],[-86.308787,38.470372],[-86.308674,38.422875],[-86.308868,38.394069],[-86.316992,38.394257],[-86.339202,38.394301],[-86.343231,38.394642],[-86.36551,38.394605],[-86.371214,38.394969],[-86.38262,38.395585],[-86.420894,38.396024],[-86.427081,38.396096],[-86.451701,38.396461],[-86.456734,38.396419],[-86.456171,38.427727],[-86.455719,38.432945],[-86.455787,38.439081],[-86.456116,38.443388],[-86.455965,38.45156],[-86.456803,38.49814],[-86.456504,38.499089]]]}},{"type":"Feature","id":"gibson|union","properties":{"key":"gibson|union"},"geometry":{"type":"Polygon","coordinates":[[[-87.688018,38.245993],[-87.680486,38.245939],[-87.661668,38.245812],[-87.628578,38.245531],[-87.623467,38.24553],[-87.623711,38.250044],[-87.622773,38.289039],[-87.608994,38.289217],[-87.521163,38.289115],[-87.502642,38.289282],[-87.465473,38.289132],[-87.466125,38.252476],[-87.466231,38.245202],[-87.466656,38.216163],[-87.545417,38.215877],[-87.560724,38.215976],[-87.596069,38.216211],[-87.633584,38.216109],[-87.68795,38.215604],[-87.688018,38.245993]]]}},{"type":"Feature","id":"rush|center","properties":{"key":"rush|center"},"geometry":{"type":"Polygon","coordinates":[[[-85.522642,39.782789],[-85.522521,39.786858],[-85.494067,39.787174],[-85.474886,39.787268],[-85.447853,39.787432],[-85.409793,39.787313],[-85.408376,39.699914],[-85.425966,39.699875],[-85.440963,39.699833],[-85.455644,39.699711],[-85.520793,39.698916],[-85.522168,39.742465],[-85.52231,39.759529],[-85.522356,39.774649],[-85.522529,39.782348],[-85.522642,39.782789]]]}},{"type":"Feature","id":"elkhart|jefferson","properties":{"key":"elkhart|jefferson"},"geometry":{"type":"Polygon","coordinates":[[[-85.888407,41.695442],[-85.870303,41.695484],[-85.841298,41.695621],[-85.816932,41.695757],[-85.773286,41.696022],[-85.77295,41.682501],[-85.772692,41.667587],[-85.772379,41.645646],[-85.771861,41.609138],[-85.819694,41.6089],[-85.832178,41.608652],[-85.837105,41.608649],[-85.843682,41.608649],[-85.848481,41.608649],[-85.870153,41.608718],[-85.873362,41.614689],[-85.878193,41.615119],[-85.883699,41.617891],[-85.884833,41.622401],[-85.887857,41.659678],[-85.887947,41.666954],[-85.888146,41.681386],[-85.888239,41.685894],[-85.888407,41.695442]]]}},{"type":"Feature","id":"tippecanoe|shelby","properties":{"key":"tippecanoe|shelby"},"geometry":{"type":"Polygon","coordinates":[[[-87.095357,40.562895],[-87.002052,40.562313],[-87.001059,40.49027],[-87.000856,40.475964],[-86.999289,40.458159],[-86.999309,40.445904],[-86.999282,40.438678],[-86.999226,40.423673],[-86.999053,40.4167],[-86.999126,40.407308],[-87.008369,40.408078],[-87.014454,40.410219],[-87.019169,40.412986],[-87.023635,40.415131],[-87.029407,40.41502],[-87.035043,40.412924],[-87.042439,40.409301],[-87.049469,40.408451],[-87.056951,40.409665],[-87.064069,40.405854],[-87.068286,40.403554],[-87.072681,40.395456],[-87.077365,40.386987],[-87.079898,40.382877],[-87.083336,40.377314],[-87.086757,40.372616],[-87.091209,40.367027],[-87.091832,40.375901],[-87.092168,40.380738],[-87.092257,40.388166],[-87.092886,40.422455],[-87.092732,40.445973],[-87.092813,40.467843],[-87.092774,40.475737],[-87.093625,40.481214],[-87.093856,40.48694],[-87.09394,40.494142],[-87.094251,40.506918],[-87.095357,40.562895]]]}},{"type":"Feature","id":"wabash|liberty","properties":{"key":"wabash|liberty"},"geometry":{"type":"Polygon","coordinates":[[[-85.789988,40.738854],[-85.734889,40.739426],[-85.639902,40.740506],[-85.639562,40.696651],[-85.638587,40.653129],[-85.675525,40.652817],[-85.737259,40.652568],[-85.74305,40.652168],[-85.752936,40.652387],[-85.760169,40.652377],[-85.771891,40.652294],[-85.776321,40.6524],[-85.788524,40.652238],[-85.789126,40.693281],[-85.789687,40.724275],[-85.789885,40.73399],[-85.789988,40.738854]]]}},{"type":"Feature","id":"vigo|harrison","properties":{"key":"vigo|harrison"},"geometry":{"type":"Polygon","coordinates":[[[-87.431289,39.442723],[-87.424409,39.448252],[-87.420607,39.453745],[-87.419103,39.460394],[-87.419125,39.465684],[-87.41908,39.472916],[-87.424812,39.482843],[-87.429444,39.486982],[-87.433351,39.492463],[-87.422485,39.498602],[-87.417409,39.501326],[-87.413472,39.506752],[-87.41429,39.515295],[-87.418031,39.520387],[-87.406665,39.520423],[-87.397959,39.520463],[-87.388621,39.520532],[-87.376089,39.520591],[-87.369133,39.520643],[-87.353374,39.520729],[-87.350683,39.48454],[-87.350747,39.475351],[-87.350764,39.463136],[-87.350687,39.4483],[-87.351023,39.433755],[-87.378715,39.433775],[-87.388158,39.433772],[-87.39529,39.433771],[-87.406823,39.433777],[-87.428215,39.433837],[-87.43557,39.440442],[-87.431289,39.442723]]]}},{"type":"Feature","id":"greene|beechcreek","properties":{"key":"greene|beechcreek"},"geometry":{"type":"Polygon","coordinates":[[[-86.832128,39.167035],[-86.797491,39.166746],[-86.757545,39.166455],[-86.738795,39.166231],[-86.683002,39.165746],[-86.682525,39.107277],[-86.682429,39.094006],[-86.682302,39.08669],[-86.682401,39.079846],[-86.691434,39.079843],[-86.748628,39.080336],[-86.754909,39.080767],[-86.774725,39.080962],[-86.789046,39.080809],[-86.830872,39.081318],[-86.831205,39.102765],[-86.832223,39.148517],[-86.832128,39.167035]]]}},{"type":"Feature","id":"daviess|vanburen","properties":{"key":"daviess|vanburen"},"geometry":{"type":"Polygon","coordinates":[[[-87.018691,38.814955],[-86.996689,38.815696],[-86.978771,38.816348],[-86.922943,38.817238],[-86.923,38.774962],[-86.923339,38.730766],[-86.932129,38.730584],[-86.998361,38.72851],[-87.00634,38.728332],[-87.017962,38.727717],[-87.018477,38.771023],[-87.018691,38.814955]]]}},{"type":"Feature","id":"greene|highland","properties":{"key":"greene|highland"},"geometry":{"type":"Polygon","coordinates":[[[-86.969966,39.085816],[-86.965773,39.087932],[-86.962863,39.093328],[-86.968063,39.094609],[-86.965062,39.099269],[-86.963477,39.10503],[-86.963553,39.110147],[-86.961281,39.115168],[-86.957163,39.116974],[-86.951146,39.11737],[-86.945402,39.117694],[-86.943627,39.122],[-86.945546,39.12668],[-86.939427,39.128726],[-86.933993,39.126164],[-86.929356,39.127046],[-86.920111,39.126287],[-86.916688,39.132441],[-86.917104,39.136513],[-86.913034,39.141969],[-86.910711,39.146597],[-86.905416,39.146539],[-86.899804,39.149084],[-86.894194,39.152285],[-86.893443,39.156813],[-86.892348,39.165254],[-86.882613,39.167629],[-86.877051,39.167303],[-86.859779,39.167281],[-86.846317,39.167595],[-86.832128,39.167035],[-86.832223,39.148517],[-86.831131,39.103967],[-86.831646,39.081321],[-86.844166,39.081214],[-86.854721,39.081122],[-86.86142,39.081162],[-86.865872,39.081281],[-86.873967,39.081188],[-86.882781,39.081471],[-86.890659,39.081397],[-86.899554,39.081304],[-86.92171,39.081477],[-86.951546,39.08136],[-86.958243,39.082093],[-86.963753,39.084086],[-86.969512,39.084574],[-86.969966,39.085816]]]}},{"type":"Feature","id":"greene|grant","properties":{"key":"greene|grant"},"geometry":{"type":"Polygon","coordinates":[[[-87.129216,39.0236],[-87.129179,39.030891],[-87.129189,39.04405],[-87.129126,39.082078],[-87.091213,39.082076],[-87.053441,39.082095],[-87.05336,39.038331],[-87.053383,39.031886],[-87.053418,39.013568],[-87.053442,39.00904],[-87.053494,38.994542],[-87.072062,38.994624],[-87.081207,38.99462],[-87.090534,38.994559],[-87.129278,38.994616],[-87.129216,39.0236]]]}},{"type":"Feature","id":"randolph|franklin","properties":{"key":"randolph|franklin"},"geometry":{"type":"Polygon","coordinates":[[[-85.093344,40.307889],[-85.02703,40.308807],[-85.01748,40.308996],[-85.017096,40.288043],[-85.017081,40.281872],[-85.016904,40.265164],[-85.016543,40.221923],[-85.09209,40.22131],[-85.092314,40.235814],[-85.092515,40.243067],[-85.092539,40.250307],[-85.092758,40.264801],[-85.093344,40.307889]]]}},{"type":"Feature","id":"scott|finley","properties":{"key":"scott|finley"},"geometry":{"type":"Polygon","coordinates":[[[-85.888334,38.734443],[-85.882982,38.731158],[-85.882368,38.725347],[-85.879209,38.729351],[-85.874323,38.728366],[-85.869559,38.726171],[-85.842338,38.725765],[-85.833321,38.726878],[-85.827583,38.72219],[-85.827456,38.68657],[-85.827048,38.681847],[-85.823151,38.677834],[-85.823075,38.648739],[-85.812759,38.648615],[-85.812532,38.626724],[-85.812366,38.60393],[-85.812343,38.582911],[-85.812158,38.575553],[-85.821457,38.57539],[-85.821162,38.561418],[-85.847893,38.561269],[-85.848697,38.575151],[-85.87332,38.575553],[-85.885643,38.575412],[-85.886834,38.648786],[-85.887735,38.680498],[-85.888111,38.699898],[-85.887951,38.706247],[-85.888334,38.734443]]]}},{"type":"Feature","id":"dearborn|kelso","properties":{"key":"dearborn|kelso"},"geometry":{"type":"Polygon","coordinates":[[[-85.012359,39.219907],[-85.012128,39.263398],[-85.002655,39.263699],[-85.002674,39.284939],[-85.002596,39.306794],[-84.956731,39.306311],[-84.928906,39.305939],[-84.929124,39.287929],[-84.928678,39.270332],[-84.92935,39.249292],[-84.929773,39.21903],[-84.929917,39.207659],[-84.934467,39.213081],[-84.938913,39.213136],[-84.948214,39.211862],[-84.948634,39.219214],[-84.953784,39.219347],[-84.957821,39.21915],[-84.958947,39.223484],[-84.96351,39.224469],[-84.969756,39.222645],[-84.982595,39.219589],[-84.997141,39.218889],[-85.003397,39.219601],[-85.012602,39.219731],[-85.012359,39.219907]]]}},{"type":"Feature","id":"wayne|franklin","properties":{"key":"wayne|franklin"},"geometry":{"type":"Polygon","coordinates":[[[-84.886861,39.97684],[-84.886246,39.992472],[-84.886725,40.000034],[-84.886619,40.006289],[-84.867104,40.006018],[-84.8109326101136,40.0050789081381],[-84.811212,39.995331],[-84.8115494656883,39.9728460219978],[-84.812166,39.931767],[-84.8122952413333,39.9273190651252],[-84.812433,39.922578],[-84.812411,39.916916],[-84.812644,39.902206],[-84.839788,39.902473],[-84.846438,39.90289],[-84.869451,39.902832],[-84.887761,39.902848],[-84.886861,39.97684]]]}},{"type":"Feature","id":"carroll|liberty","properties":{"key":"carroll|liberty"},"geometry":{"type":"Polygon","coordinates":[[[-86.544182,40.707841],[-86.537943,40.710654],[-86.533514,40.712989],[-86.525213,40.717196],[-86.525164,40.692419],[-86.467934,40.691955],[-86.467867,40.633965],[-86.482223,40.634326],[-86.486897,40.634609],[-86.514659,40.633839],[-86.543858,40.634002],[-86.54387,40.641163],[-86.544182,40.707841]]]}},{"type":"Feature","id":"bartholomew|wayne","properties":{"key":"bartholomew|wayne"},"geometry":{"type":"Polygon","coordinates":[[[-85.986419,39.155903],[-85.97948,39.156114],[-85.958555,39.156021],[-85.948278,39.156039],[-85.939437,39.156336],[-85.929683,39.156496],[-85.923764,39.156987],[-85.911765,39.15763],[-85.906621,39.157361],[-85.905399,39.152644],[-85.900011,39.151462],[-85.896607,39.147452],[-85.897254,39.142924],[-85.892733,39.136297],[-85.89505,39.131708],[-85.890944,39.126285],[-85.885379,39.127232],[-85.878876,39.122557],[-85.880258,39.116552],[-85.879393,39.112173],[-85.873703,39.108849],[-85.86771,39.105665],[-85.86934,39.100479],[-85.868144,39.096161],[-85.862354,39.095759],[-85.858339,39.09083],[-85.860247,39.084171],[-85.860319,39.078769],[-85.855566,39.076567],[-85.857729,39.072542],[-85.855741,39.066185],[-85.851057,39.064756],[-85.84857,39.060682],[-85.847245,39.056512],[-85.851401,39.055665],[-85.856071,39.051567],[-85.860358,39.049678],[-85.859497,39.044776],[-85.873671,39.040647],[-85.884749,39.040533],[-85.905627,39.040357],[-85.960931,39.038145],[-85.983813,39.037768],[-85.984767,39.081167],[-85.985489,39.097489],[-85.986077,39.133941],[-85.986419,39.155903]]]}},{"type":"Feature","id":"washington|franklin","properties":{"key":"washington|franklin"},"geometry":{"type":"Polygon","coordinates":[[[-86.015692,38.648019],[-85.998345,38.648215],[-85.99424,38.64824],[-85.976698,38.648462],[-85.96318,38.648648],[-85.954499,38.648639],[-85.888108,38.648791],[-85.885643,38.575412],[-85.87497,38.57534],[-85.848575,38.576266],[-85.848567,38.562055],[-85.873011,38.561144],[-85.88558,38.561196],[-85.942439,38.56096],[-85.969474,38.560429],[-85.990357,38.560322],[-85.994443,38.560152],[-86.009286,38.560115],[-86.014304,38.560051],[-86.014362,38.564918],[-86.014607,38.56913],[-86.014945,38.589455],[-86.014746,38.593837],[-86.015081,38.604177],[-86.015507,38.631928],[-86.015692,38.648019]]]}},{"type":"Feature","id":"allen|adams","properties":{"key":"allen|adams"},"geometry":{"type":"Polygon","coordinates":[[[-85.113289,41.046493],[-85.106832,41.046679],[-85.106376,41.053911],[-85.098845,41.054162],[-85.098838,41.060316],[-85.087625,41.061601],[-85.087579,41.071495],[-85.096073,41.071492],[-85.096153,41.076019],[-85.100196,41.080076],[-85.107115,41.083098],[-85.107494,41.089794],[-85.088049,41.090487],[-85.079066,41.090663],[-85.073792,41.093045],[-85.064412,41.093464],[-85.059593,41.091317],[-85.052606,41.091697],[-85.026068,41.09248],[-85.021433,41.092672],[-85.013827,41.092997],[-85.002441,41.093367],[-85.001507,41.082755],[-85.001227,41.070451],[-85.001116,41.065592],[-85.000982,41.055916],[-85.000974,41.048967],[-85.000787,41.041666],[-85.000411,41.024244],[-84.999888,41.005347],[-85.056954,41.00419],[-85.076133,41.003672],[-85.095788,41.003279],[-85.111815,41.002988],[-85.111928,41.007581],[-85.112119,41.013316],[-85.11218,41.017422],[-85.112446,41.024534],[-85.112763,41.031893],[-85.113053,41.039036],[-85.113282,41.046226],[-85.113289,41.046493]]]}},{"type":"Feature","id":"dubois|jackson","properties":{"key":"dubois|jackson"},"geometry":{"type":"Polygon","coordinates":[[[-86.905417,38.330584],[-86.905213,38.335712],[-86.90058,38.336035],[-86.88589,38.336374],[-86.885911,38.350748],[-86.875183,38.350928],[-86.810869,38.351054],[-86.792786,38.351119],[-86.774805,38.350774],[-86.774562,38.34271],[-86.774464,38.334509],[-86.774784,38.324658],[-86.77452,38.292237],[-86.771702,38.278523],[-86.79252,38.277836],[-86.821424,38.277536],[-86.858885,38.277542],[-86.86434,38.277571],[-86.905178,38.27756],[-86.905288,38.299526],[-86.905078,38.308301],[-86.905249,38.327378],[-86.905417,38.330584]]]}},{"type":"Feature","id":"dearborn|york","properties":{"key":"dearborn|york"},"geometry":{"type":"Polygon","coordinates":[[[-85.022335,39.204487],[-85.022032,39.219756],[-85.012602,39.219731],[-85.003397,39.219601],[-84.997141,39.218889],[-84.982595,39.219589],[-84.972989,39.219418],[-84.96685,39.222743],[-84.960091,39.224385],[-84.957821,39.21915],[-84.953784,39.219347],[-84.948634,39.219214],[-84.948214,39.211862],[-84.939084,39.21177],[-84.934467,39.213081],[-84.929917,39.207659],[-84.920993,39.205288],[-84.921006,39.194888],[-84.914794,39.194043],[-84.918153,39.187113],[-84.913278,39.186995],[-84.914616,39.182161],[-84.916295,39.175888],[-84.912701,39.171517],[-84.911689,39.165429],[-84.921128,39.161483],[-84.930574,39.159939],[-84.935111,39.164233],[-84.939684,39.157755],[-84.947365,39.152397],[-84.953865,39.150432],[-84.958353,39.14985],[-84.962786,39.149851],[-84.965366,39.164215],[-84.970394,39.165027],[-84.97441,39.167892],[-84.974979,39.172183],[-84.980222,39.175235],[-84.984508,39.175212],[-84.988974,39.178748],[-84.994669,39.179029],[-84.995423,39.189785],[-85.021811,39.190184],[-85.022335,39.204487]]]}},{"type":"Feature","id":"carroll|rockcreek","properties":{"key":"carroll|rockcreek"},"geometry":{"type":"Polygon","coordinates":[[[-86.653498,40.649609],[-86.648626,40.650262],[-86.638833,40.656457],[-86.632918,40.658502],[-86.627196,40.663841],[-86.622341,40.666548],[-86.61789,40.670787],[-86.61191,40.671757],[-86.606295,40.676606],[-86.600187,40.681192],[-86.594988,40.682958],[-86.588753,40.68813],[-86.583803,40.690761],[-86.579395,40.691969],[-86.563024,40.694971],[-86.55234,40.697646],[-86.546305,40.703214],[-86.544182,40.707841],[-86.54387,40.641163],[-86.543858,40.634002],[-86.567772,40.634298],[-86.572591,40.63438],[-86.582085,40.634521],[-86.582057,40.639878],[-86.581986,40.648449],[-86.62572,40.649059],[-86.655381,40.649082],[-86.653498,40.649609]]]}},{"type":"Feature","id":"fulton|union","properties":{"key":"fulton|union"},"geometry":{"type":"Polygon","coordinates":[[[-86.4677,41.018836],[-86.467558,41.040615],[-86.467345,41.066078],[-86.467514,41.072917],[-86.467221,41.084228],[-86.45657,41.084215],[-86.433781,41.084304],[-86.39533,41.084455],[-86.356878,41.084593],[-86.33797,41.084579],[-86.338146,41.054624],[-86.33833,41.025579],[-86.338221,41.010988],[-86.338215,40.99642],[-86.385411,40.996635],[-86.43328,40.996878],[-86.452243,40.996957],[-86.464138,40.996679],[-86.4677,41.018836]]]}},{"type":"Feature","id":"warren|warren","properties":{"key":"warren|warren"},"geometry":{"type":"Polygon","coordinates":[[[-87.26305,40.389015],[-87.244278,40.389009],[-87.178053,40.388694],[-87.125011,40.388375],[-87.110648,40.388308],[-87.092912,40.388172],[-87.092168,40.380738],[-87.091832,40.375901],[-87.092148,40.366612],[-87.096339,40.366671],[-87.103472,40.361396],[-87.104878,40.356285],[-87.118116,40.348059],[-87.125797,40.345004],[-87.131525,40.340592],[-87.136221,40.338715],[-87.140668,40.338485],[-87.149839,40.335624],[-87.154146,40.334721],[-87.158508,40.336083],[-87.164586,40.334826],[-87.170128,40.334831],[-87.174406,40.333472],[-87.178558,40.330336],[-87.187611,40.326397],[-87.196906,40.324072],[-87.206302,40.322429],[-87.217631,40.317878],[-87.231427,40.311679],[-87.237455,40.310112],[-87.242019,40.309797],[-87.246513,40.308331],[-87.248161,40.301827],[-87.261616,40.301978],[-87.262588,40.312657],[-87.26305,40.389015]]]}},{"type":"Feature","id":"greene|wright","properties":{"key":"greene|wright"},"geometry":{"type":"Polygon","coordinates":[[[-87.241063,39.100794],[-87.240903,39.120851],[-87.240843,39.142634],[-87.240834,39.15652],[-87.240737,39.171773],[-87.212981,39.17114],[-87.208135,39.171022],[-87.194246,39.170644],[-87.18487,39.170435],[-87.128932,39.168989],[-87.129025,39.140294],[-87.129126,39.082078],[-87.185374,39.083178],[-87.192117,39.08331],[-87.202354,39.083498],[-87.240918,39.084397],[-87.240957,39.099017],[-87.241063,39.100794]]]}},{"type":"Feature","id":"jefferson|smyrna","properties":{"key":"jefferson|smyrna"},"geometry":{"type":"Polygon","coordinates":[[[-85.573514,38.825015],[-85.563404,38.824662],[-85.471744,38.824614],[-85.462458,38.824731],[-85.462358,38.816634],[-85.462059,38.79639],[-85.461318,38.752752],[-85.467734,38.752717],[-85.471813,38.752719],[-85.498487,38.752575],[-85.498753,38.767059],[-85.517453,38.766965],[-85.561429,38.766536],[-85.572848,38.766256],[-85.573037,38.771833],[-85.573003,38.776778],[-85.573013,38.79063],[-85.573485,38.805963],[-85.573514,38.825015]]]}},{"type":"Feature","id":"vanderburgh|scott","properties":{"key":"vanderburgh|scott"},"geometry":{"type":"Polygon","coordinates":[[[-87.597754,38.09438],[-87.597313,38.10903],[-87.59706,38.123087],[-87.596682,38.167455],[-87.577958,38.166929],[-87.550363,38.166926],[-87.537337,38.166925],[-87.530742,38.166671],[-87.467284,38.165403],[-87.467889,38.136336],[-87.468117,38.125519],[-87.472579,38.092016],[-87.472499,38.078162],[-87.499528,38.078498],[-87.516403,38.078763],[-87.554729,38.079428],[-87.584423,38.079834],[-87.588754,38.079883],[-87.598032,38.080051],[-87.597754,38.09438]]]}},{"type":"Feature","id":"franklin|fairfield","properties":{"key":"franklin|fairfield"},"geometry":{"type":"Polygon","coordinates":[[[-85.028749,39.495504],[-85.026763,39.506148],[-85.025618,39.511501],[-85.024312,39.517814],[-85.022818,39.524382],[-84.947013,39.524228],[-84.929044,39.524406],[-84.930646,39.479882],[-84.94849,39.479844],[-85.032344,39.480523],[-85.028749,39.495504]]]}},{"type":"Feature","id":"pulaski|cass","properties":{"key":"pulaski|cass"},"geometry":{"type":"Polygon","coordinates":[[[-86.930503,41.10003],[-86.930335,41.128875],[-86.93039,41.136377],[-86.930373,41.158324],[-86.930283,41.171814],[-86.852807,41.172104],[-86.814389,41.171993],[-86.814457,41.146822],[-86.814794,41.125033],[-86.814647,41.096306],[-86.81471,41.085074],[-86.822737,41.085322],[-86.872556,41.085337],[-86.889395,41.085437],[-86.896578,41.085404],[-86.930566,41.085512],[-86.930503,41.10003]]]}},{"type":"Feature","id":"shelby|hendricks","properties":{"key":"shelby|hendricks"},"geometry":{"type":"Polygon","coordinates":[[[-85.951523,39.454644],[-85.9508,39.49522],[-85.951389,39.523125],[-85.875072,39.524651],[-85.836586,39.52509],[-85.836801,39.503973],[-85.836861,39.49676],[-85.837246,39.48941],[-85.837665,39.465998],[-85.837428,39.460232],[-85.836738,39.438333],[-85.844786,39.438203],[-85.87413,39.437676],[-85.890405,39.437249],[-85.950937,39.436091],[-85.951223,39.450675],[-85.951523,39.454644]]]}},{"type":"Feature","id":"dubois|columbia","properties":{"key":"dubois|columbia"},"geometry":{"type":"Polygon","coordinates":[[[-86.793401,38.446847],[-86.793353,38.455319],[-86.792415,38.511421],[-86.793155,38.525998],[-86.682359,38.526378],[-86.682207,38.49711],[-86.681891,38.44969],[-86.681791,38.439256],[-86.69152,38.438914],[-86.703181,38.438343],[-86.744443,38.438432],[-86.750272,38.438184],[-86.79335,38.438123],[-86.793389,38.44561],[-86.793401,38.446847]]]}},{"type":"Feature","id":"dearborn|logan","properties":{"key":"dearborn|logan"},"geometry":{"type":"Polygon","coordinates":[[[-84.92924,39.248871],[-84.928678,39.270332],[-84.929124,39.287929],[-84.928906,39.305939],[-84.910494,39.305874],[-84.906062,39.304951],[-84.893473,39.298425],[-84.888413,39.297982],[-84.88377,39.292807],[-84.884225,39.28821],[-84.877751,39.283862],[-84.872699,39.27765],[-84.869054,39.272138],[-84.86568,39.258763],[-84.866573,39.249649],[-84.866615,39.242639],[-84.866283,39.237621],[-84.867242,39.227582],[-84.867149,39.218737],[-84.887209,39.218828],[-84.894958,39.21891],[-84.929773,39.21903],[-84.92924,39.248871]]]}},{"type":"Feature","id":"bartholomew|flatrock","properties":{"key":"bartholomew|flatrock"},"geometry":{"type":"Polygon","coordinates":[[[-85.923566,39.264172],[-85.921444,39.269166],[-85.917293,39.27275],[-85.913192,39.276372],[-85.908696,39.280291],[-85.907893,39.287461],[-85.904168,39.292077],[-85.903645,39.296846],[-85.902813,39.301877],[-85.896371,39.308423],[-85.892212,39.313714],[-85.894261,39.319102],[-85.888478,39.325148],[-85.882081,39.326489],[-85.876624,39.326314],[-85.872101,39.323842],[-85.866618,39.322146],[-85.865303,39.326177],[-85.861291,39.327569],[-85.859874,39.332164],[-85.86417,39.33292],[-85.859973,39.339046],[-85.864161,39.340675],[-85.864428,39.346231],[-85.858525,39.34715],[-85.854064,39.349498],[-85.798785,39.350188],[-85.798891,39.346055],[-85.799549,39.293344],[-85.79983,39.268917],[-85.799929,39.261512],[-85.833565,39.260679],[-85.854884,39.260638],[-85.881183,39.260239],[-85.912782,39.259674],[-85.92106,39.259525],[-85.923566,39.264172]]]}},{"type":"Feature","id":"huntington|lancaster","properties":{"key":"huntington|lancaster"},"geometry":{"type":"Polygon","coordinates":[[[-85.564674,40.828293],[-85.534661,40.828651],[-85.489161,40.829308],[-85.465322,40.829648],[-85.450788,40.83005],[-85.450934,40.814672],[-85.450317,40.757675],[-85.44978,40.742],[-85.459502,40.741998],[-85.498564,40.741699],[-85.505791,40.741918],[-85.514116,40.741592],[-85.540139,40.741258],[-85.552175,40.741361],[-85.558313,40.741509],[-85.563172,40.741498],[-85.5638,40.771322],[-85.563932,40.781567],[-85.564674,40.828293]]]}},{"type":"Feature","id":"allen|perry","properties":{"key":"allen|perry"},"geometry":{"type":"Polygon","coordinates":[[[-85.192094,41.264209],[-85.135084,41.265136],[-85.077804,41.265601],[-85.077221,41.236619],[-85.076908,41.224853],[-85.076134,41.200409],[-85.075457,41.180464],[-85.094123,41.179112],[-85.098471,41.178943],[-85.103283,41.178818],[-85.113573,41.178593],[-85.119399,41.178548],[-85.131433,41.178215],[-85.147594,41.177946],[-85.16612,41.177684],[-85.175566,41.177596],[-85.18994,41.17745],[-85.190376,41.191419],[-85.190362,41.19881],[-85.190485,41.206067],[-85.191173,41.227748],[-85.191392,41.235658],[-85.191718,41.250577],[-85.192094,41.264209]]]}},{"type":"Feature","id":"floyd|newalbany","properties":{"key":"floyd|newalbany"},"geometry":{"type":"Polygon","coordinates":[[[-85.884061,38.274804],[-85.884041,38.301798],[-85.883693,38.306265],[-85.88356,38.316068],[-85.865321,38.317071],[-85.865351,38.323712],[-85.857505,38.323723],[-85.855612,38.331577],[-85.850116,38.331693],[-85.846877,38.336451],[-85.846219,38.346208],[-85.846108,38.361717],[-85.828235,38.36165],[-85.827154,38.367463],[-85.827134,38.372604],[-85.827469,38.394249],[-85.828,38.404265],[-85.807726,38.404313],[-85.803358,38.395641],[-85.79331,38.384351],[-85.787892,38.37838],[-85.782735,38.372798],[-85.778623,38.37056],[-85.774716,38.366101],[-85.761072,38.350396],[-85.768824,38.345754],[-85.773912,38.342845],[-85.78148,38.341873],[-85.786832,38.339808],[-85.78375,38.335462],[-85.789624,38.333171],[-85.794848,38.334234],[-85.794087,38.324845],[-85.784947,38.322489],[-85.791596,38.316611],[-85.791164,38.310889],[-85.795181,38.307231],[-85.792116,38.301927],[-85.79026,38.290505],[-85.79727,38.285697],[-85.8023950052601,38.2848097839189],[-85.817399,38.282387],[-85.8237082719322,38.2801907400522],[-85.829216,38.276508],[-85.8321249854001,38.271813955377],[-85.836168,38.26529],[-85.837632,38.259244],[-85.8374185010925,38.2509076333738],[-85.8382535516614,38.2447956612043],[-85.839091,38.239729],[-85.84290218364,38.2334747683972],[-85.884366,38.22966],[-85.884061,38.274804]]]}},{"type":"Feature","id":"jackson|pershing","properties":{"key":"jackson|pershing"},"geometry":{"type":"Polygon","coordinates":[[[-86.172321,39.035362],[-86.172367,39.048556],[-86.080272,39.05027],[-86.079844,39.035903],[-86.061733,39.036],[-86.061262,39.013615],[-86.061057,39.003074],[-86.060823,38.992654],[-86.071061,38.992584],[-86.096086,38.992386],[-86.095405,38.963452],[-86.11112,38.96323],[-86.134248,38.962832],[-86.143438,38.962444],[-86.171587,38.962196],[-86.17173,38.985739],[-86.172058,38.990455],[-86.172291,39.030461],[-86.172321,39.035362]]]}},{"type":"Feature","id":"benton|grant","properties":{"key":"benton|grant"},"geometry":{"type":"Polygon","coordinates":[[[-87.435125,40.56395],[-87.379666,40.563861],[-87.323279,40.563471],[-87.321618,40.533595],[-87.321333,40.4764],[-87.377986,40.476788],[-87.397201,40.476883],[-87.435042,40.476715],[-87.43497,40.491467],[-87.435125,40.56395]]]}},{"type":"Feature","id":"henry|greensboro","properties":{"key":"henry|greensboro"},"geometry":{"type":"Polygon","coordinates":[[[-85.576798,39.872808],[-85.57666,39.887298],[-85.576606,39.896083],[-85.576552,39.901918],[-85.576331,39.916501],[-85.557381,39.916736],[-85.500346,39.916967],[-85.445577,39.917504],[-85.443317,39.875021],[-85.439033,39.873594],[-85.429628,39.87358],[-85.429663,39.860209],[-85.434416,39.860229],[-85.43842,39.860225],[-85.448322,39.860303],[-85.456646,39.860221],[-85.466056,39.860324],[-85.485808,39.859752],[-85.514128,39.8594],[-85.51434,39.866809],[-85.514464,39.873047],[-85.5768,39.872714],[-85.576798,39.872808]]]}},{"type":"Feature","id":"dearborn|caesarcreek","properties":{"key":"dearborn|caesarcreek"},"geometry":{"type":"Polygon","coordinates":[[[-85.132508,38.948055],[-85.128452,38.969244],[-85.126124,38.9814],[-85.125291,38.986259],[-85.121983,39.002266],[-85.116075,39.000406],[-85.109044,38.998631],[-85.10242,38.998064],[-85.098231,38.99816],[-85.092897,38.995485],[-85.092969,38.988497],[-85.083814,38.988452],[-85.082709,38.98313],[-85.077989,38.982215],[-85.073357,38.981552],[-85.072007,38.976587],[-85.064943,38.975718],[-85.058297,38.975126],[-85.057994,38.970892],[-85.052202,38.972147],[-85.048124,38.973154],[-85.043634,38.973131],[-85.046947,38.968967],[-85.051198,38.966908],[-85.048239,38.962286],[-85.04572,38.95716],[-85.055126,38.959587],[-85.057764,38.954187],[-85.058556,38.94897],[-85.066614,38.950023],[-85.064563,38.954942],[-85.06972,38.956841],[-85.071068,38.949496],[-85.07684,38.948375],[-85.082642,38.952241],[-85.085494,38.948035],[-85.089379,38.942721],[-85.093986,38.940135],[-85.095898,38.935605],[-85.102563,38.940178],[-85.108246,38.939375],[-85.112258,38.936742],[-85.11633,38.936237],[-85.120464,38.940558],[-85.118859,38.948293],[-85.114114,38.951911],[-85.114088,38.956144],[-85.120125,38.956073],[-85.124954,38.950944],[-85.129642,38.948176],[-85.132508,38.948055]]]}},{"type":"Feature","id":"lagrange|johnson","properties":{"key":"lagrange|johnson"},"geometry":{"type":"Polygon","coordinates":[[[-85.424354,41.612483],[-85.367537,41.612637],[-85.348175,41.612682],[-85.337981,41.61274],[-85.331584,41.612927],[-85.309461,41.612757],[-85.309,41.570289],[-85.309185,41.566266],[-85.308698,41.540866],[-85.308461,41.526198],[-85.317314,41.526164],[-85.356852,41.526071],[-85.376004,41.525896],[-85.392963,41.525833],[-85.423502,41.525596],[-85.423537,41.540047],[-85.424154,41.549588],[-85.423695,41.555854],[-85.42388,41.562573],[-85.424354,41.612483]]]}},{"type":"Feature","id":"stjoseph|portage","properties":{"key":"stjoseph|portage"},"geometry":{"type":"Polygon","coordinates":[[[-86.351262,41.693566],[-86.340724,41.693529],[-86.315215,41.693542],[-86.310351,41.693572],[-86.307769,41.700886],[-86.303244,41.70093],[-86.293615,41.700943],[-86.293777,41.708229],[-86.286388,41.708305],[-86.281632,41.708359],[-86.28236,41.716262],[-86.284308,41.722868],[-86.27626,41.722964],[-86.267822,41.723107],[-86.267282,41.718002],[-86.270305,41.714001],[-86.268087,41.708839],[-86.250278,41.708611],[-86.236729,41.708669],[-86.235524,41.694207],[-86.227215,41.694313],[-86.21644,41.694489],[-86.201094,41.694675],[-86.197046,41.69472],[-86.196581,41.68752],[-86.196528,41.680265],[-86.196496,41.672984],[-86.196474,41.66871],[-86.196458,41.661509],[-86.201484,41.659067],[-86.207505,41.659048],[-86.212071,41.660966],[-86.215786,41.654938],[-86.215727,41.647614],[-86.215551,41.636713],[-86.223047,41.636678],[-86.234826,41.636696],[-86.239175,41.635881],[-86.234877,41.63476],[-86.234858,41.629406],[-86.244862,41.62911],[-86.248919,41.630951],[-86.253636,41.634051],[-86.265169,41.636065],[-86.272933,41.635971],[-86.282869,41.635798],[-86.288533,41.635779],[-86.345714,41.635547],[-86.350904,41.635512],[-86.350853,41.64203],[-86.350976,41.65013],[-86.350836,41.65747],[-86.350904,41.664531],[-86.351004,41.671738],[-86.35122,41.688651],[-86.351262,41.693566]]]}},{"type":"Feature","id":"jasper|wheatfield","properties":{"key":"jasper|wheatfield"},"geometry":{"type":"Polygon","coordinates":[[[-87.160608,41.275951],[-87.131339,41.286245],[-87.122124,41.286365],[-87.102293,41.280961],[-87.073203,41.27318],[-87.059724,41.26952],[-87.044843,41.260798],[-87.044741,41.249856],[-87.044439,41.245031],[-87.044799,41.230569],[-87.045159,41.196402],[-87.045243,41.187077],[-87.045402,41.172642],[-87.064677,41.172728],[-87.083731,41.172818],[-87.122131,41.172929],[-87.141289,41.173007],[-87.159748,41.1731],[-87.160092,41.209391],[-87.160171,41.216623],[-87.160276,41.223917],[-87.160474,41.259954],[-87.160608,41.275951]]]}},{"type":"Feature","id":"elkhart|osolo","properties":{"key":"elkhart|osolo"},"geometry":{"type":"Polygon","coordinates":[[[-86.0045531739537,41.7600990334024],[-85.9957513244086,41.7599993764634],[-85.9913794053612,41.7599498764046],[-85.97498,41.759849],[-85.9423244784948,41.7596873965951],[-85.926132694138,41.7596070734862],[-85.8974411352179,41.7594647423409],[-85.888825,41.759422],[-85.888473,41.730378],[-85.888751,41.724343],[-85.888653,41.713372],[-85.888507,41.708526],[-85.895598,41.704655],[-85.897698,41.698953],[-85.906097,41.698152],[-85.910797,41.69605],[-85.917363,41.694685],[-85.923298,41.696249],[-85.945499,41.696849],[-85.949499,41.697049],[-85.957397,41.695249],[-85.966019,41.695298],[-85.982495,41.695372],[-86.003553,41.695386],[-86.003644,41.701629],[-86.003801,41.719139],[-86.004106,41.72439],[-86.004098,41.734032],[-86.0045531739537,41.7600990334024]]]}},{"type":"Feature","id":"washington|washington","properties":{"key":"washington|washington"},"geometry":{"type":"Polygon","coordinates":[[[-86.197534,38.643879],[-86.164711,38.644399],[-86.160118,38.64429],[-86.161227,38.673539],[-86.124979,38.674141],[-86.061056,38.676306],[-86.016042,38.677094],[-86.01569,38.665253],[-86.015692,38.648019],[-86.01559,38.634954],[-86.015191,38.604373],[-86.014746,38.593837],[-86.014945,38.589455],[-86.014607,38.56913],[-86.014362,38.564918],[-86.014304,38.560051],[-86.022241,38.559641],[-86.029125,38.559447],[-86.053565,38.558836],[-86.110963,38.558001],[-86.122391,38.557953],[-86.138355,38.55806],[-86.165849,38.557737],[-86.182069,38.55718],[-86.18774,38.556948],[-86.19671,38.556794],[-86.196804,38.568512],[-86.197383,38.625401],[-86.197534,38.643879]]]}},{"type":"Feature","id":"noble|sparta","properties":{"key":"noble|sparta"},"geometry":{"type":"Polygon","coordinates":[[[-85.653576,41.416455],[-85.653507,41.436856],[-85.624583,41.437021],[-85.586144,41.437572],[-85.538243,41.437926],[-85.538379,41.424738],[-85.538769,41.41972],[-85.539,41.402583],[-85.539004,41.395648],[-85.53882,41.388115],[-85.538526,41.352234],[-85.596443,41.351835],[-85.653227,41.351195],[-85.653246,41.360786],[-85.653323,41.365405],[-85.653474,41.394714],[-85.653521,41.407389],[-85.653551,41.412787],[-85.653576,41.416455]]]}},{"type":"Feature","id":"jennings|spencer","properties":{"key":"jennings|spencer"},"geometry":{"type":"Polygon","coordinates":[[[-85.798133,39.027695],[-85.723295,39.028137],[-85.704548,39.028155],[-85.693963,39.028424],[-85.685277,39.028828],[-85.678,39.028887],[-85.67786,39.021634],[-85.677784,38.991184],[-85.67786,38.984971],[-85.677878,38.9741],[-85.678103,38.96134],[-85.682134,38.957642],[-85.689081,38.954278],[-85.69547,38.953614],[-85.701184,38.943658],[-85.703673,38.936586],[-85.709386,38.93448],[-85.714337,38.929856],[-85.718937,38.929443],[-85.726902,38.921339],[-85.728766,38.914638],[-85.734182,38.907228],[-85.738124,38.90209],[-85.737411,38.896779],[-85.744052,38.898378],[-85.749321,38.895743],[-85.752432,38.900204],[-85.759254,38.903251],[-85.76441,38.901629],[-85.769416,38.895952],[-85.772894,38.89142],[-85.779145,38.893968],[-85.78345,38.894963],[-85.787574,38.898348],[-85.79275,38.899906],[-85.796462,38.911024],[-85.796962,38.940102],[-85.796994,38.952517],[-85.797178,38.961245],[-85.797259,38.969762],[-85.797339,38.974933],[-85.798133,39.027695]]]}},{"type":"Feature","id":"fayette|harrison","properties":{"key":"fayette|harrison"},"geometry":{"type":"Polygon","coordinates":[[[-85.243442,39.715894],[-85.185089,39.715515],[-85.134694,39.715001],[-85.128417,39.714929],[-85.120723,39.71503],[-85.121091,39.709554],[-85.115294,39.705537],[-85.113564,39.701435],[-85.110204,39.697121],[-85.113987,39.692769],[-85.113223,39.688735],[-85.114933,39.684266],[-85.114427,39.678208],[-85.114123,39.672326],[-85.117788,39.666639],[-85.117822,39.659221],[-85.127051,39.657035],[-85.133412,39.657092],[-85.138768,39.657134],[-85.148251,39.657156],[-85.157709,39.657192],[-85.176738,39.657137],[-85.214708,39.657645],[-85.224695,39.657785],[-85.243357,39.6571],[-85.243442,39.715894]]]}},{"type":"Feature","id":"cass|tipton","properties":{"key":"cass|tipton"},"geometry":{"type":"Polygon","coordinates":[[[-86.278935,40.729376],[-86.27887,40.75477],[-86.271874,40.754949],[-86.265383,40.756668],[-86.259304,40.758477],[-86.251824,40.762138],[-86.247622,40.763098],[-86.240855,40.762035],[-86.235134,40.755644],[-86.227614,40.751668],[-86.223415,40.75004],[-86.220222,40.745949],[-86.215442,40.743728],[-86.214074,40.738818],[-86.207161,40.737325],[-86.198137,40.740627],[-86.193003,40.741595],[-86.185422,40.740176],[-86.179496,40.742342],[-86.174407,40.74389],[-86.168858,40.743517],[-86.165837,40.728987],[-86.166623,40.678404],[-86.166316,40.671519],[-86.166186,40.66425],[-86.166041,40.657007],[-86.165866,40.649637],[-86.233755,40.649276],[-86.259019,40.649293],[-86.278255,40.64933],[-86.278549,40.663898],[-86.27876,40.692907],[-86.278888,40.715907],[-86.278833,40.720843],[-86.278935,40.729376]]]}},{"type":"Feature","id":"decatur|washington","properties":{"key":"decatur|washington"},"geometry":{"type":"Polygon","coordinates":[[[-85.555554,39.350724],[-85.555243,39.363234],[-85.555321,39.372632],[-85.555294,39.379948],[-85.550492,39.380085],[-85.542772,39.380043],[-85.538266,39.379923],[-85.508029,39.380343],[-85.503518,39.380342],[-85.479521,39.380667],[-85.460918,39.380816],[-85.460373,39.395807],[-85.423114,39.395981],[-85.423264,39.381185],[-85.423719,39.375051],[-85.423225,39.366613],[-85.404517,39.366578],[-85.38546,39.367044],[-85.385619,39.352362],[-85.386382,39.343468],[-85.386027,39.32855],[-85.385659,39.293072],[-85.395007,39.293279],[-85.42139,39.293066],[-85.444745,39.293119],[-85.459964,39.292899],[-85.489637,39.292661],[-85.499974,39.292163],[-85.517463,39.29199],[-85.540851,39.291937],[-85.555052,39.291796],[-85.556692,39.35046],[-85.555554,39.350724]]]}},{"type":"Feature","id":"jackson|hamilton","properties":{"key":"jackson|hamilton"},"geometry":{"type":"Polygon","coordinates":[[[-86.096086,38.992386],[-86.071061,38.992584],[-86.060823,38.992654],[-86.060946,39.001575],[-86.061262,39.013615],[-86.061733,39.036],[-86.022534,39.036766],[-85.983813,39.037768],[-85.960931,39.038145],[-85.909335,39.040279],[-85.908537,39.010887],[-85.90806,38.982624],[-85.914993,38.982905],[-85.919253,38.984293],[-85.920369,38.978965],[-85.92077,38.974726],[-85.926362,38.975972],[-85.930753,38.976125],[-85.929072,38.971273],[-85.927291,38.965601],[-85.932179,38.962823],[-85.934666,38.95734],[-85.938632,38.953069],[-85.93718,38.94868],[-85.943075,38.947724],[-85.948494,38.951687],[-85.951833,38.946914],[-85.948311,38.942731],[-85.95147,38.937174],[-85.955707,38.938749],[-85.963095,38.941169],[-85.959597,38.936327],[-85.96495,38.933855],[-85.965836,38.937993],[-85.97157,38.937986],[-85.976075,38.937614],[-85.970085,38.933466],[-85.969584,38.929149],[-85.973882,38.929556],[-85.979216,38.929594],[-85.978018,38.924365],[-85.984966,38.925933],[-85.990678,38.927252],[-85.988636,38.921063],[-85.996007,38.920584],[-86.004762,38.914577],[-86.011447,38.916273],[-86.016497,38.915672],[-86.021783,38.912648],[-86.02454,38.906985],[-86.031339,38.901812],[-86.035929,38.898302],[-86.038239,38.902582],[-86.040279,38.907843],[-86.046581,38.905587],[-86.050943,38.905185],[-86.055305,38.903419],[-86.054436,38.898828],[-86.057347,38.904781],[-86.057507,38.908998],[-86.058464,38.963911],[-86.068439,38.963715],[-86.077576,38.963819],[-86.095405,38.963452],[-86.096086,38.992386]]]}},{"type":"Feature","id":"miami|jefferson","properties":{"key":"miami|jefferson"},"geometry":{"type":"Polygon","coordinates":[[[-86.168243,40.793274],[-86.167992,40.816373],[-86.167685,40.829592],[-86.167661,40.866004],[-86.129357,40.86563],[-86.087123,40.86624],[-86.086988,40.873343],[-86.074688,40.873499],[-86.065182,40.872833],[-86.065033,40.866202],[-86.069694,40.866119],[-86.069581,40.857334],[-86.065971,40.850998],[-86.059824,40.85368],[-86.055799,40.855504],[-86.055641,40.84433],[-86.055064,40.822521],[-86.054877,40.807972],[-86.054244,40.786176],[-86.088956,40.785903],[-86.111077,40.785884],[-86.129033,40.785622],[-86.168306,40.785866],[-86.168243,40.793274]]]}},{"type":"Feature","id":"elkhart|harrison","properties":{"key":"elkhart|harrison"},"geometry":{"type":"Polygon","coordinates":[[[-86.002415,41.608862],[-85.964637,41.60881],[-85.945247,41.608769],[-85.925826,41.608749],[-85.906593,41.608765],[-85.895048,41.608755],[-85.890565,41.608749],[-85.887141,41.602432],[-85.887037,41.595014],[-85.886937,41.587942],[-85.886768,41.580634],[-85.886416,41.565206],[-85.88582,41.522349],[-85.943797,41.522148],[-85.963325,41.522024],[-85.99765,41.52177],[-86.001456,41.536263],[-86.001563,41.543526],[-86.001716,41.550747],[-86.002319,41.59414],[-86.002415,41.608862]]]}},{"type":"Feature","id":"martin|center","properties":{"key":"martin|center"},"geometry":{"type":"Polygon","coordinates":[[[-86.890585,38.640143],[-86.888656,38.644556],[-86.884205,38.648987],[-86.880581,38.655216],[-86.879392,38.662798],[-86.875606,38.667512],[-86.87014,38.671852],[-86.864569,38.677091],[-86.855573,38.68125],[-86.84963,38.680917],[-86.849299,38.6854],[-86.849354,38.731216],[-86.849914,38.745815],[-86.817019,38.745172],[-86.80438,38.744912],[-86.79502,38.745043],[-86.778429,38.744792],[-86.758465,38.745035],[-86.757824,38.729473],[-86.757798,38.722972],[-86.762899,38.726308],[-86.766734,38.73051],[-86.772153,38.732234],[-86.777074,38.729685],[-86.780028,38.724865],[-86.777133,38.718867],[-86.771255,38.710568],[-86.765861,38.706269],[-86.767437,38.701599],[-86.775481,38.695904],[-86.781781,38.693817],[-86.790133,38.691266],[-86.794246,38.686462],[-86.79226,38.680099],[-86.791345,38.675937],[-86.789806,38.671518],[-86.792728,38.667232],[-86.796995,38.662686],[-86.80102,38.660225],[-86.805226,38.658825],[-86.801353,38.654237],[-86.796757,38.653753],[-86.795852,38.658692],[-86.794509,38.642639],[-86.790083,38.642598],[-86.790201,38.631414],[-86.81339,38.628424],[-86.814046,38.599131],[-86.846298,38.599297],[-86.850797,38.604759],[-86.850909,38.610037],[-86.848676,38.614068],[-86.841721,38.617579],[-86.847226,38.621822],[-86.856253,38.623505],[-86.860519,38.622867],[-86.864598,38.621674],[-86.869621,38.617911],[-86.876881,38.615538],[-86.881681,38.616052],[-86.886508,38.61939],[-86.888354,38.623771],[-86.886422,38.629553],[-86.890066,38.637141],[-86.890585,38.640143]]]}},{"type":"Feature","id":"posey|black","properties":{"key":"posey|black"},"geometry":{"type":"Polygon","coordinates":[[[-88.069613,37.926848],[-88.059767,37.933856],[-88.054757,37.933487],[-88.048661,37.926757],[-88.041296,37.92429],[-88.035345,37.925528],[-88.030415,37.930104],[-88.036124,37.942746],[-88.036793,37.956793],[-88.031989,37.95859],[-88.020868,37.959351],[-88.016311,37.961574],[-88.012929,37.966544],[-88.012574,37.977062],[-88.022864,37.997983],[-88.025831,38.007245],[-88.019192,38.010569],[-88.006668,38.009969],[-87.959646,38.009926],[-87.953294,38.009946],[-87.92356,38.010094],[-87.899299,38.009762],[-87.887698,38.010312],[-87.86612,38.009528],[-87.848268,38.009571],[-87.811872,38.00872],[-87.812424,37.998548],[-87.813149,37.964792],[-87.813387,37.960256],[-87.814696,37.909367],[-87.81459,37.902133],[-87.815757,37.878854],[-87.829773,37.876425],[-87.83886,37.880171],[-87.846443,37.887992],[-87.846489,37.893534],[-87.857243,37.900649],[-87.861659,37.909475],[-87.866094,37.915171],[-87.8715865018512,37.9201369169701],[-87.877325,37.924034],[-87.883321,37.926238],[-87.8884445823851,37.9271854427755],[-87.892471,37.92793],[-87.898062,37.927514],[-87.904789,37.924892],[-87.921744,37.907885],[-87.9270937203347,37.9017041861826],[-87.932129,37.89732],[-87.936784,37.892587],[-87.942316,37.892376],[-88.012396,37.892168],[-88.017816,37.902696],[-88.019977,37.909771],[-88.022513,37.914756],[-88.031846,37.913751],[-88.036382,37.914897],[-88.051921,37.91589],[-88.063023,37.918196],[-88.068225,37.922705],[-88.069613,37.926848]]]}},{"type":"Feature","id":"lawrence|bono","properties":{"key":"lawrence|bono"},"geometry":{"type":"Polygon","coordinates":[[[-86.401511,38.707068],[-86.401463,38.723888],[-86.401203,38.728952],[-86.401474,38.768937],[-86.396453,38.773329],[-86.390697,38.773017],[-86.38934,38.767946],[-86.389732,38.759723],[-86.385201,38.753756],[-86.379365,38.754877],[-86.378431,38.764472],[-86.375211,38.77175],[-86.368127,38.775575],[-86.363809,38.775004],[-86.357219,38.767155],[-86.352853,38.762793],[-86.348375,38.760655],[-86.342595,38.760314],[-86.336341,38.763181],[-86.329573,38.769883],[-86.323297,38.772586],[-86.314768,38.775327],[-86.309493,38.772958],[-86.308583,38.767057],[-86.315093,38.760774],[-86.32261,38.753248],[-86.320514,38.745893],[-86.316069,38.740431],[-86.320022,38.735],[-86.314876,38.731631],[-86.310058,38.733131],[-86.309076,38.702548],[-86.308701,38.688101],[-86.345785,38.688517],[-86.378235,38.688006],[-86.383319,38.687843],[-86.401806,38.687684],[-86.401511,38.707068]]]}},{"type":"Feature","id":"harrison|blueriver","properties":{"key":"harrison|blueriver"},"geometry":{"type":"Polygon","coordinates":[[[-86.281143,38.35063],[-86.273403,38.356191],[-86.271534,38.360692],[-86.266278,38.362161],[-86.262719,38.357201],[-86.256577,38.353941],[-86.250781,38.348464],[-86.25273,38.35526],[-86.247944,38.361169],[-86.25392,38.364839],[-86.258048,38.366831],[-86.259223,38.372642],[-86.261179,38.380438],[-86.259924,38.388225],[-86.255701,38.388941],[-86.255016,38.384412],[-86.250474,38.383281],[-86.245581,38.387424],[-86.251208,38.391514],[-86.259037,38.393186],[-86.260775,38.397622],[-86.255712,38.394881],[-86.251417,38.395642],[-86.252476,38.400649],[-86.251716,38.406132],[-86.258347,38.410138],[-86.263764,38.410155],[-86.259117,38.41624],[-86.255045,38.422685],[-86.212436,38.422097],[-86.186287,38.421209],[-86.15118,38.420186],[-86.141731,38.419917],[-86.142545,38.388196],[-86.142398,38.383637],[-86.142486,38.376365],[-86.142581,38.332741],[-86.156224,38.333239],[-86.161326,38.333371],[-86.180045,38.333643],[-86.214432,38.334628],[-86.218618,38.334733],[-86.22705,38.334974],[-86.248039,38.335585],[-86.266529,38.335671],[-86.272348,38.335804],[-86.276363,38.340306],[-86.271537,38.34114],[-86.275142,38.349515],[-86.281069,38.348396],[-86.281143,38.35063]]]}},{"type":"Feature","id":"jefferson|republican","properties":{"key":"jefferson|republican"},"geometry":{"type":"Polygon","coordinates":[[[-85.608886,38.75176],[-85.572524,38.751966],[-85.572848,38.766256],[-85.561429,38.766536],[-85.517453,38.766965],[-85.498753,38.767059],[-85.498487,38.752575],[-85.498326,38.737985],[-85.516793,38.73787],[-85.516537,38.716314],[-85.535058,38.715779],[-85.534783,38.679354],[-85.570926,38.678455],[-85.60819,38.67874],[-85.608678,38.707858],[-85.608689,38.722481],[-85.608721,38.737235],[-85.608731,38.748127],[-85.608886,38.75176]]]}},{"type":"Feature","id":"lawrence|guthrie","properties":{"key":"lawrence|guthrie"},"geometry":{"type":"Polygon","coordinates":[[[-86.445019,38.802034],[-86.437717,38.803916],[-86.430061,38.805076],[-86.424796,38.804099],[-86.41938,38.806158],[-86.416084,38.810629],[-86.411278,38.816],[-86.408962,38.811521],[-86.40471,38.81038],[-86.400274,38.813523],[-86.394538,38.810175],[-86.393085,38.81763],[-86.380961,38.817187],[-86.374905,38.817294],[-86.36554,38.817149],[-86.356315,38.817061],[-86.351851,38.816954],[-86.344172,38.816843],[-86.33156,38.81675],[-86.33096,38.843757],[-86.331787,38.874592],[-86.320114,38.87441],[-86.307075,38.874583],[-86.300743,38.874603],[-86.285727,38.87441],[-86.277331,38.874342],[-86.277059,38.859589],[-86.275993,38.802296],[-86.2754,38.770063],[-86.275281,38.763795],[-86.279662,38.76307],[-86.284633,38.765084],[-86.283094,38.758843],[-86.288041,38.751399],[-86.291558,38.742541],[-86.290402,38.736323],[-86.294761,38.735687],[-86.300257,38.733673],[-86.308289,38.734144],[-86.314876,38.731631],[-86.319032,38.733828],[-86.316568,38.739025],[-86.318978,38.743307],[-86.322177,38.750053],[-86.318155,38.758168],[-86.309758,38.764028],[-86.308713,38.771607],[-86.314768,38.775327],[-86.319426,38.774324],[-86.327577,38.771142],[-86.333461,38.766479],[-86.339009,38.76124],[-86.345296,38.760126],[-86.352853,38.762793],[-86.357219,38.767155],[-86.361476,38.773073],[-86.368127,38.775575],[-86.375211,38.77175],[-86.377738,38.767364],[-86.378904,38.755701],[-86.385201,38.753756],[-86.389346,38.758889],[-86.38934,38.767946],[-86.389663,38.772344],[-86.396453,38.773329],[-86.401525,38.772703],[-86.409226,38.769801],[-86.415367,38.767187],[-86.420427,38.77023],[-86.423338,38.774622],[-86.425194,38.77899],[-86.426871,38.786183],[-86.430462,38.791672],[-86.44359,38.794448],[-86.445234,38.799107],[-86.445019,38.802034]]]}},{"type":"Feature","id":"lawrence|marion","properties":{"key":"lawrence|marion"},"geometry":{"type":"Polygon","coordinates":[[[-86.55278,38.716597],[-86.552659,38.731034],[-86.552775,38.741542],[-86.552997,38.767128],[-86.553384,38.8004],[-86.549354,38.800899],[-86.545024,38.80481],[-86.543238,38.809395],[-86.541456,38.816719],[-86.547839,38.828622],[-86.546897,38.833272],[-86.543611,38.838492],[-86.535318,38.8398],[-86.52751,38.836317],[-86.521371,38.834097],[-86.517172,38.831918],[-86.512875,38.825727],[-86.511355,38.821469],[-86.50852,38.81592],[-86.503251,38.812004],[-86.496314,38.813116],[-86.490588,38.814276],[-86.481418,38.805153],[-86.472755,38.799128],[-86.46851,38.798332],[-86.462032,38.803823],[-86.457292,38.808746],[-86.452918,38.811375],[-86.447074,38.812963],[-86.4442,38.80768],[-86.445019,38.802034],[-86.444929,38.795428],[-86.433205,38.792519],[-86.428071,38.789407],[-86.425194,38.77899],[-86.423338,38.774622],[-86.420427,38.77023],[-86.415367,38.767187],[-86.409226,38.769801],[-86.401525,38.772703],[-86.401005,38.732435],[-86.401463,38.723888],[-86.401511,38.707068],[-86.401806,38.687684],[-86.455556,38.687522],[-86.460023,38.687576],[-86.497381,38.68818],[-86.516571,38.687817],[-86.546039,38.687509],[-86.553399,38.687441],[-86.55278,38.716597]]]}},{"type":"Feature","id":"lawrence|shawswick","properties":{"key":"lawrence|shawswick"},"geometry":{"type":"Polygon","coordinates":[[[-86.564653,38.859624],[-86.558907,38.862357],[-86.552608,38.860842],[-86.544804,38.863563],[-86.542622,38.85808],[-86.544714,38.851637],[-86.539885,38.84936],[-86.532351,38.850812],[-86.534938,38.855119],[-86.531659,38.860388],[-86.529194,38.866991],[-86.524077,38.871445],[-86.527659,38.875674],[-86.53718,38.877458],[-86.538798,38.883013],[-86.534731,38.887744],[-86.534784,38.897445],[-86.534784,38.904511],[-86.514569,38.90452],[-86.500848,38.904766],[-86.491974,38.904495],[-86.470171,38.904577],[-86.461499,38.904496],[-86.399241,38.904057],[-86.332647,38.903803],[-86.331787,38.874592],[-86.331239,38.845822],[-86.330696,38.81683],[-86.343613,38.816929],[-86.351851,38.816954],[-86.356315,38.817061],[-86.361813,38.816982],[-86.374905,38.817294],[-86.380961,38.817187],[-86.391721,38.817252],[-86.393045,38.81135],[-86.398839,38.812415],[-86.40471,38.81038],[-86.408962,38.811521],[-86.411278,38.816],[-86.414106,38.811987],[-86.416176,38.807745],[-86.420731,38.809908],[-86.421445,38.804307],[-86.426182,38.802978],[-86.434574,38.804662],[-86.443535,38.802045],[-86.4442,38.80768],[-86.444821,38.812623],[-86.452918,38.811375],[-86.457292,38.808746],[-86.462032,38.803823],[-86.467095,38.798496],[-86.472755,38.799128],[-86.478096,38.801925],[-86.487272,38.813718],[-86.493874,38.813841],[-86.503251,38.812004],[-86.50852,38.81592],[-86.511355,38.821469],[-86.512875,38.825727],[-86.517172,38.831918],[-86.521371,38.834097],[-86.52751,38.836317],[-86.532898,38.838922],[-86.539931,38.840757],[-86.546897,38.833272],[-86.547839,38.828622],[-86.552757,38.825355],[-86.553454,38.831954],[-86.547471,38.841569],[-86.557618,38.844936],[-86.562163,38.849302],[-86.561664,38.854052],[-86.564395,38.858446],[-86.564653,38.859624]]]}},{"type":"Feature","id":"jennings|campbell","properties":{"key":"jennings|campbell"},"geometry":{"type":"Polygon","coordinates":[[[-85.57477,39.051424],[-85.564972,39.051303],[-85.560824,39.051105],[-85.557256,39.056585],[-85.557155,39.062226],[-85.557053,39.073582],[-85.548604,39.07378],[-85.528655,39.073891],[-85.52413,39.073723],[-85.462521,39.073358],[-85.443144,39.073458],[-85.443362,39.064693],[-85.443505,39.059039],[-85.443708,39.044483],[-85.444051,39.000883],[-85.499969,39.000305],[-85.539427,39.000053],[-85.557078,39.000054],[-85.557145,39.014652],[-85.557086,39.029258],[-85.573433,39.029185],[-85.57477,39.051424]]]}},{"type":"Feature","id":"jennings|geneva","properties":{"key":"jennings|geneva"},"geometry":{"type":"Polygon","coordinates":[[[-85.799834,39.128897],[-85.774355,39.129146],[-85.762443,39.129259],[-85.743315,39.130308],[-85.686783,39.130859],[-85.664061,39.131112],[-85.651086,39.131476],[-85.649527,39.070352],[-85.649316,39.066035],[-85.649612,39.058545],[-85.649573,39.051128],[-85.649618,39.043911],[-85.649713,39.029114],[-85.656548,39.029108],[-85.678,39.028887],[-85.685277,39.028828],[-85.693963,39.028424],[-85.704548,39.028155],[-85.723295,39.028137],[-85.798133,39.027695],[-85.798804,39.068536],[-85.799712,39.127453],[-85.799834,39.128897]]]}},{"type":"Feature","id":"knox|busseron","properties":{"key":"knox|busseron"},"geometry":{"type":"Polygon","coordinates":[[[-87.552066,38.864511],[-87.545719,38.86303],[-87.547611,38.872516],[-87.545203,38.87673],[-87.536816,38.877408],[-87.535536,38.881555],[-87.53828,38.885799],[-87.544292,38.888953],[-87.544919,38.89345],[-87.539122,38.896119],[-87.537718,38.890925],[-87.536591,38.895566],[-87.533695,38.900957],[-87.5225092886878,38.9023946478127],[-87.448718,38.902303],[-87.425557,38.902022],[-87.42283,38.895559],[-87.409818,38.876337],[-87.403609,38.869785],[-87.399145,38.856787],[-87.401255,38.849347],[-87.397826,38.843391],[-87.401534,38.838893],[-87.400035,38.833071],[-87.400475,38.825754],[-87.406972,38.822652],[-87.41423,38.817069],[-87.418108,38.81117],[-87.424744,38.80718],[-87.428809,38.803994],[-87.432198,38.798517],[-87.436495,38.79549],[-87.44474,38.79193],[-87.452291,38.786116],[-87.456653,38.78169],[-87.461809,38.780607],[-87.461423,38.774897],[-87.465845,38.771937],[-87.470746,38.774519],[-87.478353,38.768816],[-87.482512,38.765905],[-87.489557,38.764803],[-87.496139,38.768028],[-87.502516,38.769173],[-87.508183,38.767312],[-87.514373,38.769172],[-87.511798,38.773558],[-87.504301,38.773846],[-87.49743,38.777438],[-87.495199,38.781979],[-87.503129,38.792874],[-87.508211,38.795716],[-87.521595,38.813013],[-87.527342,38.818121],[-87.52391,38.82228],[-87.521681,38.826576],[-87.524035,38.832914],[-87.526695,38.838578],[-87.525893,38.848795],[-87.5320635292666,38.8525034558356],[-87.537248,38.853592],[-87.552028,38.860318],[-87.552066,38.864511]]]}},{"type":"Feature","id":"knox|johnson","properties":{"key":"knox|johnson"},"geometry":{"type":"Polygon","coordinates":[[[-87.593071,38.567771],[-87.574614,38.567887],[-87.574641,38.604666],[-87.556941,38.604795],[-87.55693,38.612144],[-87.548217,38.612153],[-87.538626,38.612134],[-87.538573,38.620724],[-87.530027,38.618427],[-87.515462,38.625047],[-87.511204,38.626813],[-87.509637,38.637999],[-87.508987,38.643244],[-87.500201,38.643266],[-87.490079,38.643158],[-87.463199,38.642822],[-87.46354,38.628983],[-87.463712,38.624369],[-87.464278,38.601163],[-87.457522,38.59223],[-87.446306,38.580485],[-87.446296,38.55377],[-87.445109,38.532385],[-87.451055,38.532495],[-87.462892,38.533519],[-87.468691,38.531921],[-87.468569,38.526115],[-87.468418,38.52174],[-87.473743,38.525509],[-87.479159,38.52748],[-87.472026,38.519579],[-87.473805,38.51278],[-87.481015,38.50901],[-87.486871,38.507776],[-87.491755,38.505286],[-87.494512,38.500556],[-87.493173,38.495527],[-87.497388,38.494211],[-87.502294,38.496067],[-87.509053,38.501089],[-87.513724,38.503424],[-87.52061,38.503582],[-87.526242,38.499509],[-87.530426,38.498407],[-87.53298,38.503794],[-87.529596,38.51013],[-87.530691,38.515214],[-87.528188,38.520318],[-87.526388,38.525899],[-87.526966,38.531657],[-87.574112,38.534474],[-87.593312,38.534541],[-87.593071,38.567771]]]}},{"type":"Feature","id":"martin|halbert","properties":{"key":"martin|halbert"},"geometry":{"type":"Polygon","coordinates":[[[-86.81339,38.628424],[-86.790243,38.628151],[-86.790083,38.642598],[-86.794509,38.642639],[-86.794513,38.65683],[-86.798242,38.65254],[-86.803426,38.657171],[-86.796995,38.662686],[-86.792728,38.667232],[-86.789806,38.671518],[-86.791345,38.675937],[-86.79226,38.680099],[-86.794246,38.686462],[-86.790133,38.691266],[-86.784633,38.692623],[-86.775481,38.695904],[-86.770829,38.698456],[-86.765565,38.704046],[-86.771255,38.710568],[-86.775178,38.71506],[-86.780204,38.72295],[-86.778623,38.727919],[-86.772153,38.732234],[-86.766734,38.73051],[-86.762899,38.726308],[-86.758669,38.723293],[-86.75449,38.722069],[-86.747793,38.719253],[-86.740969,38.718765],[-86.734574,38.719508],[-86.729075,38.72132],[-86.731729,38.727103],[-86.737961,38.730025],[-86.683255,38.730049],[-86.683371,38.721815],[-86.683102,38.686561],[-86.68306,38.643172],[-86.682797,38.625052],[-86.682543,38.599335],[-86.698523,38.599251],[-86.794394,38.598967],[-86.814046,38.599131],[-86.81339,38.628424]]]}},{"type":"Feature","id":"martin|perry","properties":{"key":"martin|perry"},"geometry":{"type":"Polygon","coordinates":[[[-86.923864,38.66465],[-86.923698,38.685331],[-86.923626,38.69399],[-86.923493,38.710591],[-86.923339,38.730766],[-86.923,38.774962],[-86.922943,38.817238],[-86.904227,38.817511],[-86.904251,38.830097],[-86.904193,38.849631],[-86.904201,38.891134],[-86.904204,38.896861],[-86.904252,38.904204],[-86.895104,38.904209],[-86.847591,38.904307],[-86.831419,38.904325],[-86.794425,38.904367],[-86.794533,38.875572],[-86.794793,38.817816],[-86.795094,38.750049],[-86.79502,38.745043],[-86.80438,38.744912],[-86.817019,38.745172],[-86.849914,38.745815],[-86.850142,38.731208],[-86.849299,38.6854],[-86.84963,38.680917],[-86.854015,38.681474],[-86.864569,38.677091],[-86.87014,38.671852],[-86.875606,38.667512],[-86.879392,38.662798],[-86.880389,38.658127],[-86.881529,38.652548],[-86.888656,38.644556],[-86.890585,38.640143],[-86.886633,38.630862],[-86.888354,38.623771],[-86.886508,38.61939],[-86.886516,38.614627],[-86.909094,38.613241],[-86.923847,38.61286],[-86.923981,38.627627],[-86.923864,38.66465]]]}},{"type":"Feature","id":"monroe|beanblossom","properties":{"key":"monroe|beanblossom"},"geometry":{"type":"Polygon","coordinates":[[[-86.68561,39.336043],[-86.678254,39.333096],[-86.672034,39.331699],[-86.667675,39.329482],[-86.66453,39.333771],[-86.659848,39.330855],[-86.655507,39.331476],[-86.656012,39.338673],[-86.659137,39.344337],[-86.658685,39.348757],[-86.653425,39.354339],[-86.642856,39.351024],[-86.637787,39.34831],[-86.633319,39.348523],[-86.630844,39.340755],[-86.607185,39.340134],[-86.57428,39.339681],[-86.574114,39.275828],[-86.573885,39.251688],[-86.59266,39.251817],[-86.620624,39.252099],[-86.624996,39.252429],[-86.639366,39.252251],[-86.653354,39.252366],[-86.658064,39.252386],[-86.684315,39.252588],[-86.68477,39.281489],[-86.68561,39.336043]]]}},{"type":"Feature","id":"monroe|polk","properties":{"key":"monroe|polk"},"geometry":{"type":"Polygon","coordinates":[[[-86.46175,39.048664],[-86.443246,39.048968],[-86.443094,39.078163],[-86.39365,39.077925],[-86.369168,39.076826],[-86.369211,39.061733],[-86.370066,39.048375],[-86.350756,39.048687],[-86.336993,39.048947],[-86.318133,39.04881],[-86.317799,39.002733],[-86.317474,38.99087],[-86.367515,38.990875],[-86.37499,38.990699],[-86.448829,38.991515],[-86.461535,38.991673],[-86.461596,39.001093],[-86.46175,39.048664]]]}},{"type":"Feature","id":"monroe|vanburen","properties":{"key":"monroe|vanburen"},"geometry":{"type":"Polygon","coordinates":[[[-86.683002,39.165746],[-86.629145,39.165049],[-86.620216,39.165043],[-86.610547,39.164909],[-86.588435,39.164688],[-86.582927,39.164652],[-86.573543,39.164567],[-86.573246,39.147485],[-86.573215,39.141834],[-86.573183,39.136792],[-86.573027,39.126991],[-86.573447,39.122978],[-86.573197,39.078747],[-86.630418,39.079161],[-86.682401,39.079846],[-86.682302,39.08669],[-86.682429,39.094006],[-86.682525,39.107277],[-86.683002,39.165746]]]}},{"type":"Feature","id":"orange|jackson","properties":{"key":"orange|jackson"},"geometry":{"type":"Polygon","coordinates":[[[-86.682207,38.49711],[-86.625047,38.496632],[-86.618723,38.497458],[-86.604019,38.497312],[-86.597462,38.497319],[-86.572627,38.497065],[-86.570731,38.487854],[-86.57063,38.48363],[-86.570515,38.469205],[-86.568942,38.413135],[-86.569468,38.396031],[-86.614784,38.395461],[-86.681424,38.394767],[-86.681791,38.439256],[-86.681891,38.44969],[-86.682207,38.49711]]]}},{"type":"Feature","id":"pulaski|richgrove","properties":{"key":"pulaski|richgrove"},"geometry":{"type":"Polygon","coordinates":[[[-86.814794,41.125033],[-86.814456,41.143449],[-86.814389,41.171993],[-86.798718,41.171554],[-86.783161,41.171331],[-86.756594,41.172083],[-86.698505,41.172166],[-86.698548,41.157547],[-86.69921,41.102214],[-86.699102,41.084733],[-86.757732,41.085128],[-86.776616,41.085119],[-86.804873,41.085171],[-86.81471,41.085074],[-86.814647,41.096306],[-86.814794,41.125033]]]}},{"type":"Feature","id":"martin|lostriver","properties":{"key":"martin|lostriver"},"geometry":{"type":"Polygon","coordinates":[[[-86.855478,38.569335],[-86.850184,38.579511],[-86.848232,38.586565],[-86.847052,38.59074],[-86.846298,38.599297],[-86.814046,38.599131],[-86.794394,38.598967],[-86.698523,38.599251],[-86.682543,38.599335],[-86.682497,38.594446],[-86.682446,38.566411],[-86.68241,38.557098],[-86.682359,38.526378],[-86.793155,38.525998],[-86.819134,38.526404],[-86.825266,38.526241],[-86.831372,38.526355],[-86.831462,38.539159],[-86.825269,38.54043],[-86.820372,38.538199],[-86.819185,38.544774],[-86.825017,38.550484],[-86.835622,38.556651],[-86.845418,38.564608],[-86.851733,38.567469],[-86.855478,38.569335]]]}},{"type":"Feature","id":"spencer|huff","properties":{"key":"spencer|huff"},"geometry":{"type":"Polygon","coordinates":[[[-86.906725,37.971804],[-86.905396,38.03013],[-86.904648,38.07439],[-86.834711,38.074703],[-86.813505,38.074937],[-86.791898,38.074578],[-86.781089,38.074991],[-86.775413,38.072162],[-86.773986,38.06763],[-86.770366,38.063088],[-86.768924,38.059072],[-86.774895,38.053699],[-86.779128,38.053317],[-86.782628,38.048438],[-86.779681,38.04388],[-86.784361,38.043373],[-86.78515,38.038561],[-86.780103,38.040108],[-86.779047,38.035599],[-86.776947,38.030753],[-86.770927,38.031108],[-86.777189,38.029232],[-86.781981,38.026171],[-86.776292,38.024723],[-86.776612,38.019893],[-86.775419,38.015186],[-86.777865,38.010055],[-86.773095,38.005506],[-86.771259,38.000972],[-86.775606,37.998196],[-86.784869,37.999939],[-86.790518,38.003628],[-86.791724,38.009233],[-86.796405,38.014794],[-86.800709,38.014854],[-86.800983,38.010473],[-86.805543,38.002879],[-86.811685,38.000446],[-86.820071,37.999392],[-86.835161,37.99375],[-86.849027,37.99002],[-86.85595,37.987292],[-86.863224,37.982495],[-86.869029,37.976894],[-86.875874,37.97077],[-86.88648,37.963069],[-86.89029,37.957426],[-86.901983,37.946448],[-86.9072606023925,37.9433267676648],[-86.906725,37.971804]]]}},{"type":"Feature","id":"benton|center","properties":{"key":"benton|center"},"geometry":{"type":"Polygon","coordinates":[[[-87.381306,40.650068],[-87.343828,40.650165],[-87.323901,40.649993],[-87.304918,40.649699],[-87.210819,40.649619],[-87.20854,40.562206],[-87.266192,40.562433],[-87.323279,40.563471],[-87.379666,40.563861],[-87.379936,40.593035],[-87.380553,40.620579],[-87.381306,40.650068]]]}},{"type":"Feature","id":"gibson|johnson","properties":{"key":"gibson|johnson"},"geometry":{"type":"Polygon","coordinates":[[[-87.688208,38.201001],[-87.68795,38.215604],[-87.633772,38.216184],[-87.596069,38.216211],[-87.561041,38.215974],[-87.545417,38.215877],[-87.466656,38.216163],[-87.466744,38.201286],[-87.467212,38.169568],[-87.467284,38.165403],[-87.527065,38.166354],[-87.537337,38.166925],[-87.550363,38.166926],[-87.577958,38.166929],[-87.596682,38.167455],[-87.663774,38.16834],[-87.688374,38.168419],[-87.688208,38.201001]]]}},{"type":"Feature","id":"gibson|montgomery","properties":{"key":"gibson|montgomery"},"geometry":{"type":"Polygon","coordinates":[[[-87.8088901626562,38.3597313118198],[-87.790251,38.366702],[-87.783079,38.368862],[-87.769721,38.380695],[-87.762592535827,38.3889405006564],[-87.75554,38.392759],[-87.723464,38.392432],[-87.723298,38.38156],[-87.72443,38.355488],[-87.723967,38.348003],[-87.714734,38.347995],[-87.687098,38.348548],[-87.668685,38.348495],[-87.668539,38.341121],[-87.650358,38.341165],[-87.650325,38.318999],[-87.641104,38.31878],[-87.625023,38.318826],[-87.622773,38.289039],[-87.623711,38.250044],[-87.623467,38.24553],[-87.628578,38.245531],[-87.661668,38.245812],[-87.680486,38.245939],[-87.688018,38.245993],[-87.68795,38.215604],[-87.688208,38.201001],[-87.762624,38.201543],[-87.767055,38.201693],[-87.784938,38.201842],[-87.799677,38.201944],[-87.799618,38.209323],[-87.799169,38.22858],[-87.80858,38.228715],[-87.80864,38.247846],[-87.808138,38.257863],[-87.807669,38.289422],[-87.808873,38.341867],[-87.8088901626562,38.3597313118198]]]}},{"type":"Feature","id":"fountain|logan","properties":{"key":"fountain|logan"},"geometry":{"type":"Polygon","coordinates":[[[-87.288939,40.265337],[-87.28195,40.277604],[-87.275564,40.28372],[-87.2698,40.286403],[-87.264676,40.288001],[-87.258584,40.292654],[-87.254012,40.296372],[-87.249292,40.299609],[-87.247847,40.306692],[-87.242019,40.309797],[-87.237455,40.310112],[-87.231427,40.311679],[-87.217631,40.317878],[-87.209556,40.320727],[-87.200605,40.32299],[-87.187611,40.326397],[-87.182462,40.328308],[-87.175858,40.332341],[-87.171024,40.334551],[-87.166751,40.334959],[-87.167311,40.330183],[-87.167524,40.302155],[-87.167714,40.258241],[-87.186296,40.25831],[-87.192469,40.258068],[-87.200743,40.25815],[-87.231381,40.25807],[-87.243336,40.258195],[-87.249068,40.258279],[-87.262517,40.258575],[-87.294191,40.257966],[-87.288939,40.265337]]]}},{"type":"Feature","id":"fountain|millcreek","properties":{"key":"fountain|millcreek"},"geometry":{"type":"Polygon","coordinates":[[[-87.319063,40.026268],[-87.299565,40.026055],[-87.299781,40.039117],[-87.280804,40.039241],[-87.281141,40.068133],[-87.224136,40.068213],[-87.205364,40.068261],[-87.205441,40.053794],[-87.205536,40.039356],[-87.204129,39.953279],[-87.242187,39.952994],[-87.256629,39.952862],[-87.261413,39.952868],[-87.313423,39.952764],[-87.318521,39.952753],[-87.318223,39.960069],[-87.319063,40.026268]]]}},{"type":"Feature","id":"fountain|vanburen","properties":{"key":"fountain|vanburen"},"geometry":{"type":"Polygon","coordinates":[[[-87.300533,40.178795],[-87.30053,40.186056],[-87.262521,40.186081],[-87.205092,40.185718],[-87.205122,40.17127],[-87.205219,40.149592],[-87.205393,40.128018],[-87.204806,40.122452],[-87.214513,40.122465],[-87.214545,40.112107],[-87.223904,40.112094],[-87.224001,40.089908],[-87.224062,40.082695],[-87.224136,40.068213],[-87.281141,40.068133],[-87.299815,40.068011],[-87.299996,40.096896],[-87.29993,40.109387],[-87.299934,40.120749],[-87.299986,40.128009],[-87.300533,40.178795]]]}},{"type":"Feature","id":"vermillion|eugene","properties":{"key":"vermillion|eugene"},"geometry":{"type":"Polygon","coordinates":[[[-87.533,39.912519],[-87.532745,39.945007],[-87.5326920005074,39.956129685513],[-87.53262,39.97124],[-87.5324310039824,39.9860471110709],[-87.53236,39.99161],[-87.5323576037944,39.999984019917],[-87.508505,39.999487],[-87.503935,39.999577],[-87.499702,39.999441],[-87.495016,39.999646],[-87.489532,39.999581],[-87.433344,40.001071],[-87.433385,39.994188],[-87.427732,39.986703],[-87.427393,39.981944],[-87.428541,39.97659],[-87.430485,39.971039],[-87.43392,39.966316],[-87.438601,39.962867],[-87.434796,39.956358],[-87.428878,39.954804],[-87.423807,39.956499],[-87.420221,39.952452],[-87.421385,39.946714],[-87.429508,39.938112],[-87.433667,39.935165],[-87.431128,39.929571],[-87.424699,39.926614],[-87.419069,39.925711],[-87.411879,39.92871],[-87.406797,39.928482],[-87.405186,39.923778],[-87.41044,39.920682],[-87.427663,39.920915],[-87.42762,39.906681],[-87.486485,39.905801],[-87.486503,39.910342],[-87.5330136535966,39.910356984986],[-87.533,39.912519]]]}},{"type":"Feature","id":"vermillion|highland","properties":{"key":"vermillion|highland"},"geometry":{"type":"Polygon","coordinates":[[[-87.5323542128446,40.011834372049],[-87.53235,40.026557],[-87.532188,40.05615],[-87.5319467043834,40.088864938814],[-87.531883,40.097502],[-87.5318335337167,40.1033919876856],[-87.5317123619617,40.11782],[-87.5316477226057,40.1255166569026],[-87.5315027826114,40.1427747714184],[-87.531459,40.147988],[-87.490455,40.148422],[-87.49041,40.127406],[-87.471233,40.127322],[-87.459824,40.127338],[-87.406667,40.127508],[-87.407221,40.122085],[-87.407314,40.113264],[-87.407402,40.108705],[-87.412024,40.101061],[-87.413579,40.096583],[-87.413689,40.092506],[-87.412139,40.086508],[-87.413641,40.079348],[-87.415971,40.0725],[-87.416207,40.065384],[-87.417438,40.058684],[-87.421009,40.053915],[-87.425916,40.051304],[-87.431499,40.047748],[-87.428877,40.043309],[-87.424688,40.041122],[-87.429574,40.034894],[-87.43379,40.029048],[-87.4354,40.023509],[-87.435356,40.01784],[-87.433618,40.002026],[-87.489532,39.999581],[-87.495016,39.999646],[-87.499702,39.999441],[-87.503935,39.999577],[-87.508505,39.999487],[-87.5323576037944,39.999984019917],[-87.5323542128446,40.011834372049]]]}},{"type":"Feature","id":"vermillion|vermillion","properties":{"key":"vermillion|vermillion"},"geometry":{"type":"Polygon","coordinates":[[[-87.533256,39.871982],[-87.5331864205842,39.8829997374169],[-87.5330136535966,39.910356984986],[-87.486503,39.910342],[-87.486485,39.905801],[-87.42762,39.906681],[-87.427663,39.920915],[-87.41044,39.920682],[-87.409827,39.913514],[-87.404959,39.910857],[-87.399426,39.909589],[-87.391975,39.906901],[-87.3845,39.906327],[-87.379939,39.903957],[-87.373218,39.896788],[-87.368863,39.890471],[-87.36784,39.885871],[-87.370981,39.881479],[-87.377568,39.878832],[-87.376891,39.873505],[-87.367988,39.867648],[-87.359803,39.866112],[-87.354621,39.863566],[-87.35597,39.858648],[-87.361533,39.854632],[-87.363436,39.847527],[-87.366394,39.842871],[-87.373172,39.8377],[-87.380413,39.837196],[-87.384882,39.834698],[-87.385644,39.830419],[-87.385366,39.824187],[-87.45627,39.823514],[-87.5331291036315,39.823331],[-87.533125,39.832597],[-87.5331941265025,39.8533798038138],[-87.533256,39.871982]]]}},{"type":"Feature","id":"warren|kent","properties":{"key":"warren|kent"},"geometry":{"type":"Polygon","coordinates":[[[-87.530825,40.190356],[-87.5307111861781,40.19941184305],[-87.530557,40.21168],[-87.499956,40.214375],[-87.435961,40.21439],[-87.436114,40.205327],[-87.435879,40.199709],[-87.42897,40.199751],[-87.415988,40.200186],[-87.396949,40.200049],[-87.403876,40.196034],[-87.409263,40.19459],[-87.415296,40.194026],[-87.4199,40.192258],[-87.421671,40.187853],[-87.425872,40.180812],[-87.490442,40.178327],[-87.531021971873,40.1771930594356],[-87.530825,40.190356]]]}},{"type":"Feature","id":"warren|mound","properties":{"key":"warren|mound"},"geometry":{"type":"Polygon","coordinates":[[[-87.5314544432537,40.1482925113968],[-87.5311298069018,40.1699868220561],[-87.531021971873,40.1771930594356],[-87.490465,40.1776],[-87.427998,40.178287],[-87.437094,40.16971],[-87.438755,40.165694],[-87.436199,40.157342],[-87.428756,40.150646],[-87.41867,40.147296],[-87.409468,40.143313],[-87.405029,40.138761],[-87.406523,40.131146],[-87.459824,40.127338],[-87.471233,40.127322],[-87.49041,40.127406],[-87.490455,40.148422],[-87.5314569182137,40.1481271184891],[-87.5314544432537,40.1482925113968]]]}},{"type":"Feature","id":"warren|pine","properties":{"key":"warren|pine"},"geometry":{"type":"Polygon","coordinates":[[[-87.377986,40.476788],[-87.321333,40.4764],[-87.264083,40.476253],[-87.263423,40.439778],[-87.262973,40.413772],[-87.26305,40.389015],[-87.363634,40.389447],[-87.377325,40.389462],[-87.377263,40.45044],[-87.377838,40.454945],[-87.377731,40.460612],[-87.377986,40.476788]]]}},{"type":"Feature","id":"warren|steuben","properties":{"key":"warren|steuben"},"geometry":{"type":"Polygon","coordinates":[[[-87.530208011455,40.2359832247373],[-87.529978,40.252001],[-87.5297132411563,40.2722897859576],[-87.5295265022533,40.2865998108114],[-87.529433,40.293765],[-87.529277134197,40.303595303385],[-87.499861,40.301952],[-87.494228,40.301777],[-87.452849,40.30172],[-87.424496,40.301828],[-87.424524,40.265189],[-87.415013,40.265199],[-87.414783,40.251471],[-87.415031,40.24339],[-87.407201,40.243383],[-87.401151,40.24339],[-87.40111,40.228835],[-87.396207,40.22884],[-87.39608,40.214301],[-87.38763,40.210659],[-87.386792,40.204326],[-87.39299,40.202729],[-87.415988,40.200186],[-87.42897,40.199751],[-87.435879,40.199709],[-87.436114,40.205327],[-87.435961,40.21439],[-87.499956,40.214375],[-87.5305125141523,40.2147779514085],[-87.530208011455,40.2359832247373]]]}},{"type":"Feature","id":"marshall|center","properties":{"key":"marshall|center"},"geometry":{"type":"Polygon","coordinates":[[[-86.347909,41.344769],[-86.34789,41.35081],[-86.347937,41.368929],[-86.348039,41.376198],[-86.313737,41.376307],[-86.308897,41.374781],[-86.29447,41.375041],[-86.271311,41.376733],[-86.271402,41.383914],[-86.232451,41.38431],[-86.232518,41.391568],[-86.208524,41.391613],[-86.194031,41.391323],[-86.193923,41.376704],[-86.193249,41.313851],[-86.192586,41.274136],[-86.246965,41.274261],[-86.269207,41.274337],[-86.347695,41.274032],[-86.347838,41.303161],[-86.348058,41.332197],[-86.347909,41.344769]]]}},{"type":"Feature","id":"marshall|green","properties":{"key":"marshall|green"},"geometry":{"type":"Polygon","coordinates":[[[-86.347695,41.274032],[-86.271125,41.274333],[-86.269134,41.269576],[-86.269221,41.260197],[-86.264564,41.260219],[-86.26457,41.244336],[-86.254299,41.244422],[-86.254333,41.234497],[-86.254319,41.229948],[-86.254292,41.215671],[-86.250731,41.191916],[-86.250686,41.187581],[-86.25047,41.172363],[-86.328181,41.172152],[-86.346698,41.17204],[-86.347215,41.234872],[-86.347308,41.244677],[-86.347749,41.250019],[-86.347695,41.274032]]]}},{"type":"Feature","id":"marshall|north","properties":{"key":"marshall|north"},"geometry":{"type":"Polygon","coordinates":[[[-86.357928,41.397835],[-86.348175,41.398172],[-86.348224,41.423816],[-86.348323,41.434394],[-86.349,41.477817],[-86.329838,41.478099],[-86.30651,41.478216],[-86.291152,41.477229],[-86.286505,41.477287],[-86.281681,41.478694],[-86.273449,41.478694],[-86.233567,41.478858],[-86.232945,41.436167],[-86.232702,41.419046],[-86.232704,41.413347],[-86.232518,41.391568],[-86.232451,41.38431],[-86.271402,41.383914],[-86.271311,41.376733],[-86.29062,41.376772],[-86.308897,41.374781],[-86.313648,41.374723],[-86.348039,41.376198],[-86.357648,41.376144],[-86.357928,41.397835]]]}},{"type":"Feature","id":"marshall|west","properties":{"key":"marshall|west"},"geometry":{"type":"Polygon","coordinates":[[[-86.466515,41.302228],[-86.466334,41.345771],[-86.4664,41.364228],[-86.46629,41.374817],[-86.357648,41.376144],[-86.348039,41.376198],[-86.347937,41.368929],[-86.347915,41.354425],[-86.347909,41.344769],[-86.348058,41.332197],[-86.347838,41.303161],[-86.347695,41.274032],[-86.373808,41.274179],[-86.415026,41.273753],[-86.466572,41.273716],[-86.466515,41.302228]]]}},{"type":"Feature","id":"pulaski|franklin","properties":{"key":"pulaski|franklin"},"geometry":{"type":"Polygon","coordinates":[[[-86.69921,41.102214],[-86.698754,41.156285],[-86.698505,41.172166],[-86.674328,41.172093],[-86.659778,41.172068],[-86.602208,41.171984],[-86.58285,41.171962],[-86.583436,41.091698],[-86.583364,41.084576],[-86.603449,41.084495],[-86.622773,41.084464],[-86.699102,41.084733],[-86.698855,41.099265],[-86.69921,41.102214]]]}},{"type":"Feature","id":"pulaski|jefferson","properties":{"key":"pulaski|jefferson"},"geometry":{"type":"Polygon","coordinates":[[[-86.815125,41.041677],[-86.815084,41.054388],[-86.81501,41.079445],[-86.81471,41.085074],[-86.804873,41.085171],[-86.776616,41.085119],[-86.757732,41.085128],[-86.699102,41.084733],[-86.699522,41.04094],[-86.699535,41.020306],[-86.699241,40.997241],[-86.776016,40.99784],[-86.814943,40.998063],[-86.814952,41.027095],[-86.815125,41.041677]]]}},{"type":"Feature","id":"pulaski|monroe","properties":{"key":"pulaski|monroe"},"geometry":{"type":"Polygon","coordinates":[[[-86.699522,41.04094],[-86.699102,41.084733],[-86.622773,41.084464],[-86.603449,41.084495],[-86.583364,41.084576],[-86.573373,41.084646],[-86.563461,41.084422],[-86.554312,41.084409],[-86.554333,41.04125],[-86.560643,41.041075],[-86.567792,41.041147],[-86.572678,41.041154],[-86.577516,41.03538],[-86.581582,41.031038],[-86.583733,41.023502],[-86.583616,41.016863],[-86.583541,40.997254],[-86.603107,40.997404],[-86.631677,40.997372],[-86.699241,40.997241],[-86.699535,41.020306],[-86.699522,41.04094]]]}},{"type":"Feature","id":"porter|boone","properties":{"key":"porter|boone"},"geometry":{"type":"Polygon","coordinates":[[[-87.220269,41.334294],[-87.220254,41.346994],[-87.200358,41.347359],[-87.142737,41.347358],[-87.110497,41.347496],[-87.065497,41.347481],[-87.064918,41.318559],[-87.084376,41.318489],[-87.084089,41.303848],[-87.091813,41.303931],[-87.103086,41.303695],[-87.102293,41.280961],[-87.120118,41.285737],[-87.131339,41.286245],[-87.159591,41.276298],[-87.192521,41.265213],[-87.198962,41.259606],[-87.218862,41.242027],[-87.219099,41.259775],[-87.219617,41.304046],[-87.220266,41.333327],[-87.220269,41.334294]]]}},{"type":"Feature","id":"porter|center","properties":{"key":"porter|center"},"geometry":{"type":"Polygon","coordinates":[[[-87.123995,41.521234],[-87.099881,41.52125],[-87.066045,41.521042],[-87.035281,41.520753],[-87.028871,41.520728],[-87.026836,41.512601],[-87.027191,41.507325],[-87.027152,41.500034],[-87.027156,41.494706],[-87.027181,41.489585],[-87.027115,41.478209],[-87.027115,41.473918],[-87.027097,41.469249],[-87.026854,41.460181],[-87.027314,41.454392],[-87.02705,41.438099],[-87.036674,41.4345],[-87.065862,41.434549],[-87.085142,41.434578],[-87.10458,41.434634],[-87.110077,41.434606],[-87.123671,41.434601],[-87.123649,41.449103],[-87.123757,41.461283],[-87.12362,41.466134],[-87.123765,41.473495],[-87.12377,41.492776],[-87.123995,41.521234]]]}},{"type":"Feature","id":"porter|liberty","properties":{"key":"porter|liberty"},"geometry":{"type":"Polygon","coordinates":[[[-87.124699,41.593716],[-87.105299,41.593791],[-87.090919,41.593704],[-87.086099,41.593669],[-87.076464,41.593579],[-87.071654,41.593571],[-87.06684,41.593526],[-87.057225,41.593546],[-87.051903,41.593565],[-87.045718,41.593604],[-87.028609,41.593509],[-87.028574,41.58933],[-87.028251,41.579009],[-87.028063,41.571671],[-87.027899,41.564424],[-87.028,41.55991],[-87.027092,41.549865],[-87.027318,41.542545],[-87.026869,41.521149],[-87.035281,41.520753],[-87.065803,41.520983],[-87.099881,41.52125],[-87.123995,41.521234],[-87.124112,41.535277],[-87.124217,41.550202],[-87.1244,41.559955],[-87.124437,41.573793],[-87.124582,41.586463],[-87.124699,41.593685],[-87.124699,41.593716]]]}},{"type":"Feature","id":"porter|porter","properties":{"key":"porter|porter"},"geometry":{"type":"Polygon","coordinates":[[[-87.219807,41.411611],[-87.219765,41.419485],[-87.219625,41.434595],[-87.195514,41.434578],[-87.19077,41.434592],[-87.171499,41.434587],[-87.1618,41.434594],[-87.128721,41.434606],[-87.123671,41.434601],[-87.110077,41.434606],[-87.10458,41.434634],[-87.085142,41.434578],[-87.084776,41.391311],[-87.065632,41.3912],[-87.065728,41.377632],[-87.065497,41.347481],[-87.110342,41.347469],[-87.142737,41.347358],[-87.200358,41.347359],[-87.219762,41.347322],[-87.219659,41.383676],[-87.219693,41.390991],[-87.219916,41.396495],[-87.219807,41.411611]]]}},{"type":"Feature","id":"pike|washington","properties":{"key":"pike|washington"},"geometry":{"type":"Polygon","coordinates":[[[-87.315107,38.421965],[-87.314686,38.450823],[-87.314399,38.49806],[-87.314637,38.521406],[-87.309267,38.519938],[-87.305343,38.514064],[-87.301231,38.510263],[-87.29174,38.511057],[-87.286106,38.512783],[-87.280776,38.516951],[-87.276546,38.51917],[-87.269171,38.522653],[-87.263683,38.523544],[-87.255884,38.526585],[-87.255127,38.533054],[-87.253053,38.538245],[-87.247608,38.543562],[-87.242097,38.54493],[-87.237629,38.545549],[-87.227641,38.540596],[-87.223079,38.539135],[-87.216166,38.54146],[-87.210183,38.549622],[-87.20371,38.55222],[-87.203147,38.485308],[-87.20219,38.436424],[-87.201927,38.421858],[-87.239973,38.421797],[-87.245122,38.421787],[-87.287284,38.421724],[-87.300769,38.421653],[-87.308957,38.421314],[-87.315117,38.421342],[-87.315107,38.421965]]]}},{"type":"Feature","id":"switzerland|posey","properties":{"key":"switzerland|posey"},"geometry":{"type":"Polygon","coordinates":[[[-84.931799,38.856072],[-84.931107,38.900984],[-84.8711586444968,38.9016816688014],[-84.860759,38.897654],[-84.830472,38.897256],[-84.816938,38.895069],[-84.812746,38.895132],[-84.8010842885177,38.8913421070453],[-84.792482,38.886743],[-84.786406,38.88222],[-84.784579,38.87532],[-84.785799,38.869496],[-84.788302,38.864325],[-84.793714,38.857788],[-84.798459,38.855281],[-84.803247,38.850723],[-84.817169,38.84342],[-84.8227028377744,38.8396461978109],[-84.827488,38.834909],[-84.829958,38.830632],[-84.829886,38.825405],[-84.827098,38.818634],[-84.816506,38.80532],[-84.811645,38.792766],[-84.812877,38.786087],[-84.821378,38.783111],[-84.828857,38.783271],[-84.837808,38.784906],[-84.852866,38.789382],[-84.861989,38.791086],[-84.8768325938075,38.7924668674124],[-84.877484,38.828892],[-84.895533,38.828833],[-84.895388,38.843181],[-84.912004,38.843347],[-84.931972,38.843549],[-84.931799,38.856072]]]}},{"type":"Feature","id":"wayne|abington","properties":{"key":"wayne|abington"},"geometry":{"type":"Polygon","coordinates":[[[-85.052646,39.758553],[-85.052548,39.765815],[-85.052446,39.773093],[-85.005292,39.772465],[-84.963989,39.772595],[-84.957158,39.772516],[-84.937098,39.770549],[-84.927516,39.770523],[-84.927723,39.726647],[-84.96182,39.726782],[-84.969515,39.726802],[-85.034408,39.729263],[-85.034575,39.714764],[-85.053292,39.714819],[-85.052646,39.758553]]]}},{"type":"Feature","id":"wayne|center","properties":{"key":"wayne|center"},"geometry":{"type":"Polygon","coordinates":[[[-85.0708,39.815074],[-85.070662,39.8238],[-85.070577,39.831015],[-85.052069,39.830885],[-85.051948,39.85992],[-85.042832,39.859853],[-85.014761,39.85954],[-85.01486,39.874094],[-85.005486,39.874331],[-85.005388,39.879272],[-85.005586,39.903336],[-84.996184,39.90339],[-84.995898,39.875209],[-84.958248,39.874336],[-84.939548,39.874409],[-84.939351,39.867386],[-84.938682,39.841805],[-84.941071,39.833041],[-84.942207,39.82859],[-84.943706,39.822677],[-84.946281,39.813583],[-84.946175,39.801886],[-84.945806,39.785294],[-84.937041,39.785293],[-84.937098,39.770549],[-84.957731,39.770651],[-84.963818,39.77255],[-85.005292,39.772465],[-85.052446,39.773093],[-85.05221,39.79308],[-85.052334,39.801737],[-85.070912,39.801831],[-85.0708,39.815074]]]}},{"type":"Feature","id":"wayne|wayne","properties":{"key":"wayne|wayne"},"geometry":{"type":"Polygon","coordinates":[[[-84.946175,39.801886],[-84.946281,39.813583],[-84.943706,39.822677],[-84.942242,39.827799],[-84.941071,39.833041],[-84.938682,39.841805],[-84.939351,39.867386],[-84.939548,39.874409],[-84.929748,39.874438],[-84.916688,39.873335],[-84.916268,39.903199],[-84.887761,39.902848],[-84.869451,39.902832],[-84.846438,39.90289],[-84.839788,39.902473],[-84.812644,39.902206],[-84.8128233976328,39.891608413007],[-84.813089,39.875073],[-84.81349,39.853648],[-84.813689,39.843219],[-84.8138852182962,39.8336159757449],[-84.8138676998716,39.8286546839191],[-84.8141696757081,39.8142397704505],[-84.814225,39.801668],[-84.814221,39.79339],[-84.814288,39.784803],[-84.89,39.784979],[-84.902602,39.784944],[-84.92738,39.784897],[-84.937041,39.785293],[-84.945806,39.785294],[-84.946392,39.801336],[-84.946175,39.801886]]]}},{"type":"Feature","id":"ripley|washington","properties":{"key":"ripley|washington"},"geometry":{"type":"Polygon","coordinates":[[[-85.187233,39.118984],[-85.168271,39.119161],[-85.163974,39.119192],[-85.140627,39.119429],[-85.133914,39.119352],[-85.113806,39.119498],[-85.100701,39.11953],[-85.105966,39.090222],[-85.113111,39.050589],[-85.117107,39.029288],[-85.11822,39.024427],[-85.119559,39.017165],[-85.124902,39.016746],[-85.185587,39.015862],[-85.187312,39.060954],[-85.187427,39.066789],[-85.186994,39.111663],[-85.187233,39.118984]]]}},{"type":"Feature","id":"scott|jennings","properties":{"key":"scott|jennings"},"geometry":{"type":"Polygon","coordinates":[[[-85.870879,38.729537],[-85.866498,38.729311],[-85.861098,38.731924],[-85.856366,38.731378],[-85.851434,38.736303],[-85.847227,38.735298],[-85.842325,38.739353],[-85.843358,38.744764],[-85.839356,38.747051],[-85.83714,38.751294],[-85.832348,38.751819],[-85.830043,38.758612],[-85.830366,38.762615],[-85.825505,38.767263],[-85.822352,38.772131],[-85.819429,38.776503],[-85.813642,38.777691],[-85.809523,38.777665],[-85.804905,38.77954],[-85.806781,38.785832],[-85.805307,38.791996],[-85.801972,38.796574],[-85.799807,38.801312],[-85.795357,38.807508],[-85.791146,38.808543],[-85.783425,38.807145],[-85.779474,38.812682],[-85.774063,38.811696],[-85.769208,38.810962],[-85.76821,38.815127],[-85.763442,38.815377],[-85.757181,38.815122],[-85.755042,38.820408],[-85.749518,38.815405],[-85.747474,38.822267],[-85.743284,38.818694],[-85.739149,38.743636],[-85.738413,38.707955],[-85.756895,38.707691],[-85.756738,38.700536],[-85.756625,38.694607],[-85.76066,38.695733],[-85.76536,38.69798],[-85.777254,38.708452],[-85.783889,38.713764],[-85.790936,38.72339],[-85.796282,38.725383],[-85.826759,38.726832],[-85.831693,38.727077],[-85.842338,38.725765],[-85.86702,38.72542],[-85.871637,38.728643],[-85.870879,38.729537]]]}},{"type":"Feature","id":"spencer|luce","properties":{"key":"spencer|luce"},"geometry":{"type":"Polygon","coordinates":[[[-87.268445,37.879164],[-87.268082,37.919116],[-87.26795,37.925172],[-87.264616,37.929376],[-87.259788,37.933255],[-87.251871,37.942323],[-87.246495,37.94547],[-87.240918,37.952269],[-87.234825,37.949811],[-87.23147,37.955768],[-87.229081,37.960243],[-87.2301,37.964542],[-87.227662,37.969748],[-87.223458,37.972047],[-87.21719,37.974757],[-87.212221,37.977731],[-87.20727,37.981485],[-87.201479,37.985249],[-87.196218,37.987454],[-87.149973,37.988761],[-87.14995,37.959618],[-87.15003,37.944992],[-87.150701,37.902036],[-87.150798,37.887618],[-87.152163798069,37.8306107263418],[-87.156263,37.835927],[-87.162319,37.840159],[-87.17036,37.842197],[-87.175836,37.841017],[-87.203869,37.844489],[-87.211752,37.846599],[-87.220342,37.849081],[-87.234595,37.857223],[-87.249479,37.864989],[-87.256469,37.868398],[-87.267977,37.877434],[-87.268445,37.879164]]]}},{"type":"Feature","id":"spencer|ohio","properties":{"key":"spencer|ohio"},"geometry":{"type":"Polygon","coordinates":[[[-87.150798,37.887618],[-87.150701,37.902036],[-87.15003,37.944992],[-87.14995,37.959618],[-87.091426,37.959437],[-87.081944,37.959338],[-87.059644,37.959335],[-87.035652,37.959678],[-87.018065,37.959688],[-87.018056338731,37.9154630229968],[-87.034166,37.906265],[-87.040163,37.901215],[-87.045205,37.894332],[-87.0459610314007,37.8886289465676],[-87.04422,37.883581],[-87.0430847840289,37.8755378818031],[-87.043285,37.868552],[-87.04751,37.858753],[-87.051555,37.845614],[-87.0544639965975,37.8353177804909],[-87.056664,37.827531],[-87.05958,37.822203],[-87.062069,37.814177],[-87.0680508401788,37.8042172282376],[-87.0771322674786,37.7956110213092],[-87.089279,37.787862],[-87.096034,37.785259],[-87.1096485299931,37.7826177411761],[-87.118594,37.782816],[-87.1227074036583,37.7838775589372],[-87.1280942407451,37.7858026956521],[-87.134204,37.792943],[-87.135388,37.797845],[-87.135476,37.801878],[-87.137041,37.807187],[-87.141506,37.816317],[-87.1480303946521,37.8250672044136],[-87.152163798069,37.8306107263418],[-87.150798,37.887618]]]}},{"type":"Feature","id":"sullivan|jefferson","properties":{"key":"sullivan|jefferson"},"geometry":{"type":"Polygon","coordinates":[[[-87.336903,38.961492],[-87.317536,38.961637],[-87.317387,38.995212],[-87.315495,39.020212],[-87.315347,39.031627],[-87.315441,39.038884],[-87.25969,39.038375],[-87.240846,39.038332],[-87.240804,39.030875],[-87.240753,39.009056],[-87.240488,39.000863],[-87.240797,38.994483],[-87.240668,38.981237],[-87.240977,38.973057],[-87.240692,38.966908],[-87.240829,38.961294],[-87.241027,38.907874],[-87.241067,38.901591],[-87.278348,38.901662],[-87.312448,38.9018],[-87.337011,38.901794],[-87.336903,38.961492]]]}},{"type":"Feature","id":"rush|richland","properties":{"key":"rush|richland"},"geometry":{"type":"Polygon","coordinates":[[[-85.405373,39.525148],[-85.298609,39.525473],[-85.297575,39.453275],[-85.376165,39.453097],[-85.394592,39.452867],[-85.404589,39.453134],[-85.404896,39.51214],[-85.405532,39.519842],[-85.405373,39.525148]]]}},{"type":"Feature","id":"rush|ripley","properties":{"key":"rush|ripley"},"geometry":{"type":"Polygon","coordinates":[[[-85.633491,39.786177],[-85.620505,39.786338],[-85.601524,39.786549],[-85.596916,39.786519],[-85.548663,39.786796],[-85.524979,39.786851],[-85.522642,39.782789],[-85.522356,39.774649],[-85.52231,39.759529],[-85.522168,39.742465],[-85.521509,39.698911],[-85.632505,39.698455],[-85.632654,39.742038],[-85.632763,39.763866],[-85.633269,39.771148],[-85.633491,39.786177]]]}},{"type":"Feature","id":"perry|clark","properties":{"key":"perry|clark"},"geometry":{"type":"Polygon","coordinates":[[[-86.806985,38.118474],[-86.802331,38.121176],[-86.797739,38.121914],[-86.79749,38.127086],[-86.798799,38.131864],[-86.802879,38.134335],[-86.800424,38.1396],[-86.805343,38.141876],[-86.804805,38.147485],[-86.801524,38.151719],[-86.797642,38.156289],[-86.798453,38.161673],[-86.798928,38.165736],[-86.802692,38.170379],[-86.803611,38.174526],[-86.803569,38.18143],[-86.799386,38.180925],[-86.79307,38.18063],[-86.791497,38.20513],[-86.792152,38.2491],[-86.775277,38.248804],[-86.764084,38.248473],[-86.710508,38.248085],[-86.678992,38.248062],[-86.679511,38.263086],[-86.642954,38.263283],[-86.642267,38.203723],[-86.645556,38.169762],[-86.645746,38.151968],[-86.645924,38.131771],[-86.653496,38.131226],[-86.678121,38.130396],[-86.67829,38.11769],[-86.708534,38.117865],[-86.731966,38.117984],[-86.807151,38.117839],[-86.806985,38.118474]]]}},{"type":"Feature","id":"pike|clay","properties":{"key":"pike|clay"},"geometry":{"type":"Polygon","coordinates":[[[-87.462916,38.467518],[-87.462179,38.500047],[-87.462892,38.533519],[-87.451055,38.532495],[-87.445597,38.532613],[-87.439315,38.528787],[-87.433939,38.528916],[-87.432392,38.537587],[-87.426006,38.540575],[-87.422778,38.532932],[-87.420283,38.528891],[-87.415904,38.526768],[-87.411279,38.526545],[-87.408467,38.53128],[-87.409101,38.535862],[-87.406214,38.54044],[-87.398725,38.540441],[-87.393997,38.538673],[-87.389384,38.53891],[-87.389236,38.501155],[-87.388533,38.450871],[-87.407382,38.450675],[-87.407327,38.43632],[-87.44037,38.436007],[-87.444549,38.436125],[-87.444429,38.461233],[-87.444503,38.465489],[-87.462499,38.465724],[-87.462916,38.467518]]]}},{"type":"Feature","id":"posey|lynn","properties":{"key":"posey|lynn"},"geometry":{"type":"Polygon","coordinates":[[[-88.042132,38.046345],[-88.037832,38.050245],[-88.032632,38.051745],[-88.020631,38.051845],[-88.00133,38.051545],[-87.978735,38.059815],[-87.967226,38.067105],[-87.9579697080854,38.0838411680263],[-87.92513,38.083555],[-87.918705,38.083543],[-87.850103,38.082507],[-87.848405,38.030992],[-87.849138,38.024144],[-87.844933,38.024086],[-87.835068,38.027739],[-87.829336,38.02422],[-87.824531,38.022782],[-87.813883,38.014373],[-87.810204,38.008704],[-87.848268,38.009571],[-87.86612,38.009528],[-87.887698,38.010312],[-87.899299,38.009762],[-87.923564,38.009537],[-87.953294,38.009946],[-87.959646,38.009926],[-88.004901,38.010716],[-88.019192,38.010569],[-88.0252231452533,38.0106316193029],[-88.022431,38.017145],[-88.016931,38.024045],[-88.008631,38.027545],[-88.008931,38.031945],[-88.017631,38.034745],[-88.027731,38.031745],[-88.034132,38.032045],[-88.040232,38.035645],[-88.042132,38.046345]]]}},{"type":"Feature","id":"posey|robb","properties":{"key":"posey|robb"},"geometry":{"type":"Polygon","coordinates":[[[-87.9206515650925,38.1736979123531],[-87.909997,38.180858],[-87.906049,38.185141],[-87.900225,38.187464],[-87.896102,38.191799],[-87.892764,38.198619],[-87.888738,38.204606],[-87.881629,38.207006],[-87.871811,38.207303],[-87.865282,38.211746],[-87.862496,38.216211],[-87.85286,38.219899],[-87.847493,38.222648],[-87.839341,38.224756],[-87.827443,38.224965],[-87.80858,38.228715],[-87.799169,38.22858],[-87.799618,38.209323],[-87.799677,38.201944],[-87.784938,38.201842],[-87.767055,38.201693],[-87.762624,38.201543],[-87.762581,38.180147],[-87.762786,38.125339],[-87.813887,38.125841],[-87.81942,38.125909],[-87.818931,38.155568],[-87.823724,38.155506],[-87.837396,38.15554],[-87.846966,38.156021],[-87.85587,38.156231],[-87.88386,38.156345],[-87.90745,38.156608],[-87.916716,38.15664],[-87.911428,38.16174],[-87.910623,38.166604],[-87.912553,38.170759],[-87.919059,38.173986],[-87.9206515650925,38.1736979123531]]]}},{"type":"Feature","id":"vigo|pierson","properties":{"key":"vigo|pierson"},"geometry":{"type":"Polygon","coordinates":[[[-87.350917,39.346861],[-87.239834,39.346639],[-87.240119,39.30278],[-87.240317,39.266461],[-87.240379,39.259064],[-87.247823,39.259122],[-87.259201,39.25915],[-87.351332,39.259195],[-87.350917,39.346861]]]}},{"type":"Feature","id":"vigo|sugarcreek","properties":{"key":"vigo|sugarcreek"},"geometry":{"type":"Polygon","coordinates":[[[-87.5319255458731,39.520360025511],[-87.517536,39.520321],[-87.498874,39.520237],[-87.489169,39.520035],[-87.47524,39.520109],[-87.454034,39.520023],[-87.41852,39.520436],[-87.41429,39.515295],[-87.412594,39.509556],[-87.415597,39.502881],[-87.421342,39.499165],[-87.431402,39.496213],[-87.431661,39.48919],[-87.425637,39.484543],[-87.421505,39.476596],[-87.419102,39.46725],[-87.419103,39.460394],[-87.420607,39.453745],[-87.424409,39.448252],[-87.431289,39.442723],[-87.43557,39.440442],[-87.430544,39.436214],[-87.430909,39.430507],[-87.436122,39.426526],[-87.443494,39.425241],[-87.449963,39.423156],[-87.460543,39.42146],[-87.460518,39.402999],[-87.469508,39.40292],[-87.469711,39.407666],[-87.476767,39.405538],[-87.484106,39.404196],[-87.490347,39.405523],[-87.494589,39.401685],[-87.493719,39.396139],[-87.489218,39.393805],[-87.491705,39.388556],[-87.497732,39.385451],[-87.504797,39.383778],[-87.512192,39.38301],[-87.519313,39.382773],[-87.524641,39.381406],[-87.529663,39.375037],[-87.528776,39.369085],[-87.525491,39.364665],[-87.525197,39.359862],[-87.52866,39.355824],[-87.528286,39.349903],[-87.531668,39.359712],[-87.531691,39.371042],[-87.531368,39.410584],[-87.5314118126358,39.4366609079076],[-87.5316578789999,39.4771090156042],[-87.5317158977799,39.4864378647424],[-87.5319255458731,39.520360025511]]]}},{"type":"Feature","id":"fulton|wayne","properties":{"key":"fulton|wayne"},"geometry":{"type":"Polygon","coordinates":[[[-86.468509,40.909889],[-86.467949,40.989666],[-86.467926,40.996801],[-86.452243,40.996957],[-86.43328,40.996878],[-86.385411,40.996635],[-86.338215,40.99642],[-86.319558,40.996431],[-86.319369,40.975024],[-86.319082,40.923991],[-86.318987,40.909392],[-86.330737,40.909423],[-86.355867,40.909453],[-86.468233,40.909884],[-86.468509,40.909889]]]}},{"type":"Feature","id":"jasper|keener","properties":{"key":"jasper|keener"},"geometry":{"type":"Polygon","coordinates":[[[-87.275882,41.218595],[-87.226372,41.235507],[-87.218862,41.242027],[-87.198962,41.259606],[-87.192521,41.265213],[-87.160608,41.275951],[-87.160474,41.259954],[-87.160276,41.223917],[-87.160062,41.217415],[-87.160092,41.209391],[-87.159748,41.1731],[-87.160402,41.129588],[-87.199142,41.129955],[-87.275738,41.129901],[-87.275726,41.144392],[-87.275664,41.168479],[-87.275699,41.173817],[-87.275709,41.188058],[-87.275755,41.199318],[-87.275882,41.218595]]]}},{"type":"Feature","id":"warrick|campbell","properties":{"key":"warrick|campbell"},"geometry":{"type":"Polygon","coordinates":[[[-87.473032,38.049424],[-87.472499,38.078162],[-87.472428,38.088999],[-87.472093,38.121741],[-87.467948,38.121702],[-87.467889,38.136336],[-87.458688,38.136375],[-87.447265,38.136132],[-87.428831,38.136173],[-87.355221,38.135409],[-87.355202,38.14287],[-87.343568,38.142501],[-87.344419,38.135341],[-87.335187,38.135252],[-87.335175,38.125046],[-87.335428,38.120739],[-87.339672,38.116008],[-87.340877,38.10264],[-87.352538,38.093126],[-87.358748,38.092007],[-87.362976,38.086446],[-87.368959,38.084317],[-87.374419,38.079298],[-87.385887,38.073105],[-87.393759,38.066166],[-87.392149,38.061207],[-87.390297,38.055624],[-87.394703,38.053769],[-87.396689,38.048689],[-87.40089,38.047374],[-87.39591,38.044945],[-87.399381,38.040883],[-87.398537,38.036113],[-87.403225,38.032431],[-87.407691,38.033966],[-87.412338,38.038805],[-87.418904,38.035975],[-87.422999,38.039825],[-87.427247,38.038564],[-87.432229,38.038033],[-87.437314,38.037155],[-87.443314,38.036504],[-87.44817,38.033277],[-87.46122,38.034945],[-87.470688,38.035023],[-87.473217,38.042323],[-87.473032,38.049424]]]}},{"type":"Feature","id":"warrick|skelton","properties":{"key":"warrick|skelton"},"geometry":{"type":"Polygon","coordinates":[[[-87.227525,38.090968],[-87.222563,38.090964],[-87.222465,38.101882],[-87.222391,38.119687],[-87.132038,38.118566],[-87.126721,38.118467],[-87.118304,38.118393],[-87.073134,38.118206],[-87.07376,38.113846],[-87.07326,38.109536],[-87.076236,38.104005],[-87.074779,38.09905],[-87.079244,38.093911],[-87.082239,38.089847],[-87.087587,38.08552],[-87.088983,38.080815],[-87.092563,38.074408],[-87.093316,38.068711],[-87.095348,38.064631],[-87.097919,38.059328],[-87.093816,38.056107],[-87.088817,38.053118],[-87.090962,38.04869],[-87.09518,38.048314],[-87.099572,38.0486],[-87.10548,38.046992],[-87.111244,38.046254],[-87.115781,38.046903],[-87.124288,38.043909],[-87.127958,38.04792],[-87.132515,38.051747],[-87.139073,38.057057],[-87.145364,38.058778],[-87.15312,38.054303],[-87.152424,38.047769],[-87.156067,38.041563],[-87.156265,38.037481],[-87.153775,38.033066],[-87.159002,38.031132],[-87.165363,38.030947],[-87.162851,38.026666],[-87.156102,38.026581],[-87.152871,38.020551],[-87.158389,38.01705],[-87.165799,38.01851],[-87.170409,38.016414],[-87.177442,38.017332],[-87.185294,38.021671],[-87.193112,38.026426],[-87.200996,38.028855],[-87.205002,38.032507],[-87.20456,38.04803],[-87.204455,38.058788],[-87.209136,38.058785],[-87.209111,38.064125],[-87.213723,38.064136],[-87.213737,38.06908],[-87.222753,38.069106],[-87.222459,38.08363],[-87.22745,38.083703],[-87.227525,38.090968]]]}},{"type":"Feature","id":"jasper|walker","properties":{"key":"jasper|walker"},"geometry":{"type":"Polygon","coordinates":[[[-87.159748,41.1731],[-87.141289,41.173007],[-87.122131,41.172929],[-87.083731,41.172818],[-87.064677,41.172728],[-87.045402,41.172642],[-86.995554,41.172326],[-86.93017,41.172318],[-86.930373,41.158324],[-86.930467,41.136842],[-86.930335,41.128875],[-86.968911,41.12897],[-86.988327,41.12891],[-86.988325,41.121679],[-86.988295,41.114259],[-86.997705,41.114287],[-86.997879,41.100058],[-87.007435,41.100083],[-87.007516,41.092886],[-87.007554,41.085662],[-87.046143,41.085684],[-87.084521,41.08594],[-87.103668,41.085901],[-87.141897,41.085994],[-87.141742,41.129618],[-87.160402,41.129588],[-87.159748,41.1731]]]}},{"type":"Feature","id":"porter|westchester","properties":{"key":"porter|westchester"},"geometry":{"type":"Polygon","coordinates":[[[-87.145043,41.631182],[-87.144512648221,41.6458604887074],[-87.130147,41.64837],[-87.120393,41.647102],[-87.09905,41.65177],[-87.0770628518407,41.6584792866615],[-87.0674718735043,41.6614059337445],[-87.027888,41.674661],[-87.0096397426996,41.6815209930222],[-87.009657,41.671307],[-87.009591,41.662319],[-87.009511,41.64198],[-87.009431,41.625029],[-87.009338,41.61039],[-87.009055,41.59319],[-87.018924,41.593345],[-87.028609,41.593509],[-87.045718,41.593604],[-87.051675,41.593566],[-87.057225,41.593546],[-87.06684,41.593526],[-87.071654,41.593571],[-87.076464,41.593579],[-87.086099,41.593669],[-87.090919,41.593704],[-87.105299,41.593791],[-87.124699,41.593716],[-87.131807,41.59377],[-87.144131,41.594109],[-87.144182,41.599856],[-87.144216,41.605258],[-87.144896,41.618869],[-87.145043,41.631182]]]}},{"type":"Feature","id":"white|honeycreek","properties":{"key":"white|honeycreek"},"geometry":{"type":"Polygon","coordinates":[[[-86.930175,40.813778],[-86.93033,40.8239],[-86.91953,40.82466],[-86.91027,40.82586],[-86.8766,40.82573],[-86.83366,40.826],[-86.81428,40.82613],[-86.81474,40.74505],[-86.81456,40.737514],[-86.83368,40.737168],[-86.833221,40.721734],[-86.885253,40.721276],[-86.92804,40.72091],[-86.92878,40.73596],[-86.92912,40.75049],[-86.930846,40.810143],[-86.930175,40.813778]]]}},{"type":"Feature","id":"white|liberty","properties":{"key":"white|liberty"},"geometry":{"type":"Polygon","coordinates":[[[-86.79306,40.81144],[-86.790939,40.815949],[-86.791472,40.823085],[-86.790983,40.830197],[-86.78379,40.833032],[-86.773496,40.838601],[-86.763769,40.84281],[-86.763225,40.849731],[-86.766903,40.854728],[-86.772346,40.858648],[-86.776032,40.862972],[-86.77506,40.86911],[-86.77551,40.90999],[-86.711285,40.91218],[-86.699718,40.912238],[-86.696634,40.862806],[-86.69654,40.825229],[-86.69673,40.796],[-86.74494,40.795935],[-86.771679,40.796232],[-86.776788,40.798832],[-86.777773,40.803397],[-86.786093,40.808291],[-86.790297,40.808924],[-86.79306,40.81144]]]}},{"type":"Feature","id":"white|monon","properties":{"key":"white|monon"},"geometry":{"type":"Polygon","coordinates":[[[-86.987438,40.912177],[-86.930759,40.912418],[-86.87875,40.91242],[-86.872759,40.912438],[-86.815097,40.91248],[-86.77585,40.91246],[-86.77527,40.87016],[-86.775097,40.865989],[-86.772346,40.858648],[-86.766903,40.854728],[-86.763225,40.849731],[-86.761214,40.845281],[-86.770054,40.839999],[-86.78379,40.833032],[-86.789211,40.831897],[-86.791391,40.826154],[-86.79694,40.826122],[-86.80338,40.82598],[-86.81428,40.82613],[-86.83366,40.826],[-86.8766,40.82573],[-86.91027,40.82586],[-86.91953,40.82466],[-86.93033,40.8239],[-86.929774,40.838758],[-86.986438,40.837921],[-86.986836,40.852364],[-86.987194,40.881735],[-86.987348,40.896213],[-86.987438,40.912177]]]}},{"type":"Feature","id":"white|prairie","properties":{"key":"white|prairie"},"geometry":{"type":"Polygon","coordinates":[[[-86.98415,40.64857],[-86.92685,40.6483],[-86.80169,40.6493],[-86.773852,40.649191],[-86.772565,40.638869],[-86.771872,40.608597],[-86.77181,40.594058],[-86.771293,40.562082],[-86.817191,40.562093],[-86.868993,40.561666],[-86.924946,40.561588],[-86.944009,40.561712],[-86.981549,40.561989],[-86.98387,40.63461],[-86.98415,40.64857]]]}},{"type":"Feature","id":"tippecanoe|tippecanoe","properties":{"key":"tippecanoe|tippecanoe"},"geometry":{"type":"Polygon","coordinates":[[[-86.944009,40.561712],[-86.924946,40.561588],[-86.868993,40.561666],[-86.817191,40.562093],[-86.771293,40.562082],[-86.697605,40.561881],[-86.703118,40.556342],[-86.707255,40.555157],[-86.711822,40.553504],[-86.719056,40.549822],[-86.726192,40.549501],[-86.730564,40.550887],[-86.738019,40.551136],[-86.742959,40.548442],[-86.746361,40.543899],[-86.753447,40.537111],[-86.754056,40.532469],[-86.760178,40.528949],[-86.767268,40.526382],[-86.773585,40.522798],[-86.781328,40.517067],[-86.786716,40.513952],[-86.796405,40.511845],[-86.801683,40.50819],[-86.811727,40.503071],[-86.816923,40.500035],[-86.823232,40.495501],[-86.832509,40.487963],[-86.835704,40.483154],[-86.837957,40.477609],[-86.843209,40.474547],[-86.850405,40.471522],[-86.854662,40.470909],[-86.86196,40.474241],[-86.8693,40.476106],[-86.882532,40.471914],[-86.885659,40.467308],[-86.891,40.471793],[-86.895086,40.47492],[-86.906155,40.47514],[-86.906253,40.482365],[-86.906378,40.489633],[-86.91114,40.489602],[-86.924714,40.489543],[-86.925009,40.504234],[-86.943731,40.504432],[-86.944009,40.561712]]]}},{"type":"Feature","id":"tippecanoe|washington","properties":{"key":"tippecanoe|washington"},"geometry":{"type":"Polygon","coordinates":[[[-86.839309,40.476215],[-86.835704,40.483154],[-86.832509,40.487963],[-86.826973,40.492837],[-86.816923,40.500035],[-86.811727,40.503071],[-86.805184,40.506261],[-86.796405,40.511845],[-86.789761,40.513865],[-86.781328,40.517067],[-86.776435,40.520199],[-86.770824,40.524645],[-86.760178,40.528949],[-86.75514,40.530943],[-86.753447,40.537111],[-86.748512,40.542017],[-86.742959,40.548442],[-86.738019,40.551136],[-86.732822,40.551204],[-86.726192,40.549501],[-86.721807,40.549397],[-86.715553,40.55136],[-86.707255,40.555157],[-86.703118,40.556342],[-86.697605,40.561881],[-86.695298,40.556276],[-86.695279,40.547418],[-86.695156,40.533134],[-86.694896,40.482036],[-86.694822,40.475079],[-86.785077,40.474786],[-86.810564,40.474663],[-86.815016,40.474771],[-86.843209,40.474547],[-86.839309,40.476215]]]}},{"type":"Feature","id":"kosciusko|franklin","properties":{"key":"kosciusko|franklin"},"geometry":{"type":"Polygon","coordinates":[[[-86.077551,41.172868],[-86.054047,41.173147],[-86.048782,41.17321],[-86.027863,41.173453],[-86.019804,41.173549],[-85.985894,41.173943],[-85.984743,41.10058],[-85.98479,41.086172],[-85.984086,41.050826],[-85.984476,41.045797],[-85.99082,41.042112],[-86.003027,41.042502],[-86.008501,41.042151],[-86.012609,41.042206],[-86.018664,41.041878],[-86.018594,41.049985],[-86.018414,41.086118],[-86.05667,41.085256],[-86.075939,41.084878],[-86.076312,41.114028],[-86.077551,41.172868]]]}},{"type":"Feature","id":"kosciusko|harrison","properties":{"key":"kosciusko|harrison"},"geometry":{"type":"Polygon","coordinates":[[[-86.055148,41.224891],[-86.051211,41.229222],[-86.050079,41.233656],[-86.049465,41.237662],[-86.048684,41.241941],[-86.046312,41.247138],[-86.043403,41.251656],[-86.035881,41.253272],[-86.034171,41.257778],[-86.029784,41.257092],[-86.025063,41.255155],[-86.020659,41.253963],[-86.018441,41.249481],[-86.013196,41.245805],[-86.009167,41.245086],[-86.003504,41.244622],[-85.999435,41.245805],[-85.998303,41.260443],[-85.976821,41.260803],[-85.970682,41.260903],[-85.957558,41.260947],[-85.940168,41.261412],[-85.911209,41.261956],[-85.910792,41.24771],[-85.910185,41.232993],[-85.908013,41.17509],[-85.935769,41.174649],[-85.943469,41.174495],[-85.947602,41.174363],[-85.951678,41.17438],[-85.985894,41.173943],[-86.019804,41.173549],[-86.025352,41.173481],[-86.047436,41.173226],[-86.054047,41.173147],[-86.054663,41.202145],[-86.055148,41.224891]]]}},{"type":"Feature","id":"kosciusko|lake","properties":{"key":"kosciusko|lake"},"geometry":{"type":"Polygon","coordinates":[[[-85.908028,41.101097],[-85.901423,41.101282],[-85.892719,41.101124],[-85.873579,41.101294],[-85.79701,41.101642],[-85.796749,41.087175],[-85.795814,41.043588],[-85.872251,41.04305],[-85.907475,41.042928],[-85.907523,41.075555],[-85.908065,41.093858],[-85.908028,41.101097]]]}},{"type":"Feature","id":"kosciusko|prairie","properties":{"key":"kosciusko|prairie"},"geometry":{"type":"Polygon","coordinates":[[[-86.000459,41.346829],[-85.96183,41.347156],[-85.94644,41.347338],[-85.928087,41.347341],[-85.923729,41.347393],[-85.884816,41.347762],[-85.884431,41.335088],[-85.882779,41.276978],[-85.882588,41.270509],[-85.882318,41.262286],[-85.911209,41.261956],[-85.940168,41.261412],[-85.956354,41.261167],[-85.970682,41.260903],[-85.976821,41.260803],[-85.998303,41.260443],[-85.998588,41.267271],[-85.998851,41.278643],[-86.000004,41.324054],[-86.000459,41.346829]]]}},{"type":"Feature","id":"kosciusko|scott","properties":{"key":"kosciusko|scott"},"geometry":{"type":"Polygon","coordinates":[[[-86.05923,41.435812],[-86.030287,41.435629],[-86.011025,41.435507],[-86.001434,41.43542],[-86.001377,41.431417],[-86.000797,41.383161],[-86.00075,41.375861],[-85.97182,41.37596],[-85.962306,41.376069],[-85.962077,41.361506],[-85.942739,41.361715],[-85.942535,41.347185],[-85.96183,41.347156],[-86.000459,41.346829],[-86.048374,41.346883],[-86.058348,41.346682],[-86.058555,41.37564],[-86.05867,41.390087],[-86.059017,41.435153],[-86.05923,41.435812]]]}},{"type":"Feature","id":"noble|orange","properties":{"key":"noble|orange"},"geometry":{"type":"Polygon","coordinates":[[[-85.423502,41.525596],[-85.392963,41.525833],[-85.376511,41.525895],[-85.357243,41.526066],[-85.317667,41.526164],[-85.308461,41.526198],[-85.308113,41.487464],[-85.30819,41.481655],[-85.308344,41.45238],[-85.308355,41.437871],[-85.327353,41.437948],[-85.404146,41.438476],[-85.423375,41.438575],[-85.423247,41.467562],[-85.423426,41.514008],[-85.423502,41.525596]]]}},{"type":"Feature","id":"noble|wayne","properties":{"key":"noble|wayne"},"geometry":{"type":"Polygon","coordinates":[[[-85.308461,41.526198],[-85.271513,41.526343],[-85.257052,41.526407],[-85.194084,41.526437],[-85.193845,41.48134],[-85.193514,41.444059],[-85.193409,41.438088],[-85.197855,41.437592],[-85.204149,41.437789],[-85.241038,41.437541],[-85.252293,41.437641],[-85.258358,41.43784],[-85.263271,41.437617],[-85.26807,41.437702],[-85.28355,41.437806],[-85.289255,41.437784],[-85.308355,41.437871],[-85.308344,41.45238],[-85.30819,41.481655],[-85.308113,41.487464],[-85.308461,41.526198]]]}},{"type":"Feature","id":"parke|jackson","properties":{"key":"parke|jackson"},"geometry":{"type":"Polygon","coordinates":[[[-87.123981,39.625043],[-87.123032,39.64838],[-87.123542,39.662999],[-87.122937,39.671745],[-87.123247,39.693821],[-87.109053,39.69362],[-87.100295,39.693582],[-87.055806,39.692771],[-87.049584,39.693066],[-87.038641,39.692429],[-87.011945,39.691855],[-87.013041,39.606742],[-87.030742,39.60487],[-87.035373,39.60506],[-87.120703,39.605721],[-87.123981,39.625043]]]}},{"type":"Feature","id":"parke|penn","properties":{"key":"parke|penn"},"geometry":{"type":"Polygon","coordinates":[[[-87.31102,39.867907],[-87.299386,39.867935],[-87.299335,39.889897],[-87.272789,39.889853],[-87.261528,39.889832],[-87.20472,39.889479],[-87.20477,39.868006],[-87.235707,39.868145],[-87.235754,39.85744],[-87.235938,39.82566],[-87.235952,39.797101],[-87.245059,39.794612],[-87.26821,39.795041],[-87.27383,39.795182],[-87.293001,39.795598],[-87.293034,39.8046],[-87.292931,39.812026],[-87.292703,39.838859],[-87.29256,39.844919],[-87.292364,39.853299],[-87.310907,39.853218],[-87.31102,39.867907]]]}},{"type":"Feature","id":"parke|wabash","properties":{"key":"parke|wabash"},"geometry":{"type":"Polygon","coordinates":[[[-87.385361,39.701073],[-87.379912,39.707025],[-87.383149,39.713587],[-87.384418,39.718573],[-87.382139,39.724867],[-87.379907,39.73046],[-87.37879,39.737331],[-87.377492,39.741568],[-87.377168,39.746105],[-87.379769,39.75792],[-87.380014,39.764169],[-87.379435,39.769494],[-87.374279,39.777844],[-87.374161,39.782996],[-87.367402,39.783073],[-87.348407,39.783068],[-87.301655,39.78276],[-87.293571,39.78271],[-87.293695,39.732112],[-87.29,39.695857],[-87.294141,39.695861],[-87.382601,39.695653],[-87.385584,39.700066],[-87.385361,39.701073]]]}},{"type":"Feature","id":"elkhart|benton","properties":{"key":"elkhart|benton"},"geometry":{"type":"Polygon","coordinates":[[[-85.770212,41.522837],[-85.712479,41.522986],[-85.703251,41.522979],[-85.698317,41.52303],[-85.689789,41.523103],[-85.674039,41.523177],[-85.654747,41.523347],[-85.65391,41.487853],[-85.653563,41.480701],[-85.653507,41.436856],[-85.701675,41.43656],[-85.74417,41.436087],[-85.760127,41.43586],[-85.768708,41.435745],[-85.769584,41.487411],[-85.769782,41.500429],[-85.770079,41.515356],[-85.770212,41.522837]]]}},{"type":"Feature","id":"elkhart|cleveland","properties":{"key":"elkhart|cleveland"},"geometry":{"type":"Polygon","coordinates":[[[-86.0625749882628,41.7605284110677],[-86.0411316977581,41.7605120797384],[-86.0045531739537,41.7600990334024],[-86.004098,41.734032],[-86.004106,41.72439],[-86.003801,41.719139],[-86.003731,41.703651],[-86.003553,41.695386],[-86.003428,41.686671],[-86.003348,41.680606],[-86.009001,41.677148],[-86.019101,41.679547],[-86.023112,41.676943],[-86.026211,41.685544],[-86.03439,41.688485],[-86.037012,41.684444],[-86.032311,41.680944],[-86.040214,41.681136],[-86.053313,41.681983],[-86.061359,41.680497],[-86.061475,41.686629],[-86.061573,41.692159],[-86.062004,41.70993],[-86.062163,41.724443],[-86.062228,41.731348],[-86.062337,41.742584],[-86.062473,41.753474],[-86.0625749882628,41.7605284110677]]]}},{"type":"Feature","id":"elkhart|jackson","properties":{"key":"elkhart|jackson"},"geometry":{"type":"Polygon","coordinates":[[[-85.885797,41.471555],[-85.88582,41.522349],[-85.828379,41.522462],[-85.810084,41.522514],[-85.779706,41.522786],[-85.770212,41.522837],[-85.770134,41.517524],[-85.769782,41.500429],[-85.769584,41.487411],[-85.768708,41.435745],[-85.788535,41.435439],[-85.842696,41.435021],[-85.851632,41.43494],[-85.85593,41.43518],[-85.885824,41.435641],[-85.885797,41.471555]]]}},{"type":"Feature","id":"elkhart|locke","properties":{"key":"elkhart|locke"},"geometry":{"type":"Polygon","coordinates":[[[-86.05944,41.521465],[-86.004836,41.521726],[-86.002159,41.515093],[-86.00149,41.464623],[-86.001492,41.458215],[-86.001365,41.449387],[-86.001292,41.443613],[-86.001434,41.43542],[-86.011025,41.435507],[-86.030287,41.435629],[-86.05923,41.435812],[-86.059237,41.442753],[-86.059451,41.479154],[-86.05944,41.521465]]]}},{"type":"Feature","id":"elkhart|middlebury","properties":{"key":"elkhart|middlebury"},"geometry":{"type":"Polygon","coordinates":[[[-85.773286,41.696022],[-85.711998,41.69667],[-85.701752,41.69643],[-85.692038,41.696428],[-85.686102,41.696481],[-85.658614,41.6969],[-85.657951,41.676459],[-85.657583,41.653949],[-85.656718,41.610538],[-85.70505,41.609907],[-85.758155,41.609131],[-85.771861,41.609138],[-85.772379,41.645646],[-85.772692,41.667587],[-85.77295,41.682501],[-85.773286,41.696022]]]}},{"type":"Feature","id":"elkhart|washington","properties":{"key":"elkhart|washington"},"geometry":{"type":"Polygon","coordinates":[[[-85.8887690751255,41.75942167241],[-85.8780137790445,41.7593586713265],[-85.872041,41.759365],[-85.8479128364486,41.7592710928214],[-85.8190821867775,41.7591588834955],[-85.791363,41.759051],[-85.775039,41.759147],[-85.773418,41.725083],[-85.773286,41.696022],[-85.816932,41.695757],[-85.841298,41.695621],[-85.870303,41.695484],[-85.888407,41.695442],[-85.888489,41.700745],[-85.888512,41.706522],[-85.888653,41.713372],[-85.888751,41.724343],[-85.888473,41.730378],[-85.8887690751255,41.75942167241]]]}},{"type":"Feature","id":"elkhart|york","properties":{"key":"elkhart|york"},"geometry":{"type":"Polygon","coordinates":[[[-85.7740328731805,41.7591446658841],[-85.750469,41.75909],[-85.7379229867651,41.7590881555472],[-85.7281523954672,41.7590858527918],[-85.7185450091373,41.7590864608087],[-85.682571,41.7590952354328],[-85.6772410130581,41.7590965355001],[-85.662640587666,41.7591000967725],[-85.65877,41.704005],[-85.658614,41.6969],[-85.686102,41.696481],[-85.692051,41.696409],[-85.701752,41.69643],[-85.711351,41.696372],[-85.773286,41.696022],[-85.773418,41.725083],[-85.7740328731805,41.7591446658841]]]}},{"type":"Feature","id":"lagrange|eden","properties":{"key":"lagrange|eden"},"geometry":{"type":"Polygon","coordinates":[[[-85.656718,41.610538],[-85.579307,41.611164],[-85.540799,41.611458],[-85.540287,41.582956],[-85.539571,41.553946],[-85.539449,41.547227],[-85.539287,41.532087],[-85.539159,41.52481],[-85.558407,41.524702],[-85.577973,41.524455],[-85.654747,41.523347],[-85.6553,41.552462],[-85.655906,41.58152],[-85.656718,41.610538]]]}},{"type":"Feature","id":"lagrange|milford","properties":{"key":"lagrange|milford"},"geometry":{"type":"Polygon","coordinates":[[[-85.309461,41.612757],[-85.282421,41.612759],[-85.223678,41.612806],[-85.194463,41.612797],[-85.194242,41.599497],[-85.194286,41.593565],[-85.194276,41.588236],[-85.194456,41.57991],[-85.193926,41.547585],[-85.194084,41.526437],[-85.257052,41.526407],[-85.271513,41.526343],[-85.308461,41.526198],[-85.308698,41.540866],[-85.309185,41.566266],[-85.309,41.570289],[-85.309461,41.612757]]]}},{"type":"Feature","id":"lagrange|vanburen","properties":{"key":"lagrange|vanburen"},"geometry":{"type":"Polygon","coordinates":[[[-85.6597500080009,41.7591008018301],[-85.650738,41.759103],[-85.632714,41.759164],[-85.624987,41.759093],[-85.608312,41.759193],[-85.5257560125818,41.7594765242454],[-85.5184490094094,41.7595120376375],[-85.4866388056442,41.7594685952535],[-85.484295,41.702283],[-85.49502,41.698866],[-85.503351,41.698596],[-85.526348,41.698358],[-85.532535,41.698556],[-85.542437,41.698128],[-85.556271,41.69793],[-85.573526,41.697233],[-85.581244,41.697507],[-85.590832,41.697522],[-85.658614,41.6969],[-85.65877,41.704005],[-85.6597500080009,41.7591008018301]]]}},{"type":"Feature","id":"steuben|jackson","properties":{"key":"steuben|jackson"},"geometry":{"type":"Polygon","coordinates":[[[-85.195758,41.700248],[-85.141719,41.700322],[-85.125051,41.700048],[-85.104202,41.700564],[-85.083641,41.700456],[-85.083516,41.685413],[-85.083137,41.671192],[-85.082751,41.634733],[-85.082445,41.61283],[-85.169484,41.612767],[-85.194463,41.612797],[-85.1947,41.62737],[-85.194851,41.642312],[-85.195758,41.700248]]]}},{"type":"Feature","id":"steuben|millgrove","properties":{"key":"steuben|millgrove"},"geometry":{"type":"Polygon","coordinates":[[[-85.196637,41.759735],[-85.1748922785216,41.7596307621824],[-85.123102,41.759743],[-85.117267,41.7597],[-85.0839746002003,41.7598219094441],[-85.084154,41.748116],[-85.083932,41.736722],[-85.083977,41.72464],[-85.083641,41.700456],[-85.103161,41.700452],[-85.125051,41.700048],[-85.141719,41.700322],[-85.195758,41.700248],[-85.195737,41.71484],[-85.195864,41.72207],[-85.195818,41.72731],[-85.195955,41.731526],[-85.196321,41.73657],[-85.1967737374204,41.7597353928585],[-85.196637,41.759735]]]}},{"type":"Feature","id":"steuben|otsego","properties":{"key":"steuben|otsego"},"geometry":{"type":"Polygon","coordinates":[[[-84.969927,41.613231],[-84.953929,41.613889],[-84.915281,41.614277],[-84.876366,41.614949],[-84.857432,41.615278],[-84.857021,41.602179],[-84.854416,41.529434],[-84.874933,41.529033],[-84.897089,41.528691],[-84.901507,41.528361],[-84.912066,41.528525],[-84.917481,41.528554],[-84.921701,41.528456],[-84.931341,41.528377],[-84.968505,41.528065],[-84.969431,41.572031],[-84.969558,41.583305],[-84.969189,41.602235],[-84.969862,41.611729],[-84.969927,41.613231]]]}},{"type":"Feature","id":"steuben|steuben","properties":{"key":"steuben|steuben"},"geometry":{"type":"Polygon","coordinates":[[[-85.082445,41.61283],[-85.047577,41.613031],[-85.032964,41.613188],[-85.004422,41.613366],[-84.969927,41.613231],[-84.969189,41.602235],[-84.969606,41.586171],[-84.969431,41.572031],[-84.968505,41.528065],[-85.006879,41.527481],[-85.044827,41.527227],[-85.049348,41.527197],[-85.055453,41.527161],[-85.072638,41.527053],[-85.080813,41.527008],[-85.081006,41.53794],[-85.081739,41.570691],[-85.082445,41.61283]]]}},{"type":"Feature","id":"newton|iroquois","properties":{"key":"newton|iroquois"},"geometry":{"type":"Polygon","coordinates":[[[-87.382154,40.837608],[-87.381961,40.865915],[-87.3819,40.91154],[-87.276449,40.911477],[-87.26905,40.911517],[-87.268476,40.896386],[-87.267987,40.865892],[-87.267769,40.822343],[-87.382307,40.822142],[-87.382154,40.837608]]]}},{"type":"Feature","id":"newton|jefferson","properties":{"key":"newton|jefferson"},"geometry":{"type":"Polygon","coordinates":[[[-87.526010727423,40.749742440082],[-87.5259292781873,40.7776648987172],[-87.5258847911604,40.7929159585531],[-87.525844,40.8069],[-87.5258415624558,40.8172500342815],[-87.519619,40.820577],[-87.5144,40.822873],[-87.5084,40.819862],[-87.501599,40.81883],[-87.49689,40.818693],[-87.488519,40.817804],[-87.483397,40.815175],[-87.474606,40.815866],[-87.472862,40.820649],[-87.465333,40.817218],[-87.46285,40.82243],[-87.458575,40.818374],[-87.451746,40.81782],[-87.446286,40.816281],[-87.439945,40.817981],[-87.437946,40.824018],[-87.432976,40.82411],[-87.43117,40.829417],[-87.42629,40.830835],[-87.419212,40.828477],[-87.415084,40.830948],[-87.409119,40.829254],[-87.40207,40.831543],[-87.397792,40.832662],[-87.392459,40.834124],[-87.386883,40.836455],[-87.382154,40.837608],[-87.382307,40.822142],[-87.382043,40.772831],[-87.381751,40.736515],[-87.439131,40.736703],[-87.5260482321639,40.7368850502659],[-87.526010727423,40.749742440082]]]}},{"type":"Feature","id":"newton|washington","properties":{"key":"newton|washington"},"geometry":{"type":"Polygon","coordinates":[[[-87.526436,40.894154],[-87.5260478246215,40.9064415384285],[-87.5260834937833,40.9118374216276],[-87.491299,40.911795],[-87.449013,40.911553],[-87.39271,40.911575],[-87.3819,40.91154],[-87.381961,40.865915],[-87.382154,40.837608],[-87.386883,40.836455],[-87.39297,40.835314],[-87.397792,40.832662],[-87.40207,40.831543],[-87.409119,40.829254],[-87.415084,40.830948],[-87.419212,40.828477],[-87.4237,40.830309],[-87.429031,40.831224],[-87.431592,40.824314],[-87.436921,40.825439],[-87.43783,40.82049],[-87.443506,40.820213],[-87.448825,40.817286],[-87.455685,40.820673],[-87.46285,40.82243],[-87.46437,40.817585],[-87.46943,40.818476],[-87.474606,40.815866],[-87.479575,40.816573],[-87.485445,40.815037],[-87.492944,40.81659],[-87.501599,40.81883],[-87.5084,40.819862],[-87.5144,40.822873],[-87.519619,40.820577],[-87.524359,40.817069],[-87.5258334274494,40.8517920109342],[-87.5260026820307,40.8650167799328],[-87.526436,40.894154]]]}},{"type":"Feature","id":"stjoseph|centre","properties":{"key":"stjoseph|centre"},"geometry":{"type":"Polygon","coordinates":[[[-86.292475,41.635764],[-86.282869,41.635798],[-86.272933,41.635971],[-86.265169,41.636065],[-86.253597,41.636229],[-86.248988,41.634095],[-86.247023,41.629079],[-86.234858,41.629406],[-86.234873,41.633681],[-86.239151,41.634651],[-86.234826,41.636576],[-86.223047,41.636678],[-86.215551,41.636713],[-86.215576,41.629497],[-86.215517,41.622251],[-86.215471,41.615309],[-86.21543,41.609921],[-86.215448,41.586186],[-86.215172,41.564452],[-86.292041,41.564472],[-86.292072,41.579108],[-86.292045,41.594044],[-86.292262,41.608417],[-86.292475,41.635764]]]}},{"type":"Feature","id":"stjoseph|clay","properties":{"key":"stjoseph|clay"},"geometry":{"type":"Polygon","coordinates":[[[-86.273453,41.737319],[-86.272309,41.743134],[-86.27232,41.751159],[-86.271443,41.757098],[-86.265496,41.760207],[-86.2461859404621,41.7601134520526],[-86.2411146284044,41.7600888839858],[-86.2260968887313,41.760016130263],[-86.21759,41.760016],[-86.178753691729,41.7602652558283],[-86.178652,41.753014],[-86.178375,41.738488],[-86.178252,41.731398],[-86.178018,41.716464],[-86.177919,41.709491],[-86.177717,41.698584],[-86.187345,41.69482],[-86.196615,41.694726],[-86.201094,41.694675],[-86.213555,41.69453],[-86.22373,41.694383],[-86.235524,41.694207],[-86.235685,41.708788],[-86.250279,41.708628],[-86.267403,41.708439],[-86.270187,41.712914],[-86.267282,41.718002],[-86.267208,41.722613],[-86.268366,41.7292],[-86.272477,41.73353],[-86.273453,41.737319]]]}},{"type":"Feature","id":"stjoseph|madison","properties":{"key":"stjoseph|madison"},"geometry":{"type":"Polygon","coordinates":[[[-86.215448,41.586186],[-86.118427,41.586643],[-86.060521,41.586531],[-86.060031,41.55035],[-86.059793,41.535914],[-86.059623,41.528849],[-86.05944,41.521465],[-86.059451,41.479154],[-86.117759,41.47902],[-86.127373,41.479382],[-86.156248,41.479224],[-86.185038,41.478813],[-86.18516,41.486203],[-86.185545,41.521005],[-86.185593,41.542665],[-86.195629,41.542907],[-86.195766,41.550113],[-86.205369,41.550033],[-86.20544,41.557307],[-86.215055,41.557177],[-86.215172,41.564452],[-86.215448,41.586186]]]}},{"type":"Feature","id":"stjoseph|olive","properties":{"key":"stjoseph|olive"},"geometry":{"type":"Polygon","coordinates":[[[-86.526009,41.672304],[-86.525645,41.687234],[-86.525408,41.694581],[-86.525308,41.701868],[-86.525041,41.708119],[-86.524724,41.723406],[-86.524463,41.742171],[-86.524222859982,41.7594561006795],[-86.519318,41.759447],[-86.501773,41.759553],[-86.4744071301407,41.759628747021],[-86.4552337521191,41.7596818177356],[-86.4261793106695,41.7597622386175],[-86.4145782140992,41.7597943497293],[-86.414209,41.707322],[-86.41401,41.696201],[-86.414027,41.686583],[-86.414252,41.64981],[-86.415952,41.642933],[-86.419044,41.638639],[-86.419068,41.628194],[-86.419078,41.624115],[-86.41909,41.618803],[-86.419101,41.613791],[-86.423853,41.613823],[-86.424117,41.60444],[-86.439293,41.601613],[-86.446701,41.595309],[-86.454765,41.592077],[-86.459613,41.588573],[-86.467309,41.585341],[-86.476542,41.577549],[-86.486433,41.570545],[-86.486478,41.588716],[-86.486378,41.595864],[-86.486606,41.607017],[-86.48646,41.616395],[-86.486991,41.641706],[-86.487567,41.649325],[-86.526682,41.65044],[-86.526009,41.672304]]]}},{"type":"Feature","id":"stjoseph|penn","properties":{"key":"stjoseph|penn"},"geometry":{"type":"Polygon","coordinates":[[[-86.215806,41.661359],[-86.207505,41.659048],[-86.201484,41.659067],[-86.19645,41.660526],[-86.196456,41.665814],[-86.196496,41.672984],[-86.196528,41.680265],[-86.196572,41.684659],[-86.196615,41.694726],[-86.187345,41.69482],[-86.17785,41.694922],[-86.177919,41.709491],[-86.173909,41.709526],[-86.168234,41.709578],[-86.163393,41.709616],[-86.158586,41.709577],[-86.14995,41.709715],[-86.110533,41.710048],[-86.081264,41.709936],[-86.062004,41.70993],[-86.061883,41.695877],[-86.061475,41.686629],[-86.061359,41.680497],[-86.061102,41.666577],[-86.061085,41.65937],[-86.060922,41.65392],[-86.060516,41.608959],[-86.060521,41.586531],[-86.118427,41.586643],[-86.215448,41.586186],[-86.215458,41.607697],[-86.215471,41.615309],[-86.215517,41.622251],[-86.215545,41.626678],[-86.215551,41.636713],[-86.215677,41.644115],[-86.215759,41.651234],[-86.215806,41.661359]]]}},{"type":"Feature","id":"owen|harrison","properties":{"key":"owen|harrison"},"geometry":{"type":"Polygon","coordinates":[[[-86.706134,39.470516],[-86.68803,39.470504],[-86.632206,39.470214],[-86.63191,39.441086],[-86.631824,39.430742],[-86.63162,39.426589],[-86.63145,39.417358],[-86.630955,39.406256],[-86.705165,39.405715],[-86.705303,39.413223],[-86.705499,39.420811],[-86.70593,39.426584],[-86.70593,39.445522],[-86.706134,39.470516]]]}},{"type":"Feature","id":"owen|lafayette","properties":{"key":"owen|lafayette"},"geometry":{"type":"Polygon","coordinates":[[[-86.943295,39.302049],[-86.942606,39.326914],[-86.896705,39.32628],[-86.845027,39.326061],[-86.833373,39.325712],[-86.83319,39.31171],[-86.833525,39.30433],[-86.83387,39.253688],[-86.870919,39.253915],[-86.905942,39.254306],[-86.921071,39.254537],[-86.931552,39.254602],[-86.943114,39.254677],[-86.943038,39.26163],[-86.942992,39.268883],[-86.942727,39.292356],[-86.943295,39.302049]]]}},{"type":"Feature","id":"owen|marion","properties":{"key":"owen|marion"},"geometry":{"type":"Polygon","coordinates":[[[-87.054832,39.269901],[-87.054157,39.306239],[-87.053646,39.342621],[-86.967537,39.342139],[-86.955283,39.342336],[-86.947283,39.342156],[-86.942473,39.342043],[-86.942606,39.326914],[-86.942651,39.303439],[-86.942727,39.292356],[-86.942992,39.268883],[-86.943038,39.26163],[-86.943114,39.254677],[-87.01574,39.255058],[-87.045448,39.255595],[-87.054455,39.25575],[-87.054832,39.269901]]]}},{"type":"Feature","id":"owen|taylor","properties":{"key":"owen|taylor"},"geometry":{"type":"Polygon","coordinates":[[[-86.780813,39.471463],[-86.76232,39.470192],[-86.723533,39.470696],[-86.706134,39.470516],[-86.70593,39.445522],[-86.70593,39.426584],[-86.705499,39.420811],[-86.705303,39.413223],[-86.705165,39.405715],[-86.705049,39.398673],[-86.724152,39.398717],[-86.761082,39.398476],[-86.776103,39.398429],[-86.779932,39.424594],[-86.780813,39.471463]]]}},{"type":"Feature","id":"owen|wayne","properties":{"key":"owen|wayne"},"geometry":{"type":"Polygon","coordinates":[[[-86.724152,39.398717],[-86.705049,39.398673],[-86.705165,39.405715],[-86.630955,39.406256],[-86.630719,39.370838],[-86.630818,39.346948],[-86.636286,39.347656],[-86.640379,39.348273],[-86.649524,39.355519],[-86.655002,39.351893],[-86.659137,39.344337],[-86.655335,39.339998],[-86.655062,39.333791],[-86.659848,39.330855],[-86.66453,39.333771],[-86.665512,39.329286],[-86.672034,39.331699],[-86.678254,39.333096],[-86.68561,39.336043],[-86.69087,39.334297],[-86.6996,39.33482],[-86.700507,39.340363],[-86.723004,39.340379],[-86.723484,39.356155],[-86.723754,39.362258],[-86.723595,39.366463],[-86.724152,39.398717]]]}},{"type":"Feature","id":"morgan|jefferson","properties":{"key":"morgan|jefferson"},"geometry":{"type":"Polygon","coordinates":[[[-86.54035,39.498769],[-86.509582,39.498758],[-86.500225,39.498757],[-86.483982,39.49817],[-86.465186,39.498249],[-86.465076,39.484948],[-86.43148,39.485431],[-86.437014,39.483644],[-86.437485,39.478165],[-86.437966,39.473989],[-86.43893,39.469421],[-86.439145,39.464707],[-86.441375,39.458846],[-86.437857,39.453505],[-86.436566,39.448567],[-86.444372,39.445605],[-86.447043,39.436789],[-86.453898,39.43284],[-86.459928,39.428467],[-86.463919,39.423377],[-86.465116,39.419243],[-86.462753,39.414726],[-86.470229,39.411692],[-86.468716,39.407461],[-86.462525,39.405703],[-86.468583,39.404945],[-86.474902,39.403304],[-86.479547,39.40022],[-86.478632,39.394626],[-86.492932,39.386378],[-86.498355,39.384476],[-86.499995,39.379427],[-86.507484,39.379144],[-86.511964,39.379448],[-86.517818,39.381454],[-86.525703,39.382071],[-86.532554,39.386261],[-86.53681,39.384425],[-86.539951,39.416401],[-86.540095,39.44016],[-86.540295,39.491334],[-86.54035,39.498769]]]}},{"type":"Feature","id":"morgan|madison","properties":{"key":"morgan|madison"},"geometry":{"type":"Polygon","coordinates":[[[-86.336023,39.601609],[-86.335778,39.61008],[-86.335756,39.619184],[-86.335904,39.631985],[-86.326341,39.632177],[-86.311066,39.632533],[-86.288187,39.632772],[-86.269239,39.633267],[-86.252024,39.633543],[-86.250133,39.604046],[-86.250517,39.593774],[-86.258437,39.592965],[-86.258853,39.586414],[-86.258517,39.580062],[-86.253989,39.574319],[-86.255429,39.569967],[-86.257445,39.564402],[-86.263862,39.562016],[-86.269355,39.560354],[-86.274965,39.560052],[-86.281206,39.559151],[-86.288134,39.558239],[-86.287846,39.553279],[-86.289591,39.547013],[-86.293721,39.547451],[-86.291958,39.542671],[-86.297015,39.541807],[-86.298263,39.537711],[-86.297815,39.532767],[-86.306231,39.532079],[-86.309719,39.525343],[-86.312727,39.520591],[-86.319047,39.519295],[-86.325367,39.517887],[-86.335722,39.515006],[-86.335806,39.559188],[-86.335517,39.564626],[-86.335977,39.57387],[-86.336006,39.59054],[-86.336048,39.595876],[-86.336023,39.601609]]]}},{"type":"Feature","id":"clinton|johnson","properties":{"key":"clinton|johnson"},"geometry":{"type":"Polygon","coordinates":[[[-86.356325,40.337397],[-86.242893,40.337481],[-86.24276,40.30876],[-86.242597,40.273671],[-86.318386,40.272585],[-86.356175,40.272396],[-86.355977,40.315826],[-86.356325,40.337397]]]}},{"type":"Feature","id":"clinton|madison","properties":{"key":"clinton|madison"},"geometry":{"type":"Polygon","coordinates":[[[-86.695168,40.301334],[-86.695159,40.315893],[-86.69483,40.366797],[-86.694667,40.388649],[-86.655219,40.388361],[-86.655317,40.381024],[-86.617438,40.380993],[-86.617808,40.359187],[-86.598676,40.358826],[-86.598815,40.344384],[-86.598848,40.329876],[-86.617963,40.330043],[-86.618281,40.315517],[-86.618306,40.301087],[-86.69516,40.301198],[-86.695168,40.301334]]]}},{"type":"Feature","id":"clinton|sugarcreek","properties":{"key":"clinton|sugarcreek"},"geometry":{"type":"Polygon","coordinates":[[[-86.318693,40.215259],[-86.318125,40.229389],[-86.318386,40.272585],[-86.242597,40.273671],[-86.242288,40.249931],[-86.242446,40.244888],[-86.242734,40.231575],[-86.242743,40.215834],[-86.242365,40.180778],[-86.261553,40.180167],[-86.275959,40.179937],[-86.282609,40.17968],[-86.31855,40.179258],[-86.31885,40.213915],[-86.318693,40.215259]]]}},{"type":"Feature","id":"lake|calumet","properties":{"key":"lake|calumet"},"geometry":{"type":"Polygon","coordinates":[[[-87.451813,41.522909],[-87.451856,41.537432],[-87.444995,41.537401],[-87.437338,41.537369],[-87.432499,41.537325],[-87.432479,41.545922],[-87.432445,41.555461],[-87.432375,41.566366],[-87.432662,41.574441],[-87.432931,41.580791],[-87.432909,41.588053],[-87.432906,41.595336],[-87.432663,41.601117],[-87.432677,41.610122],[-87.432841,41.630128],[-87.432945,41.636718],[-87.432978,41.640843],[-87.433048,41.645433],[-87.4281395688584,41.64509362633],[-87.4208288320502,41.6410463379857],[-87.416725,41.640903],[-87.41154,41.643695],[-87.4058226958281,41.6416348568423],[-87.401692,41.639324],[-87.394771994815,41.6373030450397],[-87.36886,41.630039],[-87.362865,41.628686],[-87.3577874017011,41.6279949581419],[-87.347398,41.626581],[-87.327913,41.624945],[-87.318649,41.623607],[-87.312105,41.620692],[-87.305976,41.622281],[-87.299023,41.619093],[-87.297774,41.623273],[-87.293491,41.623677],[-87.288969,41.622457],[-87.2784025829945,41.6201661155563],[-87.261634,41.620523],[-87.2539704378992,41.6212399042205],[-87.2226429797274,41.6241704979427],[-87.222565,41.617207],[-87.222491,41.610354],[-87.222262,41.594124],[-87.240662,41.594053],[-87.261269,41.594208],[-87.260991,41.581257],[-87.265748,41.579846],[-87.278699,41.580235],[-87.297351,41.579944],[-87.298104,41.574613],[-87.298116,41.569696],[-87.297929,41.565599],[-87.303796,41.565604],[-87.311459,41.565772],[-87.317278,41.566033],[-87.317195,41.554742],[-87.317065,41.547478],[-87.316947,41.541209],[-87.316894,41.536642],[-87.316745,41.525431],[-87.324953,41.522117],[-87.33124,41.522224],[-87.336219,41.52228],[-87.345797,41.522235],[-87.36035,41.522458],[-87.389408,41.522611],[-87.393868,41.522621],[-87.413134,41.522644],[-87.412838,41.514836],[-87.413038,41.507636],[-87.418809,41.507676],[-87.432514,41.507701],[-87.451851,41.507784],[-87.4519,41.513537],[-87.451966,41.522909],[-87.451813,41.522909]]]}},{"type":"Feature","id":"lake|cedarcreek","properties":{"key":"lake|cedarcreek"},"geometry":{"type":"Polygon","coordinates":[[[-87.431229,41.348168],[-87.42156,41.347919],[-87.416718,41.347897],[-87.411926,41.348109],[-87.397516,41.347803],[-87.392632,41.34788],[-87.375119,41.347684],[-87.335475,41.347723],[-87.335424,41.34038],[-87.334394,41.289448],[-87.333302,41.202649],[-87.3334,41.184942],[-87.346258,41.182357],[-87.353785,41.179971],[-87.363887,41.176765],[-87.369771,41.175486],[-87.380983,41.17251],[-87.390568,41.165181],[-87.414338,41.16223],[-87.421124,41.165473],[-87.429448,41.168282],[-87.429291,41.186378],[-87.429345,41.26027],[-87.429652,41.279057],[-87.429818,41.283543],[-87.429954,41.288627],[-87.430322,41.300851],[-87.430459,41.30745],[-87.430553,41.311772],[-87.431135,41.337265],[-87.431177,41.3427],[-87.431227,41.348009],[-87.431229,41.348168]]]}},{"type":"Feature","id":"madison|anderson","properties":{"key":"madison|anderson"},"geometry":{"type":"Polygon","coordinates":[[[-85.749014,40.075843],[-85.748939,40.101556],[-85.748899,40.110569],[-85.748813,40.120931],[-85.748665,40.135039],[-85.728778,40.135085],[-85.71083,40.135085],[-85.705207,40.135096],[-85.694987,40.135146],[-85.688165,40.135173],[-85.681607,40.135198],[-85.672099,40.135222],[-85.667406,40.135252],[-85.660909,40.135278],[-85.655664,40.135277],[-85.633532,40.135196],[-85.633599,40.12055],[-85.633578,40.113658],[-85.633578,40.108005],[-85.633583,40.102421],[-85.633573,40.0932],[-85.633595,40.087349],[-85.633637,40.080708],[-85.633652,40.076689],[-85.633628,40.062067],[-85.633619,40.047445],[-85.64121,40.047363],[-85.650036,40.047268],[-85.673057,40.047113],[-85.677915,40.047052],[-85.6922,40.04694],[-85.700995,40.046954],[-85.705613,40.046862],[-85.710524,40.046842],[-85.725801,40.046678],[-85.739476,40.046527],[-85.744466,40.04654],[-85.748855,40.046466],[-85.749014,40.075843]]]}},{"type":"Feature","id":"madison|boone","properties":{"key":"madison|boone"},"geometry":{"type":"Polygon","coordinates":[[[-85.786191,40.378923],[-85.7659,40.379033],[-85.727974,40.378784],[-85.719981,40.378561],[-85.708953,40.37856],[-85.690151,40.378479],[-85.680628,40.378887],[-85.671644,40.379515],[-85.671538,40.350053],[-85.671803,40.328194],[-85.671842,40.306507],[-85.709595,40.306295],[-85.747052,40.306265],[-85.785583,40.306345],[-85.78607,40.375236],[-85.786191,40.378923]]]}},{"type":"Feature","id":"madison|green","properties":{"key":"madison|green"},"geometry":{"type":"Polygon","coordinates":[[[-85.862379,39.955458],[-85.862084,39.965459],[-85.862123,39.973055],[-85.862246,39.984689],[-85.862258,39.992033],[-85.86224,40.002288],[-85.862396,40.031556],[-85.814778,40.031591],[-85.78938,40.031506],[-85.786879,40.012991],[-85.786942,40.007752],[-85.793926,40.006034],[-85.787706,40.002191],[-85.786941,39.992271],[-85.787006,39.980165],[-85.786797,39.974256],[-85.78678,39.965728],[-85.786653,39.944677],[-85.805711,39.944567],[-85.810415,39.944453],[-85.815167,39.944334],[-85.819855,39.944286],[-85.824033,39.944245],[-85.828177,39.94414],[-85.837609,39.944029],[-85.854233,39.943725],[-85.862489,39.943618],[-85.862379,39.955458]]]}},{"type":"Feature","id":"madison|pipecreek","properties":{"key":"madison|pipecreek"},"geometry":{"type":"Polygon","coordinates":[[[-85.862484,40.212181],[-85.861903,40.218936],[-85.86116,40.22531],[-85.860925,40.262445],[-85.860785,40.273334],[-85.860698,40.278321],[-85.860391,40.291455],[-85.851372,40.291409],[-85.844876,40.291401],[-85.836843,40.291417],[-85.829087,40.291438],[-85.822723,40.291455],[-85.785572,40.292107],[-85.785583,40.306345],[-85.747052,40.306265],[-85.747193,40.277531],[-85.747303,40.263056],[-85.737648,40.263105],[-85.728291,40.262915],[-85.728264,40.248518],[-85.728376,40.219629],[-85.747396,40.219613],[-85.757779,40.219593],[-85.766451,40.219575],[-85.778191,40.219556],[-85.785758,40.219536],[-85.785744,40.208124],[-85.785795,40.192958],[-85.814633,40.192943],[-85.86273,40.192254],[-85.862484,40.212181]]]}},{"type":"Feature","id":"lake|hanover","properties":{"key":"lake|hanover"},"geometry":{"type":"Polygon","coordinates":[[[-87.526476,41.350889],[-87.5262297799226,41.3852899120432],[-87.5261293112656,41.3993270022278],[-87.526085,41.405518],[-87.5259294298029,41.4261841914295],[-87.5258586600972,41.4355853512462],[-87.512104,41.435596],[-87.501765,41.435594],[-87.489287,41.435565],[-87.481102,41.43536],[-87.474677,41.435267],[-87.470005,41.435335],[-87.465787,41.435195],[-87.460406,41.435222],[-87.455508,41.435282],[-87.450572,41.435327],[-87.433256,41.435298],[-87.431175,41.428145],[-87.431199,41.420924],[-87.431185,41.40637],[-87.431226,41.391749],[-87.431155,41.385136],[-87.431108,41.377363],[-87.431247,41.364357],[-87.431213,41.352849],[-87.431229,41.348168],[-87.443346,41.348074],[-87.455431,41.348252],[-87.470014,41.348312],[-87.498556,41.348415],[-87.5264880755018,41.348373],[-87.526476,41.350889]]]}},{"type":"Feature","id":"starke|washington","properties":{"key":"starke|washington"},"geometry":{"type":"Polygon","coordinates":[[[-86.582325,41.345994],[-86.543556,41.345984],[-86.466334,41.345771],[-86.466515,41.302228],[-86.466572,41.273716],[-86.46669,41.258617],[-86.543679,41.258952],[-86.5533,41.258982],[-86.562942,41.258998],[-86.577421,41.259048],[-86.582198,41.259053],[-86.582199,41.273546],[-86.582236,41.288105],[-86.582263,41.30626],[-86.582325,41.345994]]]}},{"type":"Feature","id":"shelby|vanburen","properties":{"key":"shelby|vanburen"},"geometry":{"type":"Polygon","coordinates":[[[-85.838875,39.698396],[-85.830388,39.698484],[-85.82157,39.698572],[-85.816082,39.698772],[-85.809614,39.698805],[-85.79888,39.698866],[-85.783474,39.698962],[-85.76808,39.699068],[-85.744998,39.698842],[-85.737233,39.69882],[-85.735367,39.691333],[-85.735237,39.685138],[-85.735027,39.676671],[-85.734907,39.669489],[-85.7346,39.647651],[-85.734121,39.625995],[-85.750436,39.625722],[-85.767374,39.625713],[-85.777561,39.625584],[-85.80025,39.625982],[-85.838724,39.625843],[-85.838774,39.639821],[-85.838875,39.698396]]]}},{"type":"Feature","id":"union|harmony","properties":{"key":"union|harmony"},"geometry":{"type":"Polygon","coordinates":[[[-85.0361,39.569162],[-85.036017,39.576628],[-85.035986,39.583847],[-85.0169,39.583765],[-85.009454,39.584046],[-84.928206,39.581701],[-84.928455,39.567821],[-84.928355,39.563739],[-84.929044,39.524406],[-84.947013,39.524228],[-85.022818,39.524382],[-85.036087,39.526213],[-85.036317,39.540518],[-85.0361,39.569162]]]}},{"type":"Feature","id":"hendricks|clay","properties":{"key":"hendricks|clay"},"geometry":{"type":"Polygon","coordinates":[[[-86.687176,39.688141],[-86.687076,39.717245],[-86.660502,39.717287],[-86.632504,39.716869],[-86.63237,39.731467],[-86.576288,39.731262],[-86.576116,39.716603],[-86.560833,39.71667],[-86.560769,39.702139],[-86.560739,39.69177],[-86.5601,39.659357],[-86.575924,39.658881],[-86.604095,39.659082],[-86.622831,39.659284],[-86.622857,39.673681],[-86.630379,39.673689],[-86.636931,39.673671],[-86.687252,39.674012],[-86.687176,39.688141]]]}},{"type":"Feature","id":"hendricks|franklin","properties":{"key":"hendricks|franklin"},"geometry":{"type":"Polygon","coordinates":[[[-86.687308,39.659509],[-86.687252,39.674012],[-86.636931,39.673671],[-86.630379,39.673689],[-86.622857,39.673681],[-86.622831,39.659284],[-86.607279,39.659104],[-86.575924,39.658881],[-86.5601,39.659357],[-86.559671,39.60245],[-86.650976,39.601136],[-86.65665,39.601395],[-86.654226,39.60628],[-86.650002,39.611116],[-86.643499,39.617371],[-86.643286,39.622412],[-86.644985,39.627509],[-86.661382,39.630259],[-86.687406,39.630437],[-86.687308,39.659509]]]}},{"type":"Feature","id":"dekalb|smithfield","properties":{"key":"dekalb|smithfield"},"geometry":{"type":"Polygon","coordinates":[[[-85.080813,41.527008],[-85.074764,41.527039],[-85.056678,41.527156],[-85.049348,41.527197],[-85.044827,41.527227],[-85.006879,41.527481],[-84.968505,41.528065],[-84.966704,41.448893],[-84.966559,41.441654],[-84.99592,41.440967],[-85.001055,41.440848],[-85.014628,41.440493],[-85.02045,41.440339],[-85.024568,41.440223],[-85.033524,41.440024],[-85.039022,41.439954],[-85.043265,41.439836],[-85.052265,41.439683],[-85.063166,41.439487],[-85.079249,41.439224],[-85.080159,41.490022],[-85.080786,41.526387],[-85.080813,41.527008]]]}},{"type":"Feature","id":"dekalb|wilmington","properties":{"key":"dekalb|wilmington"},"geometry":{"type":"Polygon","coordinates":[[[-84.966559,41.441654],[-84.910244,41.442725],[-84.894623,41.443054],[-84.871452,41.443579],[-84.851853,41.444137],[-84.851749,41.439183],[-84.850941,41.407852],[-84.84971,41.357073],[-84.868975,41.35664],[-84.946012,41.355003],[-84.965161,41.354562],[-84.965307,41.361833],[-84.965866,41.371269],[-84.96592,41.398251],[-84.966559,41.441654]]]}},{"type":"Feature","id":"huntington|jefferson","properties":{"key":"huntington|jefferson"},"geometry":{"type":"Polygon","coordinates":[[[-85.563172,40.741498],[-85.558313,40.741509],[-85.554044,40.741519],[-85.54411,40.741553],[-85.514116,40.741592],[-85.505791,40.741918],[-85.498564,40.741699],[-85.459502,40.741998],[-85.44978,40.742],[-85.449657,40.709317],[-85.449818,40.697093],[-85.449859,40.683093],[-85.448975,40.668743],[-85.448825,40.653607],[-85.525488,40.653292],[-85.562294,40.653193],[-85.563153,40.736983],[-85.563172,40.741498]]]}},{"type":"Feature","id":"huntington|salamonie","properties":{"key":"huntington|salamonie"},"geometry":{"type":"Polygon","coordinates":[[[-85.449566,40.69645],[-85.449657,40.709317],[-85.44978,40.742],[-85.430707,40.741931],[-85.335035,40.742031],[-85.3349,40.712699],[-85.334822,40.68346],[-85.334667,40.654413],[-85.34396,40.654801],[-85.394841,40.653984],[-85.448825,40.653607],[-85.448975,40.668743],[-85.449859,40.683093],[-85.449566,40.69645]]]}},{"type":"Feature","id":"huntington|warren","properties":{"key":"huntington|warren"},"geometry":{"type":"Polygon","coordinates":[[[-85.643841,41.002305],[-85.566451,41.003059],[-85.566356,40.996861],[-85.565506,40.915542],[-85.572247,40.915473],[-85.64198,40.914738],[-85.643717,40.988387],[-85.643841,41.002305]]]}},{"type":"Feature","id":"miami|peru","properties":{"key":"miami|peru"},"geometry":{"type":"Polygon","coordinates":[[[-86.168306,40.785866],[-86.129454,40.785624],[-86.111077,40.785884],[-86.088956,40.785903],[-86.054244,40.786176],[-86.054877,40.807972],[-86.055064,40.822521],[-86.035929,40.822621],[-86.016813,40.822754],[-86.014945,40.762479],[-86.020535,40.765459],[-86.026429,40.764507],[-86.031491,40.764305],[-86.035904,40.759329],[-86.042164,40.75829],[-86.048175,40.758532],[-86.052682,40.754399],[-86.05689,40.753544],[-86.064754,40.751026],[-86.074447,40.746611],[-86.082162,40.743666],[-86.086697,40.740299],[-86.09556,40.742069],[-86.100441,40.743149],[-86.110412,40.742167],[-86.116408,40.743098],[-86.121238,40.746431],[-86.126803,40.747265],[-86.132325,40.746852],[-86.139149,40.745148],[-86.145652,40.745343],[-86.151997,40.743008],[-86.158307,40.742245],[-86.165725,40.742887],[-86.168306,40.785866]]]}},{"type":"Feature","id":"miami|richland","properties":{"key":"miami|richland"},"geometry":{"type":"Polygon","coordinates":[[[-86.075715,40.911096],[-85.944114,40.913815],[-85.943739,40.896344],[-85.943434,40.881737],[-85.943124,40.867271],[-85.942261,40.823479],[-86.016813,40.822754],[-86.035929,40.822621],[-86.055064,40.822521],[-86.055641,40.84433],[-86.056145,40.855016],[-86.063244,40.850459],[-86.068177,40.85647],[-86.069694,40.866119],[-86.065033,40.866202],[-86.065182,40.872833],[-86.074671,40.872824],[-86.074867,40.880573],[-86.075303,40.895143],[-86.075715,40.911096]]]}},{"type":"Feature","id":"miami|washington","properties":{"key":"miami|washington"},"geometry":{"type":"Polygon","coordinates":[[[-86.091733,40.728784],[-86.08812,40.739914],[-86.083618,40.742632],[-86.074447,40.746611],[-86.067918,40.749485],[-86.05689,40.753544],[-86.052682,40.754399],[-86.048175,40.758532],[-86.042164,40.75829],[-86.035904,40.759329],[-86.031491,40.764305],[-86.02756,40.757719],[-86.023044,40.754061],[-86.018572,40.753368],[-86.01345,40.750928],[-86.015898,40.741827],[-86.015076,40.729361],[-86.014154,40.650369],[-86.022445,40.650342],[-86.090394,40.65015],[-86.09127,40.67188],[-86.091456,40.678196],[-86.091702,40.722984],[-86.091733,40.728784]]]}},{"type":"Feature","id":"montgomery|madison","properties":{"key":"montgomery|madison"},"geometry":{"type":"Polygon","coordinates":[[[-86.923385,40.214311],[-86.87598,40.214933],[-86.86648,40.214915],[-86.809485,40.214856],[-86.80966,40.175392],[-86.809718,40.127828],[-86.847194,40.12752],[-86.87195,40.12763],[-86.923107,40.127552],[-86.923139,40.142348],[-86.923344,40.186122],[-86.923385,40.214311]]]}},{"type":"Feature","id":"montgomery|scott","properties":{"key":"montgomery|scott"},"geometry":{"type":"Polygon","coordinates":[[[-86.92171,39.875028],[-86.921272,39.92279],[-86.921384,39.947497],[-86.921386,39.952423],[-86.916405,39.952444],[-86.886809,39.952303],[-86.87935,39.952358],[-86.865417,39.952356],[-86.836657,39.952151],[-86.82765,39.952478],[-86.808699,39.952375],[-86.80884,39.916318],[-86.809038,39.865224],[-86.829914,39.865349],[-86.87119,39.86555],[-86.898834,39.866027],[-86.905404,39.865985],[-86.92156,39.866118],[-86.921538,39.873382],[-86.92171,39.875028]]]}},{"type":"Feature","id":"montgomery|sugarcreek","properties":{"key":"montgomery|sugarcreek"},"geometry":{"type":"Polygon","coordinates":[[[-86.809637,40.175207],[-86.809485,40.214856],[-86.742819,40.214505],[-86.695637,40.214367],[-86.695804,40.178657],[-86.695701,40.143527],[-86.707399,40.144367],[-86.713306,40.141112],[-86.720797,40.141952],[-86.72862,40.136837],[-86.734284,40.13521],[-86.739442,40.135665],[-86.743674,40.133466],[-86.748621,40.130329],[-86.75783,40.130515],[-86.762929,40.129579],[-86.790698,40.127496],[-86.809718,40.127828],[-86.809637,40.175207]]]}},{"type":"Feature","id":"montgomery|wayne","properties":{"key":"montgomery|wayne"},"geometry":{"type":"Polygon","coordinates":[[[-87.092031,40.06826],[-87.091928,40.087217],[-87.091934,40.110083],[-87.091904,40.127547],[-87.017845,40.127608],[-86.991823,40.127275],[-86.979278,40.12765],[-86.979498,40.094792],[-86.979476,40.068896],[-86.979508,40.039206],[-86.997826,40.039129],[-87.091247,40.039196],[-87.092031,40.06826]]]}},{"type":"Feature","id":"clay|dickjohnson","properties":{"key":"clay|dickjohnson"},"geometry":{"type":"Polygon","coordinates":[[[-87.199214,39.588307],[-87.199012,39.607137],[-87.124237,39.605762],[-87.124768,39.554422],[-87.142144,39.554867],[-87.143588,39.547938],[-87.143788,39.533137],[-87.143892,39.526807],[-87.144032,39.519901],[-87.165088,39.519104],[-87.200107,39.519858],[-87.199214,39.588307]]]}},{"type":"Feature","id":"clay|jackson","properties":{"key":"clay|jackson"},"geometry":{"type":"Polygon","coordinates":[[[-87.126339,39.449435],[-87.125501,39.503259],[-87.125442,39.507452],[-87.125274,39.518245],[-87.118872,39.518178],[-87.113965,39.518131],[-87.105877,39.518047],[-87.09891,39.517992],[-87.089404,39.517858],[-87.080094,39.517756],[-87.070738,39.51763],[-87.014257,39.517092],[-87.014539,39.488091],[-87.014683,39.478481],[-87.014533,39.473572],[-87.015587,39.433361],[-87.053816,39.430396],[-87.126499,39.431358],[-87.126339,39.449435]]]}},{"type":"Feature","id":"clay|lewis","properties":{"key":"clay|lewis"},"geometry":{"type":"Polygon","coordinates":[[[-87.240699,39.186217],[-87.240654,39.20024],[-87.240549,39.215428],[-87.240457,39.234269],[-87.240379,39.259064],[-87.240317,39.266461],[-87.240119,39.30278],[-87.208606,39.301579],[-87.175098,39.300809],[-87.175349,39.264428],[-87.17567,39.244248],[-87.164462,39.234619],[-87.158379,39.231615],[-87.15535,39.226258],[-87.151528,39.220718],[-87.151422,39.213349],[-87.149827,39.209205],[-87.142974,39.206479],[-87.133443,39.204804],[-87.127238,39.201986],[-87.119469,39.198773],[-87.115427,39.195989],[-87.106902,39.19114],[-87.100376,39.186888],[-87.095233,39.183555],[-87.090238,39.180085],[-87.083183,39.175976],[-87.077331,39.175634],[-87.070333,39.17417],[-87.067304,39.168928],[-87.063175,39.167993],[-87.068341,39.167965],[-87.073506,39.168314],[-87.128932,39.168989],[-87.184837,39.170434],[-87.194246,39.170644],[-87.208135,39.171022],[-87.212981,39.17114],[-87.240737,39.171773],[-87.240699,39.186217]]]}},{"type":"Feature","id":"clay|perry","properties":{"key":"clay|perry"},"geometry":{"type":"Polygon","coordinates":[[[-87.240119,39.30278],[-87.239834,39.346639],[-87.239558,39.419037],[-87.239556,39.433561],[-87.210182,39.433434],[-87.145193,39.431874],[-87.126499,39.431358],[-87.126697,39.416171],[-87.127694,39.37663],[-87.133161,39.370779],[-87.137263,39.369128],[-87.139133,39.364841],[-87.141627,39.359028],[-87.14573,39.35162],[-87.149799,39.344057],[-87.152376,39.339429],[-87.156772,39.336923],[-87.162303,39.333773],[-87.167979,39.331575],[-87.177171,39.329254],[-87.181499,39.32356],[-87.181415,39.317432],[-87.186925,39.315349],[-87.193848,39.311756],[-87.200684,39.311274],[-87.204809,39.309283],[-87.207753,39.303606],[-87.239863,39.302664],[-87.240119,39.30278]]]}},{"type":"Feature","id":"dekalb|richland","properties":{"key":"dekalb|richland"},"geometry":{"type":"Polygon","coordinates":[[[-85.193261,41.437647],[-85.1482,41.438289],[-85.138217,41.438431],[-85.099159,41.439009],[-85.079249,41.439224],[-85.078829,41.395846],[-85.078714,41.381033],[-85.098275,41.381449],[-85.117873,41.380867],[-85.136457,41.381062],[-85.17431,41.380412],[-85.180817,41.380296],[-85.192948,41.380013],[-85.193043,41.394609],[-85.193266,41.437385],[-85.193261,41.437647]]]}},{"type":"Feature","id":"putnam|cloverdale","properties":{"key":"putnam|cloverdale"},"geometry":{"type":"Polygon","coordinates":[[[-86.903617,39.505665],[-86.903334,39.530376],[-86.851144,39.529888],[-86.821112,39.529557],[-86.81051,39.529445],[-86.802157,39.529371],[-86.795873,39.529476],[-86.77373,39.529209],[-86.687532,39.528667],[-86.687561,39.521902],[-86.687574,39.513887],[-86.687466,39.496288],[-86.687044,39.484712],[-86.686875,39.470691],[-86.706134,39.470516],[-86.723533,39.470696],[-86.76232,39.470192],[-86.780813,39.471463],[-86.814828,39.471947],[-86.839441,39.47199],[-86.850949,39.472322],[-86.903992,39.472639],[-86.903617,39.505665]]]}},{"type":"Feature","id":"putnam|franklin","properties":{"key":"putnam|franklin"},"geometry":{"type":"Polygon","coordinates":[[[-86.89992,39.785292],[-86.898651,39.862187],[-86.875008,39.865845],[-86.829914,39.865349],[-86.809038,39.865224],[-86.801275,39.865127],[-86.793213,39.865153],[-86.792941,39.858438],[-86.792988,39.849378],[-86.793044,39.837995],[-86.79318,39.778828],[-86.812577,39.776796],[-86.830317,39.776988],[-86.834872,39.777055],[-86.900038,39.778165],[-86.89992,39.785292]]]}},{"type":"Feature","id":"putnam|greencastle","properties":{"key":"putnam|greencastle"},"geometry":{"type":"Polygon","coordinates":[[[-86.902429,39.615799],[-86.90235,39.641272],[-86.902033,39.646312],[-86.901672,39.669091],[-86.901354,39.690369],[-86.882958,39.690362],[-86.845306,39.68957],[-86.840783,39.689507],[-86.835096,39.689411],[-86.813593,39.689093],[-86.808531,39.688964],[-86.803023,39.688975],[-86.793671,39.688856],[-86.794033,39.674536],[-86.794268,39.65291],[-86.794271,39.645609],[-86.794871,39.602068],[-86.855463,39.602754],[-86.902321,39.603235],[-86.902429,39.615799]]]}},{"type":"Feature","id":"putnam|russell","properties":{"key":"putnam|russell"},"geometry":{"type":"Polygon","coordinates":[[[-87.010753,39.779561],[-87.010434,39.801109],[-87.010136,39.830707],[-87.009477,39.866705],[-86.992514,39.866628],[-86.970995,39.866427],[-86.936964,39.86603],[-86.92156,39.866118],[-86.905404,39.865985],[-86.901172,39.865919],[-86.89992,39.785292],[-86.900038,39.778165],[-86.921379,39.778296],[-86.937345,39.778485],[-86.945063,39.778653],[-87.01066,39.779504],[-87.010753,39.779561]]]}},{"type":"Feature","id":"tipton|cicero","properties":{"key":"tipton|cicero"},"geometry":{"type":"Polygon","coordinates":[[[-86.127299,40.254838],[-86.126828,40.310096],[-86.126894,40.331992],[-86.108041,40.332269],[-86.08907,40.33254],[-86.032259,40.333074],[-85.995,40.33364],[-85.966239,40.333988],[-85.966512,40.290509],[-85.966466,40.283387],[-85.966588,40.261749],[-85.966754,40.249894],[-85.96643,40.218278],[-85.996076,40.218152],[-86.013136,40.21804],[-86.02245,40.217958],[-86.034925,40.217856],[-86.069032,40.217633],[-86.127966,40.217209],[-86.127299,40.254838]]]}},{"type":"Feature","id":"allen|wayne","properties":{"key":"allen|wayne"},"geometry":{"type":"Polygon","coordinates":[[[-85.245317,41.008406],[-85.236417,41.008855],[-85.236685,41.016264],[-85.226745,41.016308],[-85.227739,41.03013],[-85.226969,41.043851],[-85.233056,41.045223],[-85.231464,41.050326],[-85.226687,41.051365],[-85.226587,41.059814],[-85.226573,41.074457],[-85.226676,41.081743],[-85.226748,41.088904],[-85.211124,41.088607],[-85.191877,41.088439],[-85.183363,41.088469],[-85.170575,41.088634],[-85.173052,41.095808],[-85.16896,41.096186],[-85.168725,41.103183],[-85.163981,41.103265],[-85.163759,41.097321],[-85.157734,41.097484],[-85.153956,41.103426],[-85.144621,41.103549],[-85.139568,41.105853],[-85.132198,41.105893],[-85.12557,41.108919],[-85.120165,41.110237],[-85.115944,41.108949],[-85.115775,41.104662],[-85.106534,41.105787],[-85.103397,41.097208],[-85.108106,41.095197],[-85.107771,41.089787],[-85.107115,41.083098],[-85.100196,41.080076],[-85.097063,41.076001],[-85.096073,41.071492],[-85.087579,41.071495],[-85.087625,41.061601],[-85.099551,41.061745],[-85.098845,41.054162],[-85.106376,41.053911],[-85.106274,41.046693],[-85.111886,41.046519],[-85.113122,41.041213],[-85.112763,41.031893],[-85.112451,41.024672],[-85.11218,41.017422],[-85.112119,41.013316],[-85.111928,41.007581],[-85.111815,41.002988],[-85.129903,41.00253],[-85.148958,41.002296],[-85.159528,41.002213],[-85.168916,41.002158],[-85.176488,41.002149],[-85.201068,41.002069],[-85.207234,41.002075],[-85.226412,41.001897],[-85.237462,41.002038],[-85.245317,41.008406]]]}},{"type":"Feature","id":"blackford|licking","properties":{"key":"blackford|licking"},"geometry":{"type":"Polygon","coordinates":[[[-85.445829,40.479302],[-85.369898,40.47922],[-85.350927,40.479222],[-85.331839,40.479106],[-85.331753,40.421017],[-85.331836,40.403265],[-85.331828,40.381442],[-85.35091,40.378424],[-85.444323,40.378746],[-85.444811,40.421895],[-85.445595,40.46433],[-85.445829,40.479302]]]}},{"type":"Feature","id":"wabash|lagro","properties":{"key":"wabash|lagro"},"geometry":{"type":"Polygon","coordinates":[[[-85.793014,40.912654],[-85.642344,40.914738],[-85.64135,40.870704],[-85.640978,40.849728],[-85.641404,40.827211],[-85.640066,40.758907],[-85.639902,40.740506],[-85.734889,40.739426],[-85.735078,40.754065],[-85.735318,40.768558],[-85.754536,40.768324],[-85.755373,40.808856],[-85.77247,40.803983],[-85.772511,40.816146],[-85.779038,40.816689],[-85.783199,40.814649],[-85.7912,40.811793],[-85.791073,40.818598],[-85.791596,40.836918],[-85.792205,40.869021],[-85.792572,40.891002],[-85.792753,40.90022],[-85.793014,40.912654]]]}},{"type":"Feature","id":"wabash|pawpaw","properties":{"key":"wabash|pawpaw"},"geometry":{"type":"Polygon","coordinates":[[[-85.944713,40.942787],[-85.870805,40.942585],[-85.861118,40.941865],[-85.8514,40.941849],[-85.842557,40.942156],[-85.793473,40.941819],[-85.793014,40.912654],[-85.792824,40.90311],[-85.792643,40.894448],[-85.792205,40.869021],[-85.849728,40.868328],[-85.886397,40.8681],[-85.89894,40.868071],[-85.904629,40.867785],[-85.943124,40.867271],[-85.943434,40.881737],[-85.943739,40.896344],[-85.944114,40.913815],[-85.944713,40.942787]]]}},{"type":"Feature","id":"wells|chester","properties":{"key":"wells|chester"},"geometry":{"type":"Polygon","coordinates":[[[-85.334667,40.654413],[-85.226586,40.654588],[-85.221317,40.654611],[-85.220891,40.640047],[-85.220983,40.625803],[-85.220999,40.567251],[-85.288014,40.567117],[-85.333667,40.567327],[-85.334237,40.625104],[-85.334667,40.654413]]]}},{"type":"Feature","id":"wells|lancaster","properties":{"key":"wells|lancaster"},"geometry":{"type":"Polygon","coordinates":[[[-85.222964,40.804029],[-85.222661,40.830078],[-85.212229,40.82989],[-85.137499,40.830158],[-85.116714,40.830213],[-85.099694,40.830359],[-85.094536,40.830456],[-85.072205,40.830907],[-85.071534,40.800909],[-85.071006,40.743118],[-85.136242,40.742448],[-85.150714,40.742409],[-85.155016,40.742402],[-85.166703,40.742401],[-85.171252,40.742478],[-85.177513,40.74251],[-85.183903,40.742591],[-85.203198,40.742511],[-85.22267,40.742606],[-85.222964,40.804029]]]}},{"type":"Feature","id":"wells|union","properties":{"key":"wells|union"},"geometry":{"type":"Polygon","coordinates":[[[-85.33603,40.917082],[-85.290203,40.917038],[-85.286096,40.917043],[-85.271122,40.917063],[-85.223389,40.916985],[-85.223311,40.895605],[-85.223018,40.859232],[-85.222661,40.830078],[-85.233135,40.830095],[-85.238316,40.830174],[-85.243478,40.830263],[-85.299203,40.830452],[-85.323523,40.830557],[-85.330502,40.830592],[-85.335383,40.830647],[-85.335424,40.859911],[-85.33558,40.874522],[-85.33603,40.917082]]]}},{"type":"Feature","id":"boone|jackson","properties":{"key":"boone|jackson"},"geometry":{"type":"Polygon","coordinates":[[[-86.695781,40.010581],[-86.69063,40.01033],[-86.61982,40.0102],[-86.5823,40.01032],[-86.558844,40.010043],[-86.554207,40.008077],[-86.55416,39.995551],[-86.549424,39.995572],[-86.549313,39.986459],[-86.54454,39.986397],[-86.544603,39.981],[-86.54024,39.98094],[-86.540407,39.974371],[-86.544722,39.973879],[-86.544744,39.959289],[-86.544752,39.95352],[-86.543829,39.93713],[-86.54371,39.922792],[-86.576157,39.922692],[-86.581584,39.92282],[-86.587706,39.922734],[-86.59588,39.9227],[-86.61604,39.922682],[-86.621092,39.922767],[-86.628577,39.922796],[-86.634412,39.9228],[-86.638562,39.922806],[-86.65723,39.92309],[-86.695071,39.92277],[-86.695155,39.937429],[-86.695202,39.952354],[-86.69537,39.98615],[-86.695574,39.995856],[-86.695358,40.000003],[-86.695781,40.010581]]]}},{"type":"Feature","id":"boone|perry","properties":{"key":"boone|perry"},"geometry":{"type":"Polygon","coordinates":[[[-86.43187,39.996347],[-86.413243,39.996415],[-86.39393,39.99671],[-86.39385,39.98935],[-86.3939,39.98256],[-86.39401,39.97689],[-86.394104,39.967608],[-86.383818,39.967729],[-86.35613,39.96796],[-86.355454,39.946493],[-86.355343,39.927784],[-86.35998,39.927712],[-86.390565,39.923793],[-86.390656,39.931055],[-86.374066,39.931082],[-86.374079,39.938313],[-86.378967,39.939232],[-86.374083,39.940143],[-86.374082,39.945646],[-86.393127,39.94564],[-86.393235,39.952939],[-86.398403,39.955235],[-86.39764,39.959554],[-86.393978,39.967507],[-86.400298,39.968499],[-86.41279,39.96733],[-86.411679,39.971706],[-86.39853,39.9747],[-86.402896,39.978341],[-86.415543,39.981862],[-86.417708,39.986992],[-86.422353,39.98909],[-86.43187,39.992573],[-86.43187,39.996347]]]}},{"type":"Feature","id":"grant|fairmount","properties":{"key":"grant|fairmount"},"geometry":{"type":"Polygon","coordinates":[[[-85.672373,40.451615],[-85.644614,40.451745],[-85.634319,40.452595],[-85.597382,40.453169],[-85.597302,40.461292],[-85.591137,40.456874],[-85.584537,40.456858],[-85.577879,40.455766],[-85.571438,40.453231],[-85.562918,40.458362],[-85.558251,40.45709],[-85.559415,40.379024],[-85.578589,40.379524],[-85.671644,40.379356],[-85.671653,40.391167],[-85.67189,40.415364],[-85.672147,40.437045],[-85.672373,40.451615]]]}},{"type":"Feature","id":"grant|monroe","properties":{"key":"grant|monroe"},"geometry":{"type":"Polygon","coordinates":[[[-85.560142,40.5669],[-85.50406,40.566733],[-85.447014,40.566929],[-85.445829,40.479302],[-85.464134,40.480115],[-85.475213,40.480194],[-85.481296,40.480184],[-85.485541,40.480222],[-85.502268,40.480387],[-85.53998,40.480479],[-85.547966,40.48048],[-85.557796,40.480545],[-85.558014,40.485892],[-85.55925,40.509471],[-85.559857,40.538584],[-85.559754,40.54447],[-85.559866,40.549554],[-85.560015,40.555391],[-85.560097,40.561676],[-85.560142,40.5669]]]}},{"type":"Feature","id":"grant|sims","properties":{"key":"grant|sims"},"geometry":{"type":"Polygon","coordinates":[[[-85.864247,40.551384],[-85.863641,40.565525],[-85.787717,40.566491],[-85.78759,40.551983],[-85.787604,40.537562],[-85.787383,40.515781],[-85.787322,40.51031],[-85.787045,40.479498],[-85.863047,40.478728],[-85.863327,40.498736],[-85.863446,40.504222],[-85.864057,40.536853],[-85.864247,40.551384]]]}},{"type":"Feature","id":"hamilton|clay","properties":{"key":"hamilton|clay"},"geometry":{"type":"Polygon","coordinates":[[[-86.241099,39.998636],[-86.202838,39.999062],[-86.18353,39.999215],[-86.164921,39.999458],[-86.160067,39.99953],[-86.149812,39.999718],[-86.14217,39.999785],[-86.13664,39.999926],[-86.127101,40.000134],[-86.108568,40.000318],[-86.094277,40.000249],[-86.089641,40.000231],[-86.085224,40.000227],[-86.080148,40.00023],[-86.070538,40.000226],[-86.063897,40.000257],[-86.059779,40.000361],[-86.044517,40.000242],[-86.033803,40.000056],[-86.023229,40.000205],[-86.024512,39.995748],[-86.030389,39.991164],[-86.038909,39.990302],[-86.046656,39.98658],[-86.04665,39.981852],[-86.041482,39.980385],[-86.034936,39.981185],[-86.033831,39.976725],[-86.042877,39.972131],[-86.049259,39.967711],[-86.051466,39.962345],[-86.061908,39.957749],[-86.067098,39.954285],[-86.068887,39.949934],[-86.065345,39.944619],[-86.07254,39.93864],[-86.076261,39.928413],[-86.088705,39.926884],[-86.103486,39.926894],[-86.112414,39.926901],[-86.12681,39.926871],[-86.132934,39.926875],[-86.145883,39.927168],[-86.150691,39.927105],[-86.158055,39.927005],[-86.165066,39.926906],[-86.184029,39.926809],[-86.203087,39.926625],[-86.222286,39.926284],[-86.229605,39.926166],[-86.240736,39.926062],[-86.240902,39.940753],[-86.241017,39.962574],[-86.241177,39.977094],[-86.241074,39.991517],[-86.241249,39.998039],[-86.241099,39.998636]]]}},{"type":"Feature","id":"hamilton|washington","properties":{"key":"hamilton|washington"},"geometry":{"type":"Polygon","coordinates":[[[-86.241722,40.09985],[-86.2036,40.100206],[-86.175205,40.100468],[-86.140011,40.100802],[-86.133172,40.101162],[-86.128795,40.101298],[-86.090319,40.101269],[-86.090329,40.093989],[-86.090347,40.084048],[-86.09033,40.078881],[-86.090314,40.068998],[-86.0903,40.064886],[-86.090321,40.055766],[-86.090306,40.05034],[-86.09031,40.045482],[-86.08981,40.040256],[-86.089753,40.032899],[-86.089747,40.027285],[-86.089778,40.022001],[-86.089644,40.000454],[-86.094277,40.000249],[-86.108568,40.000318],[-86.126679,40.000142],[-86.13664,39.999926],[-86.141452,39.999845],[-86.145828,39.999779],[-86.160067,39.99953],[-86.164769,39.999461],[-86.18353,39.999215],[-86.202838,39.999062],[-86.238662,39.998724],[-86.24142,40.041545],[-86.241458,40.070819],[-86.241722,40.09985]]]}},{"type":"Feature","id":"hamilton|wayne","properties":{"key":"hamilton|wayne"},"geometry":{"type":"Polygon","coordinates":[[[-85.95864,40.1025],[-85.901718,40.103084],[-85.882437,40.103591],[-85.863278,40.103861],[-85.863052,40.074565],[-85.863054,40.070378],[-85.863008,40.066207],[-85.862976,40.059946],[-85.862856,40.045291],[-85.862396,40.031556],[-85.86224,40.002288],[-85.88954,40.002127],[-85.900188,40.002042],[-85.918954,40.00167],[-85.937813,40.00141],[-85.942626,40.001459],[-85.956744,40.001139],[-85.956668,40.008921],[-85.956816,40.014048],[-85.956973,40.030456],[-85.956976,40.036692],[-85.957039,40.041338],[-85.957086,40.046585],[-85.957855,40.07541],[-85.95864,40.1025]]]}},{"type":"Feature","id":"howard|howard","properties":{"key":"howard|howard"},"geometry":{"type":"Polygon","coordinates":[[[-86.127424,40.563098],[-86.121215,40.563174],[-86.089352,40.563405],[-86.013325,40.564128],[-86.012819,40.513865],[-86.012796,40.492071],[-86.012816,40.484797],[-86.01285,40.477684],[-86.036433,40.477355],[-86.050918,40.477206],[-86.050843,40.470623],[-86.060517,40.470534],[-86.060798,40.477109],[-86.069949,40.477028],[-86.079482,40.476941],[-86.088959,40.476858],[-86.088742,40.48991],[-86.088682,40.506271],[-86.088704,40.513188],[-86.088711,40.520338],[-86.107779,40.520274],[-86.117265,40.520233],[-86.126918,40.519949],[-86.126958,40.528979],[-86.127222,40.53624],[-86.12731,40.54889],[-86.127424,40.563098]]]}},{"type":"Feature","id":"howard|monroe","properties":{"key":"howard|monroe"},"geometry":{"type":"Polygon","coordinates":[[[-86.375501,40.489007],[-86.371415,40.490881],[-86.366136,40.488941],[-86.366303,40.483952],[-86.366283,40.477589],[-86.35894,40.477635],[-86.354207,40.478963],[-86.352466,40.473655],[-86.34804,40.472559],[-86.343573,40.473627],[-86.339251,40.471898],[-86.337422,40.467024],[-86.333348,40.468078],[-86.319327,40.467599],[-86.312307,40.471959],[-86.306869,40.46826],[-86.302609,40.469932],[-86.297786,40.466499],[-86.290536,40.466086],[-86.285383,40.466474],[-86.277412,40.466586],[-86.271402,40.471632],[-86.265305,40.471708],[-86.255154,40.468164],[-86.249103,40.472761],[-86.242811,40.470789],[-86.242776,40.453765],[-86.242842,40.446618],[-86.242827,40.439254],[-86.24285,40.431996],[-86.271309,40.431822],[-86.294993,40.431712],[-86.309249,40.431712],[-86.356799,40.431848],[-86.375762,40.431851],[-86.375501,40.489007]]]}},{"type":"Feature","id":"marion|lawrence","properties":{"key":"marion|lawrence"},"geometry":{"type":"Polygon","coordinates":[[[-86.084268,39.868681],[-86.070368,39.868813],[-86.069741,39.876097],[-86.069723,39.883382],[-86.069726,39.890644],[-86.069672,39.897927],[-86.069721,39.904726],[-86.069747,39.912419],[-86.069706,39.919699],[-86.069594,39.926985],[-86.063086,39.927003],[-86.055482,39.927029],[-86.050659,39.927046],[-86.046256,39.927053],[-86.029468,39.927112],[-86.01926,39.927281],[-86.013392,39.92738],[-86.00639,39.927092],[-86.001659,39.927057],[-85.995037,39.927],[-85.980854,39.927108],[-85.975872,39.927091],[-85.970122,39.926855],[-85.949984,39.927027],[-85.945487,39.927065],[-85.937587,39.927137],[-85.938099,39.913028],[-85.938079,39.89863],[-85.93808,39.891427],[-85.938077,39.887183],[-85.938071,39.877017],[-85.938067,39.869812],[-85.954013,39.869646],[-85.953683,39.856117],[-85.953489,39.841465],[-85.953317,39.834129],[-85.953123,39.826777],[-85.967198,39.826591],[-85.971997,39.826525],[-85.978771,39.82643],[-85.986307,39.826344],[-85.991069,39.826282],[-85.996348,39.82622],[-86.00043,39.826166],[-86.004737,39.826112],[-86.009924,39.826048],[-86.020013,39.825945],[-86.025212,39.825912],[-86.032214,39.825732],[-86.036353,39.825739],[-86.043492,39.825749],[-86.049172,39.825737],[-86.055251,39.825656],[-86.064781,39.825521],[-86.070906,39.825449],[-86.07855,39.825469],[-86.083772,39.825515],[-86.083781,39.833084],[-86.083841,39.840418],[-86.083932,39.847316],[-86.083987,39.851997],[-86.084046,39.857261],[-86.084105,39.867372],[-86.084268,39.868681]]]}},{"type":"Feature","id":"marion|perry","properties":{"key":"marion|perry"},"geometry":{"type":"Polygon","coordinates":[[[-86.246161,39.639655],[-86.239672,39.63859],[-86.239307,39.643561],[-86.238799,39.650175],[-86.234969,39.656519],[-86.236403,39.661252],[-86.236124,39.665585],[-86.23499,39.669843],[-86.229829,39.671789],[-86.225433,39.673447],[-86.224528,39.677777],[-86.22891,39.681046],[-86.234589,39.685579],[-86.228914,39.687428],[-86.224691,39.686462],[-86.222094,39.690628],[-86.222956,39.697285],[-86.215999,39.701284],[-86.213972,39.705793],[-86.217943,39.709908],[-86.212177,39.712038],[-86.207878,39.709356],[-86.203709,39.712649],[-86.199996,39.708382],[-86.192588,39.710702],[-86.199329,39.713249],[-86.191686,39.718189],[-86.177488,39.722193],[-86.15876,39.722437],[-86.153954,39.722524],[-86.145402,39.722655],[-86.139542,39.722747],[-86.132886,39.72299],[-86.126558,39.723087],[-86.120778,39.723151],[-86.111265,39.723281],[-86.101701,39.723429],[-86.095321,39.723474],[-86.0898,39.723539],[-86.082626,39.723619],[-86.082721,39.716484],[-86.082685,39.704369],[-86.082542,39.694587],[-86.08253,39.680639],[-86.082531,39.669944],[-86.082488,39.66592],[-86.082676,39.653772],[-86.08273,39.63644],[-86.10152,39.63585],[-86.106297,39.63578],[-86.11123,39.63575],[-86.117138,39.635607],[-86.126863,39.635474],[-86.139422,39.635386],[-86.145698,39.635263],[-86.15839,39.6351],[-86.163749,39.634999],[-86.170875,39.634857],[-86.177589,39.634736],[-86.183741,39.634611],[-86.19641,39.63439],[-86.205516,39.634246],[-86.234224,39.633854],[-86.239432,39.63707],[-86.243445,39.634296],[-86.24634,39.638623],[-86.246161,39.639655]]]}},{"type":"Feature","id":"miami|butler","properties":{"key":"miami|butler"},"geometry":{"type":"Polygon","coordinates":[[[-86.028656,40.763889],[-86.023379,40.765558],[-86.01797,40.764675],[-86.011228,40.759165],[-86.003235,40.757239],[-85.993201,40.753323],[-85.986418,40.7556],[-85.978808,40.757822],[-85.97145,40.759374],[-85.961499,40.759676],[-85.956394,40.762775],[-85.952061,40.768146],[-85.941783,40.772521],[-85.941094,40.737269],[-85.940809,40.720714],[-85.940066,40.686384],[-85.939525,40.650991],[-85.949018,40.650953],[-85.985691,40.650764],[-86.014154,40.650369],[-86.015076,40.729361],[-86.015204,40.739857],[-86.011807,40.748711],[-86.016786,40.751855],[-86.023044,40.754061],[-86.02756,40.757719],[-86.028656,40.763889]]]}},{"type":"Feature","id":"allen|monroe","properties":{"key":"allen|monroe"},"geometry":{"type":"Polygon","coordinates":[[[-84.882586,41.00792],[-84.8032800179985,41.009576007531],[-84.8032582490465,40.9893939921809],[-84.802922,40.922568],[-84.881017,40.920649],[-84.881895,40.964256],[-84.882045,40.97518],[-84.882019,40.980476],[-84.882586,41.00792]]]}},{"type":"Feature","id":"allen|pleasant","properties":{"key":"allen|pleasant"},"geometry":{"type":"Polygon","coordinates":[[[-85.226412,41.001897],[-85.207234,41.002075],[-85.201068,41.002069],[-85.176488,41.002149],[-85.168916,41.002158],[-85.159528,41.002213],[-85.148958,41.002296],[-85.129903,41.00253],[-85.111815,41.002988],[-85.111387,40.988168],[-85.111037,40.984048],[-85.110911,40.975676],[-85.112421,40.959663],[-85.110346,40.951962],[-85.109723,40.917331],[-85.223389,40.916985],[-85.22439,40.960583],[-85.226412,41.001897]]]}},{"type":"Feature","id":"allen|washington","properties":{"key":"allen|washington"},"geometry":{"type":"Polygon","coordinates":[[[-85.226417,41.125194],[-85.226318,41.132269],[-85.225971,41.155947],[-85.226029,41.177817],[-85.190025,41.177516],[-85.175707,41.177535],[-85.16612,41.177684],[-85.147594,41.177946],[-85.131433,41.178215],[-85.119399,41.178548],[-85.118558,41.167888],[-85.118532,41.16243],[-85.117905,41.148302],[-85.117551,41.139756],[-85.121415,41.13313],[-85.117091,41.133227],[-85.1168,41.126059],[-85.116733,41.118468],[-85.116186,41.113647],[-85.124587,41.108947],[-85.129173,41.109547],[-85.139568,41.105853],[-85.144537,41.107215],[-85.152,41.10347],[-85.157822,41.100778],[-85.162751,41.097399],[-85.163892,41.103228],[-85.168725,41.103183],[-85.16896,41.096186],[-85.173195,41.096208],[-85.170575,41.088634],[-85.179712,41.08851],[-85.190122,41.088433],[-85.211124,41.088607],[-85.226748,41.088904],[-85.226417,41.125194]]]}},{"type":"Feature","id":"whitley|columbia","properties":{"key":"whitley|columbia"},"geometry":{"type":"Polygon","coordinates":[[[-85.568261,41.177679],[-85.539243,41.177618],[-85.534847,41.177534],[-85.527942,41.177679],[-85.506506,41.177927],[-85.501394,41.177898],[-85.491544,41.178058],[-85.484831,41.178013],[-85.467581,41.178017],[-85.460598,41.178222],[-85.453808,41.178233],[-85.452994,41.164161],[-85.452817,41.15086],[-85.452795,41.141328],[-85.452437,41.127233],[-85.451947,41.089163],[-85.468858,41.089232],[-85.489417,41.089292],[-85.499975,41.0896],[-85.509163,41.089229],[-85.522799,41.089147],[-85.541913,41.089653],[-85.549175,41.089395],[-85.558517,41.089549],[-85.567713,41.090217],[-85.567712,41.118344],[-85.567873,41.154415],[-85.568059,41.167189],[-85.568261,41.177679]]]}},{"type":"Feature","id":"whitley|richland","properties":{"key":"whitley|richland"},"geometry":{"type":"Polygon","coordinates":[[[-85.686574,41.178376],[-85.671731,41.178572],[-85.652715,41.178489],[-85.652558,41.186112],[-85.652068,41.207503],[-85.625157,41.207236],[-85.606109,41.206977],[-85.596587,41.206551],[-85.55829,41.206627],[-85.53921,41.206511],[-85.539594,41.197289],[-85.539341,41.192029],[-85.539361,41.186345],[-85.539243,41.177618],[-85.568261,41.177679],[-85.568059,41.167189],[-85.567873,41.154415],[-85.567712,41.118344],[-85.585479,41.11859],[-85.686033,41.11793],[-85.68642,41.161248],[-85.686574,41.178376]]]}},{"type":"Feature","id":"carroll|adams","properties":{"key":"carroll|adams"},"geometry":{"type":"Polygon","coordinates":[[[-86.659053,40.652432],[-86.65878,40.7366],[-86.629934,40.736279],[-86.62039,40.73622],[-86.581739,40.735765],[-86.525143,40.735445],[-86.525073,40.718264],[-86.530288,40.715529],[-86.537943,40.710654],[-86.542317,40.709189],[-86.546305,40.703214],[-86.55234,40.697646],[-86.563024,40.694971],[-86.579395,40.691969],[-86.583803,40.690761],[-86.588753,40.68813],[-86.594988,40.682958],[-86.600187,40.681192],[-86.606295,40.676606],[-86.61191,40.671757],[-86.61789,40.670787],[-86.622341,40.666548],[-86.627196,40.663841],[-86.632918,40.658502],[-86.638833,40.656457],[-86.645092,40.652276],[-86.653498,40.649609],[-86.659088,40.649041],[-86.659053,40.652432]]]}},{"type":"Feature","id":"carroll|democrat","properties":{"key":"carroll|democrat"},"geometry":{"type":"Polygon","coordinates":[[[-86.581964,40.503994],[-86.572702,40.503854],[-86.530027,40.503652],[-86.487037,40.503426],[-86.468198,40.503309],[-86.46825,40.496214],[-86.468261,40.488969],[-86.468498,40.430965],[-86.525074,40.431259],[-86.563464,40.431443],[-86.568148,40.431449],[-86.580932,40.431494],[-86.581475,40.478123],[-86.581542,40.48219],[-86.581624,40.489449],[-86.581964,40.503994]]]}},{"type":"Feature","id":"carroll|jefferson","properties":{"key":"carroll|jefferson"},"geometry":{"type":"Polygon","coordinates":[[[-86.77423,40.664026],[-86.758301,40.664282],[-86.755375,40.670765],[-86.749477,40.673186],[-86.745449,40.674622],[-86.742266,40.679593],[-86.748587,40.678161],[-86.7557,40.676964],[-86.76171,40.678631],[-86.755393,40.683269],[-86.749492,40.68726],[-86.753716,40.689353],[-86.755085,40.693563],[-86.761373,40.697925],[-86.759549,40.702809],[-86.758687,40.710203],[-86.750011,40.714916],[-86.750011,40.719563],[-86.756286,40.721606],[-86.757473,40.72618],[-86.754313,40.73159],[-86.747764,40.73754],[-86.70197,40.73715],[-86.697099,40.737102],[-86.677986,40.736752],[-86.65878,40.7366],[-86.659053,40.652432],[-86.664703,40.649043],[-86.669081,40.649047],[-86.734087,40.649323],[-86.756739,40.649363],[-86.772609,40.649187],[-86.77423,40.664026]]]}},{"type":"Feature","id":"carroll|tippecanoe","properties":{"key":"carroll|tippecanoe"},"geometry":{"type":"Polygon","coordinates":[[[-86.772609,40.649187],[-86.758127,40.649249],[-86.734087,40.649323],[-86.669081,40.649047],[-86.664703,40.649043],[-86.659088,40.649041],[-86.664801,40.64508],[-86.67109,40.639656],[-86.674805,40.634045],[-86.675963,40.629029],[-86.672658,40.618429],[-86.672243,40.613062],[-86.675261,40.609056],[-86.682012,40.607191],[-86.691501,40.60262],[-86.697072,40.596937],[-86.698416,40.591228],[-86.698257,40.585343],[-86.693837,40.580856],[-86.688385,40.576228],[-86.690076,40.571917],[-86.694583,40.569502],[-86.696311,40.564253],[-86.771293,40.562082],[-86.77181,40.594058],[-86.772121,40.607662],[-86.77255,40.63832],[-86.772708,40.648249],[-86.772609,40.649187]]]}},{"type":"Feature","id":"adams|bluecreek","properties":{"key":"adams|bluecreek"},"geometry":{"type":"Polygon","coordinates":[[[-84.879674,40.745952],[-84.856053,40.74639],[-84.802164,40.747177],[-84.802258,40.72936],[-84.802269,40.718579],[-84.802287,40.702993],[-84.802093,40.691501],[-84.802304,40.680545],[-84.8023197583372,40.6747909449667],[-84.8023359061574,40.6603424906157],[-84.878249,40.65877],[-84.878708,40.666773],[-84.879086,40.673336],[-84.878824,40.680648],[-84.87925,40.688129],[-84.879674,40.745952]]]}},{"type":"Feature","id":"adams|jefferson","properties":{"key":"adams|jefferson"},"geometry":{"type":"Polygon","coordinates":[[[-84.8785,40.658116],[-84.8023359061574,40.6603424906157],[-84.802288,40.643024],[-84.8024157313088,40.5969391988147],[-84.8024561479916,40.58235706693],[-84.802483,40.572669],[-84.866124,40.571518],[-84.873026,40.571285],[-84.877728,40.571376],[-84.878114,40.63762],[-84.878672,40.656161],[-84.8785,40.658116]]]}},{"type":"Feature","id":"adams|root","properties":{"key":"adams|root"},"geometry":{"type":"Polygon","coordinates":[[[-84.997432,40.918764],[-84.987903,40.919123],[-84.958239,40.919672],[-84.900061,40.920397],[-84.881017,40.920649],[-84.880724,40.876963],[-84.880704,40.833289],[-84.887132,40.833234],[-84.893304,40.833182],[-84.90148,40.833092],[-84.92152,40.832962],[-84.928317,40.832116],[-84.943157,40.832411],[-84.955276,40.832264],[-84.976612,40.832229],[-84.993403,40.832206],[-84.996688,40.886754],[-84.99738,40.915351],[-84.997432,40.918764]]]}},{"type":"Feature","id":"cass|adams","properties":{"key":"cass|adams"},"geometry":{"type":"Polygon","coordinates":[[[-86.242433,40.909064],[-86.169012,40.909836],[-86.167661,40.866004],[-86.167685,40.829592],[-86.167992,40.816373],[-86.173452,40.816916],[-86.179121,40.816101],[-86.184677,40.814332],[-86.188519,40.809309],[-86.193201,40.805903],[-86.197266,40.800787],[-86.202062,40.793371],[-86.20751,40.792742],[-86.216212,40.791327],[-86.223563,40.794421],[-86.230047,40.797182],[-86.236473,40.796973],[-86.240677,40.800904],[-86.242405,40.806426],[-86.24228,40.822767],[-86.24226,40.830268],[-86.242112,40.837221],[-86.242093,40.85175],[-86.242094,40.862118],[-86.242433,40.909064]]]}},{"type":"Feature","id":"cass|clay","properties":{"key":"cass|clay"},"geometry":{"type":"Polygon","coordinates":[[[-86.35485,40.822876],[-86.338334,40.822533],[-86.285531,40.822873],[-86.268324,40.822903],[-86.258312,40.822763],[-86.24228,40.822767],[-86.242405,40.806426],[-86.242295,40.801152],[-86.246807,40.800344],[-86.251954,40.797151],[-86.256451,40.79777],[-86.25917,40.789805],[-86.263132,40.78565],[-86.264725,40.78133],[-86.265581,40.774613],[-86.271187,40.772663],[-86.277247,40.772005],[-86.283279,40.771171],[-86.28839,40.7689],[-86.297485,40.768024],[-86.303763,40.771911],[-86.312101,40.768716],[-86.317389,40.764665],[-86.321666,40.764226],[-86.326455,40.765491],[-86.331904,40.767936],[-86.337916,40.763828],[-86.346365,40.761571],[-86.354149,40.761092],[-86.354432,40.771487],[-86.354555,40.778648],[-86.354572,40.815508],[-86.35485,40.822876]]]}},{"type":"Feature","id":"cass|noble","properties":{"key":"cass|noble"},"geometry":{"type":"Polygon","coordinates":[[[-86.468372,40.756814],[-86.468058,40.778987],[-86.468059,40.800833],[-86.468142,40.815306],[-86.467988,40.822601],[-86.441317,40.822624],[-86.374183,40.822833],[-86.364575,40.822872],[-86.35485,40.822876],[-86.354572,40.815508],[-86.354555,40.778648],[-86.354459,40.771865],[-86.364163,40.771813],[-86.370433,40.769568],[-86.370645,40.765212],[-86.375582,40.764539],[-86.383009,40.764589],[-86.39048,40.760274],[-86.40008,40.760454],[-86.406037,40.760152],[-86.416831,40.75883],[-86.422544,40.75666],[-86.431095,40.756678],[-86.437499,40.756254],[-86.444092,40.755438],[-86.45165,40.749456],[-86.456262,40.747436],[-86.468208,40.745443],[-86.468372,40.756814]]]}},{"type":"Feature","id":"vanderburgh|center","properties":{"key":"vanderburgh|center"},"geometry":{"type":"Polygon","coordinates":[[[-87.599903,38.007652],[-87.599357,38.025905],[-87.598971,38.036816],[-87.598614,38.051322],[-87.598032,38.080051],[-87.588753,38.079969],[-87.584423,38.079834],[-87.555854,38.079522],[-87.516403,38.078763],[-87.499528,38.078498],[-87.472499,38.078162],[-87.473032,38.049424],[-87.473217,38.042323],[-87.47297,38.036181],[-87.475861,38.030704],[-87.479311,38.026612],[-87.483634,38.02709],[-87.489201,38.028678],[-87.492735,38.02424],[-87.493131,38.017982],[-87.495158,38.012486],[-87.501355,38.012117],[-87.506603,38.010221],[-87.505004,38.003222],[-87.507794,37.998463],[-87.515096,37.998458],[-87.519281,37.995947],[-87.524925,37.996108],[-87.527135,38.000235],[-87.534268,38.005981],[-87.538327,38.004177],[-87.542675,38.006164],[-87.548164,38.009048],[-87.55274,38.009193],[-87.557233,38.006401],[-87.563408,38.007348],[-87.566981,38.002814],[-87.566574,37.996252],[-87.572978,37.993923],[-87.577875,37.99786],[-87.584619,38.00318],[-87.589294,37.997262],[-87.594953,37.999717],[-87.590011,38.001356],[-87.592734,38.005641],[-87.597122,38.004832],[-87.599903,38.007652]]]}},{"type":"Feature","id":"vanderburgh|knight","properties":{"key":"vanderburgh|knight"},"geometry":{"type":"Polygon","coordinates":[[[-87.548244,37.940844],[-87.548142,37.948256],[-87.547974,37.955561],[-87.547774,37.962802],[-87.547658,37.97003],[-87.547745,37.977194],[-87.539286,37.977184],[-87.5385,37.98163],[-87.538337,37.991837],[-87.547455,37.992123],[-87.547221,37.999185],[-87.547009,38.006784],[-87.542675,38.006164],[-87.538327,38.004177],[-87.534268,38.005981],[-87.529943,38.00359],[-87.527432,37.997947],[-87.521847,37.99542],[-87.515096,37.998458],[-87.509372,37.997932],[-87.505331,38.001175],[-87.507045,38.006315],[-87.502739,38.012527],[-87.498517,38.01096],[-87.493131,38.017982],[-87.493868,38.023218],[-87.489201,38.028678],[-87.484928,38.028816],[-87.480074,38.025972],[-87.479086,38.030152],[-87.474637,38.033286],[-87.470606,38.033585],[-87.46122,38.034945],[-87.449867,38.03517],[-87.449496,38.00556],[-87.449906,37.991204],[-87.450283,37.983675],[-87.450011,37.976679],[-87.450204,37.969471],[-87.45051,37.957528],[-87.450707,37.947763],[-87.45093,37.942454],[-87.465514,37.93369],[-87.4696538579815,37.9308956203124],[-87.480680431065,37.9234527486037],[-87.49689,37.911167],[-87.5053632307904,37.9076178897369],[-87.511499,37.906426],[-87.520284,37.912618],[-87.531532,37.916298],[-87.5481476547484,37.9239725895825],[-87.548244,37.940844]]]}},{"type":"Feature","id":"laporte|cass","properties":{"key":"laporte|cass"},"geometry":{"type":"Polygon","coordinates":[[[-86.930216,41.41248],[-86.930173,41.434275],[-86.91835,41.43413],[-86.910337,41.434185],[-86.905122,41.434153],[-86.876597,41.434039],[-86.871775,41.434015],[-86.820888,41.433684],[-86.813836,41.433482],[-86.814607,41.375479],[-86.814759,41.36097],[-86.814884,41.346418],[-86.8633,41.346446],[-86.930662,41.346909],[-86.930216,41.41248]]]}},{"type":"Feature","id":"laporte|clinton","properties":{"key":"laporte|clinton"},"geometry":{"type":"Polygon","coordinates":[[[-86.930169,41.436194],[-86.930056,41.449692],[-86.929362,41.46311],[-86.929774,41.519019],[-86.916874,41.518704],[-86.894122,41.518409],[-86.824244,41.517642],[-86.816784,41.517629],[-86.813836,41.433482],[-86.820888,41.433684],[-86.871775,41.434015],[-86.876597,41.434039],[-86.905122,41.434153],[-86.910337,41.434185],[-86.916349,41.434294],[-86.930173,41.434275],[-86.930169,41.436194]]]}},{"type":"Feature","id":"laporte|hudson","properties":{"key":"laporte|hudson"},"geometry":{"type":"Polygon","coordinates":[[[-86.583594,41.713398],[-86.583136,41.721725],[-86.583474,41.72664],[-86.5832509264804,41.7595656237888],[-86.5724020009384,41.7595454942449],[-86.524222859982,41.7594561006795],[-86.524463,41.742171],[-86.524724,41.723406],[-86.524988,41.709246],[-86.525251,41.703623],[-86.525408,41.694581],[-86.583615,41.694514],[-86.583594,41.713398]]]}},{"type":"Feature","id":"laporte|johnson","properties":{"key":"laporte|johnson"},"geometry":{"type":"Polygon","coordinates":[[[-86.582024,41.489833],[-86.581917,41.51986],[-86.573781,41.520003],[-86.52494,41.519675],[-86.525154,41.489519],[-86.524709,41.476646],[-86.524711,41.432886],[-86.582297,41.432741],[-86.582024,41.489833]]]}},{"type":"Feature","id":"laporte|kankakee","properties":{"key":"laporte|kankakee"},"geometry":{"type":"Polygon","coordinates":[[[-86.700067,41.693883],[-86.641807,41.694488],[-86.603027,41.694497],[-86.602724,41.680458],[-86.602582,41.675396],[-86.60238,41.665929],[-86.602173,41.658412],[-86.60189,41.65109],[-86.602034,41.62175],[-86.601678,41.615512],[-86.601856,41.607161],[-86.64059,41.607258],[-86.660034,41.604791],[-86.670178,41.605219],[-86.676821,41.605544],[-86.687782,41.606205],[-86.696059,41.606152],[-86.69924,41.610933],[-86.699081,41.61798],[-86.699044,41.625835],[-86.699166,41.631816],[-86.699806,41.674354],[-86.699875,41.679518],[-86.700067,41.693883]]]}},{"type":"Feature","id":"laporte|noble","properties":{"key":"laporte|noble"},"geometry":{"type":"Polygon","coordinates":[[[-86.816784,41.517629],[-86.798811,41.517603],[-86.790486,41.517786],[-86.740126,41.51746],[-86.726256,41.517473],[-86.720894,41.517474],[-86.720106,41.498782],[-86.719473,41.483662],[-86.709979,41.483722],[-86.708893,41.461992],[-86.708386,41.456804],[-86.708023,41.447441],[-86.698436,41.447421],[-86.697648,41.432939],[-86.73645,41.433019],[-86.813836,41.433482],[-86.81666,41.516159],[-86.816784,41.517629]]]}},{"type":"Feature","id":"laporte|scipio","properties":{"key":"laporte|scipio"},"geometry":{"type":"Polygon","coordinates":[[[-86.817985,41.556392],[-86.817739,41.561077],[-86.817605,41.587122],[-86.817508,41.607032],[-86.797344,41.606973],[-86.752889,41.606899],[-86.748676,41.604386],[-86.748722,41.59888],[-86.744026,41.598433],[-86.73925,41.598478],[-86.739199,41.590745],[-86.729456,41.59112],[-86.719688,41.591432],[-86.707076,41.591321],[-86.699694,41.591187],[-86.699859,41.584144],[-86.700209,41.576412],[-86.700318,41.569149],[-86.700818,41.546857],[-86.720293,41.547031],[-86.725513,41.54693],[-86.726086,41.532229],[-86.726256,41.517473],[-86.740126,41.51746],[-86.789086,41.517569],[-86.798811,41.517603],[-86.816784,41.517629],[-86.8173,41.539634],[-86.817831,41.549649],[-86.817985,41.556392]]]}},{"type":"Feature","id":"fountain|davis","properties":{"key":"fountain|davis"},"geometry":{"type":"Polygon","coordinates":[[[-87.167314,40.301588],[-87.167287,40.326659],[-87.166751,40.334959],[-87.158508,40.336083],[-87.154146,40.334721],[-87.149839,40.335624],[-87.143451,40.337858],[-87.136221,40.338715],[-87.131525,40.340592],[-87.125797,40.345004],[-87.121346,40.346963],[-87.106259,40.354859],[-87.104335,40.360045],[-87.096339,40.366671],[-87.092148,40.366612],[-87.092203,40.353423],[-87.092516,40.301565],[-87.092709,40.258391],[-87.096999,40.258586],[-87.148587,40.25864],[-87.167714,40.258241],[-87.167314,40.301588]]]}},{"type":"Feature","id":"knox|vincennes","properties":{"key":"knox|vincennes"},"geometry":{"type":"Polygon","coordinates":[[[-87.670071,38.545237],[-87.665435,38.549946],[-87.6572718093129,38.55327538983],[-87.650704,38.55624],[-87.652745,38.564459],[-87.650181,38.570059],[-87.642937,38.572283],[-87.638073,38.577828],[-87.639775,38.581998],[-87.64021,38.589795],[-87.634823,38.592692],[-87.628157,38.588101],[-87.622897,38.586198],[-87.614508,38.58751],[-87.61135,38.593611],[-87.619443,38.594824],[-87.624143,38.596955],[-87.6272935474532,38.6052958409175],[-87.620532,38.612165],[-87.622759,38.617084],[-87.616152,38.623215],[-87.615736,38.627292],[-87.618924,38.631382],[-87.6209,38.636128],[-87.617315,38.642157],[-87.6114797009086,38.643908395109],[-87.605817,38.646518],[-87.60295,38.651236],[-87.602863,38.656363],[-87.60018,38.662462],[-87.587684,38.66998],[-87.579397,38.672475],[-87.5643920484565,38.6747519556405],[-87.545538,38.677613],[-87.540051,38.679143],[-87.5354096634287,38.6817178367169],[-87.531231,38.684036],[-87.522039,38.69335],[-87.519038,38.699526],[-87.519519,38.710455],[-87.516707,38.716332],[-87.508515,38.725768],[-87.5058333176155,38.7335377863042],[-87.482516,38.733477],[-87.462965,38.73342],[-87.462884,38.72869],[-87.462986,38.684197],[-87.463007,38.674135],[-87.463091,38.666663],[-87.463104,38.65973],[-87.463149,38.648589],[-87.463199,38.642822],[-87.487768,38.643177],[-87.499298,38.643339],[-87.508987,38.643244],[-87.509637,38.637999],[-87.511204,38.626813],[-87.515462,38.625047],[-87.530027,38.618427],[-87.538573,38.620724],[-87.538626,38.612134],[-87.548217,38.612153],[-87.55693,38.612144],[-87.556941,38.604795],[-87.574641,38.604666],[-87.574614,38.567887],[-87.593071,38.567771],[-87.593312,38.534541],[-87.593389,38.52067],[-87.609607,38.520755],[-87.613746,38.522723],[-87.622498,38.51995],[-87.628204,38.519747],[-87.632341,38.521807],[-87.641652,38.521757],[-87.646744,38.526003],[-87.650847,38.525704],[-87.648085,38.520524],[-87.655283,38.5208],[-87.659476,38.526711],[-87.660978,38.532145],[-87.669232,38.541742],[-87.670071,38.545237]]]}},{"type":"Feature","id":"vanderburgh|union","properties":{"key":"vanderburgh|union"},"geometry":{"type":"Polygon","coordinates":[[[-87.690271,37.909139],[-87.687276,37.913383],[-87.682832,37.916036],[-87.676698,37.921009],[-87.672569,37.919602],[-87.667151,37.922352],[-87.663005,37.92665],[-87.657381,37.928281],[-87.652237,37.928271],[-87.647144,37.928977],[-87.642611,37.935494],[-87.6419,37.940571],[-87.638171,37.946138],[-87.63364,37.947235],[-87.629324,37.947914],[-87.622417,37.947396],[-87.625874,37.941353],[-87.627545,37.934777],[-87.6233895965015,37.9304473472758],[-87.627892,37.922253],[-87.625592,37.916028],[-87.620795,37.907676],[-87.61179,37.901404],[-87.607707,37.899361],[-87.601967,37.895722],[-87.597118,37.892394],[-87.5889734299629,37.8862421026561],[-87.5842316502495,37.8790649410668],[-87.583925,37.872485],[-87.588036,37.868984],[-87.589202,37.863745],[-87.590274,37.85858],[-87.596083,37.85116],[-87.5992109034825,37.8466504981548],[-87.606599,37.838669],[-87.612426,37.83384],[-87.625014,37.829077],[-87.635806,37.827015],[-87.645858,37.825899],[-87.655171,37.826037],[-87.666522,37.827455],[-87.672397,37.829127],[-87.679188,37.836321],[-87.680689,37.84062],[-87.6819,37.84641],[-87.681633,37.855917],[-87.6754,37.865946],[-87.666817,37.879851],[-87.664382,37.886736],[-87.665259,37.892851],[-87.671762,37.899802],[-87.679131,37.902951],[-87.6834,37.903599],[-87.687942,37.904725],[-87.690271,37.909139]]]}},{"type":"Feature","id":"carroll|washington","properties":{"key":"carroll|washington"},"geometry":{"type":"Polygon","coordinates":[[[-86.467934,40.691955],[-86.448704,40.692134],[-86.391477,40.692364],[-86.373521,40.69246],[-86.373819,40.651035],[-86.373922,40.605449],[-86.416339,40.605024],[-86.467897,40.604965],[-86.467867,40.633965],[-86.467934,40.691955]]]}},{"type":"Feature","id":"delaware|monroe","properties":{"key":"delaware|monroe"},"geometry":{"type":"Polygon","coordinates":[[[-85.442872,40.149444],[-85.39507,40.14917],[-85.390624,40.14922],[-85.380284,40.149195],[-85.333454,40.149148],[-85.329269,40.149344],[-85.328867,40.131312],[-85.328696,40.1131],[-85.328095,40.076546],[-85.384805,40.076411],[-85.394453,40.076462],[-85.403715,40.076477],[-85.442547,40.076686],[-85.4426,40.12009],[-85.442872,40.149444]]]}},{"type":"Feature","id":"jennings|columbia","properties":{"key":"jennings|columbia"},"geometry":{"type":"Polygon","coordinates":[[[-85.557029,39.088067],[-85.555765,39.121411],[-85.55597,39.127025],[-85.555881,39.137869],[-85.517819,39.157045],[-85.499964,39.165914],[-85.460671,39.18532],[-85.440054,39.195617],[-85.439905,39.190763],[-85.441054,39.16173],[-85.441236,39.147002],[-85.441866,39.088375],[-85.443144,39.073458],[-85.462521,39.073358],[-85.52413,39.073723],[-85.528655,39.073891],[-85.548604,39.07378],[-85.557053,39.073582],[-85.557029,39.088067]]]}},{"type":"Feature","id":"dekalb|troy","properties":{"key":"dekalb|troy"},"geometry":{"type":"Polygon","coordinates":[[[-84.854416,41.529434],[-84.81176,41.530252],[-84.8046882846078,41.530134018066],[-84.804575,41.518248],[-84.8045478568261,41.5129088482139],[-84.804484,41.500348],[-84.80434,41.488153],[-84.8041978125184,41.4650695822936],[-84.8040728882055,41.4447887526322],[-84.851853,41.444137],[-84.854416,41.529434]]]}},{"type":"Feature","id":"hancock|sugarcreek","properties":{"key":"hancock|sugarcreek"},"geometry":{"type":"Polygon","coordinates":[[[-85.952378,39.782674],[-85.947456,39.782723],[-85.933499,39.782877],[-85.928803,39.782911],[-85.919337,39.783064],[-85.914533,39.783085],[-85.901533,39.783302],[-85.877805,39.783538],[-85.858714,39.783841],[-85.848122,39.784027],[-85.839894,39.784111],[-85.83962,39.77979],[-85.839084,39.757128],[-85.838245,39.698401],[-85.857084,39.698325],[-85.895887,39.698447],[-85.951721,39.697136],[-85.951699,39.726419],[-85.951842,39.734107],[-85.951817,39.740929],[-85.952204,39.7556],[-85.952312,39.771969],[-85.952378,39.782674]]]}},{"type":"Feature","id":"laporte|newdurham","properties":{"key":"laporte|newdurham"},"geometry":{"type":"Polygon","coordinates":[[[-86.932007,41.606965],[-86.906097,41.606885],[-86.89141,41.606849],[-86.882012,41.607148],[-86.855064,41.607312],[-86.821723,41.607116],[-86.817508,41.607032],[-86.817605,41.587122],[-86.817739,41.561077],[-86.817985,41.556392],[-86.817831,41.549649],[-86.8173,41.539634],[-86.816784,41.517629],[-86.824244,41.517642],[-86.894122,41.518409],[-86.916874,41.518704],[-86.929774,41.519019],[-86.930121,41.531624],[-86.92987,41.536056],[-86.930714,41.546394],[-86.931134,41.567762],[-86.931501,41.585356],[-86.931631,41.591522],[-86.932007,41.606965]]]}},{"type":"Feature","id":"fulton|rochester","properties":{"key":"fulton|rochester"},"geometry":{"type":"Polygon","coordinates":[[[-86.357004,41.116754],[-86.350257,41.115498],[-86.344782,41.11701],[-86.345072,41.121258],[-86.341635,41.11566],[-86.337219,41.117835],[-86.332499,41.114495],[-86.328082,41.114633],[-86.322214,41.116373],[-86.317827,41.117288],[-86.31359,41.116785],[-86.308115,41.113925],[-86.303123,41.114107],[-86.298857,41.115251],[-86.294501,41.114815],[-86.289934,41.112984],[-86.288121,41.106898],[-86.282705,41.106462],[-86.278262,41.104907],[-86.271909,41.105842],[-86.265498,41.102177],[-86.261171,41.103708],[-86.256047,41.107524],[-86.249535,41.106198],[-86.244452,41.100549],[-86.245369,41.095006],[-86.240778,41.094076],[-86.230566,41.096597],[-86.230781,41.102088],[-86.226305,41.102432],[-86.220685,41.10591],[-86.211124,41.110581],[-86.20701,41.111291],[-86.204773,41.116028],[-86.198209,41.119598],[-86.190463,41.122367],[-86.18764,41.11069],[-86.187631,41.0984],[-86.149411,41.098374],[-86.149237,41.083899],[-86.129999,41.083956],[-86.129905,41.054233],[-86.130305,41.032381],[-86.13002,40.996081],[-86.149164,40.996082],[-86.168459,40.996097],[-86.216039,40.996116],[-86.222636,40.996413],[-86.314238,40.996447],[-86.319558,40.996431],[-86.338215,40.99642],[-86.338221,41.010988],[-86.33833,41.025579],[-86.338284,41.053367],[-86.33797,41.084579],[-86.356878,41.084593],[-86.357004,41.116754]]]}},{"type":"Feature","id":"perry|leopold","properties":{"key":"perry|leopold"},"geometry":{"type":"Polygon","coordinates":[[[-86.67829,38.11769],[-86.678121,38.130396],[-86.653496,38.131226],[-86.645924,38.131771],[-86.631906,38.132809],[-86.574063,38.134689],[-86.536166,38.132954],[-86.536206,38.125016],[-86.535815,38.117521],[-86.532871,38.075754],[-86.613888,38.073528],[-86.623562,38.073562],[-86.65846,38.073118],[-86.679191,38.073099],[-86.67829,38.11769]]]}},{"type":"Feature","id":"henry|wayne","properties":{"key":"henry|wayne"},"geometry":{"type":"Polygon","coordinates":[[[-85.59688,39.791901],[-85.596697,39.866425],[-85.596678,39.872926],[-85.591137,39.872762],[-85.578667,39.872754],[-85.514464,39.873047],[-85.51434,39.866809],[-85.514128,39.8594],[-85.485808,39.859752],[-85.466037,39.861009],[-85.456876,39.860231],[-85.463106,39.8588],[-85.467656,39.858226],[-85.476165,39.854295],[-85.480848,39.850324],[-85.483806,39.846226],[-85.488501,39.840947],[-85.494674,39.835117],[-85.49461,39.823424],[-85.494483,39.813001],[-85.494329,39.803802],[-85.494067,39.787174],[-85.522521,39.786858],[-85.548194,39.786711],[-85.596916,39.786519],[-85.59688,39.791901]]]}},{"type":"Feature","id":"blackford|harrison","properties":{"key":"blackford|harrison"},"geometry":{"type":"Polygon","coordinates":[[[-85.333667,40.567327],[-85.288014,40.567117],[-85.220999,40.567251],[-85.201146,40.567242],[-85.201313,40.552128],[-85.201184,40.525023],[-85.201067,40.519919],[-85.200713,40.501624],[-85.200677,40.486778],[-85.200857,40.479495],[-85.206508,40.479373],[-85.276366,40.478633],[-85.331839,40.479106],[-85.333364,40.551815],[-85.333667,40.567327]]]}},{"type":"Feature","id":"greene|jefferson","properties":{"key":"greene|jefferson"},"geometry":{"type":"Polygon","coordinates":[[[-87.0359,39.168131],[-87.027601,39.168222],[-86.918583,39.167901],[-86.905261,39.167841],[-86.893144,39.167901],[-86.892395,39.159538],[-86.893769,39.152929],[-86.899531,39.152958],[-86.905416,39.146539],[-86.910711,39.146597],[-86.913034,39.141969],[-86.917104,39.136513],[-86.916688,39.132441],[-86.916833,39.127923],[-86.926962,39.126583],[-86.933993,39.126164],[-86.939427,39.128726],[-86.943955,39.12878],[-86.94383,39.124045],[-86.944509,39.11914],[-86.951146,39.11737],[-86.957163,39.116974],[-86.961281,39.115168],[-86.963553,39.110147],[-86.963477,39.10503],[-86.965062,39.099269],[-86.969074,39.095226],[-86.964687,39.094486],[-86.962813,39.089852],[-86.968646,39.087148],[-86.963753,39.084086],[-86.958243,39.082093],[-86.953798,39.082213],[-86.999324,39.081874],[-87.027721,39.082278],[-87.031975,39.082079],[-87.036006,39.154872],[-87.0359,39.168131]]]}},{"type":"Feature","id":"jackson|washington","properties":{"key":"jackson|washington"},"geometry":{"type":"Polygon","coordinates":[[[-85.9625,38.908118],[-85.925399,38.909116],[-85.889092,38.909991],[-85.852123,38.910704],[-85.842852,38.910908],[-85.796462,38.911024],[-85.796313,38.902446],[-85.803481,38.902966],[-85.802515,38.898915],[-85.808326,38.900933],[-85.811236,38.907552],[-85.816,38.909157],[-85.820644,38.906276],[-85.826843,38.905887],[-85.834733,38.903582],[-85.840121,38.900263],[-85.842756,38.896111],[-85.84876,38.893646],[-85.852067,38.888164],[-85.851241,38.88143],[-85.851062,38.876913],[-85.853722,38.872826],[-85.855328,38.866097],[-85.853861,38.860192],[-85.853478,38.855776],[-85.854938,38.849573],[-85.856917,38.844609],[-85.854578,38.840136],[-85.860492,38.838769],[-85.862654,38.834099],[-85.86678,38.834074],[-85.871606,38.831585],[-85.876791,38.829528],[-85.874545,38.825415],[-85.879575,38.825128],[-85.884638,38.824546],[-85.961541,38.823142],[-85.961584,38.852573],[-85.962386,38.907418],[-85.9625,38.908118]]]}},{"type":"Feature","id":"jennings|marion","properties":{"key":"jennings|marion"},"geometry":{"type":"Polygon","coordinates":[[[-85.795403,38.90287],[-85.790867,38.897838],[-85.784896,38.898799],[-85.779145,38.893968],[-85.773914,38.891118],[-85.770823,38.896337],[-85.765133,38.899194],[-85.762153,38.903733],[-85.756004,38.901098],[-85.749321,38.895743],[-85.744052,38.898378],[-85.739066,38.896129],[-85.703262,38.89638],[-85.684183,38.896857],[-85.684261,38.882535],[-85.684024,38.860331],[-85.683907,38.847743],[-85.683813,38.836298],[-85.684068,38.823873],[-85.683839,38.815406],[-85.691035,38.81596],[-85.697237,38.814793],[-85.703263,38.816577],[-85.706629,38.821273],[-85.709058,38.825891],[-85.715524,38.828224],[-85.718214,38.823784],[-85.723187,38.823027],[-85.729192,38.828731],[-85.734749,38.831285],[-85.730621,38.826664],[-85.734861,38.822909],[-85.739931,38.819343],[-85.745098,38.819471],[-85.747033,38.815411],[-85.751268,38.820177],[-85.75829,38.818831],[-85.759873,38.814689],[-85.76821,38.815127],[-85.769208,38.810962],[-85.774063,38.811696],[-85.779474,38.812682],[-85.782547,38.807511],[-85.789216,38.806986],[-85.794277,38.808268],[-85.795233,38.812373],[-85.795402,38.823469],[-85.796313,38.902446],[-85.795403,38.90287]]]}},{"type":"Feature","id":"jennings|bigger","properties":{"key":"jennings|bigger"},"geometry":{"type":"Polygon","coordinates":[[[-85.539466,38.929156],[-85.539047,38.948825],[-85.539427,39.000053],[-85.499969,39.000305],[-85.444658,39.000659],[-85.444897,38.912998],[-85.449999,38.912969],[-85.463477,38.912943],[-85.535471,38.912275],[-85.539058,38.916561],[-85.539466,38.929156]]]}},{"type":"Feature","id":"marion|franklin","properties":{"key":"marion|franklin"},"geometry":{"type":"Polygon","coordinates":[[[-86.082712,39.651186],[-86.082189,39.663174],[-86.082531,39.669944],[-86.08253,39.680639],[-86.082542,39.694587],[-86.082662,39.703554],[-86.082721,39.716484],[-86.082626,39.723619],[-86.073432,39.723972],[-86.063606,39.724258],[-86.047308,39.724661],[-86.027417,39.725052],[-86.020533,39.725493],[-86.008566,39.725599],[-85.989634,39.725827],[-85.951699,39.726419],[-85.951721,39.697136],[-85.952095,39.669626],[-85.95208,39.661276],[-85.952097,39.644729],[-85.95208,39.638345],[-85.99018,39.637968],[-86.018788,39.637342],[-86.044638,39.637224],[-86.05416,39.63703],[-86.058927,39.636929],[-86.06371,39.63683],[-86.074208,39.636589],[-86.08273,39.63644],[-86.082712,39.651186]]]}},{"type":"Feature","id":"howard|center","properties":{"key":"howard|center"},"geometry":{"type":"Polygon","coordinates":[[[-86.193382,40.497478],[-86.184064,40.497611],[-86.184132,40.515729],[-86.179362,40.515733],[-86.15431,40.519543],[-86.146876,40.519672],[-86.136231,40.519779],[-86.126918,40.519949],[-86.117265,40.520233],[-86.107779,40.520274],[-86.088711,40.520338],[-86.088704,40.513188],[-86.088682,40.506271],[-86.088742,40.48991],[-86.088959,40.476858],[-86.079482,40.476941],[-86.079586,40.47024],[-86.089003,40.469934],[-86.089074,40.462783],[-86.089151,40.44832],[-86.10832,40.448029],[-86.117773,40.447995],[-86.117744,40.440753],[-86.127144,40.440681],[-86.127082,40.448012],[-86.136501,40.447747],[-86.145926,40.44745],[-86.165157,40.447247],[-86.184253,40.446999],[-86.184239,40.45394],[-86.184099,40.468673],[-86.184025,40.473421],[-86.184027,40.487568],[-86.188851,40.487582],[-86.193504,40.490232],[-86.193382,40.497478]]]}},{"type":"Feature","id":"floyd|georgetown","properties":{"key":"floyd|georgetown"},"geometry":{"type":"Polygon","coordinates":[[[-86.014349,38.326416],[-86.014313,38.330645],[-85.987276,38.331157],[-85.947537,38.331204],[-85.925946,38.331242],[-85.919679,38.331266],[-85.914402,38.331726],[-85.901722,38.331793],[-85.901298,38.326694],[-85.90127,38.315835],[-85.90155,38.310403],[-85.901614,38.302195],[-85.89377,38.302062],[-85.884041,38.301798],[-85.884259,38.277566],[-85.895736,38.274904],[-85.903296,38.274829],[-85.91002,38.275141],[-85.909989,38.266764],[-85.918244,38.266752],[-85.918206,38.26039],[-85.955224,38.260501],[-85.973848,38.258132],[-85.97376,38.272768],[-85.992411,38.272789],[-85.992433,38.287058],[-85.995297,38.2927],[-85.995302,38.298437],[-86.014115,38.301813],[-86.014212,38.313941],[-86.014349,38.326416]]]}},{"type":"Feature","id":"grant|franklin","properties":{"key":"grant|franklin"},"geometry":{"type":"Polygon","coordinates":[[[-85.787717,40.566491],[-85.780653,40.56659],[-85.762167,40.566771],[-85.757086,40.566807],[-85.750088,40.566905],[-85.7448,40.567121],[-85.7123,40.567443],[-85.698746,40.567309],[-85.685578,40.567325],[-85.674106,40.567344],[-85.674016,40.561512],[-85.673937,40.556026],[-85.673876,40.551842],[-85.673768,40.545604],[-85.673701,40.538381],[-85.673448,40.522652],[-85.672981,40.509357],[-85.672609,40.499305],[-85.672404,40.492458],[-85.672615,40.487594],[-85.672656,40.480339],[-85.682203,40.480411],[-85.686387,40.480408],[-85.691437,40.480398],[-85.729482,40.480123],[-85.787045,40.479498],[-85.787296,40.508518],[-85.787383,40.515781],[-85.787586,40.533934],[-85.78759,40.551983],[-85.787717,40.566491]]]}},{"type":"Feature","id":"greene|center","properties":{"key":"greene|center"},"geometry":{"type":"Polygon","coordinates":[[[-86.831111,39.015679],[-86.830198,39.025713],[-86.830917,39.040741],[-86.830912,39.062618],[-86.830868,39.072593],[-86.830872,39.081318],[-86.789046,39.080809],[-86.776834,39.080985],[-86.754909,39.080767],[-86.748628,39.080336],[-86.691434,39.079843],[-86.682401,39.079846],[-86.682277,38.992404],[-86.740429,38.993274],[-86.81066,38.99362],[-86.83091,38.993717],[-86.830878,38.999884],[-86.831111,39.015679]]]}},{"type":"Feature","id":"clinton|center","properties":{"key":"clinton|center"},"geometry":{"type":"Polygon","coordinates":[[[-86.562327,40.271855],[-86.562239,40.286487],[-86.562215,40.291214],[-86.562194,40.300631],[-86.543293,40.300576],[-86.538831,40.300469],[-86.517566,40.300331],[-86.511548,40.300417],[-86.50136,40.300438],[-86.487278,40.300448],[-86.468214,40.300668],[-86.459435,40.300764],[-86.431992,40.300899],[-86.432018,40.264418],[-86.432024,40.25734],[-86.467871,40.257118],[-86.510699,40.257182],[-86.562321,40.257177],[-86.562327,40.269804],[-86.562327,40.271855]]]}},{"type":"Feature","id":"jackson|redding","properties":{"key":"jackson|redding"},"geometry":{"type":"Polygon","coordinates":[[[-85.909335,39.040279],[-85.884749,39.040533],[-85.877471,39.040397],[-85.860573,39.04091],[-85.862335,39.046537],[-85.85774,39.04993],[-85.853765,39.054845],[-85.849709,39.054977],[-85.847141,39.059826],[-85.843095,39.060893],[-85.832961,39.063663],[-85.828264,39.063587],[-85.822851,39.069711],[-85.816454,39.070888],[-85.812391,39.06836],[-85.807454,39.070742],[-85.800835,39.069084],[-85.798133,39.027695],[-85.797339,38.974933],[-85.797259,38.969762],[-85.81767,38.969999],[-85.831133,38.969368],[-85.84157,38.969254],[-85.848591,38.969031],[-85.853371,38.968909],[-85.876747,38.969068],[-85.88264,38.96905],[-85.88854,38.969028],[-85.893389,38.968972],[-85.900149,38.969008],[-85.908006,38.968951],[-85.90806,38.982624],[-85.908388,39.007019],[-85.909335,39.040279]]]}},{"type":"Feature","id":"jefferson|shelby","properties":{"key":"jefferson|shelby"},"geometry":{"type":"Polygon","coordinates":[[[-85.351001,38.843997],[-85.350352,38.913672],[-85.296568,38.913836],[-85.245616,38.914004],[-85.234382,38.913949],[-85.203166,38.913803],[-85.20285,38.842024],[-85.202839,38.831769],[-85.203125,38.825726],[-85.258346,38.82585],[-85.277596,38.825881],[-85.281652,38.825955],[-85.293816,38.825574],[-85.334334,38.825644],[-85.338882,38.825603],[-85.351548,38.825447],[-85.351001,38.843997]]]}},{"type":"Feature","id":"brown|vanburen","properties":{"key":"brown|vanburen"},"geometry":{"type":"Polygon","coordinates":[[[-86.300898,39.132875],[-86.249988,39.133121],[-86.226975,39.135227],[-86.22749,39.166351],[-86.184184,39.166465],[-86.080682,39.168336],[-86.080294,39.152543],[-86.079853,39.126971],[-86.079362,39.104827],[-86.07928,39.098623],[-86.079225,39.094471],[-86.07903,39.079641],[-86.080272,39.05027],[-86.172367,39.048556],[-86.244444,39.048357],[-86.2998,39.048861],[-86.300338,39.125052],[-86.30108,39.131658],[-86.300898,39.132875]]]}},{"type":"Feature","id":"parke|raccoon","properties":{"key":"parke|raccoon"},"geometry":{"type":"Polygon","coordinates":[[[-87.23905,39.625039],[-87.237289,39.695216],[-87.210676,39.695006],[-87.161102,39.69431],[-87.149828,39.694142],[-87.13761,39.694046],[-87.123247,39.693821],[-87.122937,39.671745],[-87.123542,39.662999],[-87.123032,39.64838],[-87.123181,39.625043],[-87.124237,39.605762],[-87.199012,39.607137],[-87.213056,39.607317],[-87.238725,39.607684],[-87.238563,39.621455],[-87.23905,39.625039]]]}},{"type":"Feature","id":"clark|monroe","properties":{"key":"clark|monroe"},"geometry":{"type":"Polygon","coordinates":[[[-85.884574,38.5088],[-85.884708,38.518152],[-85.866268,38.518425],[-85.866341,38.547095],[-85.847588,38.54714],[-85.847893,38.561269],[-85.821162,38.561418],[-85.821457,38.57539],[-85.812158,38.575553],[-85.812343,38.582911],[-85.802994,38.58301],[-85.803143,38.590261],[-85.793629,38.590333],[-85.793584,38.604814],[-85.781355,38.605076],[-85.765478,38.605483],[-85.755401,38.605622],[-85.749963,38.605848],[-85.723834,38.605534],[-85.707435,38.588843],[-85.698236,38.578512],[-85.694009,38.573419],[-85.688692,38.568386],[-85.683822,38.564354],[-85.667662,38.54761],[-85.674164,38.540756],[-85.693523,38.529597],[-85.73516,38.50628],[-85.745838,38.499925],[-85.75934,38.509577],[-85.764823,38.507162],[-85.768878,38.505055],[-85.78125,38.516552],[-85.792606,38.50979],[-85.805005,38.502525],[-85.811454,38.50038],[-85.821919,38.494526],[-85.829799,38.489968],[-85.848566,38.489148],[-85.854519,38.489072],[-85.866928,38.489037],[-85.866547,38.5039],[-85.871961,38.50388],[-85.880245,38.503306],[-85.884776,38.503469],[-85.884574,38.5088]]]}},{"type":"Feature","id":"lagrange|lima","properties":{"key":"lagrange|lima"},"geometry":{"type":"Polygon","coordinates":[[[-85.4866388056442,41.7594685952535],[-85.432471,41.759684],[-85.427553,41.759706],[-85.4206128350453,41.759730223211],[-85.4087499734979,41.7597716280768],[-85.379133,41.759875],[-85.3683090197532,41.7598873343813],[-85.36857,41.736411],[-85.368092,41.699733],[-85.372788,41.699796],[-85.37884,41.699799],[-85.39317,41.699721],[-85.407719,41.699657],[-85.425854,41.699593],[-85.454343,41.699244],[-85.474362,41.699123],[-85.483935,41.698971],[-85.486823,41.758648],[-85.4866388056442,41.7594685952535]]]}},{"type":"Feature","id":"dearborn|sparta","properties":{"key":"dearborn|sparta"},"geometry":{"type":"Polygon","coordinates":[[[-85.113111,39.050589],[-85.105884,39.090162],[-85.100701,39.11953],[-85.099825,39.124049],[-85.095867,39.146256],[-85.089565,39.145554],[-85.083347,39.141556],[-85.077735,39.140939],[-85.077441,39.135608],[-85.07127,39.134242],[-85.064205,39.129652],[-85.059189,39.127143],[-85.054878,39.125687],[-85.049527,39.122304],[-85.045652,39.117874],[-85.040014,39.115355],[-85.035669,39.112906],[-85.027651,39.111988],[-85.023601,39.10812],[-85.01958,39.104206],[-85.015333,39.103488],[-85.014093,39.085009],[-85.013754,39.061072],[-85.004334,39.060789],[-85.005235,39.046642],[-85.00526,39.041344],[-85.01296,39.03959],[-85.017717,39.033483],[-85.02599,39.029272],[-85.035553,39.029193],[-85.041393,39.031612],[-85.048884,39.0361],[-85.046167,39.040704],[-85.050624,39.041059],[-85.055218,39.042685],[-85.06073,39.045774],[-85.096695,39.046923],[-85.101544,39.050652],[-85.109567,39.053759],[-85.113111,39.050589]]]}},{"type":"Feature","id":"dubois|jefferson","properties":{"key":"dubois|jefferson"},"geometry":{"type":"Polygon","coordinates":[[[-86.774805,38.350774],[-86.759891,38.350963],[-86.749732,38.350794],[-86.740862,38.350757],[-86.728354,38.350666],[-86.713848,38.350586],[-86.680908,38.35096],[-86.68057,38.325108],[-86.680338,38.303055],[-86.679511,38.263086],[-86.679304,38.250055],[-86.710508,38.248085],[-86.760613,38.248547],[-86.771664,38.248707],[-86.771702,38.278523],[-86.771761,38.292352],[-86.774784,38.324658],[-86.774464,38.334509],[-86.774543,38.33963],[-86.774805,38.350774]]]}},{"type":"Feature","id":"harrison|taylor","properties":{"key":"harrison|taylor"},"geometry":{"type":"Polygon","coordinates":[[[-86.031384,37.994044],[-86.02757,37.999861],[-86.023175,38.003963],[-86.017301,38.00467],[-86.014109,38.011882],[-86.011441,38.018187],[-86.011578,38.025885],[-86.012725,38.053605],[-86.012571,38.059706],[-86.013195,38.082675],[-85.984985,38.082689],[-85.977313,38.08309],[-85.965753,38.08362],[-85.949213,38.083098],[-85.942566,38.082994],[-85.933802,38.082895],[-85.92119,38.083262],[-85.910531,38.083064],[-85.912006,38.0734],[-85.9153657805276,38.0651564672367],[-85.916315,38.060926],[-85.918912,38.041195],[-85.921275,38.03032],[-85.925654,38.021784],[-85.931221,38.016018],[-85.939609,38.009821],[-85.947114,38.005085],[-85.954638,38.004657],[-85.972918,38.002574],[-85.977423,38.003388],[-85.9990070966307,37.9999828010725],[-86.004045,37.999188],[-86.018451,37.996528],[-86.025561,37.994505],[-86.0307127124614,37.9916067355012],[-86.031384,37.994044]]]}},{"type":"Feature","id":"jefferson|hanover","properties":{"key":"jefferson|hanover"},"geometry":{"type":"Polygon","coordinates":[[[-85.535058,38.715779],[-85.516537,38.716314],[-85.516793,38.73787],[-85.498326,38.737985],[-85.483131,38.738097],[-85.470588,38.738172],[-85.449838,38.738272],[-85.443553,38.738218],[-85.443002,38.730369],[-85.4431821214301,38.7189381877157],[-85.450184,38.711931],[-85.456755,38.692252],[-85.456481,38.685069],[-85.4544396861738,38.6809126885849],[-85.473326,38.6802],[-85.497455,38.679949],[-85.497679,38.672522],[-85.497504,38.665371],[-85.534681,38.664817],[-85.534783,38.679354],[-85.535058,38.715779]]]}},{"type":"Feature","id":"clark|utica","properties":{"key":"clark|utica"},"geometry":{"type":"Polygon","coordinates":[[[-85.732671,38.383879],[-85.725465,38.380084],[-85.722002,38.387212],[-85.712657,38.394878],[-85.704886,38.398756],[-85.69496,38.404435],[-85.689488,38.398135],[-85.68534,38.400633],[-85.679199,38.403648],[-85.674704,38.398468],[-85.670758,38.394093],[-85.664505,38.393421],[-85.660438,38.388641],[-85.655436,38.391054],[-85.658437,38.395099],[-85.654172,38.397507],[-85.649613,38.398065],[-85.645593,38.397993],[-85.641474,38.399013],[-85.636331,38.396665],[-85.635089934985,38.3889313010612],[-85.6369286032287,38.3831796749528],[-85.638365,38.377016],[-85.6386719124505,38.3642021600549],[-85.6423103173556,38.3523835322261],[-85.64431,38.346017],[-85.6463076691024,38.3416911713157],[-85.6509650241036,38.3316059575868],[-85.6540978313233,38.3260203013501],[-85.6593878789268,38.3198951449007],[-85.6668719239612,38.3117798834773],[-85.673567,38.302325],[-85.679283,38.304615],[-85.68309,38.309181],[-85.688303,38.315373],[-85.68885,38.3228],[-85.697064,38.331724],[-85.706932,38.337566],[-85.710618,38.342356],[-85.712871,38.350689],[-85.718856,38.356229],[-85.727461,38.369173],[-85.732788,38.374998],[-85.728524,38.37348],[-85.721073,38.371255],[-85.728706,38.378848],[-85.733949,38.383763],[-85.732671,38.383879]]]}},{"type":"Feature","id":"knox|steen","properties":{"key":"knox|steen"},"geometry":{"type":"Polygon","coordinates":[[[-87.351978,38.728684],[-87.315117,38.72879],[-87.263277,38.728845],[-87.2599,38.724415],[-87.257043,38.718863],[-87.262679,38.715651],[-87.264452,38.711001],[-87.269632,38.708427],[-87.267059,38.701981],[-87.272622,38.696472],[-87.279173,38.693938],[-87.275104,38.68989],[-87.267441,38.688946],[-87.26289,38.688057],[-87.268296,38.684613],[-87.272461,38.683259],[-87.268221,38.677006],[-87.263859,38.674912],[-87.26114,38.670903],[-87.256979,38.665953],[-87.25497,38.670238],[-87.252326,38.676926],[-87.246768,38.678758],[-87.246,38.674618],[-87.253557,38.66704],[-87.257716,38.66351],[-87.25661,38.657097],[-87.250736,38.654365],[-87.243493,38.659109],[-87.238893,38.65964],[-87.240462,38.654349],[-87.239054,38.650173],[-87.244241,38.64934],[-87.248492,38.652887],[-87.252235,38.647682],[-87.246022,38.645224],[-87.242071,38.637414],[-87.236502,38.636276],[-87.240629,38.632128],[-87.248164,38.635544],[-87.252376,38.633306],[-87.250432,38.628796],[-87.245706,38.623346],[-87.238584,38.6145],[-87.240689,38.609629],[-87.246661,38.612307],[-87.253502,38.614352],[-87.29861,38.612184],[-87.308158,38.612108],[-87.308144,38.619497],[-87.314495,38.619528],[-87.323959,38.621513],[-87.326615,38.637094],[-87.327496,38.641342],[-87.33555,38.649225],[-87.351232,38.664488],[-87.351272,38.672173],[-87.351978,38.728684]]]}},{"type":"Feature","id":"grant|vanburen","properties":{"key":"grant|vanburen"},"geometry":{"type":"Polygon","coordinates":[[[-85.562294,40.653193],[-85.525488,40.653292],[-85.448825,40.653607],[-85.448134,40.625133],[-85.447014,40.566929],[-85.50406,40.566733],[-85.560142,40.5669],[-85.560362,40.580958],[-85.560896,40.608112],[-85.561126,40.617056],[-85.562294,40.653193]]]}},{"type":"Feature","id":"hendricks|washington","properties":{"key":"hendricks|washington"},"geometry":{"type":"Polygon","coordinates":[[[-86.457553,39.776289],[-86.457011,39.798368],[-86.447645,39.798491],[-86.438317,39.798663],[-86.428952,39.798886],[-86.419607,39.799024],[-86.41486,39.799126],[-86.402907,39.79937],[-86.393553,39.799612],[-86.381441,39.799794],[-86.362602,39.800125],[-86.355839,39.800202],[-86.345717,39.800416],[-86.338434,39.800472],[-86.326805,39.800646],[-86.32664,39.793307],[-86.326518,39.786001],[-86.326408,39.779279],[-86.326866,39.771011],[-86.326804,39.765148],[-86.326743,39.759804],[-86.326674,39.750124],[-86.32656,39.736197],[-86.3265,39.729442],[-86.326588,39.719838],[-86.335111,39.719517],[-86.353006,39.719369],[-86.35865,39.719266],[-86.366196,39.719194],[-86.372592,39.719107],[-86.377108,39.719063],[-86.390144,39.718879],[-86.39952,39.718714],[-86.404328,39.71873],[-86.417741,39.718502],[-86.43022,39.718352],[-86.435049,39.71827],[-86.457128,39.718064],[-86.457088,39.739871],[-86.457091,39.747241],[-86.457239,39.75459],[-86.457269,39.759103],[-86.457553,39.776289]]]}},{"type":"Feature","id":"lake|center","properties":{"key":"lake|center"},"geometry":{"type":"Polygon","coordinates":[[[-87.431247,41.364357],[-87.431108,41.377363],[-87.431155,41.385136],[-87.431226,41.391749],[-87.431185,41.40637],[-87.43117,41.420038],[-87.431181,41.424543],[-87.431169,41.431557],[-87.426309,41.43529],[-87.420268,41.435201],[-87.414575,41.435171],[-87.409327,41.435148],[-87.402094,41.435116],[-87.397255,41.435094],[-87.392434,41.435074],[-87.37332,41.434834],[-87.364523,41.434921],[-87.354826,41.434908],[-87.349475,41.43473],[-87.335535,41.434823],[-87.323131,41.4348],[-87.316293,41.434737],[-87.300409,41.434763],[-87.296818,41.430213],[-87.296765,41.423633],[-87.296801,41.412917],[-87.29681,41.39833],[-87.296892,41.387406],[-87.296908,41.362213],[-87.335629,41.362333],[-87.335475,41.347723],[-87.374303,41.347846],[-87.392632,41.34788],[-87.397516,41.347803],[-87.411927,41.347865],[-87.416718,41.347897],[-87.42156,41.347919],[-87.431229,41.348168],[-87.431213,41.352849],[-87.431247,41.364357]]]}},{"type":"Feature","id":"clark|silvercreek","properties":{"key":"clark|silvercreek"},"geometry":{"type":"Polygon","coordinates":[[[-85.807726,38.404313],[-85.795105,38.412487],[-85.789755,38.415439],[-85.793535,38.419678],[-85.779213,38.427631],[-85.774257,38.429609],[-85.764787,38.435162],[-85.75188,38.442608],[-85.745925,38.44204],[-85.751867,38.433034],[-85.747851,38.426964],[-85.742715,38.420683],[-85.742735,38.416295],[-85.738301,38.414458],[-85.732994,38.411071],[-85.733015,38.404246],[-85.727469,38.399239],[-85.722266,38.395838],[-85.719552,38.390773],[-85.724036,38.382076],[-85.730087,38.382798],[-85.724226,38.374079],[-85.728524,38.37348],[-85.732788,38.374998],[-85.732596,38.369212],[-85.730248,38.365136],[-85.734782,38.360112],[-85.737168,38.354814],[-85.741963,38.358026],[-85.747081,38.359008],[-85.754205,38.351612],[-85.758863,38.347085],[-85.764022,38.348548],[-85.771585,38.362574],[-85.776537,38.368122],[-85.781275,38.373594],[-85.787131,38.37758],[-85.79331,38.384351],[-85.803358,38.395641],[-85.808219,38.400707],[-85.807726,38.404313]]]}},{"type":"Feature","id":"monroe|bloomington","properties":{"key":"monroe|bloomington"},"geometry":{"type":"Polygon","coordinates":[[[-86.574114,39.275828],[-86.56934,39.274277],[-86.569212,39.266279],[-86.565057,39.269734],[-86.560499,39.268438],[-86.557553,39.263988],[-86.552826,39.2605],[-86.557363,39.255441],[-86.529648,39.251352],[-86.501039,39.251638],[-86.477166,39.251188],[-86.472341,39.250926],[-86.464045,39.250903],[-86.463525,39.212728],[-86.46329,39.205261],[-86.462863,39.197856],[-86.462778,39.185898],[-86.462596,39.166586],[-86.471888,39.164307],[-86.481195,39.164233],[-86.498296,39.164226],[-86.508477,39.164266],[-86.516412,39.164272],[-86.522628,39.164254],[-86.526905,39.164307],[-86.538656,39.164292],[-86.560136,39.164467],[-86.564996,39.164502],[-86.573281,39.164567],[-86.573607,39.171937],[-86.573595,39.18797],[-86.573725,39.207674],[-86.573885,39.251688],[-86.574114,39.275828]]]}},{"type":"Feature","id":"henry|liberty","properties":{"key":"henry|liberty"},"geometry":{"type":"Polygon","coordinates":[[[-85.327572,39.960608],[-85.307679,39.960536],[-85.302827,39.96052],[-85.271169,39.960537],[-85.263343,39.960561],[-85.200804,39.960705],[-85.200525,39.947121],[-85.200945,39.873799],[-85.220728,39.873576],[-85.259213,39.873188],[-85.271288,39.873101],[-85.319878,39.873001],[-85.328573,39.873125],[-85.327572,39.960608]]]}},{"type":"Feature","id":"daviess|madison","properties":{"key":"daviess|madison"},"geometry":{"type":"Polygon","coordinates":[[[-87.017356,38.902593],[-86.996876,38.902753],[-86.959608,38.903217],[-86.914855,38.904027],[-86.904252,38.904204],[-86.904204,38.896861],[-86.904201,38.891134],[-86.904193,38.849631],[-86.904251,38.830097],[-86.904227,38.817511],[-86.922943,38.817238],[-86.978015,38.816274],[-86.996689,38.815696],[-87.018691,38.814955],[-87.017356,38.902593]]]}},{"type":"Feature","id":"shelby|jackson","properties":{"key":"shelby|jackson"},"geometry":{"type":"Polygon","coordinates":[[[-85.95276,39.41974],[-85.952545,39.435921],[-85.890405,39.437249],[-85.877564,39.437383],[-85.844786,39.438203],[-85.845187,39.40506],[-85.846782,39.375062],[-85.850461,39.370862],[-85.846241,39.36737],[-85.850414,39.365203],[-85.855264,39.363788],[-85.860113,39.359525],[-85.859716,39.354041],[-85.85746,39.349312],[-85.870571,39.34925],[-85.942347,39.347599],[-85.952005,39.347373],[-85.95238,39.35463],[-85.9527,39.36189],[-85.95276,39.41974]]]}},{"type":"Feature","id":"randolph|stoneycreek","properties":{"key":"randolph|stoneycreek"},"geometry":{"type":"Polygon","coordinates":[[[-85.216391,40.17855],[-85.146877,40.178582],[-85.132408,40.178349],[-85.127698,40.17846],[-85.111018,40.178591],[-85.110921,40.171831],[-85.110371,40.134754],[-85.111068,40.121438],[-85.127331,40.121224],[-85.127267,40.106404],[-85.214902,40.106067],[-85.215598,40.134923],[-85.215845,40.149505],[-85.215909,40.15408],[-85.215911,40.163262],[-85.216391,40.17855]]]}},{"type":"Feature","id":"clark|washington","properties":{"key":"clark|washington"},"geometry":{"type":"Polygon","coordinates":[[[-85.632726,38.605582],[-85.56998,38.606155],[-85.496666,38.606736],[-85.496452,38.59222],[-85.496241,38.584967],[-85.496206,38.579176],[-85.496183,38.54129],[-85.486634,38.541615],[-85.486599,38.519946],[-85.541287,38.519674],[-85.55514,38.512185],[-85.558787,38.516316],[-85.563112,38.52118],[-85.569779,38.527862],[-85.578406,38.537197],[-85.602093,38.562742],[-85.642719,38.605628],[-85.632726,38.605582]]]}},{"type":"Feature","id":"vigo|nevins","properties":{"key":"vigo|nevins"},"geometry":{"type":"Polygon","coordinates":[[[-87.295455,39.601867],[-87.295604,39.608154],[-87.252816,39.607889],[-87.238725,39.607684],[-87.213056,39.607317],[-87.199012,39.607137],[-87.199214,39.588307],[-87.200107,39.519858],[-87.238964,39.52062],[-87.243349,39.52066],[-87.267096,39.520751],[-87.290576,39.520784],[-87.294718,39.520437],[-87.29515,39.541571],[-87.295169,39.549291],[-87.295193,39.564901],[-87.295116,39.590159],[-87.295632,39.596278],[-87.295455,39.601867]]]}},{"type":"Feature","id":"steuben|clearlake","properties":{"key":"steuben|clearlake"},"geometry":{"type":"Polygon","coordinates":[[[-84.8601345265726,41.7598926301222],[-84.825196,41.75999],[-84.818873,41.760059],[-84.805883,41.760216],[-84.806134,41.743115],[-84.806074,41.737603],[-84.806065,41.732909],[-84.806042,41.720544],[-84.806018,41.707485],[-84.8060088134515,41.7027384774162],[-84.816339,41.702492],[-84.859865,41.702024],[-84.859833,41.730469],[-84.859811,41.739985],[-84.8601,41.759706],[-84.8601345265726,41.7598926301222]]]}},{"type":"Feature","id":"noble|jefferson","properties":{"key":"noble|jefferson"},"geometry":{"type":"Polygon","coordinates":[[[-85.424618,41.35458],[-85.424242,41.366736],[-85.423955,41.376902],[-85.424065,41.381146],[-85.418746,41.381484],[-85.405281,41.381296],[-85.405207,41.389971],[-85.405341,41.39589],[-85.405357,41.410549],[-85.410053,41.410558],[-85.423753,41.410486],[-85.423635,41.424428],[-85.423375,41.438575],[-85.404146,41.438476],[-85.327353,41.437948],[-85.308355,41.437871],[-85.308675,41.411057],[-85.308681,41.394829],[-85.309373,41.351614],[-85.357336,41.351977],[-85.40046,41.352125],[-85.424501,41.352237],[-85.424618,41.35458]]]}},{"type":"Feature","id":"hancock|blueriver","properties":{"key":"hancock|blueriver"},"geometry":{"type":"Polygon","coordinates":[[[-85.726798,39.785296],[-85.707876,39.785543],[-85.688906,39.785695],[-85.633491,39.786177],[-85.633269,39.771148],[-85.632763,39.763866],[-85.632654,39.742038],[-85.633228,39.698462],[-85.705662,39.69887],[-85.7158,39.698839],[-85.72539,39.69885],[-85.72636,39.757282],[-85.72678,39.783227],[-85.726798,39.785296]]]}},{"type":"Feature","id":"clark|carr","properties":{"key":"clark|carr"},"geometry":{"type":"Polygon","coordinates":[[[-85.884544,38.488736],[-85.866928,38.489037],[-85.854519,38.489072],[-85.848566,38.489148],[-85.832863,38.48893],[-85.821919,38.494526],[-85.817966,38.49045],[-85.812223,38.483784],[-85.821684,38.476722],[-85.813189,38.467276],[-85.810867,38.461718],[-85.802963,38.456905],[-85.812241,38.453157],[-85.807806,38.450091],[-85.802458,38.448745],[-85.798148,38.44919],[-85.794037,38.444456],[-85.789981,38.445277],[-85.785567,38.442809],[-85.781613,38.437364],[-85.777374,38.438617],[-85.772837,38.43472],[-85.774257,38.429609],[-85.779213,38.427631],[-85.793535,38.419678],[-85.789755,38.415439],[-85.795105,38.412487],[-85.807587,38.405212],[-85.828,38.404265],[-85.883281,38.404162],[-85.884231,38.443001],[-85.884544,38.488736]]]}},{"type":"Feature","id":"henry|blueriver","properties":{"key":"henry|blueriver"},"geometry":{"type":"Polygon","coordinates":[[[-85.307602,39.975087],[-85.307509,39.993343],[-85.307297,40.018954],[-85.302674,40.018837],[-85.213553,40.019002],[-85.213496,40.00438],[-85.201473,40.004521],[-85.201048,39.975283],[-85.200804,39.960705],[-85.263343,39.960561],[-85.271169,39.960537],[-85.302827,39.96052],[-85.307679,39.960536],[-85.307602,39.975087]]]}},{"type":"Feature","id":"hendricks|guilford","properties":{"key":"hendricks|guilford"},"geometry":{"type":"Polygon","coordinates":[[[-86.437997,39.708769],[-86.437984,39.715422],[-86.43022,39.718352],[-86.418778,39.718633],[-86.408322,39.718602],[-86.403287,39.718626],[-86.393938,39.718813],[-86.380828,39.719029],[-86.37598,39.719079],[-86.369517,39.719149],[-86.36136,39.719256],[-86.353006,39.719369],[-86.335878,39.719564],[-86.326591,39.719486],[-86.326324,39.694428],[-86.326574,39.686552],[-86.326569,39.681681],[-86.326584,39.671795],[-86.326423,39.657707],[-86.326395,39.650379],[-86.326378,39.643119],[-86.326341,39.632177],[-86.335904,39.631985],[-86.347315,39.631662],[-86.359657,39.631476],[-86.365203,39.63099],[-86.375116,39.630797],[-86.385563,39.630681],[-86.394041,39.63068],[-86.417894,39.630457],[-86.437058,39.630294],[-86.437147,39.651521],[-86.437535,39.674085],[-86.437489,39.688707],[-86.437786,39.696208],[-86.437802,39.701098],[-86.437997,39.708769]]]}},{"type":"Feature","id":"porter|washington","properties":{"key":"porter|washington"},"geometry":{"type":"Polygon","coordinates":[[[-87.027314,41.454392],[-87.026854,41.460181],[-87.027097,41.469249],[-87.027112,41.473557],[-87.027115,41.478209],[-87.027171,41.487673],[-87.027162,41.492703],[-87.027152,41.500034],[-87.027191,41.507325],[-87.026836,41.512601],[-87.026869,41.521149],[-87.007895,41.520311],[-86.929774,41.519019],[-86.929362,41.46311],[-86.930056,41.449692],[-86.930169,41.436194],[-86.978597,41.434333],[-86.987977,41.434344],[-86.993358,41.434376],[-87.002782,41.434422],[-87.012549,41.434434],[-87.027074,41.434488],[-87.027314,41.454392]]]}},{"type":"Feature","id":"greene|washington","properties":{"key":"greene|washington"},"geometry":{"type":"Polygon","coordinates":[[[-87.129882,38.907315],[-87.129278,38.994616],[-87.090534,38.994559],[-87.081207,38.99462],[-87.072062,38.994624],[-87.053494,38.994542],[-87.053442,39.00904],[-87.016298,39.009022],[-87.01629,39.002045],[-86.999799,39.002105],[-86.988083,39.001798],[-86.988281,38.994298],[-86.945285,38.994273],[-86.948372,38.987183],[-86.955078,38.982058],[-86.956887,38.977623],[-86.961368,38.975675],[-86.96281,38.970679],[-86.969147,38.965884],[-86.975075,38.965344],[-86.98006,38.96937],[-86.988824,38.962049],[-86.993759,38.957937],[-86.996106,38.952338],[-86.99441,38.947829],[-86.996006,38.943385],[-87.00402,38.940032],[-87.006903,38.935505],[-87.004891,38.931347],[-87.012083,38.927934],[-87.023266,38.929201],[-87.033661,38.935103],[-87.041976,38.937517],[-87.046204,38.936683],[-87.053807,38.930249],[-87.063033,38.929],[-87.067885,38.929286],[-87.071939,38.926746],[-87.069953,38.920794],[-87.0741,38.918733],[-87.076567,38.922988],[-87.08458,38.919029],[-87.085097,38.91485],[-87.078747,38.912169],[-87.079095,38.907373],[-87.088618,38.911128],[-87.095245,38.91171],[-87.100347,38.90554],[-87.129771,38.90468],[-87.129882,38.907315]]]}},{"type":"Feature","id":"greene|cass","properties":{"key":"greene|cass"},"geometry":{"type":"Polygon","coordinates":[[[-87.100347,38.90554],[-87.096287,38.908846],[-87.092583,38.913685],[-87.082087,38.907455],[-87.077787,38.908178],[-87.084406,38.914055],[-87.08458,38.919029],[-87.079107,38.926451],[-87.0741,38.918733],[-87.069953,38.920794],[-87.071939,38.926746],[-87.067885,38.929286],[-87.063033,38.929],[-87.056998,38.929134],[-87.046204,38.936683],[-87.041976,38.937517],[-87.036444,38.936142],[-87.025651,38.929956],[-87.015775,38.927728],[-87.006065,38.929839],[-87.006903,38.935505],[-87.00402,38.940032],[-86.996006,38.943385],[-86.99441,38.947829],[-86.996106,38.952338],[-86.993759,38.957937],[-86.988824,38.962049],[-86.981386,38.969371],[-86.975075,38.965344],[-86.969147,38.965884],[-86.96281,38.970679],[-86.961368,38.975675],[-86.959443,38.957493],[-86.959398,38.950426],[-86.959797,38.903741],[-86.995134,38.902727],[-87.017356,38.902593],[-87.098771,38.903974],[-87.100347,38.90554]]]}},{"type":"Feature","id":"gibson|center","properties":{"key":"gibson|center"},"geometry":{"type":"Polygon","coordinates":[[[-87.502489,38.290195],[-87.501952,38.330515],[-87.5015,38.347874],[-87.501465,38.369954],[-87.501249,38.387707],[-87.501042,38.39924],[-87.473517,38.398963],[-87.44478,38.399144],[-87.444742,38.392414],[-87.407544,38.392471],[-87.407583,38.375501],[-87.407729,38.350799],[-87.407826,38.326691],[-87.407901,38.304831],[-87.409554,38.289443],[-87.465473,38.289132],[-87.502642,38.289282],[-87.502489,38.290195]]]}},{"type":"Feature","id":"jasper|jordan","properties":{"key":"jasper|jordan"},"geometry":{"type":"Polygon","coordinates":[[[-87.268443,40.89479],[-87.261731,40.89482],[-87.256157,40.895003],[-87.236013,40.894988],[-87.236189,40.902554],[-87.231298,40.902531],[-87.193081,40.906231],[-87.192931,40.887967],[-87.178577,40.887949],[-87.178744,40.87504],[-87.178584,40.870301],[-87.154657,40.870045],[-87.100209,40.866679],[-87.099793,40.837607],[-87.099645,40.823036],[-87.163642,40.822724],[-87.173378,40.822684],[-87.267769,40.822343],[-87.267987,40.865892],[-87.268443,40.89479]]]}},{"type":"Feature","id":"tippecanoe|wayne","properties":{"key":"tippecanoe|wayne"},"geometry":{"type":"Polygon","coordinates":[[[-87.092203,40.353423],[-87.092148,40.366612],[-87.089007,40.370694],[-87.083986,40.376271],[-87.081466,40.380887],[-87.077365,40.386987],[-87.075108,40.391661],[-87.071016,40.400349],[-87.064069,40.405854],[-87.059984,40.408702],[-87.049469,40.408451],[-87.04483,40.40862],[-87.035043,40.412924],[-87.029407,40.41502],[-87.023635,40.415131],[-87.019169,40.412986],[-87.014454,40.410219],[-87.008369,40.408078],[-87.002719,40.407107],[-86.999178,40.401842],[-86.999508,40.387789],[-86.999238,40.301213],[-87.092516,40.301565],[-87.092203,40.353423]]]}},{"type":"Feature","id":"dubois|boone","properties":{"key":"dubois|boone"},"geometry":{"type":"Polygon","coordinates":[[[-87.073048,38.457547],[-87.072968,38.466019],[-87.072436,38.4804],[-87.072274,38.50005],[-87.072452,38.505723],[-87.072369,38.5147],[-87.068364,38.511163],[-87.066999,38.506845],[-87.064783,38.502541],[-87.058686,38.500832],[-87.0532,38.503979],[-87.049836,38.508451],[-87.045073,38.510865],[-87.040271,38.511398],[-87.035477,38.51235],[-87.02884,38.508723],[-87.023427,38.507225],[-87.015936,38.509669],[-87.011097,38.512031],[-87.004793,38.508286],[-87.000003,38.509217],[-86.995547,38.513567],[-86.983674,38.504989],[-86.977992,38.502388],[-86.968664,38.504226],[-86.962387,38.504513],[-86.956217,38.503439],[-86.95645,38.49919],[-86.956349,38.493239],[-86.947663,38.490453],[-86.942513,38.492593],[-86.942465,38.466867],[-86.942645,38.437094],[-86.951817,38.437012],[-86.956472,38.436983],[-86.96206,38.436951],[-86.980043,38.436828],[-86.986494,38.436759],[-87.054178,38.436982],[-87.073124,38.437046],[-87.073048,38.457547]]]}},{"type":"Feature","id":"clark|jeffersonville","properties":{"key":"clark|jeffersonville"},"geometry":{"type":"Polygon","coordinates":[[[-85.79531,38.33408],[-85.789624,38.333171],[-85.783291,38.331865],[-85.789494,38.337632],[-85.784961,38.338735],[-85.777324,38.3431],[-85.772583,38.343604],[-85.764022,38.348548],[-85.758863,38.347085],[-85.754517,38.351443],[-85.747464,38.356022],[-85.741963,38.358026],[-85.737168,38.354814],[-85.734782,38.360112],[-85.729844,38.363723],[-85.732596,38.369212],[-85.733262,38.374224],[-85.727461,38.369173],[-85.717308,38.357067],[-85.715042,38.352605],[-85.709026,38.345438],[-85.706932,38.337566],[-85.699576,38.330429],[-85.68939,38.323042],[-85.684562,38.317868],[-85.684718,38.310781],[-85.679283,38.304615],[-85.6769516733052,38.3000030748268],[-85.683561,38.295469],[-85.6993730723917,38.2878513541918],[-85.7039895792801,38.2856272994648],[-85.7160145332834,38.2798341410357],[-85.7325330230487,38.271876170619],[-85.740857,38.267866],[-85.745077,38.26719],[-85.7506554584971,38.2678945005417],[-85.760933,38.271977],[-85.767162,38.277324],[-85.771407,38.284105],[-85.777376,38.286546],[-85.786904,38.288533],[-85.7910785029457,38.2877617033438],[-85.790792,38.2982],[-85.795676,38.305204],[-85.790592,38.307344],[-85.793484,38.312724],[-85.788435,38.318576],[-85.783593,38.320062],[-85.791084,38.324555],[-85.79715,38.332478],[-85.79531,38.33408]]]}},{"type":"Feature","id":"randolph|ward","properties":{"key":"randolph|ward"},"geometry":{"type":"Polygon","coordinates":[[[-85.01748,40.308996],[-84.919775,40.30941],[-84.900809,40.30941],[-84.90046,40.265874],[-84.900289,40.222414],[-84.928418,40.222446],[-84.994895,40.222136],[-85.016543,40.221923],[-85.016904,40.265164],[-85.017081,40.281872],[-85.016858,40.285873],[-85.01748,40.308996]]]}},{"type":"Feature","id":"randolph|wayne","properties":{"key":"randolph|wayne"},"geometry":{"type":"Polygon","coordinates":[[[-84.901684,40.121016],[-84.900823,40.164458],[-84.900611,40.175122],[-84.900289,40.222414],[-84.843629,40.222476],[-84.836532,40.222399],[-84.831525,40.222331],[-84.824471,40.224227],[-84.8053825581103,40.2237750613003],[-84.805497,40.218875],[-84.8056680863747,40.2115876263943],[-84.8058933310172,40.2019933973668],[-84.805988,40.197961],[-84.8061509318035,40.1925907103365],[-84.806499062602,40.1801669741777],[-84.807228,40.153842],[-84.807825,40.131413],[-84.808461,40.107189],[-84.863799,40.108006],[-84.901769,40.106529],[-84.901684,40.121016]]]}},{"type":"Feature","id":"madison|union","properties":{"key":"madison|union"},"geometry":{"type":"Polygon","coordinates":[[[-85.633667,40.077234],[-85.633622,40.084044],[-85.633564,40.092922],[-85.633582,40.10229],[-85.633578,40.108005],[-85.633578,40.113658],[-85.633599,40.12055],[-85.633589,40.131494],[-85.632517,40.138048],[-85.632484,40.142337],[-85.575903,40.142243],[-85.575883,40.134891],[-85.575981,40.119683],[-85.576011,40.115284],[-85.57605,40.110406],[-85.576141,40.092026],[-85.576197,40.077143],[-85.576276,40.06256],[-85.576408,40.047839],[-85.633619,40.047445],[-85.633628,40.062067],[-85.633652,40.076689],[-85.633667,40.077234]]]}},{"type":"Feature","id":"parke|liberty","properties":{"key":"parke|liberty"},"geometry":{"type":"Polygon","coordinates":[[[-87.433667,39.935165],[-87.429508,39.938112],[-87.423161,39.943681],[-87.420398,39.950509],[-87.415302,39.952562],[-87.318521,39.952753],[-87.313423,39.952764],[-87.261413,39.952868],[-87.261427,39.933148],[-87.261528,39.889832],[-87.272789,39.889853],[-87.299335,39.889897],[-87.299386,39.867935],[-87.31102,39.867907],[-87.367988,39.867648],[-87.376891,39.873505],[-87.378712,39.877972],[-87.370981,39.881479],[-87.36784,39.885871],[-87.368863,39.890471],[-87.373218,39.896788],[-87.378593,39.902769],[-87.3845,39.906327],[-87.391975,39.906901],[-87.399426,39.909589],[-87.404959,39.910857],[-87.409827,39.913514],[-87.41331,39.918379],[-87.405186,39.923778],[-87.406797,39.928482],[-87.411879,39.92871],[-87.417577,39.926121],[-87.422175,39.92594],[-87.431128,39.929571],[-87.433667,39.935165]]]}},{"type":"Feature","id":"elkhart|elkhart","properties":{"key":"elkhart|elkhart"},"geometry":{"type":"Polygon","coordinates":[[[-85.887238,41.608742],[-85.879241,41.608746],[-85.875175,41.608845],[-85.870168,41.608701],[-85.848481,41.608649],[-85.843682,41.608649],[-85.837105,41.608649],[-85.832274,41.608649],[-85.819694,41.6089],[-85.771861,41.609138],[-85.771214,41.581037],[-85.770643,41.551972],[-85.770545,41.546482],[-85.770395,41.537441],[-85.770212,41.522837],[-85.779706,41.522786],[-85.810084,41.522514],[-85.826918,41.522435],[-85.88582,41.522349],[-85.886526,41.564956],[-85.886765,41.580587],[-85.886937,41.587942],[-85.887037,41.595014],[-85.887141,41.602432],[-85.887217,41.607124],[-85.887238,41.608742]]]}},{"type":"Feature","id":"gibson|columbia","properties":{"key":"gibson|columbia"},"geometry":{"type":"Polygon","coordinates":[[[-87.407901,38.304831],[-87.407826,38.326691],[-87.407847,38.348702],[-87.407583,38.375501],[-87.402975,38.376844],[-87.397846,38.374856],[-87.398608,38.380028],[-87.395378,38.375719],[-87.393843,38.381113],[-87.387106,38.382864],[-87.387223,38.37877],[-87.382062,38.379309],[-87.38004,38.383375],[-87.376528,38.377137],[-87.372551,38.38167],[-87.370729,38.376827],[-87.36517,38.378562],[-87.360947,38.381441],[-87.357624,38.387796],[-87.352932,38.385698],[-87.348172,38.386244],[-87.349944,38.381906],[-87.344934,38.38228],[-87.340609,38.387299],[-87.341703,38.382232],[-87.335744,38.379448],[-87.331355,38.381691],[-87.32726,38.377953],[-87.326568,38.382203],[-87.324935,38.378114],[-87.320619,38.377158],[-87.319528,38.382762],[-87.317802,38.378606],[-87.316563,38.341411],[-87.316579,38.334196],[-87.316516,38.326671],[-87.31698,38.289775],[-87.325834,38.289818],[-87.377902,38.289644],[-87.409554,38.289443],[-87.407901,38.304831]]]}},{"type":"Feature","id":"posey|center","properties":{"key":"posey|center"},"geometry":{"type":"Polygon","coordinates":[[[-87.849089,38.027596],[-87.847296,38.082448],[-87.846411,38.126412],[-87.822237,38.125971],[-87.813887,38.125841],[-87.762786,38.125339],[-87.750011,38.125175],[-87.744005,38.125397],[-87.737278,38.125379],[-87.741227,38.120442],[-87.740463,38.113954],[-87.74554,38.108568],[-87.752153,38.104666],[-87.752708,38.099401],[-87.762154,38.094644],[-87.766408,38.088935],[-87.769662,38.08322],[-87.780585,38.072674],[-87.78687,38.067296],[-87.792887,38.059194],[-87.807237,38.051029],[-87.820583,38.039382],[-87.825714,38.034868],[-87.832288,38.029001],[-87.843427,38.024268],[-87.848395,38.024139],[-87.849089,38.027596]]]}},{"type":"Feature","id":"clinton|perry","properties":{"key":"clinton|perry"},"geometry":{"type":"Polygon","coordinates":[[[-86.695637,40.214367],[-86.695297,40.243435],[-86.695287,40.24877],[-86.695253,40.258211],[-86.618808,40.257651],[-86.580828,40.257243],[-86.581191,40.177701],[-86.616208,40.178319],[-86.6762,40.179],[-86.695804,40.178657],[-86.695637,40.214367]]]}},{"type":"Feature","id":"fulton|newcastle","properties":{"key":"fulton|newcastle"},"geometry":{"type":"Polygon","coordinates":[[[-86.187869,41.172291],[-86.152832,41.172283],[-86.121662,41.172482],[-86.11748,41.172535],[-86.077551,41.172868],[-86.076312,41.114028],[-86.075939,41.084878],[-86.122011,41.084101],[-86.129999,41.083956],[-86.149237,41.083899],[-86.149411,41.098374],[-86.187631,41.0984],[-86.18764,41.11069],[-86.18756,41.122769],[-86.187869,41.172291]]]}},{"type":"Feature","id":"pike|logan","properties":{"key":"pike|logan"},"geometry":{"type":"MultiPolygon","coordinates":[[[[-87.317934,38.37931],[-87.317461,38.379856],[-87.315886,38.38023],[-87.31596,38.375293],[-87.317318,38.375241],[-87.317677,38.375394],[-87.317658,38.37593],[-87.317007,38.376694],[-87.316806,38.377258],[-87.317802,38.378606],[-87.317934,38.37931]]],[[[-87.407544,38.392471],[-87.407327,38.43632],[-87.407382,38.450675],[-87.388533,38.450871],[-87.382689,38.451029],[-87.369915,38.45097],[-87.351805,38.450912],[-87.314686,38.450823],[-87.315107,38.421965],[-87.314964,38.413909],[-87.31529,38.397298],[-87.316243,38.381482],[-87.32052,38.379973],[-87.324935,38.378114],[-87.323137,38.382917],[-87.32726,38.377953],[-87.331355,38.381691],[-87.335744,38.379448],[-87.341605,38.379836],[-87.340974,38.38388],[-87.347486,38.382711],[-87.352932,38.385698],[-87.357624,38.387796],[-87.357647,38.382413],[-87.362033,38.37991],[-87.366814,38.379294],[-87.371922,38.377962],[-87.376528,38.377137],[-87.38004,38.383375],[-87.382062,38.379309],[-87.387108,38.375583],[-87.387106,38.382864],[-87.39141,38.382538],[-87.391939,38.377272],[-87.396842,38.37652],[-87.397527,38.380564],[-87.397846,38.374856],[-87.402446,38.374475],[-87.407583,38.375501],[-87.407544,38.392471]]]]}},{"type":"Feature","id":"putnam|floyd","properties":{"key":"putnam|floyd"},"geometry":{"type":"Polygon","coordinates":[[[-86.793694,39.693706],[-86.793498,39.725453],[-86.793365,39.759285],[-86.793165,39.776655],[-86.783186,39.776542],[-86.776453,39.776541],[-86.724764,39.77626],[-86.719746,39.776232],[-86.686814,39.776111],[-86.686822,39.760819],[-86.687076,39.717245],[-86.687176,39.688141],[-86.793671,39.688856],[-86.793694,39.693706]]]}},{"type":"Feature","id":"franklin|butler","properties":{"key":"franklin|butler"},"geometry":{"type":"Polygon","coordinates":[[[-85.171052,39.352903],[-85.169803,39.37066],[-85.169661,39.378784],[-85.169507,39.3945],[-85.131791,39.396638],[-85.12495,39.397577],[-85.094974,39.397898],[-85.076088,39.397768],[-85.076215,39.368924],[-85.076249,39.354315],[-85.075722,39.318209],[-85.076292,39.309993],[-85.096686,39.310149],[-85.132713,39.310407],[-85.136923,39.310195],[-85.151717,39.309987],[-85.170534,39.309884],[-85.171104,39.34016],[-85.171052,39.352903]]]}},{"type":"Feature","id":"hendricks|union","properties":{"key":"hendricks|union"},"geometry":{"type":"Polygon","coordinates":[[[-86.581584,39.92282],[-86.576157,39.922692],[-86.54371,39.922792],[-86.534309,39.922822],[-86.506028,39.922912],[-86.505647,39.877744],[-86.505464,39.834359],[-86.57673,39.834428],[-86.57661,39.864599],[-86.581373,39.86453],[-86.581516,39.921013],[-86.581584,39.92282]]]}},{"type":"Feature","id":"whitley|smith","properties":{"key":"whitley|smith"},"geometry":{"type":"Polygon","coordinates":[[[-85.424417,41.182183],[-85.424358,41.207466],[-85.424031,41.236231],[-85.423896,41.245574],[-85.423859,41.250199],[-85.423951,41.256305],[-85.424053,41.265048],[-85.393583,41.264931],[-85.365934,41.264739],[-85.346658,41.264498],[-85.307781,41.264158],[-85.309222,41.251045],[-85.309502,41.235192],[-85.309729,41.219502],[-85.309791,41.178889],[-85.338276,41.179065],[-85.35022,41.179191],[-85.421519,41.178491],[-85.424417,41.182183]]]}},{"type":"Feature","id":"brown|jackson","properties":{"key":"brown|jackson"},"geometry":{"type":"Polygon","coordinates":[[[-86.381395,39.339752],[-86.362345,39.340061],[-86.326076,39.34079],[-86.309074,39.341082],[-86.289679,39.34137],[-86.256691,39.34184],[-86.251684,39.341672],[-86.234342,39.341927],[-86.23415,39.3319],[-86.233979,39.311364],[-86.233153,39.264625],[-86.232786,39.251909],[-86.23094,39.225193],[-86.25019,39.224821],[-86.254223,39.224789],[-86.282542,39.224654],[-86.297537,39.225363],[-86.371993,39.223556],[-86.372193,39.238083],[-86.372435,39.249016],[-86.379937,39.25108],[-86.381395,39.339752]]]}},{"type":"Feature","id":"hancock|vernon","properties":{"key":"hancock|vernon"},"geometry":{"type":"Polygon","coordinates":[[[-85.938084,39.923196],[-85.936134,39.927509],[-85.930246,39.92757],[-85.918992,39.927724],[-85.914289,39.927966],[-85.905755,39.928405],[-85.899824,39.92859],[-85.895001,39.928628],[-85.884646,39.928711],[-85.867438,39.928895],[-85.862395,39.928943],[-85.862377,39.934252],[-85.862489,39.943618],[-85.854233,39.943725],[-85.837609,39.944029],[-85.828177,39.94414],[-85.824033,39.944245],[-85.819855,39.944286],[-85.815167,39.944334],[-85.810415,39.944453],[-85.805711,39.944567],[-85.80523,39.87159],[-85.841192,39.871004],[-85.86193,39.870653],[-85.878738,39.870498],[-85.904704,39.870198],[-85.922255,39.870077],[-85.92854,39.869963],[-85.933306,39.869889],[-85.938067,39.869812],[-85.938074,39.875246],[-85.938088,39.886979],[-85.93808,39.891427],[-85.938079,39.89863],[-85.938099,39.913028],[-85.938084,39.923196]]]}},{"type":"Feature","id":"dearborn|hogan","properties":{"key":"dearborn|hogan"},"geometry":{"type":"Polygon","coordinates":[[[-85.014211,39.10371],[-85.004612,39.103955],[-84.992284,39.103171],[-84.983534,39.103021],[-84.983828,39.090072],[-84.965449,39.090221],[-84.948105,39.089835],[-84.939293,39.092454],[-84.933575,39.093926],[-84.930164,39.088832],[-84.92591,39.088844],[-84.92563,39.08326],[-84.928293,39.075701],[-84.923645,39.073992],[-84.920623,39.068834],[-84.920667,39.056731],[-84.928416,39.055423],[-84.930412,39.051264],[-84.932878,39.046771],[-84.938066,39.047997],[-84.944386,39.048989],[-84.948433,39.048693],[-84.955284,39.047334],[-84.9599,39.048086],[-84.964983,39.047838],[-84.970813,39.047434],[-84.977969,39.046999],[-84.987188,39.048331],[-84.991541,39.048606],[-84.99842,39.043239],[-85.00246,39.04103],[-85.005235,39.046642],[-85.004334,39.060789],[-85.013754,39.061072],[-85.014093,39.085009],[-85.014211,39.10371]]]}},{"type":"Feature","id":"jennings|vernon","properties":{"key":"jennings|vernon"},"geometry":{"type":"Polygon","coordinates":[[[-85.701184,38.943658],[-85.698108,38.952057],[-85.690663,38.954598],[-85.684114,38.954276],[-85.679408,38.960754],[-85.677821,38.970234],[-85.630438,38.970132],[-85.630484,38.975967],[-85.630579,38.986834],[-85.630474,38.992184],[-85.616834,38.9921],[-85.611313,38.991816],[-85.611354,38.996175],[-85.578596,38.999852],[-85.571219,39.000051],[-85.557078,39.000054],[-85.539427,39.000053],[-85.539047,38.948825],[-85.539466,38.929156],[-85.539058,38.916561],[-85.539003,38.912201],[-85.573868,38.911635],[-85.573743,38.91668],[-85.580217,38.917798],[-85.584318,38.915257],[-85.587981,38.921847],[-85.5922,38.921206],[-85.598352,38.92054],[-85.596474,38.916444],[-85.606474,38.91892],[-85.620896,38.918935],[-85.63078,38.918535],[-85.630948,38.922559],[-85.630498,38.940724],[-85.649356,38.940724],[-85.6587,38.940955],[-85.679382,38.940818],[-85.685227,38.940929],[-85.694299,38.940273],[-85.703781,38.940345],[-85.701184,38.943658]]]}},{"type":"Feature","id":"parke|adams","properties":{"key":"parke|adams"},"geometry":{"type":"Polygon","coordinates":[[[-87.293738,39.780993],[-87.274053,39.78265],[-87.273858,39.79323],[-87.26821,39.795041],[-87.245543,39.794502],[-87.235985,39.794527],[-87.236039,39.782201],[-87.212918,39.781716],[-87.199181,39.781748],[-87.185579,39.781675],[-87.175725,39.781441],[-87.170419,39.781556],[-87.122796,39.780898],[-87.122136,39.773894],[-87.122871,39.744365],[-87.123247,39.693821],[-87.135568,39.693965],[-87.149828,39.694142],[-87.161102,39.69431],[-87.210676,39.695006],[-87.234931,39.695345],[-87.250015,39.695766],[-87.29,39.695857],[-87.293695,39.732112],[-87.293738,39.780993]]]}},{"type":"Feature","id":"jasper|barkley","properties":{"key":"jasper|barkley"},"geometry":{"type":"Polygon","coordinates":[[[-87.142326,41.04787],[-87.141897,41.085994],[-87.103668,41.085901],[-87.084521,41.08594],[-87.046143,41.085684],[-87.007554,41.085662],[-87.007647,41.023648],[-86.998209,41.023749],[-86.998393,41.014047],[-86.99823,41.004807],[-86.998114,40.998063],[-86.988626,40.998065],[-86.988831,40.985499],[-86.9984,40.981559],[-87.003025,40.981671],[-87.002954,40.977547],[-87.022003,40.977636],[-87.031491,40.974109],[-87.031574,40.968788],[-87.036408,40.968835],[-87.045527,40.96646],[-87.045685,40.955875],[-87.071999,40.955611],[-87.07809,40.955381],[-87.083165,40.955653],[-87.089533,40.955354],[-87.11295,40.95545],[-87.112923,40.970013],[-87.117827,40.970009],[-87.117695,40.977157],[-87.122456,40.977158],[-87.122447,40.984564],[-87.132262,40.984364],[-87.132174,40.99166],[-87.141796,40.991729],[-87.141934,40.997918],[-87.142045,41.012432],[-87.142251,41.037901],[-87.142326,41.04787]]]}},{"type":"Feature","id":"daviess|veale","properties":{"key":"daviess|veale"},"geometry":{"type":"Polygon","coordinates":[[[-87.249074,38.590238],[-87.245283,38.594815],[-87.248586,38.599551],[-87.244144,38.600308],[-87.239395,38.602394],[-87.183033,38.605178],[-87.166166,38.605396],[-87.166109,38.612735],[-87.144064,38.612319],[-87.128414,38.611561],[-87.128807,38.549571],[-87.128958,38.535198],[-87.128812,38.528075],[-87.134324,38.531751],[-87.13911,38.526272],[-87.135726,38.521487],[-87.138965,38.517392],[-87.146054,38.515925],[-87.151243,38.515814],[-87.155604,38.518146],[-87.155625,38.522864],[-87.154714,38.527381],[-87.160784,38.53097],[-87.166373,38.532467],[-87.171509,38.532771],[-87.172457,38.53862],[-87.175497,38.543954],[-87.182591,38.547619],[-87.193975,38.549302],[-87.200218,38.551639],[-87.20712,38.551709],[-87.213278,38.544776],[-87.220945,38.538829],[-87.227641,38.540596],[-87.235475,38.544975],[-87.240828,38.545606],[-87.238436,38.549912],[-87.24185,38.555527],[-87.246673,38.557005],[-87.242155,38.559923],[-87.238074,38.560647],[-87.239118,38.565559],[-87.247587,38.569466],[-87.243375,38.571546],[-87.237832,38.575721],[-87.23757,38.581037],[-87.242634,38.58195],[-87.247294,38.583129],[-87.249074,38.590238]]]}},{"type":"Feature","id":"cass|jefferson","properties":{"key":"cass|jefferson"},"geometry":{"type":"Polygon","coordinates":[[[-86.581616,40.750387],[-86.58111,40.77988],[-86.5804,40.82481],[-86.473048,40.822698],[-86.467988,40.822601],[-86.468142,40.815306],[-86.468059,40.800833],[-86.468015,40.78073],[-86.468027,40.75885],[-86.468208,40.745443],[-86.476773,40.74371],[-86.483182,40.743393],[-86.489481,40.741973],[-86.497282,40.741284],[-86.501559,40.739734],[-86.506402,40.734811],[-86.507876,40.730709],[-86.510022,40.723623],[-86.5165,40.719715],[-86.525213,40.717196],[-86.525143,40.735445],[-86.581739,40.735765],[-86.581616,40.750387]]]}},{"type":"Feature","id":"noble|albion","properties":{"key":"noble|albion"},"geometry":{"type":"Polygon","coordinates":[[[-85.442821,41.410173],[-85.426913,41.40994],[-85.410053,41.410558],[-85.405357,41.410549],[-85.405341,41.39589],[-85.405207,41.389971],[-85.405281,41.381296],[-85.416159,41.381448],[-85.424072,41.381571],[-85.443082,41.381135],[-85.442821,41.410173]]]}},{"type":"Feature","id":"rush|posey","properties":{"key":"rush|posey"},"geometry":{"type":"Polygon","coordinates":[[[-85.632824,39.656173],[-85.632505,39.698455],[-85.521509,39.698911],[-85.519897,39.648851],[-85.519885,39.640104],[-85.519857,39.626449],[-85.520058,39.611028],[-85.632224,39.61116],[-85.632771,39.625706],[-85.632824,39.656173]]]}},{"type":"Feature","id":"ripley|jackson","properties":{"key":"ripley|jackson"},"geometry":{"type":"Polygon","coordinates":[[[-85.440384,39.187457],[-85.440054,39.195617],[-85.434958,39.198582],[-85.427731,39.201572],[-85.415417,39.207915],[-85.374961,39.228169],[-85.334172,39.249016],[-85.324739,39.253677],[-85.315162,39.258653],[-85.315095,39.250051],[-85.315282,39.228058],[-85.315308,39.220773],[-85.315923,39.184092],[-85.315658,39.176828],[-85.315766,39.162174],[-85.336484,39.162488],[-85.385029,39.162673],[-85.394293,39.162872],[-85.403766,39.162833],[-85.42251,39.161828],[-85.441054,39.16173],[-85.440384,39.187457]]]}},{"type":"Feature","id":"porter|portage","properties":{"key":"porter|portage"},"geometry":{"type":"Polygon","coordinates":[[[-87.2226429797274,41.6241704979427],[-87.2027844197244,41.627224519153],[-87.187651,41.629653],[-87.1835405896164,41.630319870205],[-87.177096,41.631839],[-87.162094,41.635394],[-87.158529,41.640237],[-87.150469,41.641418],[-87.150497,41.63589],[-87.147503,41.645563],[-87.144818,41.633579],[-87.144914,41.619152],[-87.144753,41.606821],[-87.144207,41.602411],[-87.144112,41.596345],[-87.131807,41.59377],[-87.124699,41.593685],[-87.124582,41.586463],[-87.124437,41.573793],[-87.1244,41.559955],[-87.124096,41.5542],[-87.12411,41.53572],[-87.123995,41.521234],[-87.143446,41.521388],[-87.15308,41.521418],[-87.162601,41.52145],[-87.186538,41.521512],[-87.209391,41.52159],[-87.220633,41.521614],[-87.221053,41.536113],[-87.221404,41.550636],[-87.221686,41.561444],[-87.221841,41.569542],[-87.221965,41.574378],[-87.222058,41.579864],[-87.222161,41.589398],[-87.222221,41.594031],[-87.222519,41.60981],[-87.222565,41.617207],[-87.2226429797274,41.6241704979427]]]}},{"type":"Feature","id":"clark|bethlehem","properties":{"key":"clark|bethlehem"},"geometry":{"type":"Polygon","coordinates":[[[-85.496452,38.59222],[-85.478701,38.592434],[-85.478762,38.586178],[-85.443127,38.586011],[-85.4285934968577,38.5863523967306],[-85.418971,38.571322],[-85.415821,38.563558],[-85.415745,38.546723],[-85.417047,38.541726],[-85.422441,38.532931],[-85.428742,38.527073],[-85.4332489449541,38.5246823758042],[-85.438436,38.521931],[-85.458554,38.514678],[-85.466864,38.51084],[-85.470139,38.517108],[-85.486599,38.519946],[-85.486634,38.541615],[-85.496183,38.54129],[-85.496206,38.579176],[-85.496241,38.584967],[-85.496452,38.59222]]]}},{"type":"Feature","id":"sullivan|turman","properties":{"key":"sullivan|turman"},"geometry":{"type":"Polygon","coordinates":[[[-87.658201,39.138404],[-87.653201,39.143993],[-87.651719,39.150602],[-87.64497,39.154301],[-87.637443,39.156773],[-87.631571,39.152986],[-87.6293662476107,39.1575316188601],[-87.637426,39.159025],[-87.642065,39.162477],[-87.640434,39.166727],[-87.625024,39.169296],[-87.620521,39.17033],[-87.537545,39.172026],[-87.46121,39.171901],[-87.461487,39.103023],[-87.46163,39.084581],[-87.470711,39.08457],[-87.6181879688237,39.0850188415627],[-87.620387,39.091522],[-87.615465,39.095771],[-87.614881,39.102655],[-87.632655,39.104908],[-87.638585,39.105894],[-87.644609,39.104432],[-87.649166,39.104803],[-87.654839328118,39.1105526533294],[-87.651022,39.116439],[-87.641588,39.114542],[-87.635903,39.118329],[-87.637987,39.123428],[-87.64217,39.123212],[-87.643145,39.128562],[-87.6515,39.130817],[-87.658745,39.135997],[-87.658201,39.138404]]]}},{"type":"Feature","id":"dearborn|miller","properties":{"key":"dearborn|miller"},"geometry":{"type":"Polygon","coordinates":[[[-84.930574,39.159939],[-84.921153,39.159988],[-84.911982,39.161745],[-84.909343,39.168723],[-84.913805,39.175815],[-84.916402,39.181775],[-84.910645,39.18657],[-84.918153,39.187113],[-84.914794,39.194043],[-84.918932,39.194056],[-84.920993,39.205288],[-84.929651,39.204975],[-84.929773,39.21903],[-84.894958,39.21891],[-84.887209,39.218828],[-84.867149,39.218737],[-84.855974,39.218656],[-84.827312,39.218441],[-84.8200926763988,39.2187102505618],[-84.8198286396177,39.1614651677083],[-84.829322,39.161525],[-84.836265,39.16125],[-84.837464,39.151088],[-84.858274,39.147164],[-84.874954,39.146896],[-84.929789,39.147475],[-84.929666,39.153252],[-84.930574,39.159939]]]}},{"type":"Feature","id":"shelby|marion","properties":{"key":"shelby|marion"},"geometry":{"type":"Polygon","coordinates":[[[-85.80025,39.625982],[-85.778938,39.625726],[-85.767374,39.625713],[-85.750436,39.625722],[-85.734121,39.625995],[-85.705806,39.625917],[-85.705581,39.611313],[-85.703778,39.555016],[-85.732673,39.554662],[-85.756836,39.554728],[-85.770971,39.554649],[-85.775786,39.554665],[-85.782367,39.554678],[-85.791664,39.554798],[-85.79843,39.554734],[-85.799561,39.568147],[-85.799354,39.572303],[-85.799895,39.598631],[-85.80025,39.625982]]]}},{"type":"Feature","id":"elkhart|baugo","properties":{"key":"elkhart|baugo"},"geometry":{"type":"Polygon","coordinates":[[[-86.061359,41.680497],[-86.053313,41.681983],[-86.042424,41.683626],[-86.036212,41.679144],[-86.033612,41.683544],[-86.03439,41.688485],[-86.029511,41.686144],[-86.025412,41.677143],[-86.019101,41.679547],[-86.01137,41.677569],[-86.003331,41.679178],[-86.003281,41.675086],[-86.003134,41.670178],[-86.003159,41.665066],[-86.003067,41.6562],[-86.002945,41.648969],[-86.00284,41.641586],[-86.002765,41.631423],[-86.002595,41.623333],[-86.002415,41.608862],[-86.060652,41.6084],[-86.061084,41.65068],[-86.061085,41.65937],[-86.061089,41.664127],[-86.061329,41.678604],[-86.061359,41.680497]]]}},{"type":"Feature","id":"washington|brown","properties":{"key":"washington|brown"},"geometry":{"type":"Polygon","coordinates":[[[-86.310058,38.733131],[-86.302225,38.735815],[-86.301927,38.730425],[-86.297987,38.735177],[-86.292057,38.735097],[-86.291558,38.742541],[-86.287984,38.747829],[-86.28656,38.755087],[-86.282041,38.761124],[-86.282819,38.76631],[-86.277476,38.762985],[-86.272522,38.765537],[-86.266922,38.766144],[-86.26263,38.769729],[-86.257117,38.772006],[-86.254897,38.767846],[-86.257129,38.763498],[-86.251214,38.766714],[-86.244746,38.766116],[-86.237144,38.767797],[-86.236692,38.751616],[-86.234413,38.662016],[-86.233725,38.6549],[-86.233589,38.650401],[-86.233136,38.643852],[-86.252095,38.644088],[-86.270206,38.644205],[-86.289199,38.644427],[-86.307749,38.644462],[-86.308294,38.659118],[-86.307793,38.671602],[-86.308701,38.688101],[-86.309076,38.702548],[-86.309562,38.730674],[-86.310058,38.733131]]]}},{"type":"Feature","id":"dearborn|clay","properties":{"key":"dearborn|clay"},"geometry":{"type":"Polygon","coordinates":[[[-85.121983,39.002266],[-85.119559,39.017165],[-85.11822,39.024427],[-85.117107,39.029288],[-85.113111,39.050589],[-85.10141,39.053576],[-85.096592,39.050519],[-85.064404,39.046955],[-85.056835,39.045433],[-85.050624,39.041059],[-85.04643,39.042158],[-85.049957,39.037639],[-85.043621,39.035457],[-85.038331,39.029595],[-85.029797,39.029038],[-85.019919,39.031584],[-85.015807,39.038264],[-85.008764,39.041075],[-85.005415,38.997509],[-84.999445,38.99751],[-84.994154,38.997511],[-84.998709,38.995763],[-85.00194,38.987439],[-85.001655,38.978858],[-85.006639,38.977923],[-85.012761,38.980371],[-85.020121,38.982413],[-85.0237,38.975596],[-85.030619,38.975049],[-85.036627,38.976332],[-85.041758,38.974389],[-85.046392,38.972696],[-85.052202,38.972147],[-85.057207,38.970156],[-85.057881,38.974422],[-85.064943,38.975718],[-85.069369,38.97558],[-85.073357,38.981552],[-85.077989,38.982215],[-85.082709,38.98313],[-85.083814,38.988452],[-85.092969,38.988497],[-85.092897,38.995485],[-85.097061,38.995533],[-85.10242,38.998064],[-85.10678,38.999221],[-85.114518,38.998307],[-85.119749,39.001081],[-85.121983,39.002266]]]}},{"type":"Feature","id":"fayette|columbia","properties":{"key":"fayette|columbia"},"geometry":{"type":"Polygon","coordinates":[[[-85.242922,39.598098],[-85.186305,39.598337],[-85.15199,39.598641],[-85.156235,39.589863],[-85.154261,39.584558],[-85.157477,39.580347],[-85.156449,39.574486],[-85.155032,39.570079],[-85.153812,39.565593],[-85.158471,39.56496],[-85.161947,39.559412],[-85.169518,39.557428],[-85.171541,39.553358],[-85.1707,39.545094],[-85.166274,39.540597],[-85.163906,39.533831],[-85.168522,39.531628],[-85.168983,39.527344],[-85.176438,39.526277],[-85.241769,39.525701],[-85.242581,39.583281],[-85.242922,39.598098]]]}},{"type":"Feature","id":"johnson|clark","properties":{"key":"johnson|clark"},"geometry":{"type":"Polygon","coordinates":[[[-86.045267,39.60262],[-86.044732,39.611787],[-86.04462,39.622425],[-86.044623,39.628419],[-86.044705,39.637219],[-86.018788,39.637342],[-85.99018,39.637968],[-85.95208,39.638345],[-85.952523,39.60915],[-85.95247,39.600787],[-85.951828,39.552695],[-85.951922,39.537875],[-86.032412,39.536191],[-86.045188,39.535848],[-86.045193,39.554377],[-86.04522,39.5804],[-86.04522,39.58776],[-86.045267,39.60262]]]}},{"type":"Feature","id":"monroe|perry","properties":{"key":"monroe|perry"},"geometry":{"type":"Polygon","coordinates":[[[-86.573447,39.122978],[-86.573027,39.126991],[-86.573184,39.133811],[-86.573215,39.141834],[-86.573246,39.147485],[-86.573281,39.164567],[-86.564996,39.164502],[-86.560136,39.164467],[-86.538656,39.164292],[-86.528213,39.164342],[-86.522628,39.164254],[-86.516412,39.164272],[-86.509408,39.164264],[-86.498296,39.164226],[-86.481195,39.164233],[-86.472308,39.164305],[-86.462469,39.164629],[-86.462197,39.149039],[-86.461847,39.106856],[-86.461695,39.094312],[-86.461695,39.089597],[-86.461562,39.078276],[-86.489096,39.078318],[-86.497757,39.078185],[-86.512232,39.078519],[-86.536633,39.078456],[-86.541727,39.078563],[-86.573197,39.078747],[-86.573411,39.122227],[-86.573447,39.122978]]]}},{"type":"Feature","id":"henry|stoneycreek","properties":{"key":"henry|stoneycreek"},"geometry":{"type":"Polygon","coordinates":[[[-85.30882,40.076685],[-85.302903,40.076719],[-85.214386,40.076889],[-85.213935,40.062284],[-85.213553,40.019002],[-85.302674,40.018837],[-85.307297,40.018954],[-85.30744,40.040701],[-85.307455,40.04732],[-85.308674,40.061287],[-85.30882,40.076685]]]}},{"type":"Feature","id":"clay|brazil","properties":{"key":"clay|brazil"},"geometry":{"type":"Polygon","coordinates":[[[-87.144282,39.514221],[-87.144265,39.518713],[-87.143899,39.525848],[-87.143788,39.533137],[-87.143588,39.547938],[-87.143384,39.554758],[-87.124768,39.554422],[-87.098264,39.554133],[-87.098354,39.546839],[-87.098528,39.532431],[-87.098773,39.525148],[-87.098869,39.519853],[-87.103499,39.518039],[-87.112414,39.51811],[-87.118872,39.518178],[-87.125274,39.518245],[-87.125372,39.511175],[-87.133554,39.511329],[-87.14027,39.511535],[-87.14431,39.511295],[-87.144282,39.514221]]]}},{"type":"Feature","id":"fayette|connersville","properties":{"key":"fayette|connersville"},"geometry":{"type":"Polygon","coordinates":[[[-85.243329,39.652033],[-85.243357,39.6571],[-85.224695,39.657785],[-85.214708,39.657645],[-85.176738,39.657137],[-85.157709,39.657192],[-85.148251,39.657156],[-85.138768,39.657134],[-85.133412,39.657092],[-85.129259,39.657068],[-85.119667,39.656998],[-85.091663,39.657036],[-85.091697,39.638725],[-85.091541,39.625066],[-85.092034,39.598914],[-85.1201,39.598702],[-85.124985,39.598889],[-85.13435,39.598807],[-85.15199,39.598641],[-85.186305,39.598337],[-85.242922,39.598098],[-85.243265,39.620501],[-85.24322,39.627708],[-85.24356,39.649732],[-85.243329,39.652033]]]}},{"type":"Feature","id":"whitley|thorncreek","properties":{"key":"whitley|thorncreek"},"geometry":{"type":"Polygon","coordinates":[[[-85.539594,41.197289],[-85.53921,41.206511],[-85.53823,41.253458],[-85.538092,41.265852],[-85.533225,41.26624],[-85.502312,41.265585],[-85.491048,41.265504],[-85.462212,41.265182],[-85.433553,41.265058],[-85.424053,41.265048],[-85.423951,41.256305],[-85.423859,41.250199],[-85.423896,41.245574],[-85.424031,41.236231],[-85.424358,41.207466],[-85.424417,41.182183],[-85.453808,41.178233],[-85.460598,41.178222],[-85.467581,41.178017],[-85.482791,41.177994],[-85.491546,41.177949],[-85.501394,41.177953],[-85.506507,41.17785],[-85.527942,41.177679],[-85.534847,41.177534],[-85.539243,41.177618],[-85.539361,41.186345],[-85.539341,41.192029],[-85.539355,41.196337],[-85.539594,41.197289]]]}},{"type":"Feature","id":"lake|hobart","properties":{"key":"lake|hobart"},"geometry":{"type":"Polygon","coordinates":[[[-87.317278,41.566033],[-87.311459,41.565772],[-87.303936,41.565936],[-87.297929,41.565599],[-87.297977,41.569726],[-87.298104,41.574613],[-87.297351,41.579944],[-87.278699,41.580235],[-87.265748,41.579846],[-87.261436,41.579936],[-87.261326,41.590619],[-87.240662,41.594053],[-87.222221,41.594031],[-87.222161,41.589398],[-87.222058,41.579864],[-87.221965,41.574378],[-87.221841,41.569542],[-87.221778,41.565063],[-87.221404,41.550636],[-87.221126,41.539438],[-87.220737,41.524934],[-87.220194,41.507054],[-87.230382,41.507037],[-87.239386,41.507048],[-87.258793,41.507014],[-87.273158,41.507259],[-87.278037,41.507317],[-87.297213,41.507169],[-87.316621,41.507319],[-87.316735,41.52205],[-87.316894,41.536642],[-87.316947,41.541209],[-87.317065,41.547478],[-87.317153,41.551634],[-87.317278,41.566033]]]}},{"type":"Feature","id":"knox|palmyra","properties":{"key":"knox|palmyra"},"geometry":{"type":"Polygon","coordinates":[[[-87.463199,38.642822],[-87.463149,38.648589],[-87.463104,38.65973],[-87.463091,38.666663],[-87.463007,38.674135],[-87.462982,38.683009],[-87.462871,38.726243],[-87.458765,38.728681],[-87.452658,38.7287],[-87.420577,38.728686],[-87.414098,38.728677],[-87.409408,38.728648],[-87.387254,38.728652],[-87.351978,38.728684],[-87.351272,38.672173],[-87.351232,38.664488],[-87.33555,38.649225],[-87.327496,38.641342],[-87.345091,38.641261],[-87.451997,38.640985],[-87.463237,38.641054],[-87.463199,38.642822]]]}},{"type":"Feature","id":"morgan|clay","properties":{"key":"morgan|clay"},"geometry":{"type":"Polygon","coordinates":[[[-86.466399,39.510289],[-86.465354,39.556963],[-86.417609,39.556786],[-86.38562,39.557676],[-86.384505,39.551408],[-86.378873,39.550677],[-86.371493,39.550917],[-86.360665,39.551248],[-86.360733,39.558758],[-86.354339,39.559014],[-86.343581,39.558958],[-86.335806,39.559188],[-86.335722,39.515006],[-86.325337,39.515334],[-86.323223,39.511167],[-86.328088,39.510367],[-86.329368,39.505455],[-86.3334,39.501551],[-86.338808,39.501711],[-86.343016,39.503567],[-86.349128,39.501871],[-86.354039,39.499581],[-86.359099,39.498887],[-86.363974,39.496553],[-86.366141,39.492296],[-86.371297,39.496729],[-86.374223,39.491944],[-86.378572,39.491976],[-86.384216,39.490432],[-86.389377,39.493649],[-86.394565,39.493771],[-86.399513,39.496199],[-86.407169,39.500047],[-86.415494,39.502722],[-86.420073,39.501916],[-86.418444,39.494645],[-86.414398,39.490837],[-86.418678,39.486402],[-86.42464,39.488336],[-86.43148,39.485431],[-86.465076,39.484948],[-86.465186,39.498249],[-86.466399,39.510289]]]}},{"type":"Feature","id":"steuben|pleasant","properties":{"key":"steuben|pleasant"},"geometry":{"type":"Polygon","coordinates":[[[-85.083641,41.700456],[-85.072206,41.700452],[-85.065578,41.70053],[-85.060924,41.700599],[-85.055491,41.700523],[-85.048104,41.700587],[-85.039975,41.700636],[-85.035911,41.700665],[-85.020138,41.700778],[-85.006042,41.700924],[-84.970618,41.701073],[-84.970426,41.672012],[-84.97008,41.634451],[-84.970032,41.624718],[-84.969927,41.613231],[-85.004422,41.613366],[-85.029956,41.613069],[-85.047577,41.613031],[-85.082445,41.61283],[-85.082751,41.634733],[-85.083137,41.671192],[-85.083516,41.685413],[-85.083641,41.700456]]]}},{"type":"Feature","id":"huntington|clearcreek","properties":{"key":"huntington|clearcreek"},"geometry":{"type":"Polygon","coordinates":[[[-85.566451,41.003059],[-85.549194,41.003355],[-85.489886,41.004201],[-85.452146,41.005232],[-85.451807,40.960886],[-85.451515,40.917705],[-85.509182,40.916938],[-85.513549,40.916875],[-85.530245,40.91664],[-85.539225,40.916442],[-85.547601,40.916402],[-85.565506,40.915542],[-85.566356,40.996861],[-85.566451,41.003059]]]}},{"type":"Feature","id":"orange|paoli","properties":{"key":"orange|paoli"},"geometry":{"type":"Polygon","coordinates":[[[-86.533766,38.585796],[-86.51966,38.585903],[-86.515122,38.586194],[-86.514916,38.593729],[-86.514979,38.604283],[-86.515274,38.615086],[-86.505909,38.614335],[-86.49688,38.614355],[-86.458139,38.614867],[-86.438301,38.614762],[-86.402532,38.615547],[-86.383562,38.615447],[-86.383097,38.587748],[-86.383163,38.557421],[-86.382994,38.500056],[-86.440685,38.499084],[-86.456504,38.499089],[-86.466341,38.498366],[-86.52809,38.497735],[-86.533135,38.497464],[-86.533307,38.520454],[-86.533641,38.55509],[-86.533696,38.571072],[-86.533723,38.579237],[-86.533766,38.585796]]]}},{"type":"Feature","id":"clark|wood","properties":{"key":"clark|wood"},"geometry":{"type":"Polygon","coordinates":[[[-85.994633,38.429686],[-85.994147,38.453362],[-85.994011,38.472285],[-85.993317,38.48854],[-85.973828,38.488732],[-85.969339,38.488804],[-85.956195,38.488956],[-85.956229,38.499053],[-85.934679,38.502291],[-85.927624,38.50257],[-85.921395,38.502458],[-85.913374,38.502656],[-85.903265,38.502568],[-85.884776,38.503469],[-85.880245,38.503306],[-85.871961,38.50388],[-85.866547,38.5039],[-85.866928,38.489037],[-85.884544,38.488736],[-85.884231,38.443001],[-85.883281,38.404162],[-85.893058,38.404006],[-85.920403,38.403918],[-85.949308,38.403582],[-85.966719,38.403659],[-85.966886,38.410876],[-85.976124,38.410825],[-85.994629,38.410865],[-85.99462,38.418345],[-85.994633,38.429686]]]}},{"type":"Feature","id":"crawford|whiskeyrun","properties":{"key":"crawford|whiskeyrun"},"geometry":{"type":"Polygon","coordinates":[[[-86.384871,38.307354],[-86.379421,38.307438],[-86.379378,38.315575],[-86.379374,38.322084],[-86.371527,38.321946],[-86.357561,38.322328],[-86.347645,38.321948],[-86.347454,38.336611],[-86.337471,38.336596],[-86.337185,38.351189],[-86.327705,38.351136],[-86.327453,38.365442],[-86.323452,38.365413],[-86.308519,38.365464],[-86.308206,38.379711],[-86.308868,38.394069],[-86.308674,38.422875],[-86.255045,38.422685],[-86.257576,38.417755],[-86.263431,38.412481],[-86.258347,38.410138],[-86.253023,38.407619],[-86.252397,38.402648],[-86.250703,38.397891],[-86.255712,38.394881],[-86.260775,38.397622],[-86.259037,38.393186],[-86.251208,38.391514],[-86.246016,38.388816],[-86.250474,38.383281],[-86.255016,38.384412],[-86.255701,38.388941],[-86.259924,38.388225],[-86.261179,38.380438],[-86.259147,38.376375],[-86.257467,38.369063],[-86.25392,38.364839],[-86.248372,38.363692],[-86.249424,38.359131],[-86.247592,38.351235],[-86.253551,38.352273],[-86.261154,38.355649],[-86.263612,38.359949],[-86.270757,38.361277],[-86.273403,38.356191],[-86.281143,38.35063],[-86.275142,38.349515],[-86.273522,38.345045],[-86.272914,38.340536],[-86.274908,38.335807],[-86.273667,38.329691],[-86.273676,38.324447],[-86.274816,38.320347],[-86.281734,38.323739],[-86.282725,38.329754],[-86.287082,38.330395],[-86.283505,38.325233],[-86.284786,38.320742],[-86.289123,38.317517],[-86.283328,38.311906],[-86.277863,38.309556],[-86.278417,38.303012],[-86.271985,38.305799],[-86.265847,38.308563],[-86.258855,38.305643],[-86.264026,38.304106],[-86.264723,38.298808],[-86.26439,38.294662],[-86.258788,38.296949],[-86.253367,38.295328],[-86.254871,38.290669],[-86.256689,38.284355],[-86.26138,38.284077],[-86.265547,38.286246],[-86.267502,38.280192],[-86.272629,38.281295],[-86.276456,38.28595],[-86.27604,38.281481],[-86.296382,38.278534],[-86.348521,38.279375],[-86.348014,38.289505],[-86.384907,38.293095],[-86.384871,38.307354]]]}},{"type":"Feature","id":"jasper|milroy","properties":{"key":"jasper|milroy"},"geometry":{"type":"Polygon","coordinates":[[[-87.100686,40.895793],[-87.043094,40.895772],[-87.035222,40.895869],[-86.987348,40.896213],[-86.987194,40.881735],[-86.986836,40.852364],[-86.986438,40.837921],[-87.005723,40.837914],[-87.099793,40.837607],[-87.100209,40.866679],[-87.100686,40.895793]]]}},{"type":"Feature","id":"decatur|jackson","properties":{"key":"decatur|jackson"},"geometry":{"type":"Polygon","coordinates":[[[-85.687161,39.189026],[-85.686991,39.233035],[-85.686822,39.248331],[-85.68665,39.261348],[-85.676613,39.261328],[-85.636254,39.261788],[-85.624854,39.261448],[-85.613113,39.261942],[-85.603675,39.262077],[-85.603644,39.250051],[-85.603855,39.233966],[-85.603942,39.197374],[-85.603781,39.17539],[-85.602586,39.13197],[-85.624972,39.131417],[-85.629296,39.131726],[-85.649774,39.13147],[-85.664061,39.131112],[-85.686783,39.130859],[-85.687103,39.160123],[-85.687294,39.185605],[-85.687161,39.189026]]]}},{"type":"Feature","id":"greene|fairplay","properties":{"key":"greene|fairplay"},"geometry":{"type":"Polygon","coordinates":[[[-87.053418,39.013568],[-87.053383,39.031886],[-87.05336,39.038331],[-87.053441,39.082095],[-87.035221,39.082067],[-87.030594,39.082082],[-86.999324,39.081874],[-86.951546,39.08136],[-86.954354,39.076799],[-86.959415,39.075872],[-86.964182,39.076432],[-86.966574,39.069922],[-86.967048,39.064251],[-86.971835,39.0622],[-86.970548,39.05746],[-86.971365,39.051941],[-86.97737,39.050105],[-86.973109,39.048431],[-86.968992,39.048528],[-86.968738,39.042536],[-86.963947,39.04077],[-86.962004,39.035803],[-86.966848,39.029664],[-86.96776,39.02491],[-86.971437,39.020414],[-86.96788,39.016116],[-86.963528,39.014586],[-86.955138,39.010966],[-86.959024,39.002642],[-86.955646,38.995556],[-86.949354,38.997189],[-86.943365,39.002509],[-86.940987,38.997189],[-86.945285,38.994273],[-86.988281,38.994298],[-86.988083,39.001798],[-86.999799,39.002105],[-87.01629,39.002045],[-87.016298,39.009022],[-87.053442,39.00904],[-87.053418,39.013568]]]}},{"type":"Feature","id":"washington|jefferson","properties":{"key":"washington|jefferson"},"geometry":{"type":"Polygon","coordinates":[[[-86.237144,38.767797],[-86.232208,38.773194],[-86.226597,38.777949],[-86.220787,38.777165],[-86.220885,38.773158],[-86.21655,38.771372],[-86.215375,38.777799],[-86.210092,38.779446],[-86.205297,38.774033],[-86.197651,38.773769],[-86.202242,38.775946],[-86.205499,38.781814],[-86.200084,38.782371],[-86.196639,38.778296],[-86.189881,38.776626],[-86.187719,38.780925],[-86.181722,38.782401],[-86.179485,38.777475],[-86.172332,38.772844],[-86.167545,38.772617],[-86.15997,38.772576],[-86.153316,38.768778],[-86.145079,38.766929],[-86.140185,38.765435],[-86.134944,38.762425],[-86.128223,38.763755],[-86.125867,38.708321],[-86.124472,38.67811],[-86.161227,38.673539],[-86.160118,38.64429],[-86.164711,38.644399],[-86.197534,38.643879],[-86.233136,38.643852],[-86.233589,38.650401],[-86.233725,38.6549],[-86.234413,38.662016],[-86.236409,38.749362],[-86.237144,38.767797]]]}},{"type":"Feature","id":"delaware|niles","properties":{"key":"delaware|niles"},"geometry":{"type":"Polygon","coordinates":[[[-85.331737,40.378222],[-85.22073,40.379215],[-85.219829,40.366702],[-85.219726,40.360387],[-85.219694,40.350064],[-85.219015,40.321044],[-85.218918,40.315594],[-85.218758,40.306706],[-85.237341,40.306424],[-85.242067,40.306424],[-85.246845,40.306388],[-85.252141,40.30624],[-85.25621,40.306174],[-85.331419,40.3059],[-85.331639,40.33393],[-85.33186,40.349459],[-85.331737,40.378222]]]}},{"type":"Feature","id":"boone|harrison","properties":{"key":"boone|harrison"},"geometry":{"type":"Polygon","coordinates":[[[-86.544752,39.95352],[-86.544744,39.959289],[-86.544729,39.97024],[-86.540407,39.974371],[-86.54024,39.98094],[-86.536219,39.981027],[-86.530258,39.984582],[-86.530193,39.995499],[-86.502038,39.995659],[-86.468779,39.995725],[-86.450957,39.996248],[-86.450892,39.988723],[-86.44618,39.98878],[-86.446044,39.977916],[-86.45093,39.977888],[-86.45091,39.96682],[-86.450784,39.9522],[-86.44985,39.923297],[-86.46867,39.92278],[-86.506028,39.922912],[-86.534309,39.922822],[-86.54371,39.922792],[-86.54378,39.93454],[-86.543981,39.952076],[-86.544752,39.95352]]]}},{"type":"Feature","id":"boone|worth","properties":{"key":"boone|worth"},"geometry":{"type":"MultiPolygon","coordinates":[[[[-86.324861,40.01563],[-86.323443,40.015673],[-86.322434,40.015216],[-86.32242,40.01204],[-86.32482,40.012],[-86.324861,40.01563]]],[[[-86.328632,40.025832],[-86.327972,40.025844],[-86.327961,40.02648],[-86.326232,40.026512],[-86.326273,40.024096],[-86.328652,40.024054],[-86.328632,40.025832]]],[[[-86.39401,39.97689],[-86.3939,39.98256],[-86.39385,39.98935],[-86.39393,39.99671],[-86.39392,40.004589],[-86.39395,40.01126],[-86.393976,40.018584],[-86.39399,40.02587],[-86.393982,40.039274],[-86.355893,40.039813],[-86.34618,40.03998],[-86.34593,40.01159],[-86.329978,40.011916],[-86.330003,40.006843],[-86.321868,40.006986],[-86.327075,40.003393],[-86.32703,39.99746],[-86.327035,39.982994],[-86.331826,39.981127],[-86.331727,39.975668],[-86.327158,39.975688],[-86.332475,39.973536],[-86.336492,39.974226],[-86.33648,39.968996],[-86.34819,39.96826],[-86.355568,39.968076],[-86.383818,39.967729],[-86.392737,39.967574],[-86.39401,39.97689]]]]}},{"type":"Feature","id":"grant|liberty","properties":{"key":"grant|liberty"},"geometry":{"type":"Polygon","coordinates":[[[-85.787045,40.479498],[-85.729554,40.480122],[-85.693477,40.480339],[-85.686387,40.480408],[-85.682203,40.480411],[-85.672656,40.480339],[-85.672373,40.451615],[-85.672147,40.437045],[-85.67189,40.415364],[-85.671653,40.391167],[-85.671644,40.379515],[-85.680628,40.378887],[-85.690151,40.378479],[-85.708953,40.37856],[-85.719981,40.378561],[-85.727974,40.378784],[-85.7659,40.379033],[-85.786191,40.378923],[-85.786834,40.465008],[-85.787045,40.479498]]]}},{"type":"Feature","id":"grant|washington","properties":{"key":"grant|washington"},"geometry":{"type":"Polygon","coordinates":[[[-85.675525,40.652817],[-85.638587,40.653129],[-85.622746,40.653192],[-85.562294,40.653193],[-85.561143,40.617847],[-85.560911,40.608994],[-85.56037,40.581458],[-85.560142,40.5669],[-85.616317,40.567129],[-85.634911,40.567174],[-85.643405,40.567215],[-85.650561,40.567258],[-85.660962,40.567417],[-85.661848,40.572697],[-85.660882,40.580813],[-85.662119,40.585881],[-85.662556,40.590576],[-85.665817,40.595832],[-85.674588,40.594536],[-85.674817,40.610228],[-85.674942,40.617364],[-85.675525,40.652817]]]}},{"type":"Feature","id":"hamilton|fallcreek","properties":{"key":"hamilton|fallcreek"},"geometry":{"type":"Polygon","coordinates":[[[-85.995037,39.927808],[-85.995003,39.93435],[-85.994988,39.939606],[-85.994937,39.947878],[-85.994929,39.951891],[-85.994857,39.957058],[-85.994141,39.964362],[-85.994184,39.971678],[-85.994249,39.978974],[-85.99428,39.984417],[-85.994385,39.993625],[-85.994446,39.998873],[-85.982137,40.00103],[-85.956744,40.001139],[-85.942626,40.001459],[-85.937813,40.00141],[-85.919072,40.00167],[-85.900188,40.002042],[-85.891696,40.002112],[-85.86224,40.002288],[-85.86224,39.995018],[-85.862246,39.984689],[-85.862123,39.973055],[-85.862084,39.965459],[-85.861856,39.958457],[-85.862489,39.943618],[-85.862385,39.936224],[-85.862395,39.928943],[-85.867438,39.928895],[-85.881091,39.928741],[-85.892036,39.928655],[-85.899824,39.92859],[-85.904521,39.928467],[-85.914289,39.927966],[-85.918992,39.927724],[-85.930246,39.92757],[-85.936134,39.927509],[-85.945487,39.927065],[-85.949984,39.927027],[-85.970122,39.926855],[-85.975357,39.926858],[-85.980854,39.927108],[-85.991485,39.927034],[-85.995037,39.927808]]]}},{"type":"Feature","id":"howard|ervin","properties":{"key":"howard|ervin"},"geometry":{"type":"Polygon","coordinates":[[[-86.375478,40.500036],[-86.375151,40.517839],[-86.374417,40.561361],[-86.346732,40.561331],[-86.280223,40.561765],[-86.261248,40.561882],[-86.242278,40.561961],[-86.242724,40.504122],[-86.250468,40.504085],[-86.25039,40.496797],[-86.252521,40.472053],[-86.262017,40.468111],[-86.271402,40.471632],[-86.276002,40.469858],[-86.281638,40.466313],[-86.288049,40.465926],[-86.295959,40.462929],[-86.299583,40.468147],[-86.306688,40.467272],[-86.311034,40.472082],[-86.315928,40.469019],[-86.330322,40.468467],[-86.337422,40.467024],[-86.339251,40.471898],[-86.343535,40.474437],[-86.34804,40.472559],[-86.352466,40.473655],[-86.353187,40.478392],[-86.35894,40.477635],[-86.363374,40.476557],[-86.366345,40.481865],[-86.366136,40.488941],[-86.370449,40.48897],[-86.375494,40.492592],[-86.375478,40.500036]]]}},{"type":"Feature","id":"marion|center","properties":{"key":"marion|center"},"geometry":{"type":"Polygon","coordinates":[[[-86.1975,39.824563],[-86.187478,39.824663],[-86.180892,39.824763],[-86.167552,39.82486],[-86.161579,39.824894],[-86.156851,39.824947],[-86.149772,39.825054],[-86.142363,39.825152],[-86.132168,39.82554],[-86.125815,39.825431],[-86.118408,39.825315],[-86.11179,39.825332],[-86.104333,39.825329],[-86.097965,39.825392],[-86.092465,39.825457],[-86.083772,39.825515],[-86.083606,39.818369],[-86.083524,39.812454],[-86.083378,39.802388],[-86.083307,39.796238],[-86.083288,39.788868],[-86.083196,39.781529],[-86.083127,39.774893],[-86.08307,39.770166],[-86.082971,39.760318],[-86.082894,39.75428],[-86.082775,39.745679],[-86.082675,39.738345],[-86.082645,39.730562],[-86.082626,39.723619],[-86.0898,39.723539],[-86.095321,39.723474],[-86.101701,39.723429],[-86.111265,39.723281],[-86.120778,39.723151],[-86.126558,39.723087],[-86.132886,39.72299],[-86.138898,39.722936],[-86.145402,39.722655],[-86.150271,39.722596],[-86.15876,39.722437],[-86.177488,39.722193],[-86.189096,39.721878],[-86.196181,39.721585],[-86.196595,39.737249],[-86.196693,39.747366],[-86.196771,39.754539],[-86.196873,39.763563],[-86.196909,39.771159],[-86.196973,39.780737],[-86.196881,39.789066],[-86.19715,39.809925],[-86.197255,39.818787],[-86.197546,39.824403],[-86.1975,39.824563]]]}},{"type":"Feature","id":"marion|pike","properties":{"key":"marion|pike"},"geometry":{"type":"Polygon","coordinates":[[[-86.328121,39.866125],[-86.325996,39.874049],[-86.326051,39.882051],[-86.326394,39.921034],[-86.321394,39.924158],[-86.278471,39.924729],[-86.268246,39.924916],[-86.259853,39.92511],[-86.240736,39.926062],[-86.229605,39.926166],[-86.222286,39.926284],[-86.203087,39.926625],[-86.203058,39.920657],[-86.203029,39.911949],[-86.203035,39.90548],[-86.203017,39.898249],[-86.202918,39.891359],[-86.203057,39.886298],[-86.202995,39.87901],[-86.202979,39.87153],[-86.212566,39.867928],[-86.217082,39.867863],[-86.21678,39.853545],[-86.216484,39.841278],[-86.216379,39.823847],[-86.221102,39.823793],[-86.225599,39.823846],[-86.233068,39.824133],[-86.2401,39.82403],[-86.256174,39.823854],[-86.26784,39.823601],[-86.275825,39.823561],[-86.283621,39.823385],[-86.289294,39.823239],[-86.296488,39.823066],[-86.304484,39.822965],[-86.313201,39.822864],[-86.317981,39.822808],[-86.322509,39.822767],[-86.327297,39.822722],[-86.327445,39.829869],[-86.327573,39.836284],[-86.327865,39.851956],[-86.328012,39.859269],[-86.328121,39.866125]]]}},{"type":"Feature","id":"allen|stjoseph","properties":{"key":"allen|stjoseph"},"geometry":{"type":"Polygon","coordinates":[[[-85.117551,41.139756],[-85.117791,41.146995],[-85.118532,41.16243],[-85.118558,41.167888],[-85.119399,41.178548],[-85.113573,41.178593],[-85.103283,41.178818],[-85.098471,41.178943],[-85.094123,41.179112],[-85.076979,41.179581],[-85.066366,41.179799],[-85.061139,41.180283],[-85.056034,41.180141],[-85.007889,41.181141],[-85.006228,41.166511],[-85.004884,41.138216],[-85.004506,41.131278],[-85.004084,41.12318],[-85.003795,41.117678],[-85.00325,41.107853],[-85.002441,41.093367],[-85.013827,41.092997],[-85.021414,41.092604],[-85.026068,41.09248],[-85.049328,41.091803],[-85.05874,41.091161],[-85.064417,41.093879],[-85.073792,41.093045],[-85.079178,41.092816],[-85.086471,41.090466],[-85.107494,41.089794],[-85.108106,41.095197],[-85.103299,41.095403],[-85.103803,41.104472],[-85.112129,41.105264],[-85.116186,41.113647],[-85.116733,41.118468],[-85.11693,41.126054],[-85.117091,41.133227],[-85.121415,41.13313],[-85.117551,41.139756]]]}},{"type":"Feature","id":"bartholomew|hawcreek","properties":{"key":"bartholomew|hawcreek"},"geometry":{"type":"Polygon","coordinates":[[[-85.79983,39.268917],[-85.799549,39.293344],[-85.798891,39.346055],[-85.798785,39.350188],[-85.770375,39.350231],[-85.74177,39.350187],[-85.718701,39.350057],[-85.684515,39.350049],[-85.685678,39.31294],[-85.685847,39.305602],[-85.686203,39.301235],[-85.686659,39.261416],[-85.695906,39.261573],[-85.705485,39.261565],[-85.724099,39.261562],[-85.752637,39.261617],[-85.76137,39.261403],[-85.771487,39.261564],[-85.799929,39.261512],[-85.79983,39.268917]]]}},{"type":"Feature","id":"floyd|greenville","properties":{"key":"floyd|greenville"},"geometry":{"type":"Polygon","coordinates":[[[-86.033104,38.385195],[-86.032769,38.417897],[-86.028586,38.418075],[-86.014446,38.418683],[-85.99462,38.418345],[-85.994629,38.410865],[-85.976124,38.410825],[-85.966886,38.410876],[-85.966719,38.403659],[-85.949308,38.403582],[-85.920403,38.403918],[-85.919793,38.362783],[-85.919779,38.357511],[-85.919814,38.3448],[-85.919758,38.340141],[-85.919679,38.331266],[-85.925946,38.331242],[-85.947537,38.331204],[-85.987276,38.331157],[-86.014313,38.330645],[-86.032557,38.330825],[-86.032414,38.352817],[-86.03234,38.374287],[-86.033104,38.385195]]]}},{"type":"Feature","id":"dearborn|harrison","properties":{"key":"dearborn|harrison"},"geometry":{"type":"Polygon","coordinates":[[[-84.910494,39.305874],[-84.905948,39.306079],[-84.896591,39.305803],[-84.886371,39.305834],[-84.844313,39.305555],[-84.821506,39.305242],[-84.819351,39.292819],[-84.8195461209017,39.2765142096517],[-84.8196225691032,39.2701260068105],[-84.819791,39.264509],[-84.8199875762252,39.2551839153181],[-84.8199454069448,39.2511388755075],[-84.819832,39.243726],[-84.8201401461226,39.2307760369165],[-84.8200926763988,39.2187102505618],[-84.827312,39.218441],[-84.855974,39.218656],[-84.867149,39.218737],[-84.866897,39.226083],[-84.866826,39.234554],[-84.866705,39.240405],[-84.866573,39.249649],[-84.86568,39.258763],[-84.86574,39.270247],[-84.872908,39.273723],[-84.877751,39.283862],[-84.884225,39.28821],[-84.88377,39.292807],[-84.888413,39.297982],[-84.893473,39.298425],[-84.903043,39.302088],[-84.909182,39.305101],[-84.910494,39.305874]]]}},{"type":"Feature","id":"martin|rutherford","properties":{"key":"martin|rutherford"},"geometry":{"type":"Polygon","coordinates":[[[-86.924212,38.530602],[-86.923839,38.598266],[-86.923847,38.61286],[-86.909094,38.613241],[-86.887767,38.612963],[-86.886508,38.61939],[-86.881681,38.616052],[-86.876881,38.615538],[-86.872594,38.616255],[-86.866131,38.620812],[-86.860519,38.622867],[-86.856253,38.623505],[-86.849901,38.623136],[-86.844189,38.621073],[-86.847053,38.616101],[-86.850909,38.610037],[-86.850797,38.604759],[-86.846678,38.600336],[-86.847219,38.594301],[-86.848232,38.586565],[-86.849429,38.581233],[-86.854894,38.571498],[-86.854037,38.567247],[-86.847563,38.566208],[-86.835622,38.556651],[-86.828457,38.552127],[-86.821084,38.547526],[-86.818343,38.541902],[-86.825269,38.54043],[-86.831462,38.539159],[-86.831372,38.526355],[-86.837462,38.526468],[-86.837336,38.521543],[-86.84418,38.51517],[-86.853386,38.510167],[-86.859119,38.508412],[-86.869432,38.506529],[-86.874196,38.50367],[-86.877038,38.49685],[-86.888634,38.494985],[-86.892856,38.496287],[-86.897869,38.500382],[-86.906286,38.500455],[-86.91291,38.495965],[-86.918156,38.496986],[-86.924186,38.505358],[-86.92436,38.526519],[-86.924212,38.530602]]]}},{"type":"Feature","id":"vigo|fayette","properties":{"key":"vigo|fayette"},"geometry":{"type":"Polygon","coordinates":[[[-87.5321874761397,39.607306],[-87.523445,39.607293],[-87.514219,39.607298],[-87.500122,39.607318],[-87.46622,39.607436],[-87.437248,39.607636],[-87.417217,39.607736],[-87.382418,39.607937],[-87.386126,39.603286],[-87.388415,39.59812],[-87.392994,39.592848],[-87.392475,39.587995],[-87.390079,39.582113],[-87.392231,39.577871],[-87.39835,39.573286],[-87.403767,39.570211],[-87.402603,39.565772],[-87.408955,39.566267],[-87.415709,39.56478],[-87.418781,39.555135],[-87.416106,39.547783],[-87.415718,39.542865],[-87.418082,39.535168],[-87.42122,39.525711],[-87.41852,39.520436],[-87.454034,39.520023],[-87.474413,39.520187],[-87.489169,39.520035],[-87.498874,39.520237],[-87.517536,39.520321],[-87.5319255458731,39.520360025511],[-87.5319650809726,39.5350597335016],[-87.531983698174,39.5454044619396],[-87.532025,39.568354],[-87.5320683728441,39.5784300026996],[-87.532131,39.592979],[-87.5321874761397,39.607306]]]}},{"type":"Feature","id":"randolph|union","properties":{"key":"randolph|union"},"geometry":{"type":"Polygon","coordinates":[[[-85.214902,40.106067],[-85.127267,40.106404],[-85.127331,40.121224],[-85.111068,40.121438],[-85.090357,40.120388],[-85.073033,40.120535],[-85.035116,40.120867],[-85.034633,40.048479],[-85.034505,40.004842],[-85.053481,40.004809],[-85.058147,40.004767],[-85.121648,40.004262],[-85.126777,40.004205],[-85.201473,40.004521],[-85.213496,40.00438],[-85.213553,40.019002],[-85.213935,40.062284],[-85.214386,40.076889],[-85.214902,40.106067]]]}},{"type":"Feature","id":"carroll|burlington","properties":{"key":"carroll|burlington"},"geometry":{"type":"Polygon","coordinates":[[[-86.468261,40.488969],[-86.46825,40.496214],[-86.468198,40.503309],[-86.468155,40.510721],[-86.46811,40.517949],[-86.375151,40.517839],[-86.375269,40.501714],[-86.375494,40.492592],[-86.375762,40.431851],[-86.430403,40.431405],[-86.468498,40.430965],[-86.468261,40.488969]]]}},{"type":"Feature","id":"carroll|deercreek","properties":{"key":"carroll|deercreek"},"geometry":{"type":"Polygon","coordinates":[[[-86.698416,40.591228],[-86.697948,40.595291],[-86.693359,40.600986],[-86.685297,40.606047],[-86.675261,40.609056],[-86.672243,40.613062],[-86.672658,40.618429],[-86.674882,40.625036],[-86.676038,40.630676],[-86.67109,40.639656],[-86.664801,40.64508],[-86.657032,40.648554],[-86.62572,40.649059],[-86.582108,40.648879],[-86.582057,40.639878],[-86.582085,40.634521],[-86.582312,40.605408],[-86.582384,40.561881],[-86.582275,40.547538],[-86.582179,40.532837],[-86.69516,40.532603],[-86.695279,40.547418],[-86.695298,40.556276],[-86.695353,40.561874],[-86.694583,40.569502],[-86.690076,40.571917],[-86.688385,40.576228],[-86.693837,40.580856],[-86.698257,40.585343],[-86.698416,40.591228]]]}},{"type":"Feature","id":"adams|french","properties":{"key":"adams|french"},"geometry":{"type":"Polygon","coordinates":[[[-85.070302,40.74312],[-84.994913,40.744301],[-84.994038,40.708037],[-84.994415,40.692872],[-84.994393,40.686023],[-84.994324,40.671085],[-84.994295,40.656628],[-85.06943,40.655525],[-85.069455,40.679724],[-85.069609,40.686832],[-85.070302,40.74312]]]}},{"type":"Feature","id":"adams|stmarys","properties":{"key":"adams|stmarys"},"geometry":{"type":"Polygon","coordinates":[[[-84.880704,40.833289],[-84.872451,40.833419],[-84.8024349885524,40.8346786674298],[-84.8023265207349,40.8151038419612],[-84.802247,40.800753],[-84.8024458921846,40.7716514571693],[-84.802489,40.765344],[-84.802164,40.747177],[-84.856053,40.74639],[-84.879674,40.745952],[-84.880096,40.78966],[-84.880126,40.803514],[-84.880247,40.817822],[-84.880704,40.833289]]]}},{"type":"Feature","id":"cass|eel","properties":{"key":"cass|eel"},"geometry":{"type":"Polygon","coordinates":[[[-86.431095,40.756678],[-86.423915,40.756466],[-86.416831,40.75883],[-86.406037,40.760152],[-86.40008,40.760454],[-86.392499,40.760024],[-86.386712,40.762174],[-86.375582,40.764539],[-86.370645,40.765212],[-86.370433,40.769568],[-86.366175,40.769913],[-86.356099,40.771867],[-86.354125,40.761264],[-86.349725,40.76198],[-86.338383,40.763641],[-86.332496,40.76777],[-86.326455,40.765491],[-86.321666,40.764226],[-86.317389,40.764665],[-86.312101,40.768716],[-86.303763,40.771911],[-86.299934,40.764491],[-86.300025,40.756806],[-86.29996,40.749125],[-86.304599,40.748019],[-86.309165,40.744055],[-86.315686,40.741239],[-86.321085,40.741291],[-86.328717,40.741246],[-86.336424,40.742932],[-86.346267,40.742942],[-86.354021,40.746836],[-86.356166,40.74228],[-86.3563,40.737207],[-86.370046,40.737102],[-86.387309,40.736101],[-86.391457,40.736096],[-86.391346,40.747252],[-86.398224,40.748303],[-86.407037,40.747481],[-86.411688,40.747578],[-86.418816,40.751539],[-86.425034,40.75364],[-86.431159,40.754723],[-86.431095,40.756678]]]}},{"type":"Feature","id":"cass|washington","properties":{"key":"cass|washington"},"geometry":{"type":"Polygon","coordinates":[[[-86.391277,40.693135],[-86.391217,40.721578],[-86.391224,40.730542],[-86.391247,40.736097],[-86.373038,40.736168],[-86.3563,40.737207],[-86.356166,40.74228],[-86.355849,40.7471],[-86.349595,40.743762],[-86.340382,40.743338],[-86.328717,40.741246],[-86.321085,40.741291],[-86.315686,40.741239],[-86.309165,40.744055],[-86.304599,40.748019],[-86.29996,40.749125],[-86.293866,40.748723],[-86.288706,40.750609],[-86.282586,40.754032],[-86.278935,40.729376],[-86.278907,40.723422],[-86.278775,40.718395],[-86.27876,40.692907],[-86.278549,40.663898],[-86.278255,40.64933],[-86.297556,40.649253],[-86.316404,40.649177],[-86.33544,40.649094],[-86.37358,40.648799],[-86.373521,40.69246],[-86.391477,40.692364],[-86.391277,40.693135]]]}},{"type":"Feature","id":"monroe|clearcreek","properties":{"key":"monroe|clearcreek"},"geometry":{"type":"Polygon","coordinates":[[[-86.573696,39.065429],[-86.573204,39.073006],[-86.573197,39.078747],[-86.541727,39.078563],[-86.536981,39.078456],[-86.512232,39.078519],[-86.497757,39.078185],[-86.489096,39.078318],[-86.461562,39.078276],[-86.450855,39.078168],[-86.44513,39.078223],[-86.443246,39.048968],[-86.46175,39.048664],[-86.461596,39.001093],[-86.461535,38.991673],[-86.4799,38.991822],[-86.488261,38.991921],[-86.523611,38.992002],[-86.530478,38.991709],[-86.537196,38.991822],[-86.544437,38.991754],[-86.568673,38.992125],[-86.573548,38.992147],[-86.573638,39.005728],[-86.573416,39.020832],[-86.573346,39.045625],[-86.573696,39.065429]]]}},{"type":"Feature","id":"monroe|washington","properties":{"key":"monroe|washington"},"geometry":{"type":"Polygon","coordinates":[[[-86.57428,39.339681],[-86.509839,39.338842],[-86.492904,39.338643],[-86.473714,39.338667],[-86.465115,39.3383],[-86.464387,39.309291],[-86.463988,39.251576],[-86.472341,39.250926],[-86.477166,39.251188],[-86.497245,39.251447],[-86.529648,39.251352],[-86.554859,39.251576],[-86.556762,39.25944],[-86.552112,39.259709],[-86.557729,39.262714],[-86.557404,39.268536],[-86.562852,39.267465],[-86.569212,39.266279],[-86.568584,39.270635],[-86.567644,39.275315],[-86.574114,39.275828],[-86.57428,39.339681]]]}},{"type":"Feature","id":"orange|stamperscreek","properties":{"key":"orange|stamperscreek"},"geometry":{"type":"Polygon","coordinates":[[[-86.383054,38.49888],[-86.383163,38.557421],[-86.382929,38.584787],[-86.374873,38.586432],[-86.345809,38.586751],[-86.336122,38.586307],[-86.327532,38.586447],[-86.307993,38.586243],[-86.308206,38.564394],[-86.30824,38.557209],[-86.308058,38.521681],[-86.308614,38.484824],[-86.374383,38.48466],[-86.38335,38.484454],[-86.383054,38.49888]]]}},{"type":"Feature","id":"crawford|boone","properties":{"key":"crawford|boone"},"geometry":{"type":"Polygon","coordinates":[[[-86.461983,38.140297],[-86.461255,38.171266],[-86.4606,38.201477],[-86.456399,38.199442],[-86.4519,38.194837],[-86.452176,38.189587],[-86.443526,38.187797],[-86.438692,38.183328],[-86.433494,38.182158],[-86.431115,38.176999],[-86.42567,38.17218],[-86.424285,38.178275],[-86.42636,38.184352],[-86.422323,38.183973],[-86.416007,38.181356],[-86.413787,38.177186],[-86.41595,38.172906],[-86.421295,38.171256],[-86.416285,38.16697],[-86.409205,38.165051],[-86.408194,38.160231],[-86.403876,38.157875],[-86.399833,38.159055],[-86.401885,38.154999],[-86.410223,38.154831],[-86.414466,38.152914],[-86.409368,38.14885],[-86.405217,38.148497],[-86.404499,38.143688],[-86.398605,38.140341],[-86.394447,38.143312],[-86.395056,38.138148],[-86.399766,38.135795],[-86.406973,38.132841],[-86.411214,38.132144],[-86.409034,38.126464],[-86.413586,38.120512],[-86.4173328959006,38.1163456538958],[-86.4265410061397,38.1231146023173],[-86.439688,38.127412],[-86.449793,38.127223],[-86.457115,38.124531],[-86.461762,38.132306],[-86.461983,38.140297]]]}},{"type":"Feature","id":"marshall|tippecanoe","properties":{"key":"marshall|tippecanoe"},"geometry":{"type":"Polygon","coordinates":[[[-86.154372,41.273847],[-86.135177,41.27365],[-86.115976,41.27384],[-86.075691,41.27418],[-86.056553,41.274342],[-86.055954,41.250027],[-86.055148,41.224891],[-86.054663,41.202145],[-86.054047,41.173147],[-86.077551,41.172868],[-86.11748,41.172535],[-86.121662,41.172482],[-86.152832,41.172283],[-86.153484,41.259284],[-86.154372,41.273847]]]}},{"type":"Feature","id":"pulaski|harrison","properties":{"key":"pulaski|harrison"},"geometry":{"type":"Polygon","coordinates":[[[-86.583733,41.023502],[-86.582061,41.028004],[-86.577516,41.03538],[-86.572946,41.037154],[-86.567792,41.041147],[-86.560643,41.041075],[-86.554333,41.04125],[-86.554312,41.084409],[-86.48694,41.084298],[-86.467222,41.084295],[-86.467509,41.076394],[-86.467345,41.066078],[-86.467815,41.041275],[-86.4677,41.018836],[-86.467926,40.996801],[-86.480506,40.996995],[-86.583541,40.997254],[-86.583605,41.016276],[-86.583733,41.023502]]]}},{"type":"Feature","id":"pike|monroe","properties":{"key":"pike|monroe"},"geometry":{"type":"Polygon","coordinates":[[[-87.31698,38.289775],[-87.316516,38.326671],[-87.316579,38.334196],[-87.250008,38.333975],[-87.242548,38.333843],[-87.237278,38.33312],[-87.219831,38.333384],[-87.200962,38.333673],[-87.20048,38.262461],[-87.199807,38.231038],[-87.209648,38.231311],[-87.232859,38.23094],[-87.241227,38.231015],[-87.298388,38.231671],[-87.298218,38.245886],[-87.316893,38.246077],[-87.31698,38.289775]]]}},{"type":"Feature","id":"dekalb|fairfield","properties":{"key":"dekalb|fairfield"},"geometry":{"type":"Polygon","coordinates":[[[-85.194084,41.526437],[-85.138688,41.526732],[-85.124514,41.526805],[-85.095311,41.526933],[-85.080813,41.527008],[-85.080162,41.490272],[-85.079249,41.439224],[-85.099159,41.439009],[-85.138217,41.438431],[-85.1482,41.438289],[-85.193261,41.437647],[-85.193514,41.444059],[-85.193845,41.48134],[-85.194051,41.526338],[-85.194084,41.526437]]]}},{"type":"Feature","id":"clay|washington","properties":{"key":"clay|washington"},"geometry":{"type":"Polygon","coordinates":[[[-87.079478,39.345493],[-87.074204,39.350254],[-87.068706,39.35014],[-87.058452,39.347761],[-87.053757,39.347371],[-87.054261,39.371454],[-87.054031,39.415047],[-87.053796,39.430245],[-87.015516,39.429988],[-86.996378,39.429983],[-86.942409,39.429356],[-86.942293,39.399912],[-86.942199,39.371017],[-86.942473,39.342043],[-86.947283,39.342156],[-86.955283,39.342336],[-86.966288,39.34223],[-87.053646,39.342621],[-87.082041,39.34286],[-87.079478,39.345493]]]}},{"type":"Feature","id":"porter|pleasant","properties":{"key":"porter|pleasant"},"geometry":{"type":"Polygon","coordinates":[[[-87.103086,41.303695],[-87.091813,41.303931],[-87.084089,41.303848],[-87.084376,41.318489],[-87.064918,41.318559],[-87.065497,41.347481],[-87.026786,41.347353],[-86.930662,41.346909],[-86.930603,41.328086],[-86.92986,41.259418],[-86.929568,41.248849],[-86.930079,41.236798],[-86.937691,41.230209],[-86.942336,41.228502],[-86.954522,41.225282],[-86.962028,41.222554],[-86.968125,41.219658],[-86.977017,41.221549],[-86.984044,41.2277],[-87.011028,41.240908],[-87.044843,41.260798],[-87.059724,41.26952],[-87.073203,41.27318],[-87.102293,41.280961],[-87.103086,41.303695]]]}},{"type":"Feature","id":"tippecanoe|perry","properties":{"key":"tippecanoe|perry"},"geometry":{"type":"Polygon","coordinates":[[[-86.810564,40.474663],[-86.785077,40.474786],[-86.694822,40.475079],[-86.694769,40.468045],[-86.694665,40.432156],[-86.694667,40.388649],[-86.751519,40.388647],[-86.760861,40.388622],[-86.790271,40.388524],[-86.809715,40.388426],[-86.810112,40.392981],[-86.809857,40.407544],[-86.809903,40.41751],[-86.809977,40.423777],[-86.809998,40.43483],[-86.810487,40.466894],[-86.810564,40.474663]]]}},{"type":"Feature","id":"kosciusko|seward","properties":{"key":"kosciusko|seward"},"geometry":{"type":"Polygon","coordinates":[[[-85.985894,41.173943],[-85.953371,41.174357],[-85.947602,41.174363],[-85.943469,41.174495],[-85.938504,41.174537],[-85.909468,41.175071],[-85.909595,41.16738],[-85.909343,41.159163],[-85.908327,41.115566],[-85.908197,41.109389],[-85.908028,41.101097],[-85.908065,41.093858],[-85.907688,41.07635],[-85.907475,41.042928],[-85.926333,41.042583],[-85.945561,41.042876],[-85.984155,41.042171],[-85.984086,41.050826],[-85.983842,41.086176],[-85.984743,41.10058],[-85.985894,41.173943]]]}},{"type":"Feature","id":"kosciusko|wayne","properties":{"key":"kosciusko|wayne"},"geometry":{"type":"Polygon","coordinates":[[[-85.911209,41.261956],[-85.882318,41.262286],[-85.874988,41.262324],[-85.866734,41.262742],[-85.861879,41.262795],[-85.852418,41.262945],[-85.84336,41.263086],[-85.82439,41.263374],[-85.80885,41.263611],[-85.800119,41.263609],[-85.784837,41.263826],[-85.765706,41.264012],[-85.765393,41.217069],[-85.765346,41.207133],[-85.765641,41.200793],[-85.765235,41.188339],[-85.765197,41.177456],[-85.789216,41.177117],[-85.798563,41.176958],[-85.837305,41.176197],[-85.877425,41.175528],[-85.908013,41.17509],[-85.910185,41.232993],[-85.910792,41.24771],[-85.911209,41.261956]]]}},{"type":"Feature","id":"noble|swan","properties":{"key":"noble|swan"},"geometry":{"type":"Polygon","coordinates":[[[-85.309373,41.351614],[-85.23573,41.351177],[-85.22151,41.351164],[-85.216999,41.351168],[-85.193044,41.351131],[-85.193449,41.343393],[-85.193559,41.321947],[-85.192992,41.296723],[-85.192695,41.285947],[-85.192094,41.264209],[-85.255845,41.263851],[-85.2626,41.263908],[-85.307781,41.264158],[-85.307943,41.271484],[-85.307962,41.300851],[-85.30867,41.308058],[-85.309373,41.351614]]]}},{"type":"Feature","id":"jasper|kankakee","properties":{"key":"jasper|kankakee"},"geometry":{"type":"Polygon","coordinates":[[[-87.045243,41.187077],[-87.045159,41.196402],[-87.044799,41.230569],[-87.044664,41.242748],[-87.044741,41.249856],[-87.044843,41.260798],[-87.011028,41.240908],[-86.984044,41.2277],[-86.978004,41.222155],[-86.968125,41.219658],[-86.962028,41.222554],[-86.954522,41.225282],[-86.942336,41.228502],[-86.937691,41.230209],[-86.930079,41.236798],[-86.929646,41.229711],[-86.93017,41.172318],[-86.99422,41.172375],[-87.045402,41.172642],[-87.045243,41.187077]]]}},{"type":"Feature","id":"jasper|newton","properties":{"key":"jasper|newton"},"geometry":{"type":"Polygon","coordinates":[[[-87.276508,40.965947],[-87.276405,40.972421],[-87.276278,40.980573],[-87.276111,40.998439],[-87.276087,41.01298],[-87.190072,41.012557],[-87.190212,40.948322],[-87.190142,40.933806],[-87.190103,40.926401],[-87.190253,40.911816],[-87.193081,40.906231],[-87.231257,40.906417],[-87.236189,40.902554],[-87.236013,40.894988],[-87.256157,40.895003],[-87.261731,40.89482],[-87.267842,40.894866],[-87.26905,40.911517],[-87.276449,40.911477],[-87.276508,40.965947]]]}},{"type":"Feature","id":"posey|point","properties":{"key":"posey|point"},"geometry":{"type":"Polygon","coordinates":[[[-88.09776,37.904026],[-88.086237,37.905713],[-88.071449,37.895813],[-88.058156,37.892753],[-88.044926,37.891216],[-88.035992,37.892777],[-88.029138,37.892637],[-88.024818,37.88886],[-88.020284,37.888051],[-88.015155,37.890792],[-87.942316,37.892376],[-87.9371701527905,37.892151021043],[-87.940069,37.88767],[-87.940839,37.883338],[-87.941021,37.879168],[-87.940005,37.875044],[-87.938128,37.870651],[-87.927303,37.858709],[-87.914892,37.849618],[-87.910276,37.843416],[-87.907773,37.837611],[-87.903804,37.817762],[-87.904595,37.812526],[-87.90681,37.807624],[-87.911087,37.805158],[-87.919138,37.802128],[-87.927543,37.799851],[-87.932554,37.797672],[-87.934698,37.791827],[-87.944506,37.775256],[-87.948594,37.772344],[-87.96003,37.773223],[-87.970262,37.781856],[-87.976389,37.788004],[-87.984358,37.7918],[-87.991168,37.794049],[-87.997102,37.797672],[-88.004706,37.800145],[-88.015144,37.80193],[-88.021021,37.801409],[-88.02803,37.799224],[-88.028372,37.80373],[-88.03302,37.80865],[-88.037623,37.809864],[-88.045753,37.808129],[-88.059662,37.801196],[-88.067716,37.80057],[-88.076404,37.804635],[-88.090039,37.816771],[-88.091848,37.822108],[-88.085727,37.829388],[-88.080854,37.830902],[-88.076427,37.830239],[-88.066041,37.824844],[-88.058055,37.822449],[-88.043831,37.821525],[-88.033011,37.824383],[-88.028693,37.827109],[-88.025921,37.832694],[-88.028217,37.838585],[-88.033309,37.841917],[-88.048215,37.844836],[-88.059425,37.848732],[-88.065036,37.853172],[-88.068534,37.858011],[-88.078529,37.879118],[-88.084385,37.885582],[-88.091846,37.890716],[-88.097892,37.901517],[-88.09776,37.904026]]]}},{"type":"Feature","id":"jefferson|madison","properties":{"key":"jefferson|madison"},"geometry":{"type":"Polygon","coordinates":[[[-85.498487,38.752575],[-85.473616,38.752721],[-85.467734,38.752717],[-85.461318,38.752752],[-85.462059,38.79639],[-85.462358,38.816634],[-85.462458,38.824731],[-85.431356,38.825031],[-85.425852,38.825303],[-85.418315,38.825158],[-85.400279,38.825565],[-85.381983,38.825403],[-85.351548,38.825447],[-85.338882,38.825603],[-85.334334,38.825644],[-85.297458,38.82585],[-85.295523,38.813092],[-85.2958,38.751383],[-85.2959009271645,38.7420219573465],[-85.305325,38.741546],[-85.3330905339004,38.736201928374],[-85.348953,38.732303],[-85.3633817801784,38.7306749601779],[-85.3698532146011,38.7307063672647],[-85.3843386575433,38.7328926856925],[-85.3974507603709,38.735545464758],[-85.410238,38.737135],[-85.41954,38.735513],[-85.425351,38.732983],[-85.436299,38.728484],[-85.442271,38.71985],[-85.443002,38.730369],[-85.442874,38.73815],[-85.449838,38.738272],[-85.470588,38.738172],[-85.483131,38.738097],[-85.498326,38.737985],[-85.498487,38.752575]]]}},{"type":"Feature","id":"dearborn|lawrenceburg","properties":{"key":"dearborn|lawrenceburg"},"geometry":{"type":"Polygon","coordinates":[[[-84.929789,39.147475],[-84.875393,39.147184],[-84.8589,39.147151],[-84.837645,39.147134],[-84.838381,39.161205],[-84.829322,39.161525],[-84.822971,39.161379],[-84.820105,39.147981],[-84.8201237289949,39.132673288196],[-84.8201392615932,39.1199780774006],[-84.8201490142937,39.1120069327249],[-84.820157,39.10548],[-84.8252599935289,39.1034056360398],[-84.832435,39.100489],[-84.8372554157172,39.0971043514734],[-84.844582,39.09196],[-84.849825,39.086493],[-84.860689,39.07814],[-84.8680268501706,39.0745155593998],[-84.872344,39.074376],[-84.888044,39.074506],[-84.892119,39.075612],[-84.897116,39.078436],[-84.90276,39.07812],[-84.911194,39.080594],[-84.912612,39.08525],[-84.911531,39.096586],[-84.904872,39.097844],[-84.907946,39.102896],[-84.918275,39.110275],[-84.930581,39.110316],[-84.929789,39.147475]]]}},{"type":"Feature","id":"porter|jackson","properties":{"key":"porter|jackson"},"geometry":{"type":"Polygon","coordinates":[[[-87.028609,41.593509],[-87.018924,41.593345],[-87.009055,41.59319],[-87.009151,41.606982],[-87.004437,41.607012],[-86.971731,41.606996],[-86.971313,41.592426],[-86.931631,41.591522],[-86.931501,41.585356],[-86.931134,41.567762],[-86.930714,41.546394],[-86.92987,41.536056],[-86.930121,41.531624],[-86.929774,41.519019],[-87.007895,41.520311],[-87.025048,41.520596],[-87.027318,41.542545],[-87.027092,41.549865],[-87.028,41.55991],[-87.027899,41.564424],[-87.028063,41.571671],[-87.028251,41.579009],[-87.02849,41.586264],[-87.028609,41.593509]]]}},{"type":"Feature","id":"parke|florida","properties":{"key":"parke|florida"},"geometry":{"type":"Polygon","coordinates":[[[-87.395919,39.654043],[-87.394332,39.65869],[-87.390143,39.661801],[-87.388109,39.667466],[-87.390667,39.673411],[-87.389361,39.678192],[-87.385449,39.682502],[-87.384089,39.689205],[-87.38152,39.693401],[-87.294141,39.695861],[-87.29,39.695857],[-87.250015,39.695766],[-87.237289,39.695216],[-87.23905,39.625039],[-87.238725,39.607684],[-87.252816,39.607889],[-87.291645,39.608118],[-87.314315,39.60825],[-87.380435,39.608016],[-87.381289,39.615874],[-87.386287,39.625037],[-87.390596,39.631144],[-87.392326,39.635374],[-87.391482,39.64221],[-87.395197,39.648808],[-87.395919,39.654043]]]}},{"type":"Feature","id":"parke|sugarcreek","properties":{"key":"parke|sugarcreek"},"geometry":{"type":"Polygon","coordinates":[[[-87.261427,39.933148],[-87.261413,39.952868],[-87.256629,39.952862],[-87.242187,39.952994],[-87.204129,39.953279],[-87.190124,39.953069],[-87.178717,39.953301],[-87.14834,39.953055],[-87.147991,39.916384],[-87.148912,39.911352],[-87.166516,39.910989],[-87.166903,39.889439],[-87.20472,39.889479],[-87.261528,39.889832],[-87.261427,39.933148]]]}},{"type":"Feature","id":"shelby|addison","properties":{"key":"shelby|addison"},"geometry":{"type":"Polygon","coordinates":[[[-85.837337,39.554496],[-85.81379,39.554608],[-85.809447,39.554618],[-85.799319,39.554612],[-85.794391,39.554762],[-85.783761,39.554683],[-85.775786,39.554665],[-85.770971,39.554649],[-85.758169,39.554618],[-85.732673,39.554662],[-85.703778,39.555016],[-85.703712,39.540389],[-85.703436,39.525449],[-85.703918,39.505309],[-85.703452,39.49715],[-85.708599,39.497087],[-85.732733,39.497233],[-85.745718,39.497276],[-85.76135,39.497256],[-85.766746,39.497171],[-85.775492,39.497173],[-85.782692,39.497166],[-85.788983,39.497281],[-85.794153,39.4972],[-85.804846,39.49709],[-85.808916,39.497149],[-85.836861,39.49676],[-85.836801,39.503973],[-85.836309,39.52509],[-85.837337,39.554496]]]}},{"type":"Feature","id":"union|center","properties":{"key":"union|center"},"geometry":{"type":"Polygon","coordinates":[[[-84.946362,39.614154],[-84.946004,39.638772],[-84.945952,39.645213],[-84.946135,39.654719],[-84.927429,39.654387],[-84.8146469454219,39.653767],[-84.814684,39.644409],[-84.814695250256,39.637765098847],[-84.814711,39.628464],[-84.8148035333193,39.6159641001834],[-84.8149537074524,39.5956777683499],[-84.852375,39.596151],[-84.903082,39.596958],[-84.908876,39.596935],[-84.927893,39.596946],[-84.946752,39.595857],[-84.946362,39.614154]]]}},{"type":"Feature","id":"union|union","properties":{"key":"union|union"},"geometry":{"type":"Polygon","coordinates":[[[-84.928648,39.56142],[-84.928455,39.567821],[-84.928206,39.581701],[-84.927822,39.595897],[-84.908876,39.596935],[-84.903082,39.596958],[-84.852375,39.596151],[-84.8149537074524,39.5956777683499],[-84.8151160645821,39.5737456916319],[-84.815156,39.568351],[-84.815155,39.559851],[-84.815155,39.548687],[-84.815346,39.523136],[-84.823355,39.522151],[-84.848784,39.523199],[-84.910331,39.52408],[-84.929044,39.524406],[-84.928648,39.56142]]]}},{"type":"Feature","id":"hendricks|middle","properties":{"key":"hendricks|middle"},"geometry":{"type":"Polygon","coordinates":[[[-86.506028,39.922912],[-86.46867,39.92278],[-86.44985,39.923297],[-86.43087,39.92349],[-86.430129,39.879668],[-86.430135,39.872067],[-86.43,39.866448],[-86.438718,39.864956],[-86.439636,39.860173],[-86.439517,39.856066],[-86.439425,39.847375],[-86.439297,39.842628],[-86.439056,39.832245],[-86.438962,39.828004],[-86.438496,39.805953],[-86.438317,39.798663],[-86.447645,39.798491],[-86.457011,39.798368],[-86.45701,39.805826],[-86.46734,39.80552],[-86.505339,39.805],[-86.505464,39.834359],[-86.505647,39.877744],[-86.506028,39.922912]]]}},{"type":"Feature","id":"jackson|driftwood","properties":{"key":"jackson|driftwood"},"geometry":{"type":"Polygon","coordinates":[[[-86.168865,38.778704],[-86.161452,38.775607],[-86.161941,38.781481],[-86.163348,38.788127],[-86.155089,38.78983],[-86.15058,38.792988],[-86.156861,38.793237],[-86.159345,38.797889],[-86.164554,38.798428],[-86.165899,38.802431],[-86.161654,38.804849],[-86.157384,38.806268],[-86.152425,38.809669],[-86.157221,38.812941],[-86.1587,38.817241],[-86.153955,38.818391],[-86.149591,38.814396],[-86.147178,38.819287],[-86.15041,38.823921],[-86.147973,38.828165],[-86.142229,38.824762],[-86.136969,38.828505],[-86.13261,38.829932],[-86.132509,38.835573],[-86.126204,38.836156],[-86.131064,38.840708],[-86.130532,38.845528],[-86.123416,38.846736],[-86.127525,38.8504],[-86.117643,38.855363],[-86.1125,38.852931],[-86.107006,38.854091],[-86.106005,38.859029],[-86.099105,38.862274],[-86.09906,38.867594],[-86.093641,38.868966],[-86.09393,38.856246],[-86.093761,38.849305],[-86.056407,38.850789],[-86.055538,38.821753],[-86.05508,38.773133],[-86.060152,38.777087],[-86.064206,38.778645],[-86.069237,38.776949],[-86.075066,38.774727],[-86.080944,38.780509],[-86.087322,38.782053],[-86.091705,38.783399],[-86.096265,38.782438],[-86.100504,38.775844],[-86.099162,38.768925],[-86.104832,38.765765],[-86.108867,38.767128],[-86.115781,38.766975],[-86.124981,38.764106],[-86.131466,38.763794],[-86.136558,38.763537],[-86.145079,38.766929],[-86.153316,38.768778],[-86.15997,38.772576],[-86.164596,38.775086],[-86.168865,38.778704]]]}},{"type":"Feature","id":"greene|stafford","properties":{"key":"greene|stafford"},"geometry":{"type":"Polygon","coordinates":[[[-87.240829,38.961294],[-87.240831,38.965304],[-87.240977,38.973057],[-87.241011,38.979709],[-87.240797,38.994483],[-87.169635,38.994727],[-87.148341,38.994657],[-87.129278,38.994616],[-87.129882,38.907315],[-87.173579,38.90762],[-87.240129,38.907858],[-87.240829,38.961294]]]}},{"type":"Feature","id":"lagrange|clay","properties":{"key":"lagrange|clay"},"geometry":{"type":"Polygon","coordinates":[[[-85.542437,41.698128],[-85.532535,41.698556],[-85.526348,41.698358],[-85.503351,41.698596],[-85.495709,41.698713],[-85.483935,41.698971],[-85.474362,41.699123],[-85.454343,41.699244],[-85.425854,41.699593],[-85.425369,41.670459],[-85.425134,41.657126],[-85.425029,41.649154],[-85.424828,41.637887],[-85.424732,41.633711],[-85.424604,41.626812],[-85.424354,41.612483],[-85.472792,41.612086],[-85.482151,41.611993],[-85.540799,41.611458],[-85.541538,41.654183],[-85.542057,41.685298],[-85.542437,41.698128]]]}},{"type":"Feature","id":"owen|jefferson","properties":{"key":"owen|jefferson"},"geometry":{"type":"Polygon","coordinates":[[[-87.05467,39.215433],[-87.054213,39.220747],[-87.054455,39.25575],[-87.045448,39.255595],[-87.01574,39.255058],[-86.943114,39.254677],[-86.931552,39.254602],[-86.921908,39.254395],[-86.905942,39.254306],[-86.905046,39.183509],[-86.905283,39.176478],[-86.905261,39.167841],[-86.918583,39.167901],[-87.026628,39.168177],[-87.0359,39.168131],[-87.054578,39.168086],[-87.05458,39.174815],[-87.05467,39.215433]]]}},{"type":"Feature","id":"clay|posey","properties":{"key":"clay|posey"},"geometry":{"type":"Polygon","coordinates":[[[-87.239551,39.435823],[-87.239556,39.445028],[-87.239321,39.46265],[-87.239227,39.484598],[-87.239251,39.496627],[-87.239154,39.504097],[-87.238964,39.52062],[-87.200107,39.519858],[-87.165088,39.519104],[-87.14438,39.518714],[-87.144282,39.514221],[-87.14027,39.511535],[-87.133554,39.511329],[-87.126517,39.511102],[-87.125453,39.506385],[-87.126339,39.449435],[-87.126499,39.431358],[-87.145193,39.431874],[-87.210182,39.433434],[-87.239556,39.433561],[-87.239551,39.435823]]]}},{"type":"Feature","id":"fountain|wabash","properties":{"key":"fountain|wabash"},"geometry":{"type":"Polygon","coordinates":[[[-87.43379,40.029048],[-87.429574,40.034894],[-87.425081,40.038228],[-87.428877,40.043309],[-87.431499,40.047748],[-87.425916,40.051304],[-87.421009,40.053915],[-87.417438,40.058684],[-87.416207,40.065384],[-87.415971,40.0725],[-87.413641,40.079348],[-87.412139,40.086508],[-87.413689,40.092506],[-87.413579,40.096583],[-87.37632,40.096893],[-87.299996,40.096896],[-87.299815,40.068011],[-87.281141,40.068133],[-87.280804,40.039241],[-87.299781,40.039117],[-87.299565,40.026055],[-87.319063,40.026268],[-87.327971,40.026204],[-87.361814,40.02621],[-87.374751,40.026076],[-87.380868,40.025667],[-87.413338,40.026216],[-87.434948,40.026438],[-87.43379,40.029048]]]}},{"type":"Feature","id":"crawford|ohio","properties":{"key":"crawford|ohio"},"geometry":{"type":"Polygon","coordinates":[[[-86.460425,38.206825],[-86.459079,38.265461],[-86.449628,38.265472],[-86.4496,38.272532],[-86.421055,38.272417],[-86.414327,38.272364],[-86.414579,38.268131],[-86.415052,38.220803],[-86.405679,38.220784],[-86.405827,38.213064],[-86.40625,38.208764],[-86.406345,38.198872],[-86.40641,38.191545],[-86.375896,38.191341],[-86.378151,38.185845],[-86.378579,38.178572],[-86.377434,38.171379],[-86.37174,38.164183],[-86.366055,38.161531],[-86.357551,38.159907],[-86.344856,38.158967],[-86.328028,38.154786],[-86.323933,38.152374],[-86.321191,38.147005],[-86.323847,38.138412],[-86.329111,38.131999],[-86.333665,38.129235],[-86.340556,38.127737],[-86.352466,38.128459],[-86.375324,38.130629],[-86.379775,38.129274],[-86.387808,38.124392],[-86.39184,38.117148],[-86.396146,38.107152],[-86.401879,38.104329],[-86.4173328959006,38.1163456538958],[-86.413586,38.120512],[-86.409034,38.126464],[-86.411618,38.130866],[-86.406973,38.132841],[-86.399766,38.135795],[-86.395056,38.138148],[-86.394447,38.143312],[-86.398605,38.140341],[-86.40439,38.142943],[-86.403129,38.147974],[-86.409368,38.14885],[-86.414466,38.152914],[-86.410223,38.154831],[-86.401885,38.154999],[-86.399833,38.159055],[-86.403876,38.157875],[-86.408194,38.160231],[-86.409205,38.165051],[-86.414021,38.167401],[-86.420031,38.17051],[-86.41595,38.172906],[-86.413787,38.177186],[-86.416007,38.181356],[-86.420708,38.18208],[-86.426077,38.185258],[-86.424285,38.178275],[-86.424723,38.173387],[-86.431115,38.176999],[-86.433494,38.182158],[-86.438692,38.183328],[-86.443526,38.187797],[-86.448369,38.188418],[-86.453916,38.192043],[-86.453564,38.197076],[-86.4606,38.201477],[-86.460425,38.206825]]]}},{"type":"Feature","id":"ripley|franklin","properties":{"key":"ripley|franklin"},"geometry":{"type":"Polygon","coordinates":[[[-85.188755,39.21556],[-85.188571,39.219592],[-85.183607,39.220937],[-85.178732,39.221336],[-85.159919,39.221251],[-85.151362,39.221485],[-85.146908,39.221507],[-85.140878,39.221556],[-85.132096,39.221936],[-85.122685,39.222052],[-85.099711,39.222186],[-85.093539,39.222244],[-85.081872,39.222266],[-85.08486,39.206263],[-85.088003,39.188959],[-85.090996,39.172761],[-85.095867,39.146256],[-85.099825,39.124049],[-85.100701,39.11953],[-85.110276,39.119505],[-85.131266,39.119336],[-85.140627,39.119429],[-85.163974,39.119192],[-85.168271,39.119161],[-85.187233,39.118984],[-85.187209,39.133664],[-85.187322,39.159117],[-85.187711,39.177132],[-85.18854,39.182856],[-85.188635,39.202533],[-85.188755,39.21556]]]}},{"type":"Feature","id":"delaware|liberty","properties":{"key":"delaware|liberty"},"geometry":{"type":"Polygon","coordinates":[[[-85.330569,40.233704],[-85.323723,40.233781],[-85.274098,40.233835],[-85.264698,40.23417],[-85.249969,40.234414],[-85.217428,40.234931],[-85.216937,40.207752],[-85.216474,40.1896],[-85.216391,40.17855],[-85.215911,40.163262],[-85.216015,40.15767],[-85.21587,40.151976],[-85.253831,40.149423],[-85.277593,40.149244],[-85.295231,40.14925],[-85.299802,40.149304],[-85.329269,40.149344],[-85.329787,40.191311],[-85.329841,40.196936],[-85.330019,40.207351],[-85.330047,40.219219],[-85.330569,40.233704]]]}},{"type":"Feature","id":"laporte|coolspring","properties":{"key":"laporte|coolspring"},"geometry":{"type":"Polygon","coordinates":[[[-86.932482,41.694936],[-86.923038,41.694938],[-86.913172,41.694763],[-86.90344,41.694755],[-86.893772,41.694807],[-86.886311,41.694777],[-86.874417,41.694754],[-86.864718,41.694692],[-86.853069,41.694628],[-86.845372,41.694578],[-86.841297,41.694548],[-86.831296,41.694436],[-86.816311,41.694238],[-86.816352,41.68907],[-86.81643,41.679751],[-86.81636,41.672431],[-86.816693,41.665309],[-86.8166,41.654221],[-86.817452,41.618954],[-86.817508,41.607032],[-86.821723,41.607116],[-86.851962,41.607318],[-86.881041,41.607005],[-86.89141,41.606849],[-86.904082,41.606759],[-86.932007,41.606965],[-86.932271,41.617286],[-86.932314,41.651375],[-86.932352,41.658465],[-86.932426,41.68063],[-86.932395,41.688275],[-86.932482,41.694936]]]}},{"type":"Feature","id":"grant|mill","properties":{"key":"grant|mill"},"geometry":{"type":"Polygon","coordinates":[[[-85.672981,40.509357],[-85.662886,40.509334],[-85.653439,40.509407],[-85.645356,40.509541],[-85.640229,40.509425],[-85.631299,40.509468],[-85.625176,40.50964],[-85.615571,40.509341],[-85.605875,40.50944],[-85.600318,40.509576],[-85.596164,40.509524],[-85.568571,40.509812],[-85.55925,40.509471],[-85.558014,40.485892],[-85.557796,40.480545],[-85.557814,40.476305],[-85.558251,40.45709],[-85.562918,40.458362],[-85.567586,40.453939],[-85.574437,40.455816],[-85.580799,40.455814],[-85.588935,40.456498],[-85.595092,40.458986],[-85.597382,40.453169],[-85.634319,40.452595],[-85.644614,40.451745],[-85.672373,40.451615],[-85.672555,40.479253],[-85.672615,40.487594],[-85.672404,40.492458],[-85.672609,40.499305],[-85.672778,40.507748],[-85.672981,40.509357]]]}},{"type":"Feature","id":"vigo|ottercreek","properties":{"key":"vigo|ottercreek"},"geometry":{"type":"Polygon","coordinates":[[[-87.420668,39.531495],[-87.416177,39.540869],[-87.416106,39.547783],[-87.418529,39.553692],[-87.41692,39.562734],[-87.41164,39.566458],[-87.40572,39.56307],[-87.403812,39.56851],[-87.400719,39.572836],[-87.39426,39.576002],[-87.390751,39.58016],[-87.390354,39.584348],[-87.393119,39.589736],[-87.392002,39.594321],[-87.387088,39.600295],[-87.382617,39.60533],[-87.314315,39.60825],[-87.295604,39.608154],[-87.295455,39.601867],[-87.295632,39.596278],[-87.295116,39.590159],[-87.295193,39.564901],[-87.295166,39.550228],[-87.29516,39.54285],[-87.294718,39.520437],[-87.339216,39.520799],[-87.343259,39.520664],[-87.350823,39.520733],[-87.369133,39.520643],[-87.376089,39.520591],[-87.388621,39.520532],[-87.397959,39.520463],[-87.406665,39.520423],[-87.418031,39.520387],[-87.42122,39.525711],[-87.420668,39.531495]]]}},{"type":"Feature","id":"spencer|jackson","properties":{"key":"spencer|jackson"},"geometry":{"type":"Polygon","coordinates":[[[-87.097919,38.059328],[-87.095348,38.064631],[-87.093316,38.068711],[-87.092563,38.074408],[-87.090618,38.080272],[-87.087587,38.08552],[-87.082239,38.089847],[-87.081273,38.094265],[-87.076668,38.096292],[-87.073611,38.100379],[-87.075057,38.106132],[-87.072272,38.111101],[-87.072959,38.117267],[-87.018026,38.118283],[-87.017998,38.098633],[-87.017966,38.068408],[-87.01815,38.046344],[-87.01806,38.031753],[-87.027239,38.03174],[-87.036379,38.031695],[-87.059012,38.031816],[-87.059021,38.046246],[-87.075103,38.046077],[-87.090963,38.046074],[-87.088817,38.053118],[-87.093759,38.054371],[-87.097919,38.059328]]]}},{"type":"Feature","id":"lake|ross","properties":{"key":"lake|ross"},"geometry":{"type":"Polygon","coordinates":[[[-87.393868,41.522621],[-87.389408,41.522611],[-87.36035,41.522458],[-87.345797,41.522235],[-87.336219,41.52228],[-87.33124,41.522224],[-87.324953,41.522117],[-87.316735,41.52205],[-87.316621,41.507319],[-87.297213,41.507169],[-87.278693,41.507363],[-87.27418,41.507162],[-87.258793,41.507014],[-87.239386,41.507048],[-87.231645,41.507037],[-87.220194,41.507054],[-87.220024,41.485139],[-87.219953,41.470702],[-87.219625,41.434595],[-87.238991,41.43463],[-87.258288,41.434671],[-87.296869,41.434766],[-87.316293,41.434737],[-87.321672,41.434942],[-87.335535,41.434823],[-87.349475,41.43473],[-87.354826,41.434908],[-87.364523,41.434921],[-87.37332,41.434834],[-87.391035,41.435082],[-87.392641,41.447843],[-87.392758,41.453254],[-87.393056,41.468694],[-87.393152,41.473478],[-87.393315,41.48029],[-87.393407,41.486141],[-87.393512,41.493392],[-87.393774,41.511447],[-87.393815,41.516028],[-87.393849,41.520149],[-87.393868,41.522621]]]}},{"type":"Feature","id":"marion|decatur","properties":{"key":"marion|decatur"},"geometry":{"type":"Polygon","coordinates":[[[-86.326574,39.686552],[-86.326324,39.694428],[-86.326591,39.719486],[-86.28296,39.720675],[-86.275329,39.720744],[-86.264637,39.720843],[-86.254642,39.721048],[-86.250341,39.721142],[-86.242783,39.720529],[-86.23455,39.720218],[-86.225112,39.720687],[-86.196565,39.721572],[-86.189519,39.721814],[-86.196305,39.717179],[-86.192593,39.713137],[-86.196398,39.708315],[-86.201128,39.710127],[-86.20568,39.712801],[-86.212177,39.712038],[-86.216805,39.711853],[-86.21427,39.707078],[-86.215999,39.701284],[-86.222956,39.697285],[-86.222662,39.692095],[-86.223602,39.686893],[-86.228914,39.687428],[-86.234374,39.6887],[-86.230796,39.683032],[-86.225447,39.679089],[-86.225433,39.673447],[-86.229829,39.671789],[-86.23499,39.669843],[-86.236124,39.665585],[-86.236403,39.661252],[-86.234969,39.656519],[-86.238799,39.650175],[-86.239307,39.643561],[-86.238761,39.639294],[-86.243886,39.639754],[-86.243445,39.634296],[-86.239432,39.63707],[-86.234224,39.633854],[-86.243093,39.633734],[-86.249885,39.633645],[-86.268492,39.633055],[-86.288187,39.632772],[-86.307318,39.632614],[-86.326341,39.632177],[-86.326378,39.643119],[-86.326391,39.648768],[-86.326423,39.657707],[-86.326584,39.671795],[-86.326569,39.681681],[-86.326605,39.685893],[-86.326574,39.686552]]]}},{"type":"Feature","id":"steuben|jamestown","properties":{"key":"steuben|jamestown"},"geometry":{"type":"Polygon","coordinates":[[[-85.084154,41.748116],[-85.083858,41.757958],[-85.0585399384706,41.75991504558],[-85.0491667393384,41.7599493681732],[-85.039436,41.759985],[-85.0341571986488,41.7597765127574],[-85.0197766074889,41.7596802941406],[-84.989844548499,41.7594800227274],[-84.972803,41.759366],[-84.971751,41.744373],[-84.971261,41.736474],[-84.971293,41.730202],[-84.970618,41.701073],[-85.002277,41.700926],[-85.020138,41.700778],[-85.035911,41.700665],[-85.039975,41.700636],[-85.048104,41.700587],[-85.055491,41.700523],[-85.060008,41.700526],[-85.065578,41.70053],[-85.072206,41.700452],[-85.083641,41.700456],[-85.083977,41.72464],[-85.083932,41.736722],[-85.084154,41.748116]]]}},{"type":"Feature","id":"steuben|york","properties":{"key":"steuben|york"},"geometry":{"type":"Polygon","coordinates":[[[-84.878705,41.701824],[-84.869024,41.701929],[-84.859865,41.702024],[-84.816339,41.702492],[-84.8060088134515,41.7027384774162],[-84.805996,41.696118],[-84.8060496362353,41.6890639126921],[-84.806209,41.674584],[-84.8059901166025,41.6528546188034],[-84.805862,41.640136],[-84.805684,41.628446],[-84.8056729896457,41.6191604177098],[-84.834878,41.615718],[-84.839895,41.615618],[-84.857432,41.615278],[-84.876366,41.614949],[-84.876977,41.629456],[-84.878264,41.687569],[-84.878705,41.701824]]]}},{"type":"Feature","id":"gibson|patoka","properties":{"key":"gibson|patoka"},"geometry":{"type":"Polygon","coordinates":[[[-87.724037,38.381137],[-87.723464,38.392432],[-87.715294,38.392625],[-87.682318,38.392298],[-87.663835,38.3921],[-87.649234,38.391854],[-87.625024,38.391767],[-87.620682,38.39142],[-87.598383,38.391428],[-87.590021,38.391554],[-87.58583,38.391504],[-87.581522,38.391567],[-87.574607,38.391615],[-87.574642,38.397249],[-87.574563,38.404417],[-87.569387,38.402863],[-87.564715,38.401704],[-87.560507,38.400211],[-87.555709,38.400571],[-87.550321,38.402123],[-87.538552,38.399975],[-87.501042,38.39924],[-87.501351,38.389987],[-87.501465,38.369954],[-87.5015,38.347874],[-87.501952,38.330515],[-87.502489,38.290195],[-87.521163,38.289115],[-87.605559,38.289122],[-87.622773,38.289039],[-87.622148,38.318905],[-87.641104,38.31878],[-87.650325,38.318999],[-87.650326,38.340056],[-87.668539,38.341121],[-87.668685,38.348495],[-87.687098,38.348548],[-87.714734,38.347995],[-87.723967,38.348003],[-87.72443,38.355488],[-87.724037,38.381137]]]}},{"type":"Feature","id":"lawrence|spicevalley","properties":{"key":"lawrence|spicevalley"},"geometry":{"type":"Polygon","coordinates":[[[-86.683513,38.761965],[-86.683577,38.767394],[-86.6834,38.772852],[-86.683213,38.846912],[-86.667281,38.846945],[-86.620717,38.846712],[-86.610104,38.846662],[-86.610158,38.832161],[-86.601146,38.832076],[-86.591726,38.831956],[-86.592144,38.823373],[-86.591871,38.817424],[-86.578142,38.817301],[-86.571879,38.813288],[-86.564658,38.80337],[-86.559161,38.800753],[-86.553384,38.8004],[-86.552997,38.767128],[-86.552775,38.741542],[-86.552659,38.731034],[-86.55278,38.716597],[-86.553399,38.687441],[-86.590647,38.687088],[-86.624068,38.686862],[-86.683102,38.686561],[-86.683371,38.721815],[-86.683255,38.730049],[-86.683409,38.753615],[-86.683863,38.761597],[-86.683513,38.761965]]]}},{"type":"Feature","id":"henry|spiceland","properties":{"key":"henry|spiceland"},"geometry":{"type":"Polygon","coordinates":[[[-85.494674,39.835117],[-85.490054,39.838217],[-85.486071,39.844492],[-85.480848,39.850324],[-85.476165,39.854295],[-85.469434,39.85709],[-85.463106,39.8588],[-85.456876,39.860231],[-85.448542,39.860226],[-85.43842,39.860225],[-85.434416,39.860229],[-85.429663,39.860209],[-85.429628,39.87358],[-85.424184,39.873717],[-85.41061,39.873586],[-85.41052,39.860136],[-85.410466,39.853464],[-85.410458,39.848085],[-85.410345,39.830991],[-85.409793,39.787313],[-85.447853,39.787432],[-85.474886,39.787268],[-85.494067,39.787174],[-85.494329,39.803802],[-85.494483,39.813001],[-85.49461,39.823424],[-85.494917,39.832813],[-85.494674,39.835117]]]}},{"type":"Feature","id":"jay|jefferson","properties":{"key":"jay|jefferson"},"geometry":{"type":"Polygon","coordinates":[[[-85.130855,40.393448],[-85.072602,40.394376],[-85.037921,40.395241],[-85.019027,40.395227],[-85.01748,40.308996],[-85.02703,40.308807],[-85.093344,40.307889],[-85.129988,40.307456],[-85.130158,40.336559],[-85.130355,40.360178],[-85.13048,40.365607],[-85.130647,40.387318],[-85.130855,40.393448]]]}},{"type":"Feature","id":"knox|harrison","properties":{"key":"knox|harrison"},"geometry":{"type":"Polygon","coordinates":[[[-87.464278,38.601163],[-87.463774,38.621689],[-87.46354,38.628983],[-87.463237,38.641054],[-87.451997,38.640985],[-87.349048,38.641259],[-87.327496,38.641342],[-87.326615,38.637094],[-87.323959,38.621513],[-87.314495,38.619528],[-87.308144,38.619497],[-87.308158,38.612108],[-87.29861,38.612184],[-87.255275,38.612364],[-87.246928,38.607729],[-87.245381,38.603679],[-87.240445,38.605194],[-87.241045,38.600992],[-87.24711,38.600518],[-87.2451,38.595582],[-87.249074,38.590238],[-87.249064,38.585671],[-87.242634,38.58195],[-87.238459,38.582267],[-87.237506,38.577068],[-87.241775,38.571981],[-87.246042,38.5717],[-87.24188,38.567175],[-87.237258,38.563122],[-87.242155,38.559923],[-87.247192,38.560651],[-87.24185,38.555527],[-87.237435,38.552387],[-87.241263,38.548163],[-87.244025,38.54401],[-87.249986,38.542015],[-87.254253,38.536142],[-87.254443,38.529301],[-87.263683,38.523544],[-87.269171,38.522653],[-87.276546,38.51917],[-87.280776,38.516951],[-87.286106,38.512783],[-87.29174,38.511057],[-87.301231,38.510263],[-87.305343,38.514064],[-87.309267,38.519938],[-87.314637,38.521406],[-87.323962,38.524044],[-87.328896,38.526687],[-87.337347,38.531475],[-87.342292,38.534826],[-87.349089,38.540331],[-87.355054,38.543528],[-87.360233,38.544128],[-87.366157,38.543348],[-87.36993,38.539228],[-87.369273,38.534571],[-87.36214,38.525937],[-87.362233,38.519891],[-87.367596,38.512944],[-87.372548,38.512157],[-87.377446,38.513857],[-87.381389,38.517863],[-87.381705,38.522303],[-87.380076,38.529309],[-87.380642,38.535005],[-87.385605,38.538419],[-87.393997,38.538673],[-87.398725,38.540441],[-87.403249,38.541404],[-87.407679,38.539536],[-87.408467,38.53128],[-87.409869,38.527147],[-87.415904,38.526768],[-87.420283,38.528891],[-87.422778,38.532932],[-87.422328,38.53728],[-87.428716,38.539984],[-87.432118,38.530515],[-87.439315,38.528787],[-87.445109,38.532385],[-87.445368,38.553743],[-87.446306,38.580485],[-87.457522,38.59223],[-87.464423,38.599098],[-87.464278,38.601163]]]}},{"type":"Feature","id":"spencer|grass","properties":{"key":"spencer|grass"},"geometry":{"type":"Polygon","coordinates":[[[-87.191776,37.991904],[-87.185803,37.996518],[-87.183781,38.000747],[-87.179494,38.000676],[-87.174825,38.004744],[-87.180548,38.007266],[-87.173991,38.009491],[-87.169309,38.013162],[-87.169709,38.017801],[-87.161683,38.017947],[-87.155888,38.017677],[-87.152794,38.023577],[-87.159341,38.026987],[-87.166022,38.028245],[-87.160989,38.032781],[-87.156516,38.029988],[-87.154288,38.036191],[-87.156067,38.041563],[-87.151086,38.046738],[-87.153495,38.053588],[-87.147914,38.059002],[-87.139073,38.057057],[-87.133357,38.055231],[-87.131442,38.049857],[-87.126877,38.045684],[-87.118605,38.045411],[-87.1139,38.047002],[-87.10548,38.046992],[-87.099572,38.0486],[-87.09518,38.048314],[-87.090962,38.04869],[-87.075103,38.046077],[-87.059021,38.046246],[-87.059012,38.031816],[-87.036379,38.031695],[-87.027239,38.03174],[-87.01919,38.031761],[-87.018081,38.017328],[-87.01802,38.004148],[-87.018081,37.973061],[-87.018012,37.965767],[-87.018065,37.959688],[-87.035652,37.959678],[-87.059644,37.959335],[-87.081944,37.959338],[-87.091426,37.959437],[-87.14995,37.959618],[-87.149973,37.988761],[-87.194662,37.989574],[-87.191776,37.991904]]]}},{"type":"Feature","id":"sullivan|fairbanks","properties":{"key":"sullivan|fairbanks"},"geometry":{"type":"Polygon","coordinates":[[[-87.621397,39.178868],[-87.6204269845597,39.1850237549559],[-87.611045,39.18409],[-87.605173,39.185897],[-87.603045,39.191304],[-87.594151,39.194932],[-87.58659,39.199626],[-87.584977,39.205276],[-87.577029,39.211123],[-87.574558,39.218404],[-87.577609,39.239184],[-87.579319,39.243552],[-87.573074,39.246693],[-87.571333,39.251381],[-87.580652,39.255237],[-87.58518,39.253138],[-87.59111,39.247261],[-87.598135,39.254093],[-87.6041078977191,39.2594582614714],[-87.565997,39.25931],[-87.504843,39.259371],[-87.460602,39.259316],[-87.46121,39.171901],[-87.533787,39.172032],[-87.6194145620066,39.1720866687543],[-87.621397,39.178868]]]}},{"type":"Feature","id":"morgan|monroe","properties":{"key":"morgan|monroe"},"geometry":{"type":"Polygon","coordinates":[[[-86.559921,39.589264],[-86.559847,39.600862],[-86.517414,39.60075],[-86.468214,39.600762],[-86.465931,39.630032],[-86.437058,39.630294],[-86.417894,39.630457],[-86.417403,39.593046],[-86.417588,39.56115],[-86.417609,39.556786],[-86.465354,39.556963],[-86.470354,39.556982],[-86.498251,39.55699],[-86.503798,39.556943],[-86.50391,39.564377],[-86.526376,39.564528],[-86.56008,39.564968],[-86.559921,39.589264]]]}},{"type":"Feature","id":"clinton|union","properties":{"key":"clinton|union"},"geometry":{"type":"Polygon","coordinates":[[[-86.562748,40.309802],[-86.562399,40.344159],[-86.562136,40.358681],[-86.487248,40.35844],[-86.468418,40.358369],[-86.468293,40.324085],[-86.468001,40.311933],[-86.468214,40.300668],[-86.487278,40.300448],[-86.50136,40.300438],[-86.511548,40.300417],[-86.517566,40.300331],[-86.536705,40.300515],[-86.543293,40.300576],[-86.562194,40.300631],[-86.562748,40.309802]]]}},{"type":"Feature","id":"harrison|boone","properties":{"key":"harrison|boone"},"geometry":{"type":"Polygon","coordinates":[[[-86.131035,38.077116],[-86.130067,38.113464],[-86.12343,38.113173],[-86.116007,38.113168],[-86.106321,38.112853],[-86.105988,38.098105],[-86.031942,38.097294],[-86.013631,38.097282],[-86.013195,38.082675],[-86.012571,38.059706],[-86.012255,38.054971],[-86.011578,38.025885],[-86.011441,38.018187],[-86.011114,38.01418],[-86.013771,38.008624],[-86.019592,38.005209],[-86.025648,38.002288],[-86.028599,37.996801],[-86.0307127124614,37.9916067355012],[-86.035103,37.984358],[-86.033578,37.970231],[-86.0342672666978,37.9652544412164],[-86.03819,37.959588],[-86.042307,37.958171],[-86.046736,37.958995],[-86.057997,37.967671],[-86.064859,37.975618],[-86.0680004791108,37.980661819239],[-86.075932,37.995493],[-86.079389,38.000625],[-86.086341,38.004931],[-86.0990637184234,38.0104237656786],[-86.104167,38.012627],[-86.117523,38.015441],[-86.1283,38.016192],[-86.1333095274983,38.0158231298576],[-86.131035,38.077116]]]}},{"type":"Feature","id":"washington|gibson","properties":{"key":"washington|gibson"},"geometry":{"type":"Polygon","coordinates":[[[-86.016789,38.758081],[-86.010944,38.756713],[-86.00647,38.759961],[-86.000885,38.76005],[-85.996789,38.762547],[-85.994482,38.7666],[-85.989776,38.767311],[-85.984252,38.768115],[-85.985243,38.763857],[-85.985678,38.759417],[-85.98062,38.759052],[-85.98015,38.754887],[-85.974274,38.752852],[-85.967874,38.75512],[-85.966794,38.759652],[-85.962762,38.763635],[-85.957762,38.76137],[-85.952237,38.761417],[-85.952324,38.757297],[-85.947354,38.753751],[-85.945659,38.758396],[-85.941304,38.760273],[-85.936861,38.762905],[-85.93651,38.755834],[-85.932447,38.755811],[-85.927507,38.756062],[-85.928004,38.750661],[-85.922975,38.748271],[-85.918358,38.746256],[-85.919529,38.750551],[-85.913856,38.749599],[-85.909765,38.748199],[-85.912543,38.752673],[-85.909677,38.757112],[-85.91,38.752855],[-85.905937,38.752923],[-85.900587,38.753814],[-85.89616,38.750056],[-85.897024,38.744968],[-85.898721,38.740529],[-85.893577,38.737847],[-85.89449,38.731372],[-85.889553,38.730546],[-85.887951,38.706247],[-85.888111,38.699898],[-85.887864,38.681509],[-85.888108,38.648791],[-85.954499,38.648639],[-85.961027,38.648358],[-85.976698,38.648462],[-85.99424,38.64824],[-85.998345,38.648215],[-86.015692,38.648019],[-86.015877,38.662772],[-86.016042,38.677094],[-86.016658,38.747661],[-86.016789,38.758081]]]}},{"type":"Feature","id":"wayne|jefferson","properties":{"key":"wayne|jefferson"},"geometry":{"type":"Polygon","coordinates":[[[-85.200525,39.947121],[-85.193193,39.94719],[-85.187189,39.947005],[-85.162754,39.947561],[-85.152551,39.94724],[-85.138565,39.94648],[-85.125779,39.946365],[-85.090617,39.946392],[-85.090488,39.931876],[-85.09019,39.900174],[-85.089866,39.890517],[-85.125271,39.888392],[-85.125238,39.874063],[-85.143897,39.874046],[-85.160624,39.874221],[-85.200945,39.873799],[-85.200525,39.947121]]]}},{"type":"Feature","id":"wayne|washington","properties":{"key":"wayne|washington"},"geometry":{"type":"Polygon","coordinates":[[[-85.185104,39.744616],[-85.1842,39.758755],[-85.183472,39.788397],[-85.183246,39.802844],[-85.176691,39.802853],[-85.164919,39.802685],[-85.137251,39.80188],[-85.127245,39.801558],[-85.107956,39.802128],[-85.070912,39.801831],[-85.052334,39.801737],[-85.05221,39.79308],[-85.052446,39.773093],[-85.052548,39.765815],[-85.052646,39.758553],[-85.053292,39.714819],[-85.071878,39.71494],[-85.120723,39.71503],[-85.124961,39.71489],[-85.134694,39.715001],[-85.185089,39.715515],[-85.185104,39.744616]]]}},{"type":"Feature","id":"lake|winfield","properties":{"key":"lake|winfield"},"geometry":{"type":"Polygon","coordinates":[[[-87.296908,41.38377],[-87.296878,41.394696],[-87.296801,41.412917],[-87.296765,41.423633],[-87.296818,41.430213],[-87.296869,41.434766],[-87.258288,41.434671],[-87.238991,41.43463],[-87.219625,41.434595],[-87.219602,41.420171],[-87.219807,41.411611],[-87.219916,41.396495],[-87.219693,41.390991],[-87.219659,41.383676],[-87.219762,41.347322],[-87.220269,41.334294],[-87.258882,41.333065],[-87.258413,41.347344],[-87.277567,41.347482],[-87.277463,41.362125],[-87.296908,41.362213],[-87.296908,41.38377]]]}},{"type":"Feature","id":"warren|washington","properties":{"key":"warren|washington"},"geometry":{"type":"Polygon","coordinates":[[[-87.382015,40.301779],[-87.306467,40.301933],[-87.29025,40.301943],[-87.262708,40.301984],[-87.249959,40.30198],[-87.254012,40.296372],[-87.258584,40.292654],[-87.264676,40.288001],[-87.2698,40.286403],[-87.275564,40.28372],[-87.281378,40.278391],[-87.288939,40.265337],[-87.294191,40.257966],[-87.29961,40.254967],[-87.306453,40.252897],[-87.311889,40.250036],[-87.316316,40.246684],[-87.319104,40.24047],[-87.328539,40.235396],[-87.332907,40.228729],[-87.337795,40.225585],[-87.342202,40.229198],[-87.347208,40.23329],[-87.345603,40.239355],[-87.346004,40.24549],[-87.350584,40.243751],[-87.355733,40.24889],[-87.35613,40.254428],[-87.362199,40.255821],[-87.363529,40.262138],[-87.368263,40.264142],[-87.374261,40.270979],[-87.3702,40.273041],[-87.37564,40.275465],[-87.373864,40.280557],[-87.37802,40.286839],[-87.378375,40.291622],[-87.37601,40.296244],[-87.380579,40.297455],[-87.382015,40.301779]]]}},{"type":"Feature","id":"lake|north","properties":{"key":"lake|north"},"geometry":{"type":"Polygon","coordinates":[[[-87.5255616243485,41.5247388351923],[-87.5254078746457,41.5474789653466],[-87.5253450142737,41.5567762388581],[-87.5253406579248,41.5634697996359],[-87.5253545030613,41.570093955734],[-87.5253691606271,41.5771068157356],[-87.5253780519576,41.5813608410439],[-87.525387,41.585642],[-87.5253329030713,41.5919844926552],[-87.5252581206007,41.60075222279],[-87.5251988618377,41.6076999049994],[-87.5251578420515,41.6138340883201],[-87.5251352645599,41.6191619968835],[-87.5251065246638,41.625944129351],[-87.5250884576358,41.6302076443083],[-87.525066170691,41.6354669887058],[-87.5250146577199,41.6446359557451],[-87.5249784683111,41.650117217931],[-87.524848,41.669878],[-87.5246293997509,41.6918016948862],[-87.5245572674651,41.6990359328702],[-87.524165,41.708314],[-87.514948,41.704562],[-87.511153,41.697524],[-87.506533,41.695435],[-87.5002828512513,41.6892009182262],[-87.490945,41.684905],[-87.485109,41.683585],[-87.482559,41.679438],[-87.475801,41.677861],[-87.470742,41.672835],[-87.464178,41.676876],[-87.449914,41.684184],[-87.442558,41.672508],[-87.442767,41.66783],[-87.438033,41.664563],[-87.433639,41.668144],[-87.439336,41.680131],[-87.424877,41.690073],[-87.415816,41.688183],[-87.410873,41.683992],[-87.414493,41.675749],[-87.408736,41.670285],[-87.421152,41.659516],[-87.4323547806013,41.6564424835288],[-87.437033,41.655159],[-87.4331140630043,41.649036018857],[-87.432978,41.640843],[-87.432945,41.636718],[-87.432841,41.630128],[-87.432594,41.613036],[-87.432702,41.603698],[-87.432735,41.598324],[-87.432909,41.588053],[-87.432931,41.580791],[-87.432662,41.574441],[-87.432629,41.570169],[-87.432445,41.555461],[-87.432479,41.545922],[-87.432499,41.537325],[-87.437338,41.537369],[-87.444995,41.537401],[-87.451313,41.537429],[-87.451813,41.522909],[-87.471342,41.523013],[-87.48074,41.523087],[-87.490406,41.523154],[-87.500935,41.52288],[-87.515839,41.522663],[-87.5255757398666,41.5226510996586],[-87.5255616243485,41.5247388351923]]]}},{"type":"Feature","id":"ohio|randolph","properties":{"key":"ohio|randolph"},"geometry":{"type":"Polygon","coordinates":[[[-84.949399,38.947635],[-84.949215,38.959912],[-84.930984,38.9597],[-84.930271,39.008528],[-84.925776,39.014342],[-84.918741,39.014452],[-84.913544,39.018638],[-84.908596,39.017567],[-84.902413,39.014954],[-84.897688,39.013366],[-84.892475,39.01893],[-84.888261,39.023274],[-84.883816,39.025921],[-84.8773646668687,39.0316002471835],[-84.871824,39.027756],[-84.864509167168,39.0198047349953],[-84.850607,39.004693],[-84.847736,38.998008],[-84.83983,38.99129],[-84.833473,38.981522],[-84.830619,38.974898],[-84.829857,38.969385],[-84.832617,38.96146],[-84.84016,38.954571],[-84.844161,38.950973],[-84.849317,38.948265],[-84.8530118682735,38.9438194680931],[-84.864731,38.934893],[-84.870759,38.929231],[-84.877762,38.920357],[-84.879268,38.916116],[-84.877029,38.909016],[-84.8711586444968,38.9016816688014],[-84.931107,38.900984],[-84.950102,38.901117],[-84.949399,38.947635]]]}},{"type":"Feature","id":"fountain|richland","properties":{"key":"fountain|richland"},"geometry":{"type":"Polygon","coordinates":[[[-87.2055,40.229097],[-87.186379,40.229192],[-87.186296,40.25831],[-87.167714,40.258241],[-87.1486,40.258056],[-87.096999,40.258586],[-87.092709,40.258391],[-87.092647,40.250037],[-87.09253,40.243684],[-87.092531,40.229311],[-87.092563,40.214806],[-87.091957,40.171253],[-87.091904,40.127547],[-87.195942,40.127909],[-87.201872,40.127937],[-87.205219,40.149592],[-87.205122,40.17127],[-87.205092,40.185718],[-87.205499,40.214609],[-87.20546,40.221934],[-87.2055,40.229097]]]}},{"type":"Feature","id":"laporte|wills","properties":{"key":"laporte|wills"},"geometry":{"type":"Polygon","coordinates":[[[-86.603027,41.694497],[-86.583615,41.694514],[-86.525408,41.694581],[-86.525645,41.687234],[-86.526009,41.672304],[-86.526682,41.65044],[-86.487567,41.649325],[-86.486991,41.641706],[-86.48646,41.616395],[-86.486606,41.607017],[-86.500054,41.607397],[-86.506883,41.606884],[-86.512841,41.607013],[-86.581684,41.607187],[-86.601856,41.607161],[-86.601678,41.615512],[-86.602034,41.62175],[-86.60189,41.65109],[-86.602173,41.658412],[-86.60238,41.665929],[-86.602582,41.675396],[-86.602724,41.680458],[-86.603027,41.694497]]]}},{"type":"Feature","id":"ohio|pike","properties":{"key":"ohio|pike"},"geometry":{"type":"Polygon","coordinates":[[[-85.135832,38.929578],[-85.132508,38.948055],[-85.124954,38.950944],[-85.120125,38.956073],[-85.115466,38.956555],[-85.114114,38.951911],[-85.118859,38.948293],[-85.120464,38.940558],[-85.11633,38.936237],[-85.112258,38.936742],[-85.108246,38.939375],[-85.102563,38.940178],[-85.097459,38.935507],[-85.093986,38.940135],[-85.089379,38.942721],[-85.085494,38.948035],[-85.082642,38.952241],[-85.07684,38.948375],[-85.072445,38.948009],[-85.070892,38.953134],[-85.068079,38.957139],[-85.0672,38.951922],[-85.061486,38.948329],[-85.058556,38.952356],[-85.058643,38.957161],[-85.049559,38.957344],[-85.048239,38.962286],[-85.051198,38.966908],[-85.046947,38.968967],[-85.043634,38.973131],[-85.036627,38.976332],[-85.030619,38.975049],[-85.024668,38.974498],[-85.025413,38.960726],[-85.024392,38.950738],[-85.02508,38.931477],[-85.043716,38.931577],[-85.044175,38.903],[-85.100072,38.903011],[-85.1336,38.903375],[-85.140312,38.903194],[-85.135832,38.929578]]]}},{"type":"Feature","id":"crawford|sterling","properties":{"key":"crawford|sterling"},"geometry":{"type":"Polygon","coordinates":[[[-86.513741,38.323308],[-86.513659,38.331386],[-86.513375,38.350161],[-86.512949,38.358464],[-86.512996,38.37074],[-86.513001,38.381696],[-86.513821,38.392272],[-86.513746,38.396416],[-86.456734,38.396419],[-86.451701,38.396461],[-86.427081,38.396096],[-86.420894,38.396024],[-86.421271,38.375059],[-86.420586,38.365738],[-86.403108,38.365632],[-86.397541,38.365561],[-86.393215,38.365548],[-86.394022,38.322209],[-86.379374,38.322084],[-86.379378,38.315575],[-86.379421,38.307438],[-86.384871,38.307354],[-86.384907,38.293095],[-86.390798,38.293092],[-86.390857,38.287525],[-86.414271,38.28754],[-86.414327,38.272364],[-86.421055,38.272417],[-86.4496,38.272532],[-86.449628,38.265472],[-86.459079,38.265461],[-86.458794,38.280011],[-86.458621,38.293898],[-86.463179,38.293944],[-86.467741,38.293991],[-86.476887,38.294095],[-86.485834,38.294175],[-86.514327,38.294381],[-86.513741,38.323308]]]}},{"type":"Feature","id":"shelby|hanover","properties":{"key":"shelby|hanover"},"geometry":{"type":"Polygon","coordinates":[[[-85.735486,39.698816],[-85.72539,39.69885],[-85.7158,39.698839],[-85.706419,39.698738],[-85.633228,39.698462],[-85.632824,39.656173],[-85.632771,39.625706],[-85.686669,39.625763],[-85.705806,39.625917],[-85.734121,39.625995],[-85.7346,39.647651],[-85.734907,39.669489],[-85.735027,39.676671],[-85.735135,39.682903],[-85.735367,39.691333],[-85.735479,39.697587],[-85.735486,39.698816]]]}},{"type":"Feature","id":"johnson|nineveh","properties":{"key":"johnson|nineveh"},"geometry":{"type":"Polygon","coordinates":[[[-86.13945,39.34698],[-86.139491,39.364186],[-86.139295,39.37142],[-86.13927,39.37988],[-86.139246,39.402487],[-86.13923,39.40889],[-86.138804,39.423458],[-86.138684,39.432149],[-86.13188,39.43228],[-86.044929,39.433807],[-86.039552,39.433893],[-86.026092,39.434141],[-86.027372,39.426842],[-86.027718,39.403599],[-86.027739,39.399309],[-86.028043,39.385496],[-86.02762,39.38063],[-86.028004,39.375048],[-86.027695,39.347575],[-86.085601,39.344189],[-86.094815,39.344003],[-86.102763,39.343845],[-86.123194,39.343413],[-86.139569,39.343063],[-86.13945,39.34698]]]}},{"type":"Feature","id":"jay|bearcreek","properties":{"key":"jay|bearcreek"},"geometry":{"type":"Polygon","coordinates":[[[-84.99214,40.569589],[-84.973029,40.570035],[-84.95909,40.570275],[-84.934872,40.57066],[-84.909438,40.570939],[-84.877728,40.571376],[-84.876131,40.498591],[-84.875825,40.484067],[-84.902443,40.483736],[-84.979413,40.482821],[-84.989915,40.482467],[-84.990842,40.518915],[-84.99214,40.569589]]]}},{"type":"Feature","id":"allen|jefferson","properties":{"key":"allen|jefferson"},"geometry":{"type":"Polygon","coordinates":[[[-85.002187,41.08999],[-84.996669,41.090318],[-84.988928,41.091301],[-84.963102,41.093088],[-84.905164,41.094815],[-84.885733,41.09517],[-84.883096,41.02497],[-84.882586,41.00792],[-84.950229,41.006577],[-84.959463,41.006553],[-84.964486,41.006257],[-84.969747,41.00595],[-84.999888,41.005347],[-85.000411,41.024244],[-85.000787,41.041666],[-85.000974,41.048967],[-85.000982,41.055916],[-85.001092,41.063982],[-85.001227,41.070451],[-85.001507,41.082755],[-85.001843,41.089873],[-85.002187,41.08999]]]}},{"type":"Feature","id":"laporte|springfield","properties":{"key":"laporte|springfield"},"geometry":{"type":"Polygon","coordinates":[[[-86.816392,41.685231],[-86.816311,41.694238],[-86.816259,41.717256],[-86.816222,41.723439],[-86.816118,41.749863],[-86.81607,41.76024],[-86.8105926666667,41.76024],[-86.804504,41.76024],[-86.8004617668827,41.7602501929505],[-86.7801755650036,41.7601404856034],[-86.748096,41.759967],[-86.7222977954315,41.7599017427408],[-86.6996808813612,41.7598268075055],[-86.699954,41.752209],[-86.700201,41.737809],[-86.700357,41.711811],[-86.700067,41.693883],[-86.699875,41.679518],[-86.738686,41.679268],[-86.787117,41.679506],[-86.81643,41.679751],[-86.816392,41.685231]]]}},{"type":"Feature","id":"tippecanoe|fairfield","properties":{"key":"tippecanoe|fairfield"},"geometry":{"type":"Polygon","coordinates":[[[-86.923946,40.39469],[-86.920739,40.399488],[-86.914089,40.403519],[-86.909784,40.404281],[-86.90012,40.414663],[-86.896809,40.421035],[-86.896598,40.425272],[-86.896109,40.431935],[-86.896109,40.436735],[-86.893977,40.451502],[-86.89011,40.457635],[-86.88691,40.463535],[-86.884204,40.470621],[-86.872952,40.47579],[-86.86196,40.474241],[-86.854662,40.470909],[-86.850405,40.471522],[-86.843209,40.474547],[-86.81554,40.474617],[-86.810564,40.474663],[-86.810487,40.466894],[-86.809998,40.43483],[-86.809981,40.424899],[-86.809935,40.41777],[-86.80988,40.410241],[-86.809712,40.394067],[-86.809715,40.388426],[-86.827956,40.38836],[-86.832549,40.387759],[-86.83744,40.388296],[-86.843399,40.388293],[-86.857355,40.388154],[-86.864863,40.388103],[-86.876294,40.388089],[-86.885817,40.387973],[-86.893458,40.387957],[-86.90465,40.387911],[-86.924099,40.387793],[-86.923946,40.39469]]]}},{"type":"Feature","id":"bartholomew|clifty","properties":{"key":"bartholomew|clifty"},"geometry":{"type":"Polygon","coordinates":[[[-85.771944,39.217713],[-85.771432,39.223107],[-85.771487,39.261564],[-85.76137,39.261403],[-85.752637,39.261617],[-85.724099,39.261562],[-85.705485,39.261565],[-85.695906,39.261573],[-85.686659,39.261416],[-85.686822,39.248331],[-85.686991,39.233711],[-85.687277,39.189681],[-85.772098,39.188496],[-85.771944,39.217713]]]}},{"type":"Feature","id":"harrison|jackson","properties":{"key":"harrison|jackson"},"geometry":{"type":"Polygon","coordinates":[[[-86.162248,38.303845],[-86.161864,38.31485],[-86.161523,38.326836],[-86.161326,38.333371],[-86.156558,38.333283],[-86.142581,38.332741],[-86.099483,38.331548],[-86.032559,38.33066],[-86.014313,38.330645],[-86.014349,38.326416],[-86.014363,38.316424],[-86.014216,38.301812],[-86.01394,38.287216],[-86.051031,38.287336],[-86.051059,38.258276],[-86.104597,38.258766],[-86.109436,38.258968],[-86.119107,38.259241],[-86.126457,38.259159],[-86.161934,38.261201],[-86.160893,38.28943],[-86.162248,38.303845]]]}},{"type":"Feature","id":"switzerland|jefferson","properties":{"key":"switzerland|jefferson"},"geometry":{"type":"Polygon","coordinates":[[[-85.099819,38.73065],[-85.099604,38.738776],[-85.098606,38.743318],[-85.09446,38.743314],[-85.093322,38.748981],[-85.09739,38.75201],[-85.095199,38.760272],[-85.100319,38.759679],[-85.099612,38.801554],[-85.098892,38.842467],[-85.078871,38.84384],[-85.044921,38.843573],[-85.000035,38.844132],[-84.988176,38.844071],[-84.988422,38.819486],[-84.988655,38.797104],[-84.990433,38.788645],[-84.988617,38.784375],[-84.993248,38.779912],[-84.999949,38.774715],[-85.010986,38.767032],[-85.0234253770209,38.762102680894],[-85.0331731252391,38.7582399664308],[-85.040938,38.755163],[-85.0524,38.74814],[-85.059677,38.745338],[-85.071928,38.741567],[-85.079537,38.736902],[-85.0944227743565,38.7292189404962],[-85.101405,38.726551],[-85.099819,38.73065]]]}},{"type":"Feature","id":"ripley|laughery","properties":{"key":"ripley|laughery"},"geometry":{"type":"Polygon","coordinates":[[[-85.315343,39.249188],[-85.315162,39.258653],[-85.305417,39.26372],[-85.29654,39.268291],[-85.277478,39.277715],[-85.245003,39.294542],[-85.238719,39.297806],[-85.226647,39.303882],[-85.217883,39.308474],[-85.208229,39.308521],[-85.207882,39.287764],[-85.207803,39.282169],[-85.207736,39.275479],[-85.207617,39.256507],[-85.207282,39.249741],[-85.207544,39.224765],[-85.208228,39.220761],[-85.229251,39.220604],[-85.288576,39.220424],[-85.296204,39.220675],[-85.315308,39.220773],[-85.315282,39.228058],[-85.315089,39.246402],[-85.315343,39.249188]]]}},{"type":"Feature","id":"rush|anderson","properties":{"key":"rush|anderson"},"geometry":{"type":"Polygon","coordinates":[[[-85.517395,39.538921],[-85.493669,39.538876],[-85.46067,39.538935],[-85.443648,39.53918],[-85.407917,39.539723],[-85.405373,39.525148],[-85.405532,39.519842],[-85.404896,39.51214],[-85.404589,39.453134],[-85.41369,39.453124],[-85.441664,39.453249],[-85.45957,39.453198],[-85.50712,39.452756],[-85.511814,39.452702],[-85.516554,39.452646],[-85.51626,39.460066],[-85.516496,39.46747],[-85.51617,39.485736],[-85.516192,39.495358],[-85.516059,39.519058],[-85.515941,39.524179],[-85.517395,39.538921]]]}},{"type":"Feature","id":"sullivan|gill","properties":{"key":"sullivan|gill"},"geometry":{"type":"Polygon","coordinates":[[[-87.6181879688237,39.0850188415627],[-87.470711,39.08457],[-87.46163,39.084581],[-87.461879,39.062687],[-87.461971,39.040825],[-87.438127,39.040305],[-87.428876,39.0401],[-87.410072,39.039843],[-87.410393,39.025374],[-87.419879,39.025432],[-87.419456,39.021171],[-87.416477,39.01468],[-87.415379,39.010269],[-87.416581,39.003485],[-87.417977,38.998096],[-87.429484,38.996675],[-87.461698,38.997146],[-87.462165,38.942662],[-87.500208,38.943195],[-87.506428,38.942981],[-87.5195757950262,38.9431227716884],[-87.512927,38.950133],[-87.512187,38.954417],[-87.5174224395759,38.9581554426651],[-87.524964,38.963845],[-87.527002,38.96883],[-87.542437,38.975587],[-87.548034,38.978504],[-87.560279,38.981366],[-87.576531,38.986711],[-87.576984,38.99127],[-87.565193,38.988795],[-87.560427,38.992425],[-87.567085,38.993544],[-87.575422,38.996478],[-87.578889,39.002413],[-87.573761,39.008684],[-87.569696,39.019413],[-87.575027,39.034062],[-87.580252,39.039377],[-87.572555,39.050056],[-87.572588,39.057286],[-87.578702,39.061698],[-87.583546,39.067947],[-87.5901331228164,39.0722733898634],[-87.595559,39.078978],[-87.601101,39.081405],[-87.610696,39.081234],[-87.615964,39.082566],[-87.6181879688237,39.0850188415627]]]}},{"type":"Feature","id":"whitley|union","properties":{"key":"whitley|union"},"geometry":{"type":"Polygon","coordinates":[[[-85.453808,41.178233],[-85.424482,41.178465],[-85.35022,41.179191],[-85.338276,41.179065],[-85.338211,41.172746],[-85.337725,41.133689],[-85.337024,41.089723],[-85.413333,41.089201],[-85.434023,41.089194],[-85.451947,41.089163],[-85.452437,41.127233],[-85.452767,41.139798],[-85.452816,41.150679],[-85.452994,41.164161],[-85.453238,41.178125],[-85.453808,41.178233]]]}},{"type":"Feature","id":"johnson|whiteriver","properties":{"key":"johnson|whiteriver"},"geometry":{"type":"Polygon","coordinates":[[[-86.25061,39.576178],[-86.250581,39.587716],[-86.250517,39.593774],[-86.250133,39.604046],[-86.249885,39.633645],[-86.243093,39.633734],[-86.234224,39.633854],[-86.205778,39.63425],[-86.19641,39.63439],[-86.185662,39.634586],[-86.177589,39.634736],[-86.170875,39.634857],[-86.163749,39.634999],[-86.15839,39.6351],[-86.145698,39.635263],[-86.14126,39.63529],[-86.13941,39.629648],[-86.1394,39.62425],[-86.139368,39.617187],[-86.139363,39.606151],[-86.13998,39.60044],[-86.139907,39.592701],[-86.13982,39.58509],[-86.13976,39.57838],[-86.13968,39.570978],[-86.13965,39.56368],[-86.13946,39.54876],[-86.13931,39.53427],[-86.139162,39.520941],[-86.152379,39.51906],[-86.15814,39.51894],[-86.162938,39.518914],[-86.167814,39.518844],[-86.17742,39.51865],[-86.1867,39.51853],[-86.19625,39.51834],[-86.245243,39.517238],[-86.250322,39.516687],[-86.25038,39.52404],[-86.2505,39.54597],[-86.250565,39.557179],[-86.250613,39.566174],[-86.25061,39.576178]]]}},{"type":"Feature","id":"morgan|washington","properties":{"key":"morgan|washington"},"geometry":{"type":"Polygon","coordinates":[[[-86.493154,39.37344],[-86.492932,39.386378],[-86.482548,39.390714],[-86.480155,39.396686],[-86.477683,39.402196],[-86.471281,39.403169],[-86.466095,39.402517],[-86.461523,39.404166],[-86.468716,39.407461],[-86.470229,39.411692],[-86.463093,39.412239],[-86.464489,39.417328],[-86.464655,39.422201],[-86.462605,39.427379],[-86.457179,39.43013],[-86.449887,39.434174],[-86.44551,39.444798],[-86.440277,39.445422],[-86.436431,39.45114],[-86.440319,39.456228],[-86.44165,39.461502],[-86.438445,39.466589],[-86.437966,39.473989],[-86.437485,39.478165],[-86.438559,39.482748],[-86.43429,39.483893],[-86.425932,39.488264],[-86.42154,39.486436],[-86.41585,39.488371],[-86.415143,39.492528],[-86.419756,39.498031],[-86.418651,39.502743],[-86.407169,39.500047],[-86.399513,39.496199],[-86.394565,39.493771],[-86.389377,39.493649],[-86.384042,39.492878],[-86.378572,39.491976],[-86.374223,39.491944],[-86.371297,39.496729],[-86.368604,39.492464],[-86.363974,39.496553],[-86.36117,39.475179],[-86.361713,39.427851],[-86.361771,39.421067],[-86.361919,39.411364],[-86.362111,39.398978],[-86.362284,39.391803],[-86.362328,39.382342],[-86.362405,39.355088],[-86.362345,39.340061],[-86.381395,39.339752],[-86.422799,39.339043],[-86.465115,39.3383],[-86.473714,39.338667],[-86.492904,39.338643],[-86.493154,39.37344]]]}},{"type":"Feature","id":"carroll|carrollton","properties":{"key":"carroll|carrollton"},"geometry":{"type":"Polygon","coordinates":[[[-86.46793,40.561448],[-86.467897,40.604965],[-86.417563,40.604908],[-86.373961,40.604984],[-86.373994,40.597733],[-86.373993,40.59274],[-86.374417,40.561361],[-86.375151,40.517839],[-86.46811,40.517949],[-86.46793,40.561448]]]}},{"type":"Feature","id":"johnson|pleasant","properties":{"key":"johnson|pleasant"},"geometry":{"type":"Polygon","coordinates":[[[-86.13998,39.60044],[-86.139938,39.606141],[-86.13935,39.61346],[-86.1394,39.62425],[-86.13941,39.629648],[-86.139422,39.635386],[-86.128084,39.635494],[-86.117138,39.635607],[-86.11123,39.63575],[-86.106297,39.63578],[-86.10152,39.63585],[-86.08273,39.63644],[-86.074208,39.636589],[-86.06371,39.63683],[-86.058927,39.636929],[-86.05416,39.63703],[-86.044705,39.637219],[-86.044623,39.628419],[-86.04461,39.62421],[-86.04465,39.61515],[-86.045267,39.60262],[-86.04522,39.58776],[-86.04522,39.5804],[-86.045258,39.556248],[-86.045139,39.539569],[-86.055268,39.535675],[-86.07232,39.535378],[-86.08125,39.53516],[-86.092062,39.534968],[-86.10147,39.53486],[-86.115545,39.534292],[-86.13931,39.53427],[-86.13946,39.54876],[-86.13965,39.56319],[-86.13968,39.570978],[-86.13976,39.57838],[-86.13982,39.58509],[-86.13986,39.58942],[-86.13996,39.59968],[-86.13998,39.60044]]]}},{"type":"Feature","id":"ripley|ottercreek","properties":{"key":"ripley|ottercreek"},"geometry":{"type":"Polygon","coordinates":[[[-85.443505,39.059039],[-85.443362,39.064693],[-85.443144,39.073458],[-85.442773,39.088348],[-85.441236,39.147002],[-85.441054,39.16173],[-85.42251,39.161828],[-85.403766,39.162833],[-85.394293,39.162872],[-85.385029,39.162673],[-85.385054,39.147874],[-85.385629,39.111106],[-85.343698,39.111633],[-85.31558,39.11111],[-85.315643,39.10526],[-85.315714,39.096656],[-85.315367,39.090651],[-85.315856,39.045581],[-85.349946,39.045839],[-85.368474,39.045605],[-85.40561,39.045668],[-85.443708,39.044483],[-85.443505,39.059039]]]}},{"type":"Feature","id":"dekalb|jackson","properties":{"key":"dekalb|jackson"},"geometry":{"type":"Polygon","coordinates":[[[-85.078415,41.351993],[-85.059422,41.35245],[-85.041658,41.35276],[-85.037434,41.352826],[-85.03205,41.352972],[-85.022507,41.353155],[-84.965161,41.354562],[-84.963911,41.311218],[-84.962623,41.267678],[-85.020147,41.26653],[-85.05859,41.265897],[-85.077804,41.265601],[-85.078119,41.309391],[-85.078204,41.323187],[-85.078209,41.32873],[-85.078332,41.349491],[-85.078415,41.351993]]]}},{"type":"Feature","id":"marion|warren","properties":{"key":"marion|warren"},"geometry":{"type":"Polygon","coordinates":[[[-86.083772,39.825515],[-86.07855,39.825469],[-86.070906,39.825449],[-86.064781,39.825521],[-86.058042,39.825534],[-86.049172,39.825737],[-86.043492,39.825749],[-86.036353,39.825739],[-86.032214,39.825732],[-86.027638,39.825721],[-86.021853,39.825929],[-86.009924,39.826048],[-86.004737,39.826112],[-86.00043,39.826166],[-85.996348,39.82622],[-85.991069,39.826282],[-85.986712,39.826339],[-85.978771,39.82643],[-85.971997,39.826525],[-85.967198,39.826591],[-85.953123,39.826777],[-85.952944,39.812067],[-85.952902,39.806749],[-85.952582,39.79738],[-85.952414,39.785166],[-85.952351,39.774139],[-85.952204,39.7556],[-85.951817,39.740929],[-85.951842,39.734107],[-85.951699,39.726419],[-85.989634,39.725827],[-86.008566,39.725599],[-86.020533,39.725493],[-86.025048,39.725536],[-86.044743,39.724591],[-86.063606,39.724258],[-86.073119,39.72401],[-86.082626,39.723619],[-86.082644,39.729803],[-86.082675,39.738345],[-86.082775,39.745679],[-86.082875,39.752839],[-86.082971,39.760318],[-86.083036,39.767355],[-86.083127,39.774893],[-86.083196,39.781529],[-86.083288,39.788868],[-86.083307,39.796238],[-86.083386,39.802213],[-86.083479,39.809737],[-86.083546,39.814675],[-86.083772,39.825515]]]}},{"type":"Feature","id":"jefferson|graham","properties":{"key":"jefferson|graham"},"geometry":{"type":"Polygon","coordinates":[[[-85.684068,38.823873],[-85.679676,38.8241],[-85.649393,38.824039],[-85.642332,38.824121],[-85.638403,38.817597],[-85.628855,38.817583],[-85.628847,38.824139],[-85.610595,38.824247],[-85.610999,38.853769],[-85.573776,38.853745],[-85.573644,38.836425],[-85.573514,38.825015],[-85.573293,38.809644],[-85.573176,38.792395],[-85.573181,38.779752],[-85.573028,38.774817],[-85.572928,38.768427],[-85.572524,38.751966],[-85.608886,38.75176],[-85.608721,38.737235],[-85.608689,38.722481],[-85.608678,38.707858],[-85.64576,38.708018],[-85.645688,38.715205],[-85.645986,38.726094],[-85.664274,38.730018],[-85.664357,38.736888],[-85.683338,38.736731],[-85.684034,38.812753],[-85.684068,38.823873]]]}},{"type":"Feature","id":"montgomery|brown","properties":{"key":"montgomery|brown"},"geometry":{"type":"Polygon","coordinates":[[[-87.091328,39.881735],[-87.091173,39.918074],[-87.091051,39.945655],[-87.086502,39.943713],[-87.079812,39.943028],[-87.074818,39.942571],[-87.069049,39.937651],[-87.064144,39.93875],[-87.061767,39.944768],[-87.053173,39.944837],[-87.051418,39.95255],[-87.048176,39.957904],[-87.039522,39.958796],[-87.034912,39.959985],[-87.035594,39.964608],[-87.029408,39.96511],[-87.021287,39.966068],[-87.014387,39.965218],[-87.006475,39.967212],[-86.997058,39.966966],[-86.996954,39.952514],[-86.978121,39.952463],[-86.951703,39.9524],[-86.940267,39.952404],[-86.929726,39.95242],[-86.921386,39.952423],[-86.921384,39.947497],[-86.921452,39.924077],[-86.92171,39.875028],[-86.92156,39.866118],[-86.934352,39.866194],[-86.970995,39.866427],[-86.992514,39.866628],[-87.009477,39.866705],[-87.05376,39.867005],[-87.091542,39.867265],[-87.091328,39.881735]]]}},{"type":"Feature","id":"dekalb|newville","properties":{"key":"dekalb|newville"},"geometry":{"type":"Polygon","coordinates":[[[-84.84971,41.357073],[-84.8039691450755,41.3577561215595],[-84.8038911386967,41.3398812452584],[-84.8038259424255,41.3249417582374],[-84.803594,41.271793],[-84.847416,41.27002],[-84.848615,41.313576],[-84.84971,41.357073]]]}},{"type":"Feature","id":"elkhart|olive","properties":{"key":"elkhart|olive"},"geometry":{"type":"Polygon","coordinates":[[[-86.060652,41.6084],[-86.002415,41.608862],[-86.002319,41.59414],[-86.001716,41.550747],[-86.001601,41.545338],[-86.001456,41.536263],[-86.00136,41.521747],[-86.05944,41.521465],[-86.059623,41.528849],[-86.059793,41.535914],[-86.060031,41.55035],[-86.060521,41.586531],[-86.060652,41.6084]]]}},{"type":"Feature","id":"fulton|liberty","properties":{"key":"fulton|liberty"},"geometry":{"type":"Polygon","coordinates":[[[-86.319558,40.996431],[-86.314643,40.996449],[-86.222636,40.996413],[-86.21842,40.996425],[-86.168459,40.996097],[-86.168971,40.938563],[-86.169144,40.931329],[-86.169012,40.909836],[-86.242433,40.909064],[-86.268144,40.909239],[-86.273921,40.909345],[-86.292464,40.909441],[-86.314206,40.90937],[-86.318987,40.909392],[-86.319239,40.921753],[-86.319369,40.975024],[-86.319558,40.996431]]]}},{"type":"Feature","id":"warrick|ohio","properties":{"key":"warrick|ohio"},"geometry":{"type":"Polygon","coordinates":[[[-87.45093,37.942454],[-87.450707,37.947763],[-87.45057,37.955037],[-87.450204,37.969471],[-87.450011,37.976679],[-87.450283,37.983675],[-87.449906,37.991204],[-87.449511,38.003441],[-87.450028,38.033899],[-87.443204,38.035097],[-87.437314,38.037155],[-87.432165,38.036753],[-87.427247,38.038564],[-87.422999,38.039825],[-87.418963,38.037715],[-87.412338,38.038805],[-87.407963,38.037308],[-87.409157,38.032545],[-87.404984,38.032244],[-87.399544,38.032472],[-87.399833,38.03709],[-87.397678,38.041693],[-87.399261,38.045781],[-87.398949,38.049813],[-87.393294,38.051081],[-87.393236,38.055092],[-87.389864,38.059267],[-87.391578,38.063624],[-87.388835,38.070854],[-87.376459,38.077524],[-87.372717,38.081595],[-87.362976,38.086446],[-87.358721,38.08904],[-87.358875,38.048977],[-87.358936,38.038624],[-87.359006,38.03323],[-87.359092,38.027095],[-87.359289,38.019927],[-87.35925,37.990908],[-87.321499,37.990456],[-87.32223,37.96144],[-87.335255,37.96168],[-87.332645,37.957388],[-87.331324,37.951141],[-87.336107,37.948444],[-87.341149,37.950112],[-87.346985,37.952198],[-87.342825,37.943699],[-87.338533,37.939508],[-87.343173,37.939612],[-87.347946,37.936878],[-87.347872,37.941757],[-87.352892,37.942493],[-87.353104,37.936773],[-87.358976,37.933391],[-87.363853,37.935774],[-87.370339,37.934875],[-87.385434,37.93767],[-87.3911709858664,37.9390617246254],[-87.395789,37.940182],[-87.402238,37.942683],[-87.413325,37.944714],[-87.4232118665683,37.9443523521928],[-87.428307,37.945047],[-87.437801,37.944223],[-87.447786,37.942427],[-87.45093,37.942454]]]}},{"type":"Feature","id":"gibson|whiteriver","properties":{"key":"gibson|whiteriver"},"geometry":{"type":"Polygon","coordinates":[[[-87.756792755494,38.3956491115692],[-87.7527007242378,38.4003823676522],[-87.745254,38.408996],[-87.743772,38.413115],[-87.738859,38.416072],[-87.734507,38.417034],[-87.727977,38.416578],[-87.721852,38.416393],[-87.71552,38.417093],[-87.708652,38.418659],[-87.704222,38.420168],[-87.700122,38.421864],[-87.694996,38.425916],[-87.680848,38.431762],[-87.674231,38.428897],[-87.669045,38.430704],[-87.664162,38.430874],[-87.661702,38.435677],[-87.668345,38.439486],[-87.672924,38.442589],[-87.672049,38.447367],[-87.666956,38.448009],[-87.661936,38.454308],[-87.65681,38.458649],[-87.651256,38.457895],[-87.655376,38.453046],[-87.649058,38.45077],[-87.645293,38.455037],[-87.639268,38.455523],[-87.638274,38.448872],[-87.636645,38.44318],[-87.632041,38.442919],[-87.628917,38.448107],[-87.621452,38.449694],[-87.617284,38.447656],[-87.609652,38.446779],[-87.59965,38.450603],[-87.593649,38.457722],[-87.59019,38.462463],[-87.589611,38.468437],[-87.585304,38.476761],[-87.579882,38.484376],[-87.585018,38.48862],[-87.58727,38.494279],[-87.582498,38.499851],[-87.57787,38.49413],[-87.570021,38.490582],[-87.563988,38.490831],[-87.559973,38.489912],[-87.548816,38.490297],[-87.544106,38.491041],[-87.540139,38.495115],[-87.543152,38.499807],[-87.547166,38.5085],[-87.548484,38.51448],[-87.539946,38.518656],[-87.533827,38.517226],[-87.529301,38.512773],[-87.532252,38.506071],[-87.533273,38.500984],[-87.527631,38.498697],[-87.523114,38.502391],[-87.52335,38.489901],[-87.524929,38.474858],[-87.529413,38.445566],[-87.523613,38.443014],[-87.525461,38.4283],[-87.528564,38.424121],[-87.530013,38.415827],[-87.535732,38.416331],[-87.537727,38.404003],[-87.538552,38.399975],[-87.547047,38.399992],[-87.552866,38.401097],[-87.557991,38.400802],[-87.563394,38.398841],[-87.566351,38.403376],[-87.571729,38.403011],[-87.574625,38.398764],[-87.574697,38.392338],[-87.581522,38.391567],[-87.58583,38.391504],[-87.590021,38.391554],[-87.597973,38.391594],[-87.620682,38.39142],[-87.625024,38.391767],[-87.649234,38.391854],[-87.663779,38.392144],[-87.682318,38.392298],[-87.715294,38.392625],[-87.723464,38.392432],[-87.75554,38.392759],[-87.756792755494,38.3956491115692]]]}},{"type":"Feature","id":"clinton|ross","properties":{"key":"clinton|ross"},"geometry":{"type":"Polygon","coordinates":[[[-86.694665,40.432156],[-86.60603,40.431485],[-86.580932,40.431494],[-86.568148,40.431449],[-86.563464,40.431443],[-86.563434,40.416902],[-86.563489,40.387833],[-86.562136,40.358681],[-86.562399,40.344159],[-86.57936,40.34428],[-86.598815,40.344384],[-86.598676,40.358826],[-86.617808,40.359187],[-86.617438,40.380993],[-86.655317,40.381024],[-86.655219,40.388361],[-86.694667,40.388649],[-86.694665,40.432156]]]}},{"type":"Feature","id":"bartholomew|sandcreek","properties":{"key":"bartholomew|sandcreek"},"geometry":{"type":"Polygon","coordinates":[[[-85.906195,39.157384],[-85.88307,39.157545],[-85.874251,39.157596],[-85.865295,39.157926],[-85.856061,39.157836],[-85.841742,39.158181],[-85.830471,39.158447],[-85.818435,39.158422],[-85.813837,39.158627],[-85.800148,39.158968],[-85.799893,39.143492],[-85.799834,39.128897],[-85.798804,39.068536],[-85.804207,39.070798],[-85.810393,39.069647],[-85.815777,39.069466],[-85.821202,39.06875],[-85.826737,39.065436],[-85.832961,39.063663],[-85.83949,39.062176],[-85.847141,39.059826],[-85.851057,39.064756],[-85.855741,39.066185],[-85.855045,39.070734],[-85.854498,39.07497],[-85.858916,39.076849],[-85.860747,39.08208],[-85.86111,39.088051],[-85.858856,39.094162],[-85.867181,39.093583],[-85.869556,39.09851],[-85.866369,39.103252],[-85.870055,39.109519],[-85.879393,39.112173],[-85.880258,39.116552],[-85.87722,39.120588],[-85.882216,39.125284],[-85.882535,39.129327],[-85.88845,39.126589],[-85.894329,39.130151],[-85.892795,39.13525],[-85.895112,39.140214],[-85.899861,39.142686],[-85.896607,39.147452],[-85.900011,39.151462],[-85.905399,39.152644],[-85.906195,39.157384]]]}},{"type":"Feature","id":"morgan|harrison","properties":{"key":"morgan|harrison"},"geometry":{"type":"Polygon","coordinates":[[[-86.325367,39.517887],[-86.319047,39.519295],[-86.312727,39.520591],[-86.309719,39.525343],[-86.307479,39.531711],[-86.299143,39.530543],[-86.298851,39.535578],[-86.297015,39.541807],[-86.291958,39.542671],[-86.294246,39.546739],[-86.289591,39.547013],[-86.28535,39.550879],[-86.289478,39.555535],[-86.284822,39.559695],[-86.274965,39.560052],[-86.269355,39.560354],[-86.263862,39.562016],[-86.257445,39.564402],[-86.255429,39.569967],[-86.253989,39.574319],[-86.258709,39.578414],[-86.257205,39.583102],[-86.257845,39.589694],[-86.250589,39.591046],[-86.25061,39.576178],[-86.250613,39.566174],[-86.250565,39.557179],[-86.2505,39.54597],[-86.25038,39.52404],[-86.250322,39.516687],[-86.284269,39.516081],[-86.304502,39.515662],[-86.325337,39.515334],[-86.325367,39.517887]]]}},{"type":"Feature","id":"perry|troy","properties":{"key":"perry|troy"},"geometry":{"type":"Polygon","coordinates":[[[-86.811685,38.000446],[-86.805543,38.002879],[-86.801931,38.007402],[-86.802448,38.013201],[-86.798293,38.015528],[-86.791724,38.009233],[-86.790518,38.003628],[-86.784869,37.999939],[-86.778336,37.999343],[-86.772273,37.998276],[-86.749512,37.998298],[-86.702026,37.998173],[-86.676946,37.998522],[-86.644942,37.998956],[-86.642042,37.972491],[-86.64411,37.968348],[-86.64859,37.962586],[-86.652691,37.959427],[-86.657801,37.954544],[-86.65792,37.948629],[-86.658185,37.944367],[-86.652469,37.940772],[-86.653534,37.936537],[-86.657019,37.931185],[-86.661372,37.927777],[-86.666372,37.922211],[-86.672141,37.917901],[-86.680929,37.91501],[-86.686015,37.913084],[-86.691994,37.908529],[-86.7034578058958,37.9011661384456],[-86.707816,37.898367],[-86.7121032973324,37.8961548328833],[-86.716138,37.894073],[-86.7203395361113,37.8928873778988],[-86.73146,37.89434],[-86.7376723613574,37.899547534433],[-86.745607294933,37.9074990478846],[-86.75099,37.912893],[-86.7552650621038,37.9189637499331],[-86.764734,37.93241],[-86.7740298475009,37.9470776635897],[-86.7771746198279,37.9516987186745],[-86.778569,37.957298],[-86.781335,37.96162],[-86.787168,37.968801],[-86.790509,37.980046],[-86.7938,37.986541],[-86.8001364864678,37.9912892733541],[-86.8049254847857,37.9935547199427],[-86.810913,37.99715],[-86.811685,38.000446]]]}},{"type":"Feature","id":"orange|orangeville","properties":{"key":"orange|orangeville"},"geometry":{"type":"Polygon","coordinates":[[[-86.590647,38.687088],[-86.553399,38.687441],[-86.546039,38.687509],[-86.516571,38.687817],[-86.515333,38.640181],[-86.515424,38.626303],[-86.515274,38.615086],[-86.514979,38.604283],[-86.514916,38.593729],[-86.514941,38.589189],[-86.51966,38.585903],[-86.533766,38.585796],[-86.572706,38.585487],[-86.588588,38.585338],[-86.588804,38.59979],[-86.589063,38.643661],[-86.590459,38.665457],[-86.590647,38.687088]]]}},{"type":"Feature","id":"montgomery|coalcreek","properties":{"key":"montgomery|coalcreek"},"geometry":{"type":"Polygon","coordinates":[[[-87.092563,40.214806],[-87.035712,40.214739],[-86.961113,40.214879],[-86.94086,40.214808],[-86.923342,40.215047],[-86.923344,40.186122],[-86.923139,40.142348],[-86.923107,40.127552],[-86.928197,40.127477],[-86.960402,40.127347],[-86.979278,40.12765],[-86.991823,40.127275],[-87.016999,40.127608],[-87.091904,40.127547],[-87.091957,40.171253],[-87.092409,40.214287],[-87.092563,40.214806]]]}},{"type":"Feature","id":"elkhart|concord","properties":{"key":"elkhart|concord"},"geometry":{"type":"Polygon","coordinates":[[[-86.003553,41.695386],[-85.982495,41.695372],[-85.966019,41.695298],[-85.957397,41.695249],[-85.952799,41.695349],[-85.945917,41.696869],[-85.927286,41.695994],[-85.917363,41.694685],[-85.910797,41.69605],[-85.906097,41.698152],[-85.897698,41.698953],[-85.895598,41.704655],[-85.888512,41.706522],[-85.888489,41.700745],[-85.888407,41.695442],[-85.888239,41.685894],[-85.888146,41.681386],[-85.887947,41.666954],[-85.887845,41.661841],[-85.887566,41.62057],[-85.884363,41.615612],[-85.878193,41.615119],[-85.873362,41.614689],[-85.869524,41.609924],[-85.875175,41.608845],[-85.879241,41.608746],[-85.887238,41.608742],[-85.892311,41.608749],[-85.904019,41.608761],[-85.925826,41.608749],[-85.945247,41.608769],[-85.964637,41.60881],[-86.002415,41.608862],[-86.002595,41.623333],[-86.002765,41.631423],[-86.00284,41.641586],[-86.002945,41.648969],[-86.003067,41.6562],[-86.003141,41.663362],[-86.003108,41.669523],[-86.003277,41.674806],[-86.003331,41.679178],[-86.003414,41.685684],[-86.003505,41.693098],[-86.003553,41.695386]]]}},{"type":"Feature","id":"lagrange|bloomfield","properties":{"key":"lagrange|bloomfield"},"geometry":{"type":"Polygon","coordinates":[[[-85.425854,41.699593],[-85.407719,41.699657],[-85.39317,41.699721],[-85.37884,41.699799],[-85.372788,41.699796],[-85.368092,41.699733],[-85.356641,41.70001],[-85.351907,41.699971],[-85.310699,41.700088],[-85.309924,41.661676],[-85.309908,41.641825],[-85.309461,41.612757],[-85.32863,41.612736],[-85.337981,41.61274],[-85.348175,41.612682],[-85.367537,41.612637],[-85.424354,41.612483],[-85.424604,41.626812],[-85.424724,41.633106],[-85.424828,41.637887],[-85.425014,41.648607],[-85.425157,41.656094],[-85.425367,41.670348],[-85.425854,41.699593]]]}},{"type":"Feature","id":"steuben|fremont","properties":{"key":"steuben|fremont"},"geometry":{"type":"Polygon","coordinates":[[[-84.9713774220911,41.7595274344226],[-84.961562,41.759552],[-84.942467010251,41.759601991627],[-84.932484,41.759691],[-84.9177227960208,41.7597321378718],[-84.8601345265726,41.7598926301222],[-84.859811,41.739985],[-84.859758,41.733093],[-84.859865,41.702024],[-84.869024,41.701929],[-84.878705,41.701824],[-84.926988,41.701337],[-84.936929,41.70128],[-84.952579,41.70117],[-84.970618,41.701073],[-84.971266,41.730009],[-84.971261,41.736474],[-84.971751,41.744373],[-84.9713774220911,41.7595274344226]]]}},{"type":"Feature","id":"perry|tobin","properties":{"key":"perry|tobin"},"geometry":{"type":"Polygon","coordinates":[[[-86.672141,37.917901],[-86.666372,37.922211],[-86.661798,37.926075],[-86.657614,37.928729],[-86.654873,37.933198],[-86.654232,37.938402],[-86.65535,37.943626],[-86.659367,37.944898],[-86.657801,37.954544],[-86.653596,37.957023],[-86.64859,37.962586],[-86.644382,37.96609],[-86.642042,37.972491],[-86.641861,37.999002],[-86.623519,37.999239],[-86.623624,38.02929],[-86.528487,38.029115],[-86.524385,38.018609],[-86.524656,38.012894],[-86.525671,38.007145],[-86.525844,37.998385],[-86.524888,37.981834],[-86.525174,37.968228],[-86.523831,37.962169],[-86.520503,37.954438],[-86.512588,37.94695],[-86.50939,37.942492],[-86.507043,37.936439],[-86.50662,37.930719],[-86.511005,37.92612],[-86.51924,37.922163],[-86.5261487431668,37.9194534641524],[-86.534156,37.917007],[-86.540722,37.916871],[-86.548507,37.917842],[-86.566256,37.922164],[-86.580322,37.923145],[-86.586542,37.922285],[-86.596125,37.914289],[-86.599848,37.906754],[-86.600096,37.901218],[-86.598151,37.884553],[-86.598317,37.88042],[-86.59939,37.874753],[-86.59732,37.870162],[-86.6038148967581,37.8594032048087],[-86.609163,37.855408],[-86.615215,37.852857],[-86.625763,37.847266],[-86.6335063789414,37.8441524481243],[-86.638265,37.842718],[-86.648028,37.841425],[-86.652516,37.841636],[-86.658268,37.844144],[-86.661637,37.849714],[-86.662495,37.856951],[-86.661233,37.862761],[-86.658374,37.869376],[-86.648727,37.886036],[-86.644754,37.894806],[-86.644143,37.902366],[-86.645513,37.906529],[-86.650087,37.910616],[-86.660888,37.913059],[-86.6723718050343,37.9148018918916],[-86.672141,37.917901]]]}},{"type":"Feature","id":"wabash|noble","properties":{"key":"wabash|noble"},"geometry":{"type":"Polygon","coordinates":[[[-85.943124,40.867271],[-85.904629,40.867785],[-85.89894,40.868071],[-85.887584,40.868123],[-85.849728,40.868328],[-85.792205,40.869021],[-85.791652,40.839923],[-85.791073,40.818598],[-85.7912,40.811793],[-85.783695,40.814388],[-85.779038,40.816689],[-85.772511,40.816146],[-85.77247,40.803983],[-85.755373,40.808856],[-85.754536,40.768324],[-85.735318,40.768558],[-85.735078,40.754065],[-85.734889,40.739426],[-85.789988,40.738854],[-85.794064,40.738809],[-85.941094,40.737269],[-85.941476,40.769562],[-85.942261,40.823479],[-85.943124,40.867271]]]}},{"type":"Feature","id":"grant|pleasant","properties":{"key":"grant|pleasant"},"geometry":{"type":"Polygon","coordinates":[[[-85.788524,40.652238],[-85.776321,40.6524],[-85.771891,40.652294],[-85.760169,40.652377],[-85.752936,40.652387],[-85.74305,40.652168],[-85.737259,40.652568],[-85.675525,40.652817],[-85.674995,40.619531],[-85.674817,40.610228],[-85.67459,40.59473],[-85.674406,40.584702],[-85.674231,40.575156],[-85.674106,40.567344],[-85.685578,40.567325],[-85.698746,40.567309],[-85.710904,40.567241],[-85.7448,40.567121],[-85.750088,40.566905],[-85.756255,40.566818],[-85.762167,40.566771],[-85.780653,40.56659],[-85.787717,40.566491],[-85.787756,40.580841],[-85.788524,40.652238]]]}},{"type":"Feature","id":"howard|harrison","properties":{"key":"howard|harrison"},"geometry":{"type":"Polygon","coordinates":[[[-86.242875,40.468325],[-86.233979,40.467845],[-86.222344,40.468164],[-86.215098,40.471205],[-86.214773,40.475252],[-86.21233,40.47987],[-86.20665,40.482565],[-86.202761,40.475723],[-86.19913,40.471589],[-86.193737,40.473381],[-86.183996,40.475347],[-86.184099,40.468673],[-86.184239,40.45394],[-86.184253,40.446999],[-86.165157,40.447247],[-86.145926,40.44745],[-86.136501,40.447747],[-86.127082,40.448012],[-86.127144,40.440681],[-86.127152,40.433428],[-86.12721,40.41887],[-86.127113,40.410772],[-86.127113,40.404337],[-86.18413,40.403562],[-86.222285,40.40315],[-86.222309,40.432047],[-86.24285,40.431996],[-86.242827,40.439254],[-86.242842,40.446618],[-86.242776,40.453765],[-86.242875,40.468325]]]}},{"type":"Feature","id":"blackford|washington","properties":{"key":"blackford|washington"},"geometry":{"type":"Polygon","coordinates":[[[-85.447014,40.566929],[-85.333667,40.567327],[-85.333364,40.551815],[-85.331839,40.479106],[-85.350927,40.479222],[-85.369898,40.47922],[-85.445829,40.479302],[-85.447014,40.566929]]]}},{"type":"Feature","id":"perry|anderson","properties":{"key":"perry|anderson"},"geometry":{"type":"Polygon","coordinates":[[[-86.807151,38.117839],[-86.73341,38.117668],[-86.708534,38.117865],[-86.67829,38.11769],[-86.679191,38.073099],[-86.660958,38.073178],[-86.624982,38.073273],[-86.623957,38.059583],[-86.623624,38.02929],[-86.623519,37.999239],[-86.641861,37.999002],[-86.676946,37.998522],[-86.699591,37.998212],[-86.748114,37.998026],[-86.772273,37.998276],[-86.773095,38.005506],[-86.775103,38.010637],[-86.775419,38.015186],[-86.776612,38.019893],[-86.775784,38.024042],[-86.78042,38.02442],[-86.777189,38.029232],[-86.771333,38.028587],[-86.76707,38.029178],[-86.774401,38.033877],[-86.779047,38.035599],[-86.783088,38.036199],[-86.781851,38.040418],[-86.786901,38.040541],[-86.782641,38.044247],[-86.782628,38.048438],[-86.780611,38.053043],[-86.775274,38.052524],[-86.767352,38.056924],[-86.769795,38.061389],[-86.772455,38.06637],[-86.775413,38.072162],[-86.778983,38.077288],[-86.775823,38.081654],[-86.772722,38.087531],[-86.767706,38.091764],[-86.768432,38.097493],[-86.76861,38.102794],[-86.772782,38.10201],[-86.778134,38.102717],[-86.782941,38.102047],[-86.787836,38.104707],[-86.784352,38.109681],[-86.789142,38.111291],[-86.792448,38.116644],[-86.797295,38.114823],[-86.800542,38.110657],[-86.804893,38.115953],[-86.807151,38.117839]]]}},{"type":"Feature","id":"huntington|dallas","properties":{"key":"huntington|dallas"},"geometry":{"type":"Polygon","coordinates":[[[-85.64198,40.914738],[-85.572247,40.915473],[-85.565506,40.915542],[-85.572227,40.912133],[-85.572215,40.889813],[-85.572217,40.877215],[-85.570389,40.862166],[-85.565051,40.86218],[-85.565027,40.852288],[-85.564674,40.828293],[-85.603056,40.827821],[-85.641404,40.827211],[-85.641884,40.847903],[-85.64135,40.870704],[-85.64198,40.914738]]]}},{"type":"Feature","id":"stjoseph|warren","properties":{"key":"stjoseph|warren"},"geometry":{"type":"Polygon","coordinates":[[[-86.423853,41.613823],[-86.419101,41.613791],[-86.41909,41.618803],[-86.419078,41.624115],[-86.419068,41.628194],[-86.419044,41.638639],[-86.419033,41.642934],[-86.416004,41.646953],[-86.414027,41.686583],[-86.41401,41.696201],[-86.414209,41.707322],[-86.4145782140992,41.7597943497293],[-86.3607281025161,41.7599434034796],[-86.3507867033177,41.7599709206526],[-86.350907,41.730742],[-86.35097,41.725983],[-86.351172,41.710531],[-86.35115,41.705111],[-86.351262,41.693566],[-86.351228,41.689157],[-86.351004,41.671738],[-86.350904,41.664531],[-86.350836,41.65747],[-86.350976,41.65013],[-86.350896,41.644441],[-86.350904,41.635512],[-86.345714,41.635547],[-86.350858,41.631854],[-86.356622,41.627133],[-86.365566,41.624664],[-86.372864,41.620948],[-86.409195,41.606957],[-86.424117,41.60444],[-86.423853,41.613823]]]}},{"type":"Feature","id":"franklin|springfield","properties":{"key":"franklin|springfield"},"geometry":{"type":"Polygon","coordinates":[[[-84.927494,39.444214],[-84.927574,39.479861],[-84.901359,39.479725],[-84.891293,39.479446],[-84.8157294359,39.479449881627],[-84.8167374878586,39.4330077144542],[-84.817647,39.391816],[-84.824705,39.391875],[-84.87369,39.392547],[-84.906884,39.393016],[-84.928094,39.393207],[-84.927494,39.444214]]]}},{"type":"Feature","id":"stjoseph|liberty","properties":{"key":"stjoseph|liberty"},"geometry":{"type":"Polygon","coordinates":[[[-86.502272,41.519831],[-86.500305,41.528221],[-86.498382,41.548416],[-86.498158,41.561083],[-86.388612,41.563656],[-86.369164,41.563749],[-86.331469,41.56383],[-86.329838,41.478099],[-86.349,41.477817],[-86.425744,41.476658],[-86.426635,41.50577],[-86.446248,41.505547],[-86.467387,41.505467],[-86.467539,41.520013],[-86.476985,41.519984],[-86.482295,41.519972],[-86.490777,41.519936],[-86.503612,41.519534],[-86.502272,41.519831]]]}},{"type":"Feature","id":"clark|charlestown","properties":{"key":"clark|charlestown"},"geometry":{"type":"Polygon","coordinates":[[[-85.75188,38.442608],[-85.74252,38.448073],[-85.73696,38.450872],[-85.728399,38.458582],[-85.719914,38.460704],[-85.713469,38.464233],[-85.723874,38.475634],[-85.712868,38.481678],[-85.730386,38.500975],[-85.73516,38.50628],[-85.69487,38.528957],[-85.674164,38.540756],[-85.668371,38.543964],[-85.661974,38.54189],[-85.648218,38.525994],[-85.637524,38.514288],[-85.612442,38.486857],[-85.608066,38.489344],[-85.598901,38.493916],[-85.585984,38.501281],[-85.57832,38.493255],[-85.560352,38.474678],[-85.549092,38.478944],[-85.533167,38.488372],[-85.53303,38.4838],[-85.537518,38.479088],[-85.538317,38.47437],[-85.53646,38.470272],[-85.536818,38.465746],[-85.538357,38.460573],[-85.5419606705514,38.4547889364615],[-85.552407,38.453606],[-85.56251,38.453325],[-85.574912,38.452575],[-85.586033,38.450092],[-85.597104,38.445102],[-85.604457,38.44082],[-85.609712,38.434817],[-85.618281,38.426353],[-85.620724,38.422327],[-85.6221133230875,38.4168140263261],[-85.624063,38.412327],[-85.629961,38.402306],[-85.632937,38.395666],[-85.638061,38.39861],[-85.642919,38.398376],[-85.647101,38.397746],[-85.652217,38.397781],[-85.657288,38.395679],[-85.655436,38.391054],[-85.660438,38.388641],[-85.664505,38.393421],[-85.670758,38.394093],[-85.674704,38.398468],[-85.679199,38.403648],[-85.68534,38.400633],[-85.689488,38.398135],[-85.69496,38.404435],[-85.704024,38.399241],[-85.712129,38.394542],[-85.719552,38.390773],[-85.722266,38.395838],[-85.726678,38.396866],[-85.729222,38.400966],[-85.732994,38.411071],[-85.738301,38.414458],[-85.742735,38.416295],[-85.742715,38.420683],[-85.745974,38.425082],[-85.748543,38.429206],[-85.747054,38.438069],[-85.75188,38.442608]]]}},{"type":"Feature","id":"lawrence|indiancreek","properties":{"key":"lawrence|indiancreek"},"geometry":{"type":"Polygon","coordinates":[[[-86.683247,38.853232],[-86.682994,38.857612],[-86.682911,38.896454],[-86.682853,38.904697],[-86.587628,38.904465],[-86.572957,38.90445],[-86.567391,38.904446],[-86.555765,38.904467],[-86.53741,38.904477],[-86.534793,38.898592],[-86.534731,38.887744],[-86.538798,38.883013],[-86.540002,38.878627],[-86.527659,38.875674],[-86.523105,38.873224],[-86.529194,38.866991],[-86.531546,38.861166],[-86.534938,38.855119],[-86.532351,38.850812],[-86.539885,38.84936],[-86.544313,38.84995],[-86.542622,38.85808],[-86.543789,38.862766],[-86.551288,38.860915],[-86.558907,38.862357],[-86.563817,38.861128],[-86.561664,38.854052],[-86.562163,38.849302],[-86.557618,38.844936],[-86.548204,38.84251],[-86.551159,38.835329],[-86.554239,38.82747],[-86.549483,38.826325],[-86.542728,38.819643],[-86.543238,38.809395],[-86.545024,38.80481],[-86.549354,38.800899],[-86.553384,38.8004],[-86.559161,38.800753],[-86.564658,38.80337],[-86.571879,38.813288],[-86.57631,38.816548],[-86.591871,38.817424],[-86.591992,38.822898],[-86.591726,38.831956],[-86.601146,38.832076],[-86.610158,38.832161],[-86.610112,38.842816],[-86.620717,38.846712],[-86.666825,38.846898],[-86.683213,38.846912],[-86.683247,38.853232]]]}},{"type":"Feature","id":"daviess|washington","properties":{"key":"daviess|washington"},"geometry":{"type":"Polygon","coordinates":[[[-87.279173,38.693938],[-87.272622,38.696472],[-87.267012,38.700722],[-87.269525,38.705741],[-87.264452,38.711001],[-87.262679,38.715651],[-87.258366,38.717449],[-87.257118,38.721784],[-87.261949,38.727358],[-87.260944,38.733854],[-87.255656,38.729445],[-87.249995,38.72561],[-87.185633,38.729478],[-87.166818,38.729357],[-87.12923,38.728775],[-87.092531,38.727954],[-87.092303,38.655224],[-87.092243,38.647923],[-87.092335,38.640568],[-87.092038,38.626117],[-87.09167,38.611592],[-87.128414,38.611561],[-87.14252,38.612411],[-87.166109,38.612735],[-87.166166,38.605396],[-87.183033,38.605178],[-87.240445,38.605194],[-87.245381,38.603679],[-87.246928,38.607729],[-87.25208,38.609562],[-87.254805,38.613627],[-87.250498,38.615065],[-87.244358,38.610332],[-87.238824,38.610548],[-87.241755,38.619793],[-87.248958,38.625597],[-87.252035,38.629801],[-87.250013,38.635461],[-87.24314,38.632714],[-87.238962,38.632672],[-87.242071,38.637414],[-87.243506,38.644177],[-87.250013,38.645171],[-87.251928,38.651616],[-87.24638,38.651498],[-87.241195,38.64756],[-87.240492,38.65181],[-87.238645,38.657844],[-87.243493,38.659109],[-87.248981,38.656526],[-87.254492,38.654276],[-87.258621,38.659741],[-87.255094,38.666007],[-87.246912,38.673271],[-87.245852,38.677585],[-87.250028,38.678913],[-87.254144,38.673721],[-87.25714,38.667822],[-87.261557,38.66825],[-87.262359,38.673341],[-87.268221,38.677006],[-87.272603,38.67982],[-87.268296,38.684613],[-87.264011,38.684404],[-87.267441,38.688946],[-87.271583,38.688906],[-87.279108,38.691821],[-87.279173,38.693938]]]}},{"type":"Feature","id":"rush|orange","properties":{"key":"rush|orange"},"geometry":{"type":"Polygon","coordinates":[[[-85.631125,39.54004],[-85.578796,39.539492],[-85.573949,39.539499],[-85.517395,39.538921],[-85.517151,39.524213],[-85.516059,39.519058],[-85.516018,39.496928],[-85.51617,39.485736],[-85.516496,39.46747],[-85.51626,39.460066],[-85.516554,39.452646],[-85.529433,39.452498],[-85.534584,39.452644],[-85.554416,39.452485],[-85.572752,39.452342],[-85.611058,39.453345],[-85.629327,39.45275],[-85.630597,39.517937],[-85.630706,39.525274],[-85.631125,39.54004]]]}},{"type":"Feature","id":"hendricks|lincoln","properties":{"key":"hendricks|lincoln"},"geometry":{"type":"Polygon","coordinates":[[[-86.439546,39.857419],[-86.430094,39.857528],[-86.416097,39.857648],[-86.392473,39.857878],[-86.384206,39.857956],[-86.374994,39.858394],[-86.363753,39.858413],[-86.354904,39.858672],[-86.328012,39.859269],[-86.327865,39.851956],[-86.327573,39.836284],[-86.32746,39.830544],[-86.327297,39.822722],[-86.327149,39.815576],[-86.327005,39.808008],[-86.326805,39.800646],[-86.338434,39.800472],[-86.34428,39.800325],[-86.355209,39.800139],[-86.362602,39.800125],[-86.381441,39.799794],[-86.390999,39.799661],[-86.400533,39.79942],[-86.414742,39.799128],[-86.419607,39.799024],[-86.428952,39.798886],[-86.437388,39.798755],[-86.438496,39.805953],[-86.438962,39.828004],[-86.439056,39.832245],[-86.439297,39.842628],[-86.439425,39.847375],[-86.439517,39.856066],[-86.439546,39.857419]]]}},{"type":"Feature","id":"crawford|jennings","properties":{"key":"crawford|jennings"},"geometry":{"type":"Polygon","coordinates":[[[-86.414579,38.268131],[-86.414327,38.272364],[-86.414271,38.28754],[-86.390857,38.287525],[-86.390798,38.293092],[-86.384907,38.293095],[-86.348112,38.292982],[-86.348521,38.279375],[-86.296382,38.278534],[-86.274895,38.278443],[-86.275035,38.273419],[-86.275583,38.266078],[-86.276738,38.234084],[-86.276956,38.227126],[-86.283857,38.220901],[-86.290888,38.224054],[-86.294927,38.223964],[-86.298196,38.219137],[-86.292825,38.215851],[-86.288433,38.212869],[-86.295082,38.209066],[-86.289903,38.202692],[-86.294488,38.201848],[-86.299817,38.202523],[-86.306511,38.202519],[-86.309166,38.197538],[-86.310445,38.192429],[-86.317045,38.189386],[-86.31522,38.18456],[-86.309963,38.181841],[-86.315156,38.177769],[-86.321618,38.180199],[-86.327677,38.182736],[-86.333479,38.184373],[-86.34266064017,38.1914506618832],[-86.347736,38.195363],[-86.357717,38.198807],[-86.367504,38.197305],[-86.373801,38.193352],[-86.40641,38.191545],[-86.406345,38.198872],[-86.40625,38.208764],[-86.405827,38.213064],[-86.405679,38.220784],[-86.415052,38.220803],[-86.414579,38.268131]]]}},{"type":"Feature","id":"jackson|grassyfork","properties":{"key":"jackson|grassyfork"},"geometry":{"type":"Polygon","coordinates":[[[-86.055538,38.821753],[-86.027856,38.823067],[-86.018552,38.823442],[-85.961541,38.823142],[-85.884406,38.82202],[-85.881483,38.817676],[-85.877241,38.816283],[-85.878239,38.810862],[-85.881812,38.806333],[-85.883074,38.800588],[-85.886879,38.795761],[-85.881473,38.795342],[-85.884926,38.79005],[-85.882997,38.785414],[-85.883936,38.780814],[-85.888615,38.781091],[-85.891285,38.776605],[-85.895875,38.778117],[-85.89932,38.774022],[-85.894849,38.7702],[-85.895728,38.765874],[-85.900232,38.764617],[-85.902397,38.760521],[-85.907017,38.757318],[-85.911694,38.756586],[-85.912075,38.751437],[-85.911139,38.747353],[-85.916109,38.751872],[-85.915348,38.746759],[-85.922975,38.748271],[-85.928004,38.750661],[-85.927185,38.755101],[-85.932447,38.755811],[-85.93651,38.755834],[-85.937563,38.7608],[-85.943438,38.759998],[-85.945162,38.755857],[-85.950101,38.753842],[-85.952207,38.758808],[-85.957762,38.76137],[-85.962762,38.763635],[-85.966794,38.759652],[-85.967874,38.75512],[-85.972638,38.754157],[-85.976641,38.752393],[-85.979392,38.757863],[-85.983923,38.757495],[-85.984569,38.762392],[-85.982321,38.767131],[-85.989776,38.767311],[-85.994482,38.7666],[-85.996789,38.762547],[-86.000885,38.76005],[-86.00647,38.759961],[-86.010944,38.756713],[-86.016789,38.758081],[-86.015266,38.764588],[-86.020409,38.767566],[-86.026318,38.761342],[-86.025677,38.756993],[-86.030149,38.758551],[-86.038303,38.760888],[-86.043316,38.76245],[-86.047236,38.766676],[-86.050184,38.770829],[-86.05508,38.773133],[-86.056275,38.821715],[-86.055538,38.821753]]]}},{"type":"Feature","id":"putnam|washington","properties":{"key":"putnam|washington"},"geometry":{"type":"Polygon","coordinates":[[[-87.014539,39.488091],[-87.014257,39.517092],[-87.013971,39.535192],[-87.013601,39.560708],[-87.013062,39.604787],[-86.938869,39.603811],[-86.902557,39.603241],[-86.903009,39.575328],[-86.903045,39.56248],[-86.903334,39.530376],[-86.903568,39.509095],[-86.903992,39.472639],[-86.916047,39.472784],[-86.921806,39.473223],[-86.939981,39.473345],[-86.977051,39.473603],[-87.000013,39.473751],[-87.014533,39.473572],[-87.014683,39.478481],[-87.014539,39.488091]]]}},{"type":"Feature","id":"morgan|brown","properties":{"key":"morgan|brown"},"geometry":{"type":"Polygon","coordinates":[[[-86.417894,39.630457],[-86.394041,39.63068],[-86.385563,39.630681],[-86.375527,39.630787],[-86.365203,39.63099],[-86.359657,39.631476],[-86.3479,39.631675],[-86.335904,39.631985],[-86.335778,39.620663],[-86.335776,39.611795],[-86.335724,39.601983],[-86.336048,39.595876],[-86.336006,39.59054],[-86.335977,39.57387],[-86.335952,39.567008],[-86.335806,39.559188],[-86.343581,39.558958],[-86.354339,39.559014],[-86.360733,39.558758],[-86.360665,39.551248],[-86.36975,39.551056],[-86.378873,39.550677],[-86.384442,39.550494],[-86.384636,39.557704],[-86.417609,39.556786],[-86.417588,39.56115],[-86.417403,39.593046],[-86.417894,39.630457]]]}},{"type":"Feature","id":"owen|washington","properties":{"key":"owen|washington"},"geometry":{"type":"Polygon","coordinates":[[[-86.833525,39.30433],[-86.83319,39.31171],[-86.833373,39.325712],[-86.833317,39.337447],[-86.814476,39.34067],[-86.800863,39.339999],[-86.770477,39.340315],[-86.744936,39.340323],[-86.737815,39.339957],[-86.723004,39.340379],[-86.700507,39.340363],[-86.6996,39.33482],[-86.69087,39.334297],[-86.68561,39.336043],[-86.68477,39.281489],[-86.684315,39.252588],[-86.755997,39.25292],[-86.778065,39.25332],[-86.796507,39.253514],[-86.814897,39.253712],[-86.83387,39.253688],[-86.833525,39.30433]]]}},{"type":"Feature","id":"howard|clay","properties":{"key":"howard|clay"},"geometry":{"type":"Polygon","coordinates":[[[-86.252452,40.496795],[-86.250468,40.504085],[-86.242724,40.504122],[-86.242278,40.561961],[-86.222071,40.562172],[-86.202977,40.562356],[-86.184044,40.562459],[-86.165024,40.562649],[-86.138989,40.562971],[-86.127424,40.563098],[-86.12731,40.54889],[-86.127222,40.53624],[-86.126955,40.531712],[-86.126918,40.519949],[-86.136231,40.519779],[-86.14453,40.519689],[-86.15431,40.519543],[-86.179193,40.519438],[-86.184132,40.515729],[-86.184064,40.497611],[-86.193382,40.497478],[-86.193504,40.490232],[-86.188818,40.490306],[-86.184027,40.487568],[-86.183996,40.475347],[-86.19345,40.475624],[-86.197898,40.471269],[-86.200874,40.475685],[-86.202714,40.482517],[-86.212371,40.482539],[-86.21241,40.476261],[-86.21473,40.472069],[-86.22097,40.470421],[-86.231499,40.467974],[-86.242875,40.468325],[-86.249103,40.472761],[-86.252452,40.496795]]]}},{"type":"Feature","id":"rush|rushville","properties":{"key":"rush|rushville"},"geometry":{"type":"Polygon","coordinates":[[[-85.519857,39.626449],[-85.519885,39.640104],[-85.487247,39.640152],[-85.463408,39.640677],[-85.458937,39.640312],[-85.450203,39.640417],[-85.444977,39.640479],[-85.434998,39.640628],[-85.425712,39.640766],[-85.406688,39.640772],[-85.396978,39.640951],[-85.396554,39.611783],[-85.396829,39.58418],[-85.406384,39.584033],[-85.405706,39.539854],[-85.443648,39.53918],[-85.46067,39.538935],[-85.493669,39.538876],[-85.517395,39.538921],[-85.518754,39.592964],[-85.518797,39.601366],[-85.519261,39.611027],[-85.519857,39.626449]]]}},{"type":"Feature","id":"hamilton|delaware","properties":{"key":"hamilton|delaware"},"geometry":{"type":"Polygon","coordinates":[[[-86.076261,39.928413],[-86.074295,39.935257],[-86.068977,39.941119],[-86.065868,39.946458],[-86.067995,39.952521],[-86.061908,39.957749],[-86.053179,39.958606],[-86.050587,39.965119],[-86.045789,39.971159],[-86.03753,39.973678],[-86.033201,39.980937],[-86.037742,39.980263],[-86.04665,39.981852],[-86.046656,39.98658],[-86.042229,39.989293],[-86.033105,39.990136],[-86.02759,39.992694],[-86.023851,39.997008],[-86.01943,40.000248],[-86.015119,40.000348],[-86.00877,40.00076],[-86.004232,40.00081],[-85.994467,40.000852],[-85.994407,39.995675],[-85.994295,39.986476],[-85.99425,39.979059],[-85.994184,39.971678],[-85.994191,39.96718],[-85.9941,39.959102],[-85.994922,39.952492],[-85.994937,39.947878],[-85.994979,39.941544],[-85.995004,39.936111],[-85.995024,39.93064],[-86.001659,39.927057],[-86.00639,39.927092],[-86.013392,39.92738],[-86.01926,39.927281],[-86.026422,39.92718],[-86.046256,39.927053],[-86.050659,39.927046],[-86.055482,39.927029],[-86.063086,39.927003],[-86.069594,39.926985],[-86.076183,39.92695],[-86.076261,39.928413]]]}},{"type":"Feature","id":"howard|taylor","properties":{"key":"howard|taylor"},"geometry":{"type":"Polygon","coordinates":[[[-86.127152,40.433428],[-86.127144,40.440681],[-86.117744,40.440753],[-86.117773,40.447995],[-86.10948,40.447967],[-86.089151,40.44832],[-86.089074,40.462783],[-86.089003,40.469934],[-86.079586,40.47024],[-86.079482,40.476941],[-86.069949,40.477028],[-86.060798,40.477109],[-86.060517,40.470534],[-86.053141,40.470678],[-86.050918,40.477206],[-86.036433,40.477355],[-86.01285,40.477684],[-86.012806,40.449413],[-85.994543,40.449548],[-85.994446,40.441509],[-85.984987,40.441503],[-85.984902,40.435139],[-85.975437,40.435066],[-85.975506,40.406227],[-85.994573,40.405983],[-86.069994,40.405058],[-86.127113,40.404337],[-86.127113,40.410772],[-86.12721,40.41887],[-86.127152,40.433428]]]}},{"type":"Feature","id":"laporte|michigan","properties":{"key":"laporte|michigan"},"geometry":{"type":"Polygon","coordinates":[[[-86.9327203259478,41.7095240688235],[-86.922742,41.712723],[-86.916394,41.716385],[-86.913338,41.722563],[-86.90913,41.726938],[-86.890743,41.732116],[-86.8754549375299,41.7379291375058],[-86.8585626909971,41.7453723621286],[-86.8445317988878,41.7515560921919],[-86.8375588285654,41.754629237212],[-86.824828,41.76024],[-86.81607,41.76024],[-86.81609,41.752539],[-86.816222,41.723439],[-86.816259,41.717256],[-86.816347,41.695282],[-86.831296,41.694436],[-86.838124,41.694506],[-86.845372,41.694578],[-86.853069,41.694628],[-86.864718,41.694692],[-86.87138,41.694722],[-86.886311,41.694777],[-86.893772,41.694807],[-86.902757,41.694837],[-86.910453,41.694846],[-86.92053,41.694839],[-86.932482,41.694936],[-86.932639,41.704694],[-86.9327203259478,41.7095240688235]]]}},{"type":"Feature","id":"gibson|washington","properties":{"key":"gibson|washington"},"geometry":{"type":"Polygon","coordinates":[[[-87.538552,38.403233],[-87.535732,38.416331],[-87.530013,38.415827],[-87.528564,38.424121],[-87.528196,38.428505],[-87.523613,38.443014],[-87.529491,38.443334],[-87.524929,38.474858],[-87.52335,38.489901],[-87.523114,38.502391],[-87.516138,38.50381],[-87.509053,38.501089],[-87.50432,38.497204],[-87.497388,38.494211],[-87.493173,38.495527],[-87.494512,38.500556],[-87.491755,38.505286],[-87.486871,38.507776],[-87.481015,38.50901],[-87.473805,38.51278],[-87.472026,38.519579],[-87.478615,38.52387],[-87.477212,38.528337],[-87.472118,38.522204],[-87.46975,38.529071],[-87.462892,38.533519],[-87.462416,38.501909],[-87.462916,38.467518],[-87.444503,38.465489],[-87.444429,38.461233],[-87.444549,38.436125],[-87.44037,38.436007],[-87.407327,38.43632],[-87.407544,38.392471],[-87.444742,38.392414],[-87.44478,38.399144],[-87.473517,38.398963],[-87.501042,38.39924],[-87.538544,38.399389],[-87.538552,38.403233]]]}},{"type":"Feature","id":"dearborn|center","properties":{"key":"dearborn|center"},"geometry":{"type":"Polygon","coordinates":[[[-84.930581,39.110316],[-84.918275,39.110275],[-84.911595,39.105254],[-84.907581,39.100978],[-84.90952,39.096444],[-84.91136,39.088791],[-84.912587,39.081422],[-84.902708,39.080296],[-84.897116,39.078436],[-84.893,39.078153],[-84.888044,39.074506],[-84.872344,39.074376],[-84.8680268501706,39.0745155593998],[-84.872978,39.07207],[-84.880662,39.06997],[-84.888873,39.066376],[-84.893203,39.06248],[-84.896911,39.057474],[-84.896726,39.053304],[-84.893164,39.049041],[-84.8891865929678,39.042921463824],[-84.885659,39.037494],[-84.879115,39.033695],[-84.880711,39.028298],[-84.885796,39.025107],[-84.892475,39.01893],[-84.897688,39.013366],[-84.902413,39.014954],[-84.908596,39.017567],[-84.913544,39.018638],[-84.918741,39.014452],[-84.924521,39.014958],[-84.927702,39.010818],[-84.930166,39.034525],[-84.93011,39.048621],[-84.928416,39.055423],[-84.923878,39.05469],[-84.920459,39.066896],[-84.923645,39.073992],[-84.928293,39.075701],[-84.92852,39.083332],[-84.925867,39.087385],[-84.930164,39.088832],[-84.930382,39.095814],[-84.930581,39.110316]]]}},{"type":"Feature","id":"jefferson|lancaster","properties":{"key":"jefferson|lancaster"},"geometry":{"type":"Polygon","coordinates":[[[-85.573806,38.882658],[-85.561005,38.882797],[-85.537431,38.88278],[-85.5382,38.912217],[-85.463477,38.912943],[-85.463499,38.904146],[-85.463469,38.899249],[-85.462574,38.841309],[-85.462458,38.824731],[-85.471744,38.824614],[-85.563404,38.824662],[-85.573514,38.825015],[-85.573517,38.834827],[-85.573776,38.853745],[-85.573806,38.882658]]]}},{"type":"Feature","id":"vermillion|helt","properties":{"key":"vermillion|helt"},"geometry":{"type":"Polygon","coordinates":[[[-87.5331410941783,39.7962563453602],[-87.5331345735239,39.810979983023],[-87.5331291036315,39.823331],[-87.456915,39.823204],[-87.385366,39.824187],[-87.385173,39.819979],[-87.385191,39.812684],[-87.383561,39.804818],[-87.381155,39.800255],[-87.376708,39.795394],[-87.374161,39.782996],[-87.374279,39.777844],[-87.376946,39.771799],[-87.380567,39.766766],[-87.379769,39.75792],[-87.377168,39.746105],[-87.377492,39.741568],[-87.37879,39.737331],[-87.379907,39.73046],[-87.382139,39.724867],[-87.384418,39.718573],[-87.383149,39.713587],[-87.379912,39.707025],[-87.385361,39.701073],[-87.382601,39.695653],[-87.464475,39.69484],[-87.500003,39.694596],[-87.505928,39.6947],[-87.511783,39.69456],[-87.525352,39.694431],[-87.5327840758753,39.6944650926463],[-87.5328374387732,39.7088210243889],[-87.532919,39.730763],[-87.533148,39.780663],[-87.5331410941783,39.7962563453602]]]}},{"type":"Feature","id":"wayne|clay","properties":{"key":"wayne|clay"},"geometry":{"type":"Polygon","coordinates":[[[-85.090488,39.931876],[-85.052907,39.932297],[-85.0342,39.932349],[-85.034034,39.917769],[-85.017173,39.917407],[-85.005543,39.917896],[-85.005586,39.903336],[-85.005388,39.879272],[-85.005486,39.874331],[-85.01486,39.874094],[-85.014761,39.85954],[-85.042832,39.859853],[-85.051948,39.85992],[-85.079089,39.859993],[-85.079701,39.87344],[-85.089573,39.873557],[-85.089814,39.888348],[-85.09019,39.900174],[-85.090488,39.931876]]]}},{"type":"Feature","id":"allen|milan","properties":{"key":"allen|milan"},"geometry":{"type":"Polygon","coordinates":[[[-85.006867,41.181165],[-84.976168,41.181672],[-84.959531,41.181922],[-84.937466,41.182356],[-84.916736,41.18285],[-84.902357,41.183251],[-84.88962,41.183602],[-84.889162,41.178703],[-84.888677,41.166491],[-84.888064,41.150532],[-84.887545,41.138974],[-84.886092,41.109804],[-84.885733,41.09517],[-84.905164,41.094815],[-84.962596,41.093271],[-84.985661,41.092547],[-84.994621,41.090926],[-85.002187,41.08999],[-85.00325,41.107853],[-85.003795,41.117678],[-85.004046,41.122513],[-85.004062,41.130848],[-85.00481,41.136925],[-85.006228,41.166511],[-85.006782,41.17795],[-85.006867,41.181165]]]}},{"type":"Feature","id":"marion|washington","properties":{"key":"marion|washington"},"geometry":{"type":"Polygon","coordinates":[[[-86.217082,39.867863],[-86.212566,39.867928],[-86.204,39.868042],[-86.202988,39.877022],[-86.203017,39.88257],[-86.202918,39.891359],[-86.202985,39.897326],[-86.203035,39.90548],[-86.203029,39.911949],[-86.203058,39.920657],[-86.203087,39.926625],[-86.184029,39.926809],[-86.165066,39.926906],[-86.158055,39.927005],[-86.153838,39.927069],[-86.145883,39.927168],[-86.136367,39.927069],[-86.12681,39.926871],[-86.112414,39.926901],[-86.103486,39.926894],[-86.091123,39.926889],[-86.076183,39.92695],[-86.069594,39.926985],[-86.069668,39.922331],[-86.069778,39.91584],[-86.069721,39.904726],[-86.069672,39.897927],[-86.069785,39.890644],[-86.069723,39.883382],[-86.069741,39.876097],[-86.069763,39.868744],[-86.084268,39.868681],[-86.084061,39.8612],[-86.084034,39.855077],[-86.083984,39.847843],[-86.083841,39.840418],[-86.083792,39.834219],[-86.083759,39.829398],[-86.09083,39.825476],[-86.097965,39.825392],[-86.102712,39.825334],[-86.108397,39.825333],[-86.115097,39.825326],[-86.125815,39.825431],[-86.130806,39.825489],[-86.139949,39.825458],[-86.149772,39.825054],[-86.154485,39.824983],[-86.159202,39.824914],[-86.163979,39.824878],[-86.180892,39.824763],[-86.187478,39.824663],[-86.1975,39.824563],[-86.202057,39.823789],[-86.21138,39.823917],[-86.216379,39.823847],[-86.216308,39.840154],[-86.21678,39.853545],[-86.216995,39.86727],[-86.217082,39.867863]]]}},{"type":"Feature","id":"rush|jackson","properties":{"key":"rush|jackson"},"geometry":{"type":"Polygon","coordinates":[[[-85.520793,39.698916],[-85.455975,39.699963],[-85.440963,39.699833],[-85.425966,39.699875],[-85.425878,39.675603],[-85.425866,39.669964],[-85.40685,39.67017],[-85.406688,39.640772],[-85.425712,39.640766],[-85.432951,39.640659],[-85.443885,39.640495],[-85.450203,39.640417],[-85.458937,39.640312],[-85.463408,39.640677],[-85.487247,39.640152],[-85.519885,39.640104],[-85.519897,39.648851],[-85.520793,39.698916]]]}},{"type":"Feature","id":"laporte|pleasant","properties":{"key":"laporte|pleasant"},"geometry":{"type":"Polygon","coordinates":[[[-86.700818,41.546857],[-86.700318,41.569149],[-86.700209,41.576412],[-86.699859,41.584144],[-86.699694,41.591187],[-86.699471,41.600916],[-86.699345,41.606228],[-86.687782,41.606205],[-86.679793,41.605691],[-86.670178,41.605219],[-86.660034,41.604791],[-86.64071,41.604478],[-86.601856,41.607161],[-86.581684,41.607187],[-86.58164,41.592623],[-86.582519,41.556313],[-86.582749,41.548476],[-86.586758,41.548386],[-86.591407,41.548276],[-86.598403,41.548189],[-86.610542,41.548335],[-86.700839,41.546207],[-86.700818,41.546857]]]}},{"type":"Feature","id":"laporte|dewey","properties":{"key":"laporte|dewey"},"geometry":{"type":"Polygon","coordinates":[[[-86.930662,41.346909],[-86.8633,41.346446],[-86.814884,41.346418],[-86.814379,41.288337],[-86.814652,41.273501],[-86.821852,41.272225],[-86.828485,41.271134],[-86.839261,41.272016],[-86.843902,41.268519],[-86.848806,41.266793],[-86.855218,41.265835],[-86.860418,41.265645],[-86.870265,41.264553],[-86.877004,41.260187],[-86.885862,41.257653],[-86.890946,41.256373],[-86.897241,41.254615],[-86.908415,41.249134],[-86.915317,41.245923],[-86.920543,41.245028],[-86.930079,41.236798],[-86.929568,41.248849],[-86.92986,41.259418],[-86.930567,41.327971],[-86.930662,41.346909]]]}},{"type":"Feature","id":"madison|fallcreek","properties":{"key":"madison|fallcreek"},"geometry":{"type":"Polygon","coordinates":[[[-85.793926,40.006034],[-85.787898,40.005923],[-85.786879,40.012991],[-85.786978,40.030098],[-85.787004,40.046168],[-85.748855,40.046466],[-85.744461,40.046325],[-85.739476,40.046527],[-85.725966,40.046677],[-85.711153,40.046834],[-85.706408,40.046848],[-85.700995,40.046954],[-85.6922,40.04694],[-85.677915,40.047052],[-85.673186,40.047116],[-85.673309,40.033004],[-85.673176,40.022796],[-85.673017,40.003985],[-85.673149,39.974716],[-85.673123,39.94554],[-85.687643,39.945519],[-85.692352,39.945446],[-85.786653,39.944677],[-85.786781,39.965584],[-85.786797,39.974256],[-85.787006,39.980165],[-85.787003,39.991595],[-85.786991,39.998559],[-85.786972,40.002743],[-85.791705,40.002254],[-85.793926,40.006034]]]}},{"type":"Feature","id":"montgomery|ripley","properties":{"key":"montgomery|ripley"},"geometry":{"type":"Polygon","coordinates":[[[-87.091488,40.039011],[-86.997826,40.039129],[-86.979508,40.039206],[-86.968024,40.039212],[-86.96317,40.037497],[-86.97097,40.035574],[-86.971801,40.030104],[-86.971336,40.025374],[-86.975009,40.016623],[-86.972536,40.009896],[-86.978134,40.009083],[-86.983335,40.00799],[-86.987649,40.002933],[-86.991513,39.997874],[-86.992341,39.992037],[-86.995611,39.988032],[-87.000008,39.986473],[-87.003727,39.980936],[-87.009114,39.977529],[-87.00796,39.97009],[-87.012785,39.96698],[-87.017452,39.963755],[-87.029408,39.96511],[-87.033571,39.96614],[-87.034555,39.960648],[-87.039522,39.958796],[-87.04654,39.958522],[-87.051418,39.95255],[-87.051396,39.947315],[-87.059927,39.946274],[-87.064144,39.93875],[-87.069049,39.937651],[-87.074818,39.942571],[-87.079812,39.943028],[-87.084272,39.943072],[-87.089238,39.945406],[-87.091006,39.953009],[-87.090659,39.981897],[-87.091267,40.029355],[-87.091488,40.039011]]]}},{"type":"Feature","id":"decatur|fugit","properties":{"key":"decatur|fugit"},"geometry":{"type":"Polygon","coordinates":[[[-85.423264,39.381185],[-85.423114,39.395981],[-85.413709,39.395859],[-85.41369,39.453124],[-85.404589,39.453134],[-85.394592,39.452867],[-85.376165,39.453097],[-85.297575,39.453275],[-85.297379,39.438572],[-85.297161,39.420229],[-85.29687,39.410557],[-85.296475,39.392571],[-85.296386,39.381465],[-85.296538,39.370086],[-85.296101,39.36532],[-85.296128,39.35184],[-85.345036,39.352695],[-85.362975,39.352477],[-85.367433,39.352651],[-85.385619,39.352362],[-85.38546,39.367044],[-85.404517,39.366578],[-85.423225,39.366613],[-85.423719,39.375051],[-85.423264,39.381185]]]}},{"type":"Feature","id":"fayette|jennings","properties":{"key":"fayette|jennings"},"geometry":{"type":"Polygon","coordinates":[[[-85.092244,39.575776],[-85.092169,39.585142],[-85.092034,39.598914],[-85.092043,39.623982],[-85.091697,39.638725],[-85.091663,39.657036],[-85.034957,39.657069],[-85.035082,39.635124],[-85.035934,39.613468],[-85.035986,39.583847],[-85.036017,39.576628],[-85.0361,39.569162],[-85.082865,39.569786],[-85.091344,39.569831],[-85.092244,39.575776]]]}},{"type":"Feature","id":"vigo|honeycreek","properties":{"key":"vigo|honeycreek"},"geometry":{"type":"Polygon","coordinates":[[[-87.460543,39.42146],[-87.449963,39.423156],[-87.443494,39.425241],[-87.438551,39.425543],[-87.431629,39.42941],[-87.43013,39.433758],[-87.406823,39.433777],[-87.39529,39.433771],[-87.388158,39.433772],[-87.378715,39.433775],[-87.351023,39.433755],[-87.351542,39.396726],[-87.35173,39.375875],[-87.351721,39.370642],[-87.351024,39.359944],[-87.350647,39.351123],[-87.350872,39.346862],[-87.360296,39.346862],[-87.388174,39.346877],[-87.402353,39.346889],[-87.460289,39.346818],[-87.460308,39.360329],[-87.460518,39.402999],[-87.460543,39.42146]]]}},{"type":"Feature","id":"jackson|vernon","properties":{"key":"jackson|vernon"},"geometry":{"type":"Polygon","coordinates":[[[-85.91,38.752855],[-85.907017,38.757318],[-85.90155,38.759124],[-85.900232,38.764617],[-85.894648,38.763837],[-85.898212,38.768828],[-85.89932,38.774022],[-85.895875,38.778117],[-85.891285,38.776605],[-85.888615,38.781091],[-85.88452,38.782348],[-85.880076,38.781522],[-85.881212,38.786924],[-85.887178,38.787132],[-85.884079,38.79234],[-85.879869,38.794328],[-85.885242,38.794776],[-85.883074,38.800588],[-85.881812,38.806333],[-85.88128,38.812146],[-85.87467,38.812945],[-85.878705,38.815219],[-85.883707,38.816572],[-85.884406,38.82202],[-85.880481,38.826288],[-85.875625,38.824838],[-85.876791,38.829528],[-85.87222,38.829656],[-85.868976,38.835308],[-85.864119,38.836959],[-85.858386,38.840532],[-85.856917,38.844609],[-85.852388,38.846402],[-85.85766,38.848588],[-85.853711,38.852664],[-85.856845,38.856988],[-85.851785,38.863397],[-85.852431,38.869004],[-85.853111,38.875838],[-85.852324,38.880334],[-85.852067,38.888164],[-85.84876,38.893646],[-85.842873,38.894598],[-85.842522,38.899346],[-85.838335,38.901659],[-85.834089,38.902301],[-85.828818,38.906787],[-85.820644,38.906276],[-85.816,38.909157],[-85.811236,38.907552],[-85.808326,38.900933],[-85.8038,38.897703],[-85.803306,38.90189],[-85.798561,38.901295],[-85.795402,38.823469],[-85.795233,38.812373],[-85.795357,38.807508],[-85.800099,38.80296],[-85.802059,38.797787],[-85.805307,38.791996],[-85.806781,38.785832],[-85.805842,38.781622],[-85.811102,38.777849],[-85.817354,38.777876],[-85.820832,38.77387],[-85.825863,38.768714],[-85.829813,38.764231],[-85.830043,38.758612],[-85.83235,38.753946],[-85.83714,38.751294],[-85.839356,38.747051],[-85.843358,38.744764],[-85.842325,38.739353],[-85.848166,38.738297],[-85.854471,38.734882],[-85.858673,38.730026],[-85.864455,38.729862],[-85.870879,38.729537],[-85.876785,38.728411],[-85.881404,38.725026],[-85.882258,38.730675],[-85.886549,38.730492],[-85.885986,38.735013],[-85.890194,38.7324],[-85.89449,38.731372],[-85.891886,38.736543],[-85.896471,38.74126],[-85.898396,38.747555],[-85.900587,38.753814],[-85.905937,38.752923],[-85.91,38.752855]]]}},{"type":"Feature","id":"ripley|adams","properties":{"key":"ripley|adams"},"geometry":{"type":"Polygon","coordinates":[[[-85.208176,39.305495],[-85.203588,39.308545],[-85.189857,39.308699],[-85.180462,39.309722],[-85.170534,39.309884],[-85.151717,39.309987],[-85.136923,39.310195],[-85.132713,39.310407],[-85.096686,39.310149],[-85.076292,39.309993],[-85.0651,39.310069],[-85.069907,39.284889],[-85.074523,39.260618],[-85.077595,39.244671],[-85.079077,39.236957],[-85.081872,39.222266],[-85.093539,39.222244],[-85.099711,39.222186],[-85.122685,39.222052],[-85.132096,39.221936],[-85.140878,39.221556],[-85.146908,39.221507],[-85.151362,39.221485],[-85.159919,39.221251],[-85.177913,39.221421],[-85.182581,39.221124],[-85.188588,39.220929],[-85.208228,39.220761],[-85.207544,39.224765],[-85.207282,39.249741],[-85.206857,39.25551],[-85.207736,39.275479],[-85.207803,39.282169],[-85.207882,39.287764],[-85.208269,39.304792],[-85.208176,39.305495]]]}},{"type":"Feature","id":"vigo|prairieton","properties":{"key":"vigo|prairieton"},"geometry":{"type":"Polygon","coordinates":[[[-87.589084,39.333831],[-87.584852,39.337329],[-87.57408,39.341423],[-87.560692,39.338851],[-87.5544,39.340488],[-87.55026,39.343348],[-87.549478,39.34774],[-87.545882,39.352147],[-87.540378,39.352949],[-87.532424,39.347927],[-87.528286,39.349903],[-87.52866,39.355824],[-87.525197,39.359862],[-87.525491,39.364665],[-87.528776,39.369085],[-87.529663,39.375037],[-87.524641,39.381406],[-87.519313,39.382773],[-87.512192,39.38301],[-87.504797,39.383778],[-87.497732,39.385451],[-87.491705,39.388556],[-87.487677,39.391539],[-87.493719,39.396139],[-87.494589,39.401685],[-87.490347,39.405523],[-87.484106,39.404196],[-87.479284,39.404615],[-87.469721,39.408836],[-87.469508,39.40292],[-87.460518,39.402999],[-87.460308,39.360329],[-87.460289,39.346818],[-87.460327,39.331936],[-87.516316,39.332041],[-87.53508,39.331922],[-87.5902273168107,39.332066],[-87.589084,39.333831]]]}},{"type":"Feature","id":"marshall|union","properties":{"key":"marshall|union"},"geometry":{"type":"Polygon","coordinates":[[[-86.46669,41.258617],[-86.466572,41.273716],[-86.415026,41.273753],[-86.373808,41.274179],[-86.347695,41.274032],[-86.347749,41.250019],[-86.347308,41.244677],[-86.347215,41.234872],[-86.346698,41.17204],[-86.356927,41.17199],[-86.413995,41.171719],[-86.467046,41.171442],[-86.46669,41.258617]]]}},{"type":"Feature","id":"pulaski|vanburen","properties":{"key":"pulaski|vanburen"},"geometry":{"type":"Polygon","coordinates":[[[-86.583573,40.983604],[-86.583541,40.997254],[-86.481261,40.996949],[-86.467926,40.996801],[-86.467949,40.989666],[-86.468509,40.909889],[-86.472764,40.909806],[-86.497344,40.909712],[-86.581532,40.910925],[-86.583573,40.983604]]]}},{"type":"Feature","id":"jasper|marion","properties":{"key":"jasper|marion"},"geometry":{"type":"Polygon","coordinates":[[[-87.193096,40.911827],[-87.190103,40.926401],[-87.190142,40.933806],[-87.190212,40.948322],[-87.190072,41.012557],[-87.170878,41.012421],[-87.142045,41.012432],[-87.141934,40.997918],[-87.141796,40.991729],[-87.132174,40.99166],[-87.132262,40.984364],[-87.125042,40.984347],[-87.122456,40.977158],[-87.117695,40.977157],[-87.117827,40.970009],[-87.112923,40.970013],[-87.11295,40.95545],[-87.089533,40.955354],[-87.083165,40.955653],[-87.07809,40.955381],[-87.071999,40.955611],[-87.045685,40.955875],[-87.045871,40.912425],[-87.04297,40.907226],[-87.043094,40.895772],[-87.100686,40.895793],[-87.100209,40.866679],[-87.15464,40.866457],[-87.178584,40.870301],[-87.178744,40.87504],[-87.178577,40.887949],[-87.192931,40.887967],[-87.193081,40.906231],[-87.193096,40.911827]]]}},{"type":"Feature","id":"vanderburgh|perry","properties":{"key":"vanderburgh|perry"},"geometry":{"type":"Polygon","coordinates":[[[-87.700467,37.89889],[-87.699955,37.926198],[-87.69953,37.937371],[-87.699341,37.951318],[-87.698878,37.980483],[-87.698331,38.007467],[-87.673308,38.008205],[-87.666706,38.008523],[-87.650513,38.008489],[-87.640215,38.008401],[-87.611071,38.007793],[-87.599903,38.007652],[-87.599992,38.003304],[-87.600426,37.987853],[-87.600526,37.982078],[-87.609724,37.978549],[-87.609903,37.971328],[-87.610141,37.963193],[-87.610247,37.958888],[-87.6106068683066,37.9448311007613],[-87.615228,37.941166],[-87.617615,37.937062],[-87.621411,37.931315],[-87.627545,37.934777],[-87.62666,37.939271],[-87.623914,37.944505],[-87.626069,37.948973],[-87.630497,37.947646],[-87.635069,37.947549],[-87.63947,37.943925],[-87.64196,37.938218],[-87.644293,37.930476],[-87.649976,37.92806],[-87.655899,37.929048],[-87.663005,37.92665],[-87.667151,37.922352],[-87.672569,37.919602],[-87.676698,37.921009],[-87.682832,37.916036],[-87.688955,37.915387],[-87.690271,37.909139],[-87.687942,37.904725],[-87.7007119389009,37.8977573894514],[-87.700467,37.89889]]]}},{"type":"Feature","id":"marion|wayne","properties":{"key":"marion|wayne"},"geometry":{"type":"Polygon","coordinates":[[[-86.327297,39.822722],[-86.322509,39.822767],[-86.317981,39.822808],[-86.313201,39.822864],[-86.308228,39.822916],[-86.297929,39.823046],[-86.291792,39.823202],[-86.28759,39.823301],[-86.275825,39.823561],[-86.270291,39.823544],[-86.256174,39.823854],[-86.2401,39.82403],[-86.233068,39.824133],[-86.226004,39.823902],[-86.221102,39.823793],[-86.216379,39.823847],[-86.21138,39.823917],[-86.202057,39.823789],[-86.197546,39.824403],[-86.197255,39.818787],[-86.19715,39.809925],[-86.196888,39.791089],[-86.196739,39.780735],[-86.196929,39.7747],[-86.196901,39.766239],[-86.19682,39.758287],[-86.196738,39.750993],[-86.196595,39.737249],[-86.196565,39.721572],[-86.225112,39.720687],[-86.23455,39.720218],[-86.242783,39.720529],[-86.250341,39.721142],[-86.254642,39.721048],[-86.264637,39.720843],[-86.275329,39.720744],[-86.28296,39.720675],[-86.326588,39.719838],[-86.326591,39.728776],[-86.326542,39.734384],[-86.326642,39.746379],[-86.326703,39.756317],[-86.326786,39.763774],[-86.326866,39.771011],[-86.326903,39.776375],[-86.326518,39.786001],[-86.32664,39.793307],[-86.326772,39.79898],[-86.327005,39.808008],[-86.327149,39.815476],[-86.327227,39.81971],[-86.327297,39.822722]]]}},{"type":"Feature","id":"adams|monroe","properties":{"key":"adams|monroe"},"geometry":{"type":"Polygon","coordinates":[[[-84.994913,40.744301],[-84.975144,40.744738],[-84.955994,40.744905],[-84.951765,40.744941],[-84.934912,40.745083],[-84.927206,40.745206],[-84.918126,40.745376],[-84.898519,40.745652],[-84.879674,40.745952],[-84.87925,40.688129],[-84.878824,40.680648],[-84.879086,40.673336],[-84.878708,40.666773],[-84.878865,40.659382],[-84.8976,40.658527],[-84.935812,40.658162],[-84.951532,40.657824],[-84.964435,40.65735],[-84.970734,40.65721],[-84.974774,40.657115],[-84.994295,40.656628],[-84.994324,40.671085],[-84.994393,40.686023],[-84.994415,40.692872],[-84.994038,40.708037],[-84.994913,40.744301]]]}},{"type":"Feature","id":"daviess|harrison","properties":{"key":"daviess|harrison"},"geometry":{"type":"Polygon","coordinates":[[[-87.128807,38.549571],[-87.128414,38.611561],[-87.09167,38.611592],[-87.073313,38.611645],[-87.035476,38.611806],[-87.035642,38.593006],[-87.035297,38.582836],[-87.035687,38.575478],[-87.035477,38.51235],[-87.040271,38.511398],[-87.045073,38.510865],[-87.049836,38.508451],[-87.0532,38.503979],[-87.058686,38.500832],[-87.063815,38.501657],[-87.066999,38.506845],[-87.068364,38.511163],[-87.072369,38.5147],[-87.078372,38.514039],[-87.083153,38.511914],[-87.087342,38.514044],[-87.082378,38.519084],[-87.091392,38.522173],[-87.094419,38.528203],[-87.100511,38.534406],[-87.107653,38.537705],[-87.115088,38.536903],[-87.119618,38.533071],[-87.118868,38.528333],[-87.124657,38.524945],[-87.128812,38.528075],[-87.128696,38.532169],[-87.128807,38.549571]]]}},{"type":"Feature","id":"delaware|salem","properties":{"key":"delaware|salem"},"geometry":{"type":"Polygon","coordinates":[[[-85.576141,40.092026],[-85.576086,40.106674],[-85.576047,40.111932],[-85.575982,40.119494],[-85.575883,40.134891],[-85.575903,40.142243],[-85.575982,40.149601],[-85.556933,40.149284],[-85.521149,40.149048],[-85.447415,40.149227],[-85.442872,40.149444],[-85.442608,40.12048],[-85.442547,40.076686],[-85.480279,40.076893],[-85.537567,40.077019],[-85.576197,40.077143],[-85.576141,40.092026]]]}},{"type":"Feature","id":"delaware|center","properties":{"key":"delaware|center"},"geometry":{"type":"Polygon","coordinates":[[[-85.442679,40.163884],[-85.44269,40.171126],[-85.44268,40.178379],[-85.442655,40.185399],[-85.442671,40.191283],[-85.442703,40.197686],[-85.442681,40.218367],[-85.442719,40.222868],[-85.442782,40.233541],[-85.435463,40.233482],[-85.428662,40.23358],[-85.411075,40.233439],[-85.403385,40.233466],[-85.384827,40.233495],[-85.367986,40.233498],[-85.358464,40.233586],[-85.330569,40.233704],[-85.330047,40.219219],[-85.330026,40.208105],[-85.329929,40.200728],[-85.32975,40.193295],[-85.329269,40.149344],[-85.333454,40.149148],[-85.380284,40.149195],[-85.390624,40.14922],[-85.39507,40.14917],[-85.442872,40.149444],[-85.442679,40.163884]]]}},{"type":"Feature","id":"hamilton|noblesville","properties":{"key":"hamilton|noblesville"},"geometry":{"type":"Polygon","coordinates":[[[-86.090347,40.084048],[-86.090329,40.093989],[-86.090319,40.101269],[-86.075971,40.101428],[-86.061729,40.101622],[-86.047214,40.101717],[-86.040681,40.101722],[-86.033193,40.101672],[-86.028211,40.101796],[-86.013844,40.102134],[-85.995013,40.101735],[-85.969494,40.102182],[-85.964672,40.102309],[-85.95864,40.1025],[-85.957855,40.07541],[-85.957831,40.046593],[-85.957039,40.041338],[-85.956976,40.036692],[-85.956973,40.030456],[-85.956829,40.015854],[-85.956834,40.009828],[-85.956744,40.001139],[-85.980351,40.001031],[-85.994467,40.000852],[-86.004232,40.00081],[-86.00877,40.00076],[-86.012998,40.000643],[-86.019323,40.000249],[-86.033803,40.000056],[-86.044517,40.000242],[-86.057446,40.0004],[-86.062132,40.000265],[-86.070538,40.000226],[-86.080148,40.00023],[-86.085224,40.000227],[-86.089641,40.000231],[-86.089749,40.018948],[-86.089749,40.027],[-86.089753,40.032899],[-86.089786,40.038208],[-86.089839,40.043051],[-86.090306,40.05034],[-86.090321,40.055766],[-86.0903,40.064886],[-86.090314,40.068998],[-86.090325,40.077937],[-86.090344,40.083036],[-86.090347,40.084048]]]}},{"type":"Feature","id":"henry|prairie","properties":{"key":"henry|prairie"},"geometry":{"type":"Polygon","coordinates":[[[-85.40419,39.964851],[-85.403981,39.98997],[-85.404074,40.00449],[-85.404002,40.011753],[-85.404028,40.019011],[-85.403956,40.026321],[-85.403968,40.047313],[-85.403787,40.069175],[-85.403715,40.076477],[-85.394453,40.076462],[-85.384805,40.076411],[-85.328095,40.076546],[-85.30882,40.076685],[-85.308817,40.062552],[-85.308544,40.047324],[-85.30744,40.040701],[-85.307297,40.018954],[-85.307509,39.993343],[-85.307602,39.975087],[-85.307679,39.960536],[-85.327572,39.960608],[-85.338303,39.960631],[-85.365693,39.96077],[-85.37198,39.960883],[-85.384321,39.960875],[-85.401817,39.960999],[-85.40419,39.964851]]]}},{"type":"Feature","id":"franklin|ray","properties":{"key":"franklin|ray"},"geometry":{"type":"Polygon","coordinates":[[[-85.296907,39.351844],[-85.296101,39.36532],[-85.296538,39.370086],[-85.296386,39.381465],[-85.289769,39.381328],[-85.272822,39.380641],[-85.265256,39.380707],[-85.256469,39.380727],[-85.24975,39.380761],[-85.245324,39.381129],[-85.229588,39.381232],[-85.218093,39.381202],[-85.185945,39.381899],[-85.179049,39.381992],[-85.169617,39.381671],[-85.169803,39.37066],[-85.17017,39.352887],[-85.171104,39.34016],[-85.170534,39.309884],[-85.180462,39.309722],[-85.189857,39.308699],[-85.203588,39.308545],[-85.208229,39.308521],[-85.216287,39.308476],[-85.226647,39.303882],[-85.238719,39.297806],[-85.242911,39.29546],[-85.274159,39.279606],[-85.295365,39.268942],[-85.296427,39.316908],[-85.296907,39.351844]]]}},{"type":"Feature","id":"harrison|morgan","properties":{"key":"harrison|morgan"},"geometry":{"type":"Polygon","coordinates":[[[-86.141588,38.376349],[-86.142398,38.383637],[-86.142545,38.388196],[-86.141731,38.419917],[-86.124975,38.41944],[-86.113262,38.419357],[-86.106876,38.419177],[-86.090104,38.418943],[-86.082082,38.41851],[-86.032769,38.417897],[-86.033104,38.385195],[-86.033137,38.374265],[-86.032414,38.352817],[-86.032557,38.330825],[-86.099483,38.331548],[-86.142581,38.332741],[-86.141588,38.376349]]]}},{"type":"Feature","id":"switzerland|pleasant","properties":{"key":"switzerland|pleasant"},"geometry":{"type":"Polygon","coordinates":[[[-85.203589,38.816917],[-85.203125,38.825726],[-85.202839,38.831769],[-85.202848,38.841841],[-85.203166,38.913803],[-85.202849,38.928523],[-85.135832,38.929578],[-85.140312,38.903194],[-85.1336,38.903375],[-85.100072,38.903011],[-85.098209,38.873371],[-85.098634,38.843922],[-85.09961,38.802076],[-85.124619,38.804079],[-85.144472,38.805202],[-85.162184,38.805135],[-85.163987,38.800279],[-85.174879,38.797478],[-85.181756,38.797822],[-85.189562,38.797287],[-85.203537,38.796971],[-85.203589,38.816917]]]}},{"type":"Feature","id":"dearborn|manchester","properties":{"key":"dearborn|manchester"},"geometry":{"type":"Polygon","coordinates":[[[-85.095867,39.146256],[-85.090996,39.172761],[-85.088003,39.188959],[-85.08486,39.206263],[-85.077729,39.206308],[-85.041861,39.2055],[-85.022335,39.204487],[-85.022566,39.190169],[-84.995423,39.189785],[-84.995905,39.182877],[-84.988974,39.178748],[-84.984508,39.175212],[-84.980222,39.175235],[-84.975345,39.172972],[-84.974709,39.16853],[-84.970394,39.165027],[-84.965366,39.164215],[-84.965616,39.153645],[-84.958353,39.14985],[-84.953865,39.150432],[-84.947365,39.152397],[-84.939684,39.157755],[-84.936606,39.16287],[-84.930574,39.159939],[-84.930654,39.15534],[-84.929789,39.147475],[-84.930581,39.110316],[-84.930382,39.095814],[-84.934726,39.095644],[-84.939343,39.094066],[-84.948064,39.092629],[-84.964245,39.090112],[-84.983828,39.090072],[-84.983534,39.103021],[-84.992284,39.103171],[-85.002781,39.103618],[-85.014211,39.10371],[-85.01958,39.104206],[-85.023601,39.10812],[-85.027651,39.111988],[-85.035669,39.112906],[-85.040014,39.115355],[-85.045652,39.117874],[-85.049527,39.122304],[-85.054878,39.125687],[-85.059189,39.127143],[-85.064205,39.129652],[-85.06962,39.134224],[-85.075237,39.134235],[-85.077735,39.140939],[-85.083347,39.141556],[-85.087697,39.143363],[-85.092649,39.146523],[-85.095867,39.146256]]]}},{"type":"Feature","id":"washington|jackson","properties":{"key":"washington|jackson"},"geometry":{"type":"Polygon","coordinates":[[[-86.122886,38.470699],[-86.081376,38.471099],[-86.035154,38.471657],[-86.025109,38.471821],[-86.014138,38.471787],[-86.000475,38.472049],[-85.994011,38.472285],[-85.994147,38.453362],[-85.993901,38.432695],[-85.99462,38.418345],[-86.014139,38.419079],[-86.028586,38.418075],[-86.032769,38.417897],[-86.082082,38.41851],[-86.090104,38.418943],[-86.106876,38.419177],[-86.113262,38.419357],[-86.123287,38.419678],[-86.122886,38.470699]]]}},{"type":"Feature","id":"owen|franklin","properties":{"key":"owen|franklin"},"geometry":{"type":"Polygon","coordinates":[[[-86.905942,39.254306],[-86.874884,39.254115],[-86.83387,39.253688],[-86.814897,39.253712],[-86.796507,39.253514],[-86.796339,39.235638],[-86.79616,39.231017],[-86.796359,39.214311],[-86.79556,39.19076],[-86.795217,39.184967],[-86.795666,39.180493],[-86.795287,39.173913],[-86.795205,39.166726],[-86.829805,39.16702],[-86.845789,39.167437],[-86.859779,39.167281],[-86.874986,39.167501],[-86.882613,39.167629],[-86.890719,39.167684],[-86.905261,39.167841],[-86.905283,39.176478],[-86.905046,39.183509],[-86.905942,39.254306]]]}},{"type":"Feature","id":"jay|madison","properties":{"key":"jay|madison"},"geometry":{"type":"Polygon","coordinates":[[[-84.901053,40.396983],[-84.815454,40.39693],[-84.8040685754942,40.3969964030707],[-84.8040078127912,40.3814052106182],[-84.8038961675486,40.3527579915525],[-84.8038393478524,40.3435567627831],[-84.803645,40.312139],[-84.900809,40.30941],[-84.900685,40.34707],[-84.901053,40.396983]]]}},{"type":"Feature","id":"tippecanoe|wabash","properties":{"key":"tippecanoe|wabash"},"geometry":{"type":"Polygon","coordinates":[[[-87.002052,40.562313],[-86.9916,40.562133],[-86.981549,40.561989],[-86.944009,40.561712],[-86.943731,40.504432],[-86.925637,40.504341],[-86.924714,40.489543],[-86.91114,40.489602],[-86.906378,40.489633],[-86.906261,40.482609],[-86.906208,40.478604],[-86.895086,40.47492],[-86.887203,40.474916],[-86.886724,40.468293],[-86.88691,40.463535],[-86.89021,40.459335],[-86.892602,40.454852],[-86.896109,40.436735],[-86.896109,40.431935],[-86.896598,40.425272],[-86.896809,40.421035],[-86.90012,40.414663],[-86.906915,40.407769],[-86.914089,40.403519],[-86.918175,40.400823],[-86.923993,40.398483],[-86.930617,40.395587],[-86.937945,40.394003],[-86.943241,40.394115],[-86.94737,40.395059],[-86.952154,40.399603],[-86.957546,40.403075],[-86.964378,40.404355],[-86.971258,40.403267],[-86.975674,40.403075],[-86.982858,40.402083],[-86.99057,40.403971],[-86.994843,40.406051],[-86.999467,40.406995],[-86.999053,40.4167],[-86.999226,40.423673],[-86.999282,40.438678],[-86.999309,40.445904],[-86.999295,40.454372],[-86.999264,40.475497],[-87.001059,40.49027],[-87.001831,40.562085],[-87.002052,40.562313]]]}},{"type":"Feature","id":"fulton|richland","properties":{"key":"fulton|richland"},"geometry":{"type":"Polygon","coordinates":[[[-86.356927,41.17199],[-86.346698,41.17204],[-86.328181,41.172152],[-86.25047,41.172363],[-86.241191,41.172355],[-86.236866,41.171849],[-86.228984,41.171775],[-86.223525,41.171865],[-86.218872,41.172347],[-86.187869,41.172291],[-86.18756,41.122769],[-86.195576,41.122343],[-86.204773,41.116028],[-86.20701,41.111291],[-86.211124,41.110581],[-86.217294,41.107537],[-86.224128,41.103074],[-86.230177,41.103186],[-86.229659,41.097238],[-86.236857,41.0968],[-86.241785,41.094559],[-86.246325,41.097299],[-86.241637,41.098766],[-86.246572,41.103751],[-86.253486,41.106107],[-86.258809,41.107437],[-86.258269,41.102494],[-86.26344,41.103664],[-86.271909,41.105842],[-86.276026,41.105776],[-86.281222,41.105272],[-86.288121,41.106898],[-86.289208,41.111131],[-86.293444,41.111246],[-86.296497,41.116761],[-86.303123,41.114107],[-86.308115,41.113925],[-86.31359,41.116785],[-86.317827,41.117288],[-86.322214,41.116373],[-86.328082,41.114633],[-86.332499,41.114495],[-86.337219,41.117835],[-86.341635,41.11566],[-86.341379,41.119768],[-86.347551,41.119786],[-86.350257,41.115498],[-86.357004,41.116754],[-86.356927,41.17199]]]}},{"type":"Feature","id":"clay|harrison","properties":{"key":"clay|harrison"},"geometry":{"type":"Polygon","coordinates":[[[-87.207753,39.303606],[-87.204809,39.309283],[-87.200684,39.311274],[-87.195351,39.310588],[-87.1899,39.311962],[-87.182417,39.316402],[-87.175757,39.321231],[-87.171101,39.322604],[-87.164205,39.324892],[-87.16008,39.324273],[-87.154923,39.325096],[-87.15056,39.327612],[-87.140836,39.326396],[-87.135736,39.328133],[-87.127337,39.329091],[-87.120422,39.328806],[-87.115677,39.32687],[-87.114889,39.33145],[-87.112319,39.337999],[-87.106812,39.339008],[-87.100062,39.338782],[-87.099505,39.34368],[-87.095083,39.34217],[-87.082041,39.34286],[-87.053646,39.342621],[-87.054059,39.306864],[-87.054832,39.269901],[-87.054876,39.259394],[-87.054213,39.220747],[-87.05467,39.215433],[-87.054721,39.177486],[-87.054718,39.168722],[-87.063175,39.167993],[-87.067304,39.168928],[-87.068127,39.173186],[-87.074949,39.174902],[-87.080713,39.175199],[-87.090238,39.180085],[-87.095233,39.183555],[-87.100376,39.186888],[-87.105374,39.189647],[-87.115427,39.195989],[-87.119469,39.198773],[-87.127238,39.201986],[-87.133443,39.204804],[-87.139002,39.206318],[-87.145886,39.207236],[-87.150974,39.210602],[-87.151735,39.217446],[-87.152557,39.222435],[-87.15738,39.229028],[-87.164462,39.234619],[-87.17567,39.244248],[-87.175349,39.264428],[-87.175098,39.300809],[-87.208606,39.301579],[-87.207753,39.303606]]]}},{"type":"Feature","id":"miami|erie","properties":{"key":"miami|erie"},"geometry":{"type":"Polygon","coordinates":[[[-86.016813,40.822754],[-85.942261,40.823479],[-85.941783,40.772521],[-85.952061,40.768146],[-85.956394,40.762775],[-85.961499,40.759676],[-85.968411,40.759776],[-85.978808,40.757822],[-85.986418,40.7556],[-85.990448,40.753468],[-86.000905,40.756109],[-86.010068,40.758653],[-86.014945,40.762479],[-86.016813,40.822754]]]}},{"type":"Feature","id":"madison|duckcreek","properties":{"key":"madison|duckcreek"},"geometry":{"type":"Polygon","coordinates":[[[-85.862296,40.378367],[-85.786191,40.378923],[-85.785583,40.306345],[-85.785572,40.292107],[-85.822723,40.291455],[-85.829087,40.291438],[-85.834623,40.291422],[-85.841759,40.291404],[-85.847906,40.291413],[-85.860391,40.291455],[-85.860242,40.305696],[-85.861588,40.334744],[-85.862296,40.378367]]]}},{"type":"Feature","id":"howard|union","properties":{"key":"howard|union"},"geometry":{"type":"Polygon","coordinates":[[[-85.975437,40.435066],[-85.970757,40.435073],[-85.970789,40.449692],[-85.947036,40.449828],[-85.947162,40.464317],[-85.942745,40.464299],[-85.937563,40.464293],[-85.938081,40.478052],[-85.863047,40.478728],[-85.862804,40.464751],[-85.862117,40.406889],[-85.918662,40.406524],[-85.975506,40.406227],[-85.975437,40.435066]]]}},{"type":"Feature","id":"jay|jackson","properties":{"key":"jay|jackson"},"geometry":{"type":"Polygon","coordinates":[[[-85.106918,40.567824],[-85.087652,40.56811],[-85.068479,40.56824],[-85.059095,40.568369],[-85.006945,40.56909],[-84.999966,40.56949],[-84.99214,40.569589],[-84.99087,40.519055],[-84.989915,40.482467],[-85.020583,40.482043],[-85.028377,40.48189],[-85.074548,40.48114],[-85.085281,40.481043],[-85.105266,40.480675],[-85.106918,40.567824]]]}},{"type":"Feature","id":"fayette|orange","properties":{"key":"fayette|orange"},"geometry":{"type":"Polygon","coordinates":[[[-85.300159,39.627313],[-85.24322,39.627708],[-85.243265,39.620501],[-85.242922,39.598098],[-85.242581,39.583281],[-85.241769,39.525701],[-85.271354,39.525526],[-85.29811,39.525476],[-85.299275,39.598686],[-85.299405,39.60322],[-85.299627,39.612375],[-85.300103,39.622336],[-85.300159,39.627313]]]}},{"type":"Feature","id":"fayette|waterloo","properties":{"key":"fayette|waterloo"},"geometry":{"type":"Polygon","coordinates":[[[-85.120723,39.71503],[-85.074881,39.714832],[-85.053292,39.714819],[-85.034575,39.714764],[-85.034957,39.657069],[-85.091663,39.657036],[-85.119667,39.656998],[-85.117788,39.666639],[-85.114495,39.671058],[-85.113394,39.676216],[-85.111422,39.680471],[-85.114399,39.687767],[-85.113987,39.692769],[-85.110204,39.697121],[-85.113564,39.701435],[-85.115294,39.705537],[-85.121091,39.709554],[-85.120723,39.71503]]]}},{"type":"Feature","id":"gibson|wabash","properties":{"key":"gibson|wabash"},"geometry":{"type":"Polygon","coordinates":[[[-87.9877210369393,38.2569149976135],[-87.981868,38.256444],[-87.972259,38.247039],[-87.970643,38.24065],[-87.964279,38.236297],[-87.960225,38.237118],[-87.958883,38.246666],[-87.954032,38.253032],[-87.946065,38.255319],[-87.942067,38.260301],[-87.946614,38.262749],[-87.950651,38.266819],[-87.952198,38.273102],[-87.942333,38.279402],[-87.937519,38.292046],[-87.922833,38.299198],[-87.916489,38.299372],[-87.909536,38.296061],[-87.917086,38.280078],[-87.91947,38.274547],[-87.917615,38.270078],[-87.91111,38.268031],[-87.906841,38.269634],[-87.897803,38.279482],[-87.8923289003533,38.2826809991606],[-87.887849,38.285299],[-87.883587,38.295221],[-87.880083,38.305353],[-87.875664,38.309931],[-87.870537,38.31222],[-87.864271,38.310703],[-87.860453,38.303113],[-87.864812,38.295389],[-87.866248,38.28998],[-87.863032,38.280172],[-87.85113,38.27512],[-87.84345,38.278172],[-87.838979,38.282327],[-87.833934,38.290614],[-87.830953,38.299365],[-87.830849,38.305608],[-87.833402,38.31665],[-87.831982,38.326973],[-87.827684,38.334026],[-87.823411,38.345968],[-87.813791,38.353792],[-87.8088901626562,38.3597313118198],[-87.808731,38.342816],[-87.808806,38.28947],[-87.808138,38.257863],[-87.807942,38.250045],[-87.80858,38.228715],[-87.82743,38.228869],[-87.9837006083838,38.2303534791738],[-87.980469,38.235412],[-87.979629,38.24055],[-87.9824,38.248696],[-87.988037,38.255486],[-87.9877210369393,38.2569149976135]]]}},{"type":"Feature","id":"daviess|barr","properties":{"key":"daviess|barr"},"geometry":{"type":"Polygon","coordinates":[[[-87.092531,38.727954],[-87.082954,38.727818],[-87.018336,38.727298],[-87.00634,38.728332],[-86.998361,38.72851],[-86.932847,38.730678],[-86.923339,38.730766],[-86.923493,38.710591],[-86.923626,38.69399],[-86.923698,38.685331],[-86.923854,38.665374],[-86.923981,38.627627],[-86.923847,38.61286],[-86.932215,38.612728],[-87.01745,38.612601],[-87.035476,38.611806],[-87.073313,38.611645],[-87.09167,38.611592],[-87.091945,38.622452],[-87.092335,38.640568],[-87.092017,38.646153],[-87.092303,38.655224],[-87.092531,38.727954]]]}},{"type":"Feature","id":"shelby|liberty","properties":{"key":"shelby|liberty"},"geometry":{"type":"Polygon","coordinates":[[[-85.704133,39.52544],[-85.699733,39.525793],[-85.646011,39.525172],[-85.630706,39.525274],[-85.630597,39.517937],[-85.62936,39.453099],[-85.629249,39.438795],[-85.661993,39.438493],[-85.666735,39.43873],[-85.67723,39.438808],[-85.683759,39.438556],[-85.698652,39.438485],[-85.7033,39.438481],[-85.703406,39.45314],[-85.703664,39.476106],[-85.703452,39.49715],[-85.703918,39.505309],[-85.704133,39.52544]]]}},{"type":"Feature","id":"spencer|harrison","properties":{"key":"spencer|harrison"},"geometry":{"type":"Polygon","coordinates":[[[-86.904956,38.123729],[-86.904733,38.131222],[-86.904646,38.135277],[-86.904589,38.139822],[-86.904564,38.149544],[-86.904465,38.154759],[-86.904411,38.171126],[-86.904061,38.175286],[-86.904272,38.181557],[-86.904221,38.204103],[-86.888684,38.204453],[-86.865985,38.204962],[-86.791497,38.20513],[-86.791316,38.180071],[-86.7979,38.180349],[-86.803569,38.18143],[-86.802169,38.176579],[-86.801947,38.172068],[-86.798317,38.168052],[-86.799538,38.16263],[-86.795359,38.157816],[-86.798942,38.152009],[-86.803111,38.147075],[-86.806231,38.142713],[-86.801987,38.140014],[-86.802511,38.13537],[-86.797554,38.129943],[-86.794963,38.125869],[-86.802331,38.121176],[-86.806985,38.118474],[-86.804057,38.113347],[-86.799173,38.112315],[-86.794822,38.114869],[-86.790404,38.112778],[-86.786376,38.112424],[-86.786603,38.107099],[-86.785027,38.102512],[-86.780347,38.101531],[-86.77528,38.105052],[-86.770177,38.101622],[-86.768432,38.097493],[-86.767706,38.091764],[-86.769225,38.087316],[-86.773106,38.083109],[-86.777541,38.080001],[-86.778372,38.075381],[-86.791906,38.075417],[-86.809627,38.074844],[-86.834711,38.074703],[-86.904648,38.07439],[-86.904531,38.081509],[-86.904036,38.103434],[-86.903874,38.118178],[-86.904965,38.123311],[-86.904956,38.123729]]]}},{"type":"Feature","id":"putnam|jefferson","properties":{"key":"putnam|jefferson"},"geometry":{"type":"Polygon","coordinates":[[[-86.795061,39.529605],[-86.794779,39.590993],[-86.794747,39.60186],[-86.757546,39.601888],[-86.688065,39.601356],[-86.68767,39.622637],[-86.687406,39.630437],[-86.66192,39.630265],[-86.641745,39.63004],[-86.64402,39.625987],[-86.643638,39.620061],[-86.646066,39.614658],[-86.647344,39.610546],[-86.652074,39.609902],[-86.655348,39.604772],[-86.657035,39.599306],[-86.651942,39.595694],[-86.653982,39.590997],[-86.655432,39.585881],[-86.659018,39.580846],[-86.658555,39.576298],[-86.656655,39.570709],[-86.654937,39.566377],[-86.649027,39.566172],[-86.650059,39.561783],[-86.651285,39.55203],[-86.656415,39.549091],[-86.66095,39.546981],[-86.663247,39.542364],[-86.667564,39.536606],[-86.672729,39.535429],[-86.673779,39.530777],[-86.678109,39.527195],[-86.682793,39.526537],[-86.685389,39.521303],[-86.687532,39.528667],[-86.772021,39.529203],[-86.795038,39.529315],[-86.795061,39.529605]]]}},{"type":"Feature","id":"fulton|henry","properties":{"key":"fulton|henry"},"geometry":{"type":"Polygon","coordinates":[[[-86.130305,41.032381],[-86.129905,41.054233],[-86.129999,41.083956],[-86.122011,41.084101],[-86.075939,41.084878],[-86.05667,41.085256],[-86.018414,41.086118],[-86.018594,41.049985],[-86.018664,41.041878],[-86.012609,41.042206],[-86.008501,41.042151],[-86.003027,41.042502],[-85.99082,41.042112],[-85.984155,41.042171],[-85.945561,41.042876],[-85.945402,40.999256],[-86.056981,40.997609],[-86.076505,40.997284],[-86.0895,40.996847],[-86.096073,40.996905],[-86.13002,40.996081],[-86.130305,41.032381]]]}},{"type":"Feature","id":"clinton|kirklin","properties":{"key":"clinton|kirklin"},"geometry":{"type":"Polygon","coordinates":[[[-86.432024,40.25734],[-86.365466,40.257924],[-86.356164,40.25797],[-86.356175,40.272396],[-86.318386,40.272585],[-86.318125,40.229389],[-86.318693,40.215259],[-86.31855,40.179258],[-86.337482,40.178884],[-86.348773,40.178487],[-86.356328,40.178573],[-86.366019,40.177825],[-86.431816,40.177001],[-86.431971,40.213628],[-86.432024,40.25734]]]}},{"type":"Feature","id":"starke|davis","properties":{"key":"starke|davis"},"geometry":{"type":"Polygon","coordinates":[[[-86.727271,41.347841],[-86.724493,41.35257],[-86.723778,41.360357],[-86.720827,41.365245],[-86.713602,41.372879],[-86.707722,41.380987],[-86.705908,41.390847],[-86.701418,41.400431],[-86.696667,41.404532],[-86.681092,41.411988],[-86.671152,41.413776],[-86.642542,41.432639],[-86.582297,41.432741],[-86.582256,41.389644],[-86.582268,41.37119],[-86.582321,41.360529],[-86.582325,41.345994],[-86.601581,41.346061],[-86.639901,41.346168],[-86.69853,41.346159],[-86.728638,41.34609],[-86.727271,41.347841]]]}},{"type":"Feature","id":"putnam|clinton","properties":{"key":"putnam|clinton"},"geometry":{"type":"Polygon","coordinates":[[[-87.011904,39.695589],[-87.01167,39.713953],[-87.011326,39.728219],[-87.01079,39.754514],[-87.010654,39.776801],[-86.945063,39.778653],[-86.937345,39.778485],[-86.921379,39.778296],[-86.900038,39.778165],[-86.901248,39.697591],[-86.901354,39.690369],[-86.913839,39.690507],[-87.005568,39.691701],[-87.011945,39.691855],[-87.011904,39.695589]]]}},{"type":"Feature","id":"kosciusko|jackson","properties":{"key":"kosciusko|jackson"},"geometry":{"type":"Polygon","coordinates":[[[-85.797343,41.116143],[-85.772437,41.11682],[-85.762569,41.116784],[-85.704992,41.117837],[-85.686033,41.11793],[-85.685121,41.075677],[-85.684181,41.046716],[-85.700198,41.045685],[-85.732596,41.045143],[-85.748393,41.044831],[-85.795814,41.043588],[-85.796749,41.087175],[-85.79701,41.101642],[-85.797343,41.116143]]]}},{"type":"Feature","id":"wayne|boston","properties":{"key":"wayne|boston"},"geometry":{"type":"Polygon","coordinates":[[[-84.937041,39.785293],[-84.92738,39.784897],[-84.902602,39.784944],[-84.89261,39.784964],[-84.814288,39.784803],[-84.814353808369,39.7435608273092],[-84.8143808402518,39.7266199184851],[-84.927723,39.726647],[-84.927516,39.770523],[-84.937098,39.770549],[-84.937041,39.785293]]]}}]}